{
"type": "FeatureCollection",
"name": "hajj_medical_locations_v1",
"crs": { "type": "name", "properties": { "name": "urn:ogc:def:crs:OGC:1.3:CRS84" } },
"features": [
{ "type": "Feature", "properties": { "location_id": "OSM_NODE_2504820208", "osm_element": "node", "osm_id": 2504820208, "name": "دان", "name_en": "Dan", "name_ar": "دان", "display_name": "Dan", "map_name": "Dan", "category": "pharmacy", "amenity": "pharmacy", "healthcare": null, "emergency": null, "address": null, "latitude": 21.3612058, "longitude": 39.8353027, "source": "OpenStreetMap", "is_medical": true, "is_emergency": false, "is_candidate_hub": false, "name_norm": "dan", "lat_round5": 21.36121, "lon_round5": 39.8353, "possible_duplicate": false, "osm_completeness_score": 80 }, "geometry": { "type": "Point", "coordinates": [ 39.8353027, 21.3612058 ] } },
{ "type": "Feature", "properties": { "location_id": "OSM_NODE_2504821098", "osm_element": "node", "osm_id": 2504821098, "name": "دان", "name_en": "Dan", "name_ar": "دان", "display_name": "Dan", "map_name": "Dan", "category": "pharmacy", "amenity": "pharmacy", "healthcare": null, "emergency": null, "address": null, "latitude": 21.369241, "longitude": 39.83781, "source": "OpenStreetMap", "is_medical": true, "is_emergency": false, "is_candidate_hub": false, "name_norm": "dan", "lat_round5": 21.36924, "lon_round5": 39.83781, "possible_duplicate": false, "osm_completeness_score": 80 }, "geometry": { "type": "Point", "coordinates": [ 39.83781, 21.369241 ] } },
{ "type": "Feature", "properties": { "location_id": "OSM_NODE_2706849553", "osm_element": "node", "osm_id": 2706849553, "name": "المستشفى الأهلي السعودي", "name_en": "Saudi National Hospital", "name_ar": "المستشفى الأهلي السعودي", "display_name": "Saudi National Hospital", "map_name": "Saudi National Hospital", "category": "hospital", "amenity": "hospital", "healthcare": "hospital", "emergency": null, "address": "شارع العزيزية, مكة, 24243", "latitude": 21.4099185, "longitude": 39.8687185, "source": "OpenStreetMap", "is_medical": true, "is_emergency": true, "is_candidate_hub": true, "name_norm": "saudi national hospital", "lat_round5": 21.40992, "lon_round5": 39.86872, "possible_duplicate": false, "osm_completeness_score": 100 }, "geometry": { "type": "Point", "coordinates": [ 39.8687185, 21.4099185 ] } },
{ "type": "Feature", "properties": { "location_id": "OSM_NODE_2708673853", "osm_element": "node", "osm_id": 2708673853, "name": "مستوصف قضيب البان", "name_en": null, "name_ar": "مستوصف قضيب البان", "display_name": "مستوصف قضيب البان", "map_name": "مستوصف قضيب البان", "category": "hospital", "amenity": "hospital", "healthcare": "hospital", "emergency": "no", "address": null, "latitude": 21.4006061, "longitude": 39.7842685, "source": "OpenStreetMap", "is_medical": true, "is_emergency": true, "is_candidate_hub": true, "name_norm": "مستوصف قضيب البان", "lat_round5": 21.40061, "lon_round5": 39.78427, "possible_duplicate": false, "osm_completeness_score": 80 }, "geometry": { "type": "Point", "coordinates": [ 39.7842685, 21.4006061 ] } },
{ "type": "Feature", "properties": { "location_id": "OSM_NODE_4340644089", "osm_element": "node", "osm_id": 4340644089, "name": "مستوصف هاله بن لادن", "name_en": null, "name_ar": "مستوصف هاله بن لادن", "display_name": "مستوصف هاله بن لادن", "map_name": "مستوصف هاله بن لادن", "category": "clinic", "amenity": "clinic", "healthcare": null, "emergency": null, "address": null, "latitude": 21.4237503, "longitude": 39.7867296, "source": "OpenStreetMap", "is_medical": true, "is_emergency": false, "is_candidate_hub": false, "name_norm": "مستوصف هاله بن لادن", "lat_round5": 21.42375, "lon_round5": 39.78673, "possible_duplicate": false, "osm_completeness_score": 80 }, "geometry": { "type": "Point", "coordinates": [ 39.7867296, 21.4237503 ] } },
{ "type": "Feature", "properties": { "location_id": "OSM_NODE_4406669093", "osm_element": "node", "osm_id": 4406669093, "name": "مستشفى السلام", "name_en": "Salam Hospital", "name_ar": "مستشفى السلام", "display_name": "Salam Hospital", "map_name": "Salam Hospital", "category": "hospital", "amenity": "hospital", "healthcare": null, "emergency": null, "address": null, "latitude": 21.4490959, "longitude": 39.8631924, "source": "OpenStreetMap", "is_medical": true, "is_emergency": true, "is_candidate_hub": true, "name_norm": "salam hospital", "lat_round5": 21.4491, "lon_round5": 39.86319, "possible_duplicate": false, "osm_completeness_score": 80 }, "geometry": { "type": "Point", "coordinates": [ 39.8631924, 21.4490959 ] } },
{ "type": "Feature", "properties": { "location_id": "OSM_NODE_4406715691", "osm_element": "node", "osm_id": 4406715691, "name": "مركز صحي العدل", "name_en": null, "name_ar": "مركز صحي العدل", "display_name": "مركز صحي العدل", "map_name": "مركز صحي العدل", "category": "hospital", "amenity": "hospital", "healthcare": null, "emergency": null, "address": null, "latitude": 21.4483515, "longitude": 39.8647505, "source": "OpenStreetMap", "is_medical": true, "is_emergency": true, "is_candidate_hub": true, "name_norm": "مركز صحي العدل", "lat_round5": 21.44835, "lon_round5": 39.86475, "possible_duplicate": false, "osm_completeness_score": 80 }, "geometry": { "type": "Point", "coordinates": [ 39.8647505, 21.4483515 ] } },
{ "type": "Feature", "properties": { "location_id": "OSM_NODE_4424840089", "osm_element": "node", "osm_id": 4424840089, "name": "مستشفى النور", "name_en": "al-Noor Hospital", "name_ar": "مستشفى النور", "display_name": "al-Noor Hospital", "map_name": "al-Noor Hospital", "category": "hospital", "amenity": "hospital", "healthcare": null, "emergency": null, "address": null, "latitude": 21.3848734, "longitude": 39.8605185, "source": "OpenStreetMap", "is_medical": true, "is_emergency": true, "is_candidate_hub": true, "name_norm": "alnoor hospital", "lat_round5": 21.38487, "lon_round5": 39.86052, "possible_duplicate": false, "osm_completeness_score": 80 }, "geometry": { "type": "Point", "coordinates": [ 39.8605185, 21.3848734 ] } },
{ "type": "Feature", "properties": { "location_id": "OSM_NODE_4432076296", "osm_element": "node", "osm_id": 4432076296, "name": "الهلال الأحمر السعودي", "name_en": null, "name_ar": "الهلال الأحمر السعودي", "display_name": "الهلال الأحمر السعودي", "map_name": "الهلال الأحمر السعودي", "category": "clinic", "amenity": "clinic", "healthcare": "clinic", "emergency": null, "address": "Al Malik Mansour Bin Abdulaziz Street", "latitude": 21.4184393, "longitude": 39.806575, "source": "OpenStreetMap", "is_medical": true, "is_emergency": false, "is_candidate_hub": false, "name_norm": "الهلال الأحمر السعودي", "lat_round5": 21.41844, "lon_round5": 39.80658, "possible_duplicate": false, "osm_completeness_score": 100 }, "geometry": { "type": "Point", "coordinates": [ 39.806575, 21.4184393 ] } },
{ "type": "Feature", "properties": { "location_id": "OSM_NODE_4534829779", "osm_element": "node", "osm_id": 4534829779, "name": "Armed Forces Hospital", "name_en": "Armed Forces Hospital", "name_ar": null, "display_name": "Armed Forces Hospital", "map_name": "Armed Forces Hospital", "category": "hospital", "amenity": "hospital", "healthcare": "hospital", "emergency": null, "address": null, "latitude": 21.399227, "longitude": 39.8992415, "source": "OpenStreetMap", "is_medical": true, "is_emergency": true, "is_candidate_hub": true, "name_norm": "armed forces hospital", "lat_round5": 21.39923, "lon_round5": 39.89924, "possible_duplicate": false, "osm_completeness_score": 80 }, "geometry": { "type": "Point", "coordinates": [ 39.8992415, 21.399227 ] } },
{ "type": "Feature", "properties": { "location_id": "OSM_NODE_4534849994", "osm_element": "node", "osm_id": 4534849994, "name": "مستشفى نمرة", "name_en": null, "name_ar": "مستشفى نمرة", "display_name": "مستشفى نمرة", "map_name": "مستشفى نمرة", "category": "hospital", "amenity": "hospital", "healthcare": "hospital", "emergency": null, "address": null, "latitude": 21.3527385, "longitude": 39.9732195, "source": "OpenStreetMap", "is_medical": true, "is_emergency": true, "is_candidate_hub": true, "name_norm": "مستشفى نمرة", "lat_round5": 21.35274, "lon_round5": 39.97322, "possible_duplicate": false, "osm_completeness_score": 80 }, "geometry": { "type": "Point", "coordinates": [ 39.9732195, 21.3527385 ] } },
{ "type": "Feature", "properties": { "location_id": "OSM_NODE_4534902761", "osm_element": "node", "osm_id": 4534902761, "name": "الهلال الأحمر", "name_en": null, "name_ar": "الهلال الأحمر", "display_name": "الهلال الأحمر", "map_name": "الهلال الأحمر", "category": "doctors", "amenity": "doctors", "healthcare": "doctor", "emergency": null, "address": null, "latitude": 21.4163318, "longitude": 39.8769841, "source": "OpenStreetMap", "is_medical": true, "is_emergency": false, "is_candidate_hub": false, "name_norm": "الهلال الأحمر", "lat_round5": 21.41633, "lon_round5": 39.87698, "possible_duplicate": false, "osm_completeness_score": 80 }, "geometry": { "type": "Point", "coordinates": [ 39.8769841, 21.4163318 ] } },
{ "type": "Feature", "properties": { "location_id": "OSM_NODE_4538598490", "osm_element": "node", "osm_id": 4538598490, "name": "Hospital Alawi Tunsie", "name_en": null, "name_ar": null, "display_name": "Hospital Alawi Tunsie", "map_name": "Hospital Alawi Tunsie", "category": "hospital", "amenity": "hospital", "healthcare": "hospital", "emergency": null, "address": null, "latitude": 21.4005275, "longitude": 39.8647952, "source": "OpenStreetMap", "is_medical": true, "is_emergency": true, "is_candidate_hub": true, "name_norm": "hospital alawi tunsie", "lat_round5": 21.40053, "lon_round5": 39.8648, "possible_duplicate": false, "osm_completeness_score": 80 }, "geometry": { "type": "Point", "coordinates": [ 39.8647952, 21.4005275 ] } },
{ "type": "Feature", "properties": { "location_id": "OSM_NODE_4538607235", "osm_element": "node", "osm_id": 4538607235, "name": "مركز صحي العزيزية الشرقية", "name_en": "Health center Azizia East", "name_ar": "مركز صحي العزيزية الشرقية", "display_name": "Health center Azizia East", "map_name": "Health center Azizia East", "category": "hospital", "amenity": "hospital", "healthcare": null, "emergency": null, "address": null, "latitude": 21.4038493, "longitude": 39.8802291, "source": "OpenStreetMap", "is_medical": true, "is_emergency": true, "is_candidate_hub": true, "name_norm": "health center azizia east", "lat_round5": 21.40385, "lon_round5": 39.88023, "possible_duplicate": false, "osm_completeness_score": 80 }, "geometry": { "type": "Point", "coordinates": [ 39.8802291, 21.4038493 ] } },
{ "type": "Feature", "properties": { "location_id": "OSM_NODE_4547232393", "osm_element": "node", "osm_id": 4547232393, "name": null, "name_en": "Muhammad sales Basharahil hospital (648 patient )", "name_ar": null, "display_name": "Muhammad sales Basharahil hospital (648 patient )", "map_name": "Muhammad sales Basharahil hospital (648 patient )", "category": "hospital", "amenity": "hospital", "healthcare": null, "emergency": null, "address": "Al madinah al munawarah, 21955", "latitude": 21.5614273, "longitude": 39.7746446, "source": "OpenStreetMap", "is_medical": true, "is_emergency": true, "is_candidate_hub": true, "name_norm": "muhammad sales basharahil hospital 648 patient", "lat_round5": 21.56143, "lon_round5": 39.77464, "possible_duplicate": false, "osm_completeness_score": 100 }, "geometry": { "type": "Point", "coordinates": [ 39.7746446, 21.5614273 ] } },
{ "type": "Feature", "properties": { "location_id": "OSM_NODE_4564310336", "osm_element": "node", "osm_id": 4564310336, "name": "Ibn Sina Medical Clinic", "name_en": "Ibn Sina Medical Clinic", "name_ar": null, "display_name": "Ibn Sina Medical Clinic", "map_name": "Ibn Sina Medical Clinic", "category": "clinic", "amenity": "clinic", "healthcare": null, "emergency": null, "address": null, "latitude": 21.4011314, "longitude": 39.8796521, "source": "OpenStreetMap", "is_medical": true, "is_emergency": false, "is_candidate_hub": false, "name_norm": "ibn sina medical clinic", "lat_round5": 21.40113, "lon_round5": 39.87965, "possible_duplicate": false, "osm_completeness_score": 80 }, "geometry": { "type": "Point", "coordinates": [ 39.8796521, 21.4011314 ] } },
{ "type": "Feature", "properties": { "location_id": "OSM_NODE_4646305989", "osm_element": "node", "osm_id": 4646305989, "name": "مجمع الرائد المكي المتخصص في طب الاسنان", "name_en": null, "name_ar": "مجمع الرائد المكي المتخصص في طب الاسنان", "display_name": "مجمع الرائد المكي المتخصص في طب الاسنان", "map_name": "مجمع الرائد المكي المتخصص في طب الاسنان", "category": "hospital", "amenity": "hospital", "healthcare": null, "emergency": null, "address": null, "latitude": 21.4681906, "longitude": 39.9438084, "source": "OpenStreetMap", "is_medical": true, "is_emergency": true, "is_candidate_hub": true, "name_norm": "مجمع الرائد المكي المتخصص في طب الاسنان", "lat_round5": 21.46819, "lon_round5": 39.94381, "possible_duplicate": false, "osm_completeness_score": 80 }, "geometry": { "type": "Point", "coordinates": [ 39.9438084, 21.4681906 ] } },
{ "type": "Feature", "properties": { "location_id": "OSM_NODE_4713565989", "osm_element": "node", "osm_id": 4713565989, "name": null, "name_en": null, "name_ar": null, "display_name": "Unnamed OSM feature", "map_name": "Unnamed OSM feature", "category": "pharmacy", "amenity": "pharmacy", "healthcare": null, "emergency": null, "address": null, "latitude": 21.4484465, "longitude": 39.821548, "source": "OpenStreetMap", "is_medical": true, "is_emergency": false, "is_candidate_hub": false, "name_norm": "unnamed osm feature", "lat_round5": 21.44845, "lon_round5": 39.82155, "possible_duplicate": false, "osm_completeness_score": 60 }, "geometry": { "type": "Point", "coordinates": [ 39.821548, 21.4484465 ] } },
{ "type": "Feature", "properties": { "location_id": "OSM_NODE_4853503310", "osm_element": "node", "osm_id": 4853503310, "name": "Mina Al-Jisr Hospital", "name_en": "Mina Al-Jisr Hospital", "name_ar": null, "display_name": "Mina Al-Jisr Hospital", "map_name": "Mina Al-Jisr Hospital", "category": "hospital", "amenity": "hospital", "healthcare": "hospital", "emergency": null, "address": null, "latitude": 21.4051802, "longitude": 39.8884633, "source": "OpenStreetMap", "is_medical": true, "is_emergency": true, "is_candidate_hub": true, "name_norm": "mina aljisr hospital", "lat_round5": 21.40518, "lon_round5": 39.88846, "possible_duplicate": false, "osm_completeness_score": 80 }, "geometry": { "type": "Point", "coordinates": [ 39.8884633, 21.4051802 ] } },
{ "type": "Feature", "properties": { "location_id": "OSM_NODE_4853590821", "osm_element": "node", "osm_id": 4853590821, "name": null, "name_en": null, "name_ar": null, "display_name": "Unnamed OSM feature", "map_name": "Unnamed OSM feature", "category": "hospital", "amenity": "hospital", "healthcare": null, "emergency": null, "address": null, "latitude": 21.4545574, "longitude": 39.8393304, "source": "OpenStreetMap", "is_medical": true, "is_emergency": true, "is_candidate_hub": true, "name_norm": "unnamed osm feature", "lat_round5": 21.45456, "lon_round5": 39.83933, "possible_duplicate": false, "osm_completeness_score": 60 }, "geometry": { "type": "Point", "coordinates": [ 39.8393304, 21.4545574 ] } },
{ "type": "Feature", "properties": { "location_id": "OSM_NODE_4872721840", "osm_element": "node", "osm_id": 4872721840, "name": "النهدي", "name_en": "Nahdi Pharmacy", "name_ar": "النهدي", "display_name": "Nahdi Pharmacy", "map_name": "Nahdi Pharmacy", "category": "pharmacy", "amenity": "pharmacy", "healthcare": null, "emergency": null, "address": null, "latitude": 21.401158, "longitude": 39.8781175, "source": "OpenStreetMap", "is_medical": true, "is_emergency": false, "is_candidate_hub": false, "name_norm": "nahdi pharmacy", "lat_round5": 21.40116, "lon_round5": 39.87812, "possible_duplicate": false, "osm_completeness_score": 80 }, "geometry": { "type": "Point", "coordinates": [ 39.8781175, 21.401158 ] } },
{ "type": "Feature", "properties": { "location_id": "OSM_NODE_5025564721", "osm_element": "node", "osm_id": 5025564721, "name": "مركز الحجامة الحديث مكة", "name_en": null, "name_ar": "مركز الحجامة الحديث مكة", "display_name": "مركز الحجامة الحديث مكة", "map_name": "مركز الحجامة الحديث مكة", "category": "doctors", "amenity": "doctors", "healthcare": null, "emergency": null, "address": null, "latitude": 21.4384814, "longitude": 39.7894217, "source": "OpenStreetMap", "is_medical": true, "is_emergency": false, "is_candidate_hub": false, "name_norm": "مركز الحجامة الحديث مكة", "lat_round5": 21.43848, "lon_round5": 39.78942, "possible_duplicate": false, "osm_completeness_score": 80 }, "geometry": { "type": "Point", "coordinates": [ 39.7894217, 21.4384814 ] } },
{ "type": "Feature", "properties": { "location_id": "OSM_NODE_5041596125", "osm_element": "node", "osm_id": 5041596125, "name": "دار الحجامة مكة", "name_en": null, "name_ar": "دار الحجامة مكة", "display_name": "دار الحجامة مكة", "map_name": "دار الحجامة مكة", "category": "clinic", "amenity": "clinic", "healthcare": null, "emergency": null, "address": null, "latitude": 21.3590454, "longitude": 39.8743443, "source": "OpenStreetMap", "is_medical": true, "is_emergency": false, "is_candidate_hub": false, "name_norm": "دار الحجامة مكة", "lat_round5": 21.35905, "lon_round5": 39.87434, "possible_duplicate": false, "osm_completeness_score": 80 }, "geometry": { "type": "Point", "coordinates": [ 39.8743443, 21.3590454 ] } },
{ "type": "Feature", "properties": { "location_id": "OSM_NODE_5070328470", "osm_element": "node", "osm_id": 5070328470, "name": "مركز صحي منى 5", "name_en": "Health Center 5", "name_ar": "مركز صحي منى 5", "display_name": "Health Center 5", "map_name": "Health Center 5", "category": "doctors", "amenity": "doctors", "healthcare": null, "emergency": null, "address": null, "latitude": 21.3979401, "longitude": 39.9016422, "source": "OpenStreetMap", "is_medical": true, "is_emergency": false, "is_candidate_hub": false, "name_norm": "health center 5", "lat_round5": 21.39794, "lon_round5": 39.90164, "possible_duplicate": false, "osm_completeness_score": 80 }, "geometry": { "type": "Point", "coordinates": [ 39.9016422, 21.3979401 ] } },
{ "type": "Feature", "properties": { "location_id": "OSM_NODE_5070329988", "osm_element": "node", "osm_id": 5070329988, "name": "مركز صحي منى 13", "name_en": "Health Center 13", "name_ar": "مركز صحي منى 13", "display_name": "Health Center 13", "map_name": "Health Center 13", "category": "doctors", "amenity": "doctors", "healthcare": null, "emergency": null, "address": null, "latitude": 21.3955592, "longitude": 39.9012271, "source": "OpenStreetMap", "is_medical": true, "is_emergency": false, "is_candidate_hub": false, "name_norm": "health center 13", "lat_round5": 21.39556, "lon_round5": 39.90123, "possible_duplicate": false, "osm_completeness_score": 80 }, "geometry": { "type": "Point", "coordinates": [ 39.9012271, 21.3955592 ] } },
{ "type": "Feature", "properties": { "location_id": "OSM_NODE_5070331988", "osm_element": "node", "osm_id": 5070331988, "name": "مركز صحي منى 18", "name_en": "Health Center 18", "name_ar": "مركز صحي منى 18", "display_name": "Health Center 18", "map_name": "Health Center 18", "category": "doctors", "amenity": "doctors", "healthcare": null, "emergency": null, "address": null, "latitude": 21.3975479, "longitude": 39.9047559, "source": "OpenStreetMap", "is_medical": true, "is_emergency": false, "is_candidate_hub": false, "name_norm": "health center 18", "lat_round5": 21.39755, "lon_round5": 39.90476, "possible_duplicate": false, "osm_completeness_score": 80 }, "geometry": { "type": "Point", "coordinates": [ 39.9047559, 21.3975479 ] } },
{ "type": "Feature", "properties": { "location_id": "OSM_NODE_5070367192", "osm_element": "node", "osm_id": 5070367192, "name": "مركز صحي منى 16", "name_en": "Red Crescent Ambulance Station 16", "name_ar": "مركز صحي منى 16", "display_name": "Red Crescent Ambulance Station 16", "map_name": "Red Crescent Ambulance Station 16", "category": "doctors", "amenity": "doctors", "healthcare": "doctor", "emergency": null, "address": null, "latitude": 21.4173287, "longitude": 39.8823066, "source": "OpenStreetMap", "is_medical": true, "is_emergency": false, "is_candidate_hub": false, "name_norm": "red crescent ambulance station 16", "lat_round5": 21.41733, "lon_round5": 39.88231, "possible_duplicate": false, "osm_completeness_score": 80 }, "geometry": { "type": "Point", "coordinates": [ 39.8823066, 21.4173287 ] } },
{ "type": "Feature", "properties": { "location_id": "OSM_NODE_5070379553", "osm_element": "node", "osm_id": 5070379553, "name": "النهدي", "name_en": "Al Nahdi", "name_ar": "النهدي", "display_name": "Al Nahdi", "map_name": "Al Nahdi", "category": "pharmacy", "amenity": "pharmacy", "healthcare": null, "emergency": null, "address": null, "latitude": 21.4224378, "longitude": 39.8739489, "source": "OpenStreetMap", "is_medical": true, "is_emergency": false, "is_candidate_hub": false, "name_norm": "al nahdi", "lat_round5": 21.42244, "lon_round5": 39.87395, "possible_duplicate": false, "osm_completeness_score": 80 }, "geometry": { "type": "Point", "coordinates": [ 39.8739489, 21.4224378 ] } },
{ "type": "Feature", "properties": { "location_id": "OSM_NODE_5070401203", "osm_element": "node", "osm_id": 5070401203, "name": "مستوصف العبير", "name_en": null, "name_ar": "مستوصف العبير", "display_name": "مستوصف العبير", "map_name": "مستوصف العبير", "category": "hospital", "amenity": "hospital", "healthcare": null, "emergency": null, "address": null, "latitude": 21.4163884, "longitude": 39.8628741, "source": "OpenStreetMap", "is_medical": true, "is_emergency": true, "is_candidate_hub": true, "name_norm": "مستوصف العبير", "lat_round5": 21.41639, "lon_round5": 39.86287, "possible_duplicate": false, "osm_completeness_score": 80 }, "geometry": { "type": "Point", "coordinates": [ 39.8628741, 21.4163884 ] } },
{ "type": "Feature", "properties": { "location_id": "OSM_NODE_5075704816", "osm_element": "node", "osm_id": 5075704816, "name": "مستشفى الحرم للطوارئ", "name_en": "Al Haram Emergency Hospital", "name_ar": "مستشفى الحرم للطوارئ", "display_name": "Al Haram Emergency Hospital", "map_name": "Al Haram Emergency Hospital", "category": "hospital", "amenity": "hospital", "healthcare": "hospital", "emergency": "yes", "address": null, "latitude": 21.4267071, "longitude": 39.8232661, "source": "OpenStreetMap", "is_medical": true, "is_emergency": true, "is_candidate_hub": true, "name_norm": "al haram emergency hospital", "lat_round5": 21.42671, "lon_round5": 39.82327, "possible_duplicate": false, "osm_completeness_score": 80 }, "geometry": { "type": "Point", "coordinates": [ 39.8232661, 21.4267071 ] } },
{ "type": "Feature", "properties": { "location_id": "OSM_NODE_5076188152", "osm_element": "node", "osm_id": 5076188152, "name": "مستشفى أجياد للطوارئ", "name_en": "Ajyad Emergency Hospital", "name_ar": "مستشفى أجياد للطوارئ", "display_name": "Ajyad Emergency Hospital", "map_name": "Ajyad Emergency Hospital", "category": "hospital", "amenity": "hospital", "healthcare": null, "emergency": null, "address": null, "latitude": 21.4197202, "longitude": 39.8263838, "source": "OpenStreetMap", "is_medical": true, "is_emergency": true, "is_candidate_hub": true, "name_norm": "ajyad emergency hospital", "lat_round5": 21.41972, "lon_round5": 39.82638, "possible_duplicate": false, "osm_completeness_score": 80 }, "geometry": { "type": "Point", "coordinates": [ 39.8263838, 21.4197202 ] } },
{ "type": "Feature", "properties": { "location_id": "OSM_NODE_5076826198", "osm_element": "node", "osm_id": 5076826198, "name": "مستوصف قوى الامن", "name_en": "Security Forces Health Center", "name_ar": "مستوصف قوى الامن", "display_name": "Security Forces Health Center", "map_name": "Security Forces Health Center", "category": "hospital", "amenity": "hospital", "healthcare": null, "emergency": null, "address": null, "latitude": 21.3941412, "longitude": 39.8959064, "source": "OpenStreetMap", "is_medical": true, "is_emergency": true, "is_candidate_hub": true, "name_norm": "security forces health center", "lat_round5": 21.39414, "lon_round5": 39.89591, "possible_duplicate": false, "osm_completeness_score": 80 }, "geometry": { "type": "Point", "coordinates": [ 39.8959064, 21.3941412 ] } },
{ "type": "Feature", "properties": { "location_id": "OSM_NODE_5076880916", "osm_element": "node", "osm_id": 5076880916, "name": "طاهر", "name_en": "Pharmacy Tahir", "name_ar": "طاهر", "display_name": "Pharmacy Tahir", "map_name": "Pharmacy Tahir", "category": "pharmacy", "amenity": "pharmacy", "healthcare": null, "emergency": null, "address": null, "latitude": 21.3990141, "longitude": 39.8699655, "source": "OpenStreetMap", "is_medical": true, "is_emergency": false, "is_candidate_hub": false, "name_norm": "pharmacy tahir", "lat_round5": 21.39901, "lon_round5": 39.86997, "possible_duplicate": false, "osm_completeness_score": 80 }, "geometry": { "type": "Point", "coordinates": [ 39.8699655, 21.3990141 ] } },
{ "type": "Feature", "properties": { "location_id": "OSM_NODE_5076889972", "osm_element": "node", "osm_id": 5076889972, "name": "صيدلية وائل", "name_en": "Wael Pharmacy", "name_ar": "صيدلية وائل", "display_name": "Wael Pharmacy", "map_name": "Wael Pharmacy", "category": "pharmacy", "amenity": "pharmacy", "healthcare": null, "emergency": null, "address": null, "latitude": 21.4088019, "longitude": 39.8690396, "source": "OpenStreetMap", "is_medical": true, "is_emergency": false, "is_candidate_hub": false, "name_norm": "wael pharmacy", "lat_round5": 21.4088, "lon_round5": 39.86904, "possible_duplicate": false, "osm_completeness_score": 80 }, "geometry": { "type": "Point", "coordinates": [ 39.8690396, 21.4088019 ] } },
{ "type": "Feature", "properties": { "location_id": "OSM_NODE_5077099025", "osm_element": "node", "osm_id": 5077099025, "name": "الحلواني", "name_en": "al-Halwani", "name_ar": "الحلواني", "display_name": "al-Halwani", "map_name": "al-Halwani", "category": "pharmacy", "amenity": "pharmacy", "healthcare": null, "emergency": null, "address": null, "latitude": 21.4196657, "longitude": 39.8266003, "source": "OpenStreetMap", "is_medical": true, "is_emergency": false, "is_candidate_hub": false, "name_norm": "alhalwani", "lat_round5": 21.41967, "lon_round5": 39.8266, "possible_duplicate": false, "osm_completeness_score": 80 }, "geometry": { "type": "Point", "coordinates": [ 39.8266003, 21.4196657 ] } },
{ "type": "Feature", "properties": { "location_id": "OSM_NODE_5077124619", "osm_element": "node", "osm_id": 5077124619, "name": "النهدي", "name_en": "Al Nahdi", "name_ar": "النهدي", "display_name": "Al Nahdi", "map_name": "Al Nahdi", "category": "pharmacy", "amenity": "pharmacy", "healthcare": null, "emergency": null, "address": null, "latitude": 21.4297854, "longitude": 39.8065587, "source": "OpenStreetMap", "is_medical": true, "is_emergency": false, "is_candidate_hub": false, "name_norm": "al nahdi", "lat_round5": 21.42979, "lon_round5": 39.80656, "possible_duplicate": false, "osm_completeness_score": 80 }, "geometry": { "type": "Point", "coordinates": [ 39.8065587, 21.4297854 ] } },
{ "type": "Feature", "properties": { "location_id": "OSM_NODE_5077145982", "osm_element": "node", "osm_id": 5077145982, "name": "شفاء البركة", "name_en": "Pharmacy Shifa al-Baraka", "name_ar": "شفاء البركة", "display_name": "Pharmacy Shifa al-Baraka", "map_name": "Pharmacy Shifa al-Baraka", "category": "pharmacy", "amenity": "pharmacy", "healthcare": null, "emergency": null, "address": null, "latitude": 21.4412579, "longitude": 39.8050739, "source": "OpenStreetMap", "is_medical": true, "is_emergency": false, "is_candidate_hub": false, "name_norm": "pharmacy shifa albaraka", "lat_round5": 21.44126, "lon_round5": 39.80507, "possible_duplicate": false, "osm_completeness_score": 80 }, "geometry": { "type": "Point", "coordinates": [ 39.8050739, 21.4412579 ] } },
{ "type": "Feature", "properties": { "location_id": "OSM_NODE_5077157348", "osm_element": "node", "osm_id": 5077157348, "name": "النهدي", "name_en": "an-Nahdi Pharmacy", "name_ar": "النهدي", "display_name": "an-Nahdi Pharmacy", "map_name": "an-Nahdi Pharmacy", "category": "pharmacy", "amenity": "pharmacy", "healthcare": null, "emergency": null, "address": null, "latitude": 21.4382888, "longitude": 39.789753, "source": "OpenStreetMap", "is_medical": true, "is_emergency": false, "is_candidate_hub": false, "name_norm": "annahdi pharmacy", "lat_round5": 21.43829, "lon_round5": 39.78975, "possible_duplicate": false, "osm_completeness_score": 80 }, "geometry": { "type": "Point", "coordinates": [ 39.789753, 21.4382888 ] } },
{ "type": "Feature", "properties": { "location_id": "OSM_NODE_5077162954", "osm_element": "node", "osm_id": 5077162954, "name": "غاية ام القرى", "name_en": "Ghaya Pharmacy", "name_ar": "غاية ام القرى", "display_name": "Ghaya Pharmacy", "map_name": "Ghaya Pharmacy", "category": "pharmacy", "amenity": "pharmacy", "healthcare": null, "emergency": null, "address": null, "latitude": 21.4230325, "longitude": 39.801118, "source": "OpenStreetMap", "is_medical": true, "is_emergency": false, "is_candidate_hub": false, "name_norm": "ghaya pharmacy", "lat_round5": 21.42303, "lon_round5": 39.80112, "possible_duplicate": false, "osm_completeness_score": 80 }, "geometry": { "type": "Point", "coordinates": [ 39.801118, 21.4230325 ] } },
{ "type": "Feature", "properties": { "location_id": "OSM_NODE_5077230548", "osm_element": "node", "osm_id": 5077230548, "name": "جمال المركزية", "name_en": "Jamal Central Pharmacy", "name_ar": "جمال المركزية", "display_name": "Jamal Central Pharmacy", "map_name": "Jamal Central Pharmacy", "category": "pharmacy", "amenity": "pharmacy", "healthcare": null, "emergency": null, "address": null, "latitude": 21.4373306, "longitude": 39.8244652, "source": "OpenStreetMap", "is_medical": true, "is_emergency": false, "is_candidate_hub": false, "name_norm": "jamal central pharmacy", "lat_round5": 21.43733, "lon_round5": 39.82447, "possible_duplicate": false, "osm_completeness_score": 80 }, "geometry": { "type": "Point", "coordinates": [ 39.8244652, 21.4373306 ] } },
{ "type": "Feature", "properties": { "location_id": "OSM_NODE_5077299107", "osm_element": "node", "osm_id": 5077299107, "name": "مجمع الفهد الطبي", "name_en": "Al Fahd Medical Complex", "name_ar": "مجمع الفهد الطبي", "display_name": "Al Fahd Medical Complex", "map_name": "Al Fahd Medical Complex", "category": "hospital", "amenity": "hospital", "healthcare": null, "emergency": null, "address": null, "latitude": 21.4431374, "longitude": 39.8355345, "source": "OpenStreetMap", "is_medical": true, "is_emergency": true, "is_candidate_hub": true, "name_norm": "al fahd medical complex", "lat_round5": 21.44314, "lon_round5": 39.83553, "possible_duplicate": false, "osm_completeness_score": 80 }, "geometry": { "type": "Point", "coordinates": [ 39.8355345, 21.4431374 ] } },
{ "type": "Feature", "properties": { "location_id": "OSM_NODE_5077343888", "osm_element": "node", "osm_id": 5077343888, "name": "النهدي", "name_en": "Nahdi Pharmacy", "name_ar": "النهدي", "display_name": "Nahdi Pharmacy", "map_name": "Nahdi Pharmacy", "category": "pharmacy", "amenity": "pharmacy", "healthcare": null, "emergency": null, "address": null, "latitude": 21.4149077, "longitude": 39.8279574, "source": "OpenStreetMap", "is_medical": true, "is_emergency": false, "is_candidate_hub": false, "name_norm": "nahdi pharmacy", "lat_round5": 21.41491, "lon_round5": 39.82796, "possible_duplicate": false, "osm_completeness_score": 80 }, "geometry": { "type": "Point", "coordinates": [ 39.8279574, 21.4149077 ] } },
{ "type": "Feature", "properties": { "location_id": "OSM_NODE_5077616006", "osm_element": "node", "osm_id": 5077616006, "name": "Nahdi Pharmacy", "name_en": "Nahdi Pharmacy", "name_ar": null, "display_name": "Nahdi Pharmacy", "map_name": "Nahdi Pharmacy", "category": "pharmacy", "amenity": "pharmacy", "healthcare": "pharmacy", "emergency": null, "address": null, "latitude": 21.4458886, "longitude": 39.80903, "source": "OpenStreetMap", "is_medical": true, "is_emergency": false, "is_candidate_hub": false, "name_norm": "nahdi pharmacy", "lat_round5": 21.44589, "lon_round5": 39.80903, "possible_duplicate": false, "osm_completeness_score": 80 }, "geometry": { "type": "Point", "coordinates": [ 39.80903, 21.4458886 ] } },
{ "type": "Feature", "properties": { "location_id": "OSM_NODE_5077627038", "osm_element": "node", "osm_id": 5077627038, "name": "Nahdi Pharmacy", "name_en": "Nahdi Pharmacy", "name_ar": null, "display_name": "Nahdi Pharmacy", "map_name": "Nahdi Pharmacy", "category": "pharmacy", "amenity": "pharmacy", "healthcare": null, "emergency": null, "address": null, "latitude": 21.4401747, "longitude": 39.7956894, "source": "OpenStreetMap", "is_medical": true, "is_emergency": false, "is_candidate_hub": false, "name_norm": "nahdi pharmacy", "lat_round5": 21.44017, "lon_round5": 39.79569, "possible_duplicate": false, "osm_completeness_score": 80 }, "geometry": { "type": "Point", "coordinates": [ 39.7956894, 21.4401747 ] } },
{ "type": "Feature", "properties": { "location_id": "OSM_NODE_5077629512", "osm_element": "node", "osm_id": 5077629512, "name": "Nahdi Pharmacy", "name_en": "Nahdi Pharmacy", "name_ar": null, "display_name": "Nahdi Pharmacy", "map_name": "Nahdi Pharmacy", "category": "pharmacy", "amenity": "pharmacy", "healthcare": null, "emergency": null, "address": null, "latitude": 21.4088538, "longitude": 39.7932683, "source": "OpenStreetMap", "is_medical": true, "is_emergency": false, "is_candidate_hub": false, "name_norm": "nahdi pharmacy", "lat_round5": 21.40885, "lon_round5": 39.79327, "possible_duplicate": false, "osm_completeness_score": 80 }, "geometry": { "type": "Point", "coordinates": [ 39.7932683, 21.4088538 ] } },
{ "type": "Feature", "properties": { "location_id": "OSM_NODE_5077671912", "osm_element": "node", "osm_id": 5077671912, "name": "Nahdi Pharmacy", "name_en": "Nahdi Pharmacy", "name_ar": null, "display_name": "Nahdi Pharmacy", "map_name": "Nahdi Pharmacy", "category": "pharmacy", "amenity": "pharmacy", "healthcare": null, "emergency": null, "address": null, "latitude": 21.3832715, "longitude": 39.8709918, "source": "OpenStreetMap", "is_medical": true, "is_emergency": false, "is_candidate_hub": false, "name_norm": "nahdi pharmacy", "lat_round5": 21.38327, "lon_round5": 39.87099, "possible_duplicate": false, "osm_completeness_score": 80 }, "geometry": { "type": "Point", "coordinates": [ 39.8709918, 21.3832715 ] } },
{ "type": "Feature", "properties": { "location_id": "OSM_NODE_5077681129", "osm_element": "node", "osm_id": 5077681129, "name": "Nahdi Pharmacy", "name_en": "Nahdi Pharmacy", "name_ar": null, "display_name": "Nahdi Pharmacy", "map_name": "Nahdi Pharmacy", "category": "pharmacy", "amenity": "pharmacy", "healthcare": null, "emergency": null, "address": null, "latitude": 21.3609738, "longitude": 39.9011829, "source": "OpenStreetMap", "is_medical": true, "is_emergency": false, "is_candidate_hub": false, "name_norm": "nahdi pharmacy", "lat_round5": 21.36097, "lon_round5": 39.90118, "possible_duplicate": false, "osm_completeness_score": 80 }, "geometry": { "type": "Point", "coordinates": [ 39.9011829, 21.3609738 ] } },
{ "type": "Feature", "properties": { "location_id": "OSM_NODE_5077810152", "osm_element": "node", "osm_id": 5077810152, "name": "Pharmacy Kingdom Med", "name_en": "Pharmacy Kingdom Med", "name_ar": null, "display_name": "Pharmacy Kingdom Med", "map_name": "Pharmacy Kingdom Med", "category": "pharmacy", "amenity": "pharmacy", "healthcare": null, "emergency": null, "address": null, "latitude": 21.432854, "longitude": 39.8293092, "source": "OpenStreetMap", "is_medical": true, "is_emergency": false, "is_candidate_hub": false, "name_norm": "pharmacy kingdom med", "lat_round5": 21.43285, "lon_round5": 39.82931, "possible_duplicate": false, "osm_completeness_score": 80 }, "geometry": { "type": "Point", "coordinates": [ 39.8293092, 21.432854 ] } },
{ "type": "Feature", "properties": { "location_id": "OSM_NODE_5077819618", "osm_element": "node", "osm_id": 5077819618, "name": "باوزير", "name_en": "Bawazeer Pharmacy", "name_ar": "باوزير", "display_name": "Bawazeer Pharmacy", "map_name": "Bawazeer Pharmacy", "category": "pharmacy", "amenity": "pharmacy", "healthcare": "pharmacy", "emergency": null, "address": null, "latitude": 21.4320397, "longitude": 39.8285522, "source": "OpenStreetMap", "is_medical": true, "is_emergency": false, "is_candidate_hub": false, "name_norm": "bawazeer pharmacy", "lat_round5": 21.43204, "lon_round5": 39.82855, "possible_duplicate": false, "osm_completeness_score": 80 }, "geometry": { "type": "Point", "coordinates": [ 39.8285522, 21.4320397 ] } },
{ "type": "Feature", "properties": { "location_id": "OSM_NODE_5084499016", "osm_element": "node", "osm_id": 5084499016, "name": "صيدلية المتحدة", "name_en": "United Pharmacy", "name_ar": "صيدلية المتحدة", "display_name": "United Pharmacy", "map_name": "United Pharmacy", "category": "pharmacy", "amenity": "pharmacy", "healthcare": null, "emergency": null, "address": null, "latitude": 21.3548878, "longitude": 39.891721, "source": "OpenStreetMap", "is_medical": true, "is_emergency": false, "is_candidate_hub": false, "name_norm": "united pharmacy", "lat_round5": 21.35489, "lon_round5": 39.89172, "possible_duplicate": false, "osm_completeness_score": 80 }, "geometry": { "type": "Point", "coordinates": [ 39.891721, 21.3548878 ] } },
{ "type": "Feature", "properties": { "location_id": "OSM_NODE_5084501351", "osm_element": "node", "osm_id": 5084501351, "name": "عمار", "name_en": "Ammar Pharmacy", "name_ar": "عمار", "display_name": "Ammar Pharmacy", "map_name": "Ammar Pharmacy", "category": "pharmacy", "amenity": "pharmacy", "healthcare": null, "emergency": null, "address": null, "latitude": 21.3536916, "longitude": 39.8933994, "source": "OpenStreetMap", "is_medical": true, "is_emergency": false, "is_candidate_hub": false, "name_norm": "ammar pharmacy", "lat_round5": 21.35369, "lon_round5": 39.8934, "possible_duplicate": false, "osm_completeness_score": 80 }, "geometry": { "type": "Point", "coordinates": [ 39.8933994, 21.3536916 ] } },
{ "type": "Feature", "properties": { "location_id": "OSM_NODE_5084506336", "osm_element": "node", "osm_id": 5084506336, "name": "صيدلية سر الصحة", "name_en": "Pharmacy Health Secret", "name_ar": "صيدلية سر الصحة", "display_name": "Pharmacy Health Secret", "map_name": "Pharmacy Health Secret", "category": "pharmacy", "amenity": "pharmacy", "healthcare": "pharmacy", "emergency": null, "address": null, "latitude": 21.35135, "longitude": 39.8993258, "source": "OpenStreetMap", "is_medical": true, "is_emergency": false, "is_candidate_hub": false, "name_norm": "pharmacy health secret", "lat_round5": 21.35135, "lon_round5": 39.89933, "possible_duplicate": false, "osm_completeness_score": 80 }, "geometry": { "type": "Point", "coordinates": [ 39.8993258, 21.35135 ] } },
{ "type": "Feature", "properties": { "location_id": "OSM_NODE_5084616457", "osm_element": "node", "osm_id": 5084616457, "name": "النهدي", "name_en": "Nahdi", "name_ar": "النهدي", "display_name": "Nahdi", "map_name": "Nahdi", "category": "pharmacy", "amenity": "pharmacy", "healthcare": null, "emergency": null, "address": null, "latitude": 21.4285501, "longitude": 39.7884479, "source": "OpenStreetMap", "is_medical": true, "is_emergency": false, "is_candidate_hub": false, "name_norm": "nahdi", "lat_round5": 21.42855, "lon_round5": 39.78845, "possible_duplicate": false, "osm_completeness_score": 80 }, "geometry": { "type": "Point", "coordinates": [ 39.7884479, 21.4285501 ] } },
{ "type": "Feature", "properties": { "location_id": "OSM_NODE_5134884137", "osm_element": "node", "osm_id": 5134884137, "name": "مستشفى حراء", "name_en": "Hera General Hospital", "name_ar": "مستشفى حراء", "display_name": "Hera General Hospital", "map_name": "Hera General Hospital", "category": "hospital", "amenity": "hospital", "healthcare": null, "emergency": null, "address": null, "latitude": 21.4864762, "longitude": 39.7892145, "source": "OpenStreetMap", "is_medical": true, "is_emergency": true, "is_candidate_hub": true, "name_norm": "hera general hospital", "lat_round5": 21.48648, "lon_round5": 39.78921, "possible_duplicate": false, "osm_completeness_score": 80 }, "geometry": { "type": "Point", "coordinates": [ 39.7892145, 21.4864762 ] } },
{ "type": "Feature", "properties": { "location_id": "OSM_NODE_5828839701", "osm_element": "node", "osm_id": 5828839701, "name": "البعثة الطبية العراقية", "name_en": "Iraqi medical delegation", "name_ar": null, "display_name": "Iraqi medical delegation", "map_name": "Iraqi medical delegation", "category": "hospital", "amenity": "hospital", "healthcare": null, "emergency": null, "address": null, "latitude": 21.4123984, "longitude": 39.8618606, "source": "OpenStreetMap", "is_medical": true, "is_emergency": true, "is_candidate_hub": true, "name_norm": "iraqi medical delegation", "lat_round5": 21.4124, "lon_round5": 39.86186, "possible_duplicate": false, "osm_completeness_score": 80 }, "geometry": { "type": "Point", "coordinates": [ 39.8618606, 21.4123984 ] } },
{ "type": "Feature", "properties": { "location_id": "OSM_NODE_5923074192", "osm_element": "node", "osm_id": 5923074192, "name": "Pharmacy Rajah", "name_en": null, "name_ar": null, "display_name": "Pharmacy Rajah", "map_name": "Pharmacy Rajah", "category": "pharmacy", "amenity": "pharmacy", "healthcare": "pharmacy", "emergency": null, "address": "18, الحديثة", "latitude": 21.4200807, "longitude": 39.8235189, "source": "OpenStreetMap", "is_medical": true, "is_emergency": false, "is_candidate_hub": false, "name_norm": "pharmacy rajah", "lat_round5": 21.42008, "lon_round5": 39.82352, "possible_duplicate": false, "osm_completeness_score": 100 }, "geometry": { "type": "Point", "coordinates": [ 39.8235189, 21.4200807 ] } },
{ "type": "Feature", "properties": { "location_id": "OSM_NODE_6047258976", "osm_element": "node", "osm_id": 6047258976, "name": "Pharmacy Mansor", "name_en": null, "name_ar": null, "display_name": "Pharmacy Mansor", "map_name": "Pharmacy Mansor", "category": "pharmacy", "amenity": "pharmacy", "healthcare": "pharmacy", "emergency": null, "address": null, "latitude": 21.4132193, "longitude": 39.8277552, "source": "OpenStreetMap", "is_medical": true, "is_emergency": false, "is_candidate_hub": false, "name_norm": "pharmacy mansor", "lat_round5": 21.41322, "lon_round5": 39.82776, "possible_duplicate": false, "osm_completeness_score": 80 }, "geometry": { "type": "Point", "coordinates": [ 39.8277552, 21.4132193 ] } },
{ "type": "Feature", "properties": { "location_id": "OSM_NODE_6055798022", "osm_element": "node", "osm_id": 6055798022, "name": "رقية", "name_en": "Roqia", "name_ar": "رقية", "display_name": "Roqia", "map_name": "Roqia", "category": "pharmacy", "amenity": "pharmacy", "healthcare": "pharmacy", "emergency": null, "address": null, "latitude": 21.4329281, "longitude": 39.8153972, "source": "OpenStreetMap", "is_medical": true, "is_emergency": false, "is_candidate_hub": false, "name_norm": "roqia", "lat_round5": 21.43293, "lon_round5": 39.8154, "possible_duplicate": false, "osm_completeness_score": 80 }, "geometry": { "type": "Point", "coordinates": [ 39.8153972, 21.4329281 ] } },
{ "type": "Feature", "properties": { "location_id": "OSM_NODE_6139791985", "osm_element": "node", "osm_id": 6139791985, "name": "مركز الملك عبد اللة لغسيل الكلي", "name_en": null, "name_ar": null, "display_name": "مركز الملك عبد اللة لغسيل الكلي", "map_name": "مركز الملك عبد اللة لغسيل الكلي", "category": "hospital", "amenity": "hospital", "healthcare": null, "emergency": null, "address": null, "latitude": 21.3889212, "longitude": 39.8079877, "source": "OpenStreetMap", "is_medical": true, "is_emergency": true, "is_candidate_hub": true, "name_norm": "مركز الملك عبد اللة لغسيل الكلي", "lat_round5": 21.38892, "lon_round5": 39.80799, "possible_duplicate": false, "osm_completeness_score": 80 }, "geometry": { "type": "Point", "coordinates": [ 39.8079877, 21.3889212 ] } },
{ "type": "Feature", "properties": { "location_id": "OSM_NODE_6166310287", "osm_element": "node", "osm_id": 6166310287, "name": "مركز الملك عبد الله لغسيل الكلي الصناعي", "name_en": "King Abdullah dialysis Center", "name_ar": null, "display_name": "King Abdullah dialysis Center", "map_name": "King Abdullah dialysis Center", "category": "hospital", "amenity": "hospital", "healthcare": null, "emergency": null, "address": null, "latitude": 21.4182818, "longitude": 39.7752803, "source": "OpenStreetMap", "is_medical": true, "is_emergency": true, "is_candidate_hub": true, "name_norm": "king abdullah dialysis center", "lat_round5": 21.41828, "lon_round5": 39.77528, "possible_duplicate": false, "osm_completeness_score": 80 }, "geometry": { "type": "Point", "coordinates": [ 39.7752803, 21.4182818 ] } },
{ "type": "Feature", "properties": { "location_id": "OSM_NODE_6214131049", "osm_element": "node", "osm_id": 6214131049, "name": "Is'haq Pharmacy", "name_en": null, "name_ar": null, "display_name": "Is'haq Pharmacy", "map_name": "Is'haq Pharmacy", "category": "pharmacy", "amenity": "pharmacy", "healthcare": "pharmacy", "emergency": null, "address": null, "latitude": 21.4139398, "longitude": 39.8220112, "source": "OpenStreetMap", "is_medical": true, "is_emergency": false, "is_candidate_hub": false, "name_norm": "ishaq pharmacy", "lat_round5": 21.41394, "lon_round5": 39.82201, "possible_duplicate": false, "osm_completeness_score": 80 }, "geometry": { "type": "Point", "coordinates": [ 39.8220112, 21.4139398 ] } },
{ "type": "Feature", "properties": { "location_id": "OSM_NODE_6214483638", "osm_element": "node", "osm_id": 6214483638, "name": "ضيوف مكة", "name_en": "Dhiouf Makkah", "name_ar": null, "display_name": "Dhiouf Makkah", "map_name": "Dhiouf Makkah", "category": "pharmacy", "amenity": "pharmacy", "healthcare": "pharmacy", "emergency": null, "address": null, "latitude": 21.4191226, "longitude": 39.8239783, "source": "OpenStreetMap", "is_medical": true, "is_emergency": false, "is_candidate_hub": false, "name_norm": "dhiouf makkah", "lat_round5": 21.41912, "lon_round5": 39.82398, "possible_duplicate": false, "osm_completeness_score": 80 }, "geometry": { "type": "Point", "coordinates": [ 39.8239783, 21.4191226 ] } },
{ "type": "Feature", "properties": { "location_id": "OSM_NODE_6226079490", "osm_element": "node", "osm_id": 6226079490, "name": "United Pharmacy", "name_en": null, "name_ar": null, "display_name": "United Pharmacy", "map_name": "United Pharmacy", "category": "pharmacy", "amenity": "pharmacy", "healthcare": "pharmacy", "emergency": null, "address": null, "latitude": 21.4201178, "longitude": 39.8281943, "source": "OpenStreetMap", "is_medical": true, "is_emergency": false, "is_candidate_hub": false, "name_norm": "united pharmacy", "lat_round5": 21.42012, "lon_round5": 39.82819, "possible_duplicate": false, "osm_completeness_score": 80 }, "geometry": { "type": "Point", "coordinates": [ 39.8281943, 21.4201178 ] } },
{ "type": "Feature", "properties": { "location_id": "OSM_NODE_6283475050", "osm_element": "node", "osm_id": 6283475050, "name": "صيدلية النهدي", "name_en": "Nahdi", "name_ar": "صيدلية النهدي", "display_name": "Nahdi", "map_name": "Nahdi", "category": "pharmacy", "amenity": "pharmacy", "healthcare": "pharmacy", "emergency": null, "address": null, "latitude": 21.41955, "longitude": 39.8257521, "source": "OpenStreetMap", "is_medical": true, "is_emergency": false, "is_candidate_hub": false, "name_norm": "nahdi", "lat_round5": 21.41955, "lon_round5": 39.82575, "possible_duplicate": false, "osm_completeness_score": 80 }, "geometry": { "type": "Point", "coordinates": [ 39.8257521, 21.41955 ] } },
{ "type": "Feature", "properties": { "location_id": "OSM_NODE_6286793555", "osm_element": "node", "osm_id": 6286793555, "name": "غاية ام القرى", "name_en": null, "name_ar": "غاية ام القرى", "display_name": "غاية ام القرى", "map_name": "غاية ام القرى", "category": "pharmacy", "amenity": "pharmacy", "healthcare": "pharmacy", "emergency": null, "address": null, "latitude": 21.4210886, "longitude": 39.8228881, "source": "OpenStreetMap", "is_medical": true, "is_emergency": false, "is_candidate_hub": false, "name_norm": "غاية ام القرى", "lat_round5": 21.42109, "lon_round5": 39.82289, "possible_duplicate": false, "osm_completeness_score": 80 }, "geometry": { "type": "Point", "coordinates": [ 39.8228881, 21.4210886 ] } },
{ "type": "Feature", "properties": { "location_id": "OSM_NODE_6291998465", "osm_element": "node", "osm_id": 6291998465, "name": "النهدي", "name_en": null, "name_ar": "النهدي", "display_name": "النهدي", "map_name": "النهدي", "category": "pharmacy", "amenity": "pharmacy", "healthcare": "pharmacy", "emergency": null, "address": null, "latitude": 21.4202197, "longitude": 39.8239084, "source": "OpenStreetMap", "is_medical": true, "is_emergency": false, "is_candidate_hub": false, "name_norm": "النهدي", "lat_round5": 21.42022, "lon_round5": 39.82391, "possible_duplicate": false, "osm_completeness_score": 80 }, "geometry": { "type": "Point", "coordinates": [ 39.8239084, 21.4202197 ] } },
{ "type": "Feature", "properties": { "location_id": "OSM_NODE_6312985526", "osm_element": "node", "osm_id": 6312985526, "name": "Nahdi Pharmacy", "name_en": null, "name_ar": null, "display_name": "Nahdi Pharmacy", "map_name": "Nahdi Pharmacy", "category": "pharmacy", "amenity": "pharmacy", "healthcare": "pharmacy", "emergency": null, "address": null, "latitude": 21.431889, "longitude": 39.8291346, "source": "OpenStreetMap", "is_medical": true, "is_emergency": false, "is_candidate_hub": false, "name_norm": "nahdi pharmacy", "lat_round5": 21.43189, "lon_round5": 39.82913, "possible_duplicate": false, "osm_completeness_score": 80 }, "geometry": { "type": "Point", "coordinates": [ 39.8291346, 21.431889 ] } },
{ "type": "Feature", "properties": { "location_id": "OSM_NODE_6314589561", "osm_element": "node", "osm_id": 6314589561, "name": null, "name_en": null, "name_ar": null, "display_name": "Unnamed OSM feature", "map_name": "Unnamed OSM feature", "category": "pharmacy", "amenity": "pharmacy", "healthcare": "pharmacy", "emergency": null, "address": null, "latitude": 21.4162561, "longitude": 39.8279984, "source": "OpenStreetMap", "is_medical": true, "is_emergency": false, "is_candidate_hub": false, "name_norm": "unnamed osm feature", "lat_round5": 21.41626, "lon_round5": 39.828, "possible_duplicate": false, "osm_completeness_score": 60 }, "geometry": { "type": "Point", "coordinates": [ 39.8279984, 21.4162561 ] } },
{ "type": "Feature", "properties": { "location_id": "OSM_NODE_6322556737", "osm_element": "node", "osm_id": 6322556737, "name": "Quraish Pharmacy", "name_en": null, "name_ar": null, "display_name": "Quraish Pharmacy", "map_name": "Quraish Pharmacy", "category": "pharmacy", "amenity": "pharmacy", "healthcare": "pharmacy", "emergency": null, "address": null, "latitude": 21.4357153, "longitude": 39.8183553, "source": "OpenStreetMap", "is_medical": true, "is_emergency": false, "is_candidate_hub": false, "name_norm": "quraish pharmacy", "lat_round5": 21.43572, "lon_round5": 39.81836, "possible_duplicate": false, "osm_completeness_score": 80 }, "geometry": { "type": "Point", "coordinates": [ 39.8183553, 21.4357153 ] } },
{ "type": "Feature", "properties": { "location_id": "OSM_NODE_6331818623", "osm_element": "node", "osm_id": 6331818623, "name": "Adama Pharmacy", "name_en": null, "name_ar": null, "display_name": "Adama Pharmacy", "map_name": "Adama Pharmacy", "category": "pharmacy", "amenity": "pharmacy", "healthcare": "pharmacy", "emergency": null, "address": null, "latitude": 21.4115043, "longitude": 39.8664276, "source": "OpenStreetMap", "is_medical": true, "is_emergency": false, "is_candidate_hub": false, "name_norm": "adama pharmacy", "lat_round5": 21.4115, "lon_round5": 39.86643, "possible_duplicate": false, "osm_completeness_score": 80 }, "geometry": { "type": "Point", "coordinates": [ 39.8664276, 21.4115043 ] } },
{ "type": "Feature", "properties": { "location_id": "OSM_NODE_6331888223", "osm_element": "node", "osm_id": 6331888223, "name": "Taher Pharmacy", "name_en": null, "name_ar": null, "display_name": "Taher Pharmacy", "map_name": "Taher Pharmacy", "category": "pharmacy", "amenity": "pharmacy", "healthcare": "pharmacy", "emergency": null, "address": null, "latitude": 21.4134402, "longitude": 39.8635486, "source": "OpenStreetMap", "is_medical": true, "is_emergency": false, "is_candidate_hub": false, "name_norm": "taher pharmacy", "lat_round5": 21.41344, "lon_round5": 39.86355, "possible_duplicate": false, "osm_completeness_score": 80 }, "geometry": { "type": "Point", "coordinates": [ 39.8635486, 21.4134402 ] } },
{ "type": "Feature", "properties": { "location_id": "OSM_NODE_6333122478", "osm_element": "node", "osm_id": 6333122478, "name": "Pharmacy Dawaa", "name_en": null, "name_ar": null, "display_name": "Pharmacy Dawaa", "map_name": "Pharmacy Dawaa", "category": "pharmacy", "amenity": "pharmacy", "healthcare": "pharmacy", "emergency": null, "address": null, "latitude": 21.4178757, "longitude": 39.8594552, "source": "OpenStreetMap", "is_medical": true, "is_emergency": false, "is_candidate_hub": false, "name_norm": "pharmacy dawaa", "lat_round5": 21.41788, "lon_round5": 39.85946, "possible_duplicate": false, "osm_completeness_score": 80 }, "geometry": { "type": "Point", "coordinates": [ 39.8594552, 21.4178757 ] } },
{ "type": "Feature", "properties": { "location_id": "OSM_NODE_6333127354", "osm_element": "node", "osm_id": 6333127354, "name": "Pharmacy Hekmah", "name_en": null, "name_ar": null, "display_name": "Pharmacy Hekmah", "map_name": "Pharmacy Hekmah", "category": "pharmacy", "amenity": "pharmacy", "healthcare": "pharmacy", "emergency": null, "address": null, "latitude": 21.4169273, "longitude": 39.8602783, "source": "OpenStreetMap", "is_medical": true, "is_emergency": false, "is_candidate_hub": false, "name_norm": "pharmacy hekmah", "lat_round5": 21.41693, "lon_round5": 39.86028, "possible_duplicate": false, "osm_completeness_score": 80 }, "geometry": { "type": "Point", "coordinates": [ 39.8602783, 21.4169273 ] } },
{ "type": "Feature", "properties": { "location_id": "OSM_NODE_6333656535", "osm_element": "node", "osm_id": 6333656535, "name": "Taher Pharmacy", "name_en": null, "name_ar": null, "display_name": "Taher Pharmacy", "map_name": "Taher Pharmacy", "category": "pharmacy", "amenity": "pharmacy", "healthcare": "pharmacy", "emergency": null, "address": null, "latitude": 21.4127116, "longitude": 39.8642311, "source": "OpenStreetMap", "is_medical": true, "is_emergency": false, "is_candidate_hub": false, "name_norm": "taher pharmacy", "lat_round5": 21.41271, "lon_round5": 39.86423, "possible_duplicate": false, "osm_completeness_score": 80 }, "geometry": { "type": "Point", "coordinates": [ 39.8642311, 21.4127116 ] } },
{ "type": "Feature", "properties": { "location_id": "OSM_NODE_6333864197", "osm_element": "node", "osm_id": 6333864197, "name": "الدواء", "name_en": null, "name_ar": null, "display_name": "الدواء", "map_name": "الدواء", "category": "pharmacy", "amenity": "pharmacy", "healthcare": "pharmacy", "emergency": null, "address": null, "latitude": 21.406476, "longitude": 39.8717576, "source": "OpenStreetMap", "is_medical": true, "is_emergency": false, "is_candidate_hub": false, "name_norm": "الدواء", "lat_round5": 21.40648, "lon_round5": 39.87176, "possible_duplicate": false, "osm_completeness_score": 80 }, "geometry": { "type": "Point", "coordinates": [ 39.8717576, 21.406476 ] } },
{ "type": "Feature", "properties": { "location_id": "OSM_NODE_6336211360", "osm_element": "node", "osm_id": 6336211360, "name": "Al Nahdi Pharmacy - 1st Floor", "name_en": null, "name_ar": null, "display_name": "Al Nahdi Pharmacy - 1st Floor", "map_name": "Al Nahdi Pharmacy - 1st Floor", "category": "pharmacy", "amenity": "pharmacy", "healthcare": "pharmacy", "emergency": null, "address": null, "latitude": 21.4209972, "longitude": 39.821869, "source": "OpenStreetMap", "is_medical": true, "is_emergency": false, "is_candidate_hub": false, "name_norm": "al nahdi pharmacy 1st floor", "lat_round5": 21.421, "lon_round5": 39.82187, "possible_duplicate": false, "osm_completeness_score": 80 }, "geometry": { "type": "Point", "coordinates": [ 39.821869, 21.4209972 ] } },
{ "type": "Feature", "properties": { "location_id": "OSM_NODE_6437181282", "osm_element": "node", "osm_id": 6437181282, "name": "Nahdi Pharmacy", "name_en": null, "name_ar": null, "display_name": "Nahdi Pharmacy", "map_name": "Nahdi Pharmacy", "category": "pharmacy", "amenity": "pharmacy", "healthcare": "pharmacy", "emergency": null, "address": null, "latitude": 21.445874, "longitude": 39.8613946, "source": "OpenStreetMap", "is_medical": true, "is_emergency": false, "is_candidate_hub": false, "name_norm": "nahdi pharmacy", "lat_round5": 21.44587, "lon_round5": 39.86139, "possible_duplicate": false, "osm_completeness_score": 80 }, "geometry": { "type": "Point", "coordinates": [ 39.8613946, 21.445874 ] } },
{ "type": "Feature", "properties": { "location_id": "OSM_NODE_6477881085", "osm_element": "node", "osm_id": 6477881085, "name": "صيدلية النهدي", "name_en": "Nahdi Pharmacy", "name_ar": null, "display_name": "Nahdi Pharmacy", "map_name": "Nahdi Pharmacy", "category": "pharmacy", "amenity": "pharmacy", "healthcare": null, "emergency": null, "address": "طريق المدينة المنورة", "latitude": 21.5705867, "longitude": 39.7706355, "source": "OpenStreetMap", "is_medical": true, "is_emergency": false, "is_candidate_hub": false, "name_norm": "nahdi pharmacy", "lat_round5": 21.57059, "lon_round5": 39.77064, "possible_duplicate": false, "osm_completeness_score": 100 }, "geometry": { "type": "Point", "coordinates": [ 39.7706355, 21.5705867 ] } },
{ "type": "Feature", "properties": { "location_id": "OSM_NODE_6536855095", "osm_element": "node", "osm_id": 6536855095, "name": "Nahdi Pharmacy", "name_en": null, "name_ar": null, "display_name": "Nahdi Pharmacy", "map_name": "Nahdi Pharmacy", "category": "pharmacy", "amenity": "pharmacy", "healthcare": "pharmacy", "emergency": null, "address": null, "latitude": 21.4240908, "longitude": 39.7981308, "source": "OpenStreetMap", "is_medical": true, "is_emergency": false, "is_candidate_hub": false, "name_norm": "nahdi pharmacy", "lat_round5": 21.42409, "lon_round5": 39.79813, "possible_duplicate": false, "osm_completeness_score": 80 }, "geometry": { "type": "Point", "coordinates": [ 39.7981308, 21.4240908 ] } },
{ "type": "Feature", "properties": { "location_id": "OSM_NODE_6579860910", "osm_element": "node", "osm_id": 6579860910, "name": "النهدي", "name_en": "Al Nahdi", "name_ar": "النهدي", "display_name": "Al Nahdi", "map_name": "Al Nahdi", "category": "pharmacy", "amenity": "pharmacy", "healthcare": "pharmacy", "emergency": null, "address": "Makkah al Mukarramah, 24231", "latitude": 21.4193551, "longitude": 39.8267363, "source": "OpenStreetMap", "is_medical": true, "is_emergency": false, "is_candidate_hub": false, "name_norm": "al nahdi", "lat_round5": 21.41936, "lon_round5": 39.82674, "possible_duplicate": false, "osm_completeness_score": 100 }, "geometry": { "type": "Point", "coordinates": [ 39.8267363, 21.4193551 ] } },
{ "type": "Feature", "properties": { "location_id": "OSM_NODE_6587383192", "osm_element": "node", "osm_id": 6587383192, "name": "Al Nahdi Pharmacy", "name_en": null, "name_ar": null, "display_name": "Al Nahdi Pharmacy", "map_name": "Al Nahdi Pharmacy", "category": "pharmacy", "amenity": "pharmacy", "healthcare": "pharmacy", "emergency": null, "address": null, "latitude": 21.4195088, "longitude": 39.824221, "source": "OpenStreetMap", "is_medical": true, "is_emergency": false, "is_candidate_hub": false, "name_norm": "al nahdi pharmacy", "lat_round5": 21.41951, "lon_round5": 39.82422, "possible_duplicate": false, "osm_completeness_score": 80 }, "geometry": { "type": "Point", "coordinates": [ 39.824221, 21.4195088 ] } },
{ "type": "Feature", "properties": { "location_id": "OSM_NODE_6587572604", "osm_element": "node", "osm_id": 6587572604, "name": "Bin Hassan Pharmacy", "name_en": null, "name_ar": null, "display_name": "Bin Hassan Pharmacy", "map_name": "Bin Hassan Pharmacy", "category": "pharmacy", "amenity": "pharmacy", "healthcare": "pharmacy", "emergency": null, "address": null, "latitude": 21.4115762, "longitude": 39.8209913, "source": "OpenStreetMap", "is_medical": true, "is_emergency": false, "is_candidate_hub": false, "name_norm": "bin hassan pharmacy", "lat_round5": 21.41158, "lon_round5": 39.82099, "possible_duplicate": false, "osm_completeness_score": 80 }, "geometry": { "type": "Point", "coordinates": [ 39.8209913, 21.4115762 ] } },
{ "type": "Feature", "properties": { "location_id": "OSM_NODE_6712311338", "osm_element": "node", "osm_id": 6712311338, "name": "Red Crescent Ambulance Station - 5", "name_en": null, "name_ar": null, "display_name": "Red Crescent Ambulance Station - 5", "map_name": "Red Crescent Ambulance Station - 5", "category": "doctors", "amenity": "doctors", "healthcare": "doctor", "emergency": null, "address": null, "latitude": 21.4234828, "longitude": 39.9010521, "source": "OpenStreetMap", "is_medical": true, "is_emergency": false, "is_candidate_hub": false, "name_norm": "red crescent ambulance station 5", "lat_round5": 21.42348, "lon_round5": 39.90105, "possible_duplicate": false, "osm_completeness_score": 80 }, "geometry": { "type": "Point", "coordinates": [ 39.9010521, 21.4234828 ] } },
{ "type": "Feature", "properties": { "location_id": "OSM_NODE_6718195234", "osm_element": "node", "osm_id": 6718195234, "name": "Red Crescent Ambulance Station - 8", "name_en": null, "name_ar": null, "display_name": "Red Crescent Ambulance Station - 8", "map_name": "Red Crescent Ambulance Station - 8", "category": "doctors", "amenity": "doctors", "healthcare": "doctor", "emergency": null, "address": null, "latitude": 21.4179789, "longitude": 39.8968646, "source": "OpenStreetMap", "is_medical": true, "is_emergency": false, "is_candidate_hub": false, "name_norm": "red crescent ambulance station 8", "lat_round5": 21.41798, "lon_round5": 39.89686, "possible_duplicate": false, "osm_completeness_score": 80 }, "geometry": { "type": "Point", "coordinates": [ 39.8968646, 21.4179789 ] } },
{ "type": "Feature", "properties": { "location_id": "OSM_NODE_6720791863", "osm_element": "node", "osm_id": 6720791863, "name": "Red Crescent Ambulance Station - 4", "name_en": null, "name_ar": null, "display_name": "Red Crescent Ambulance Station - 4", "map_name": "Red Crescent Ambulance Station - 4", "category": "doctors", "amenity": "doctors", "healthcare": "doctor", "emergency": null, "address": null, "latitude": 21.4129015, "longitude": 39.8987501, "source": "OpenStreetMap", "is_medical": true, "is_emergency": false, "is_candidate_hub": false, "name_norm": "red crescent ambulance station 4", "lat_round5": 21.4129, "lon_round5": 39.89875, "possible_duplicate": false, "osm_completeness_score": 80 }, "geometry": { "type": "Point", "coordinates": [ 39.8987501, 21.4129015 ] } },
{ "type": "Feature", "properties": { "location_id": "OSM_NODE_6720794826", "osm_element": "node", "osm_id": 6720794826, "name": "Red Crescent Ambulance Station - 25", "name_en": null, "name_ar": null, "display_name": "Red Crescent Ambulance Station - 25", "map_name": "Red Crescent Ambulance Station - 25", "category": "doctors", "amenity": "doctors", "healthcare": "doctor", "emergency": null, "address": null, "latitude": 21.4253439, "longitude": 39.8937933, "source": "OpenStreetMap", "is_medical": true, "is_emergency": false, "is_candidate_hub": false, "name_norm": "red crescent ambulance station 25", "lat_round5": 21.42534, "lon_round5": 39.89379, "possible_duplicate": false, "osm_completeness_score": 80 }, "geometry": { "type": "Point", "coordinates": [ 39.8937933, 21.4253439 ] } },
{ "type": "Feature", "properties": { "location_id": "OSM_NODE_6720856542", "osm_element": "node", "osm_id": 6720856542, "name": "Red Crescent Ambulance Station - 13", "name_en": null, "name_ar": null, "display_name": "Red Crescent Ambulance Station - 13", "map_name": "Red Crescent Ambulance Station - 13", "category": "doctors", "amenity": "doctors", "healthcare": "doctor", "emergency": null, "address": null, "latitude": 21.4169838, "longitude": 39.8861822, "source": "OpenStreetMap", "is_medical": true, "is_emergency": false, "is_candidate_hub": false, "name_norm": "red crescent ambulance station 13", "lat_round5": 21.41698, "lon_round5": 39.88618, "possible_duplicate": false, "osm_completeness_score": 80 }, "geometry": { "type": "Point", "coordinates": [ 39.8861822, 21.4169838 ] } },
{ "type": "Feature", "properties": { "location_id": "OSM_NODE_6720966336", "osm_element": "node", "osm_id": 6720966336, "name": "Red Crescent Ambulance Station - 9", "name_en": null, "name_ar": null, "display_name": "Red Crescent Ambulance Station - 9", "map_name": "Red Crescent Ambulance Station - 9", "category": "doctors", "amenity": "doctors", "healthcare": "doctor", "emergency": null, "address": null, "latitude": 21.4145401, "longitude": 39.8926524, "source": "OpenStreetMap", "is_medical": true, "is_emergency": false, "is_candidate_hub": false, "name_norm": "red crescent ambulance station 9", "lat_round5": 21.41454, "lon_round5": 39.89265, "possible_duplicate": false, "osm_completeness_score": 80 }, "geometry": { "type": "Point", "coordinates": [ 39.8926524, 21.4145401 ] } },
{ "type": "Feature", "properties": { "location_id": "OSM_NODE_6744500748", "osm_element": "node", "osm_id": 6744500748, "name": "Clinic - 15 Health Care Center", "name_en": null, "name_ar": null, "display_name": "Clinic - 15 Health Care Center", "map_name": "Clinic - 15 Health Care Center", "category": "clinic", "amenity": "clinic", "healthcare": "clinic", "emergency": null, "address": null, "latitude": 21.4223478, "longitude": 39.875481, "source": "OpenStreetMap", "is_medical": true, "is_emergency": false, "is_candidate_hub": false, "name_norm": "clinic 15 health care center", "lat_round5": 21.42235, "lon_round5": 39.87548, "possible_duplicate": false, "osm_completeness_score": 80 }, "geometry": { "type": "Point", "coordinates": [ 39.875481, 21.4223478 ] } },
{ "type": "Feature", "properties": { "location_id": "OSM_NODE_6744521336", "osm_element": "node", "osm_id": 6744521336, "name": "Red Crescent Ambulance Station - 22", "name_en": null, "name_ar": null, "display_name": "Red Crescent Ambulance Station - 22", "map_name": "Red Crescent Ambulance Station - 22", "category": "doctors", "amenity": "doctors", "healthcare": "doctor", "emergency": null, "address": null, "latitude": 21.4249143, "longitude": 39.8724128, "source": "OpenStreetMap", "is_medical": true, "is_emergency": false, "is_candidate_hub": false, "name_norm": "red crescent ambulance station 22", "lat_round5": 21.42491, "lon_round5": 39.87241, "possible_duplicate": false, "osm_completeness_score": 80 }, "geometry": { "type": "Point", "coordinates": [ 39.8724128, 21.4249143 ] } },
{ "type": "Feature", "properties": { "location_id": "OSM_NODE_6744521337", "osm_element": "node", "osm_id": 6744521337, "name": "Red Crescent Ambulance Station - 20", "name_en": null, "name_ar": null, "display_name": "Red Crescent Ambulance Station - 20", "map_name": "Red Crescent Ambulance Station - 20", "category": "doctors", "amenity": "doctors", "healthcare": "doctor", "emergency": null, "address": null, "latitude": 21.4234564, "longitude": 39.8732423, "source": "OpenStreetMap", "is_medical": true, "is_emergency": false, "is_candidate_hub": false, "name_norm": "red crescent ambulance station 20", "lat_round5": 21.42346, "lon_round5": 39.87324, "possible_duplicate": false, "osm_completeness_score": 80 }, "geometry": { "type": "Point", "coordinates": [ 39.8732423, 21.4234564 ] } },
{ "type": "Feature", "properties": { "location_id": "OSM_NODE_6744534962", "osm_element": "node", "osm_id": 6744534962, "name": "Red Crescent Ambulance Station - 17", "name_en": null, "name_ar": null, "display_name": "Red Crescent Ambulance Station - 17", "map_name": "Red Crescent Ambulance Station - 17", "category": "doctors", "amenity": "doctors", "healthcare": "doctor", "emergency": null, "address": null, "latitude": 21.4200507, "longitude": 39.8782609, "source": "OpenStreetMap", "is_medical": true, "is_emergency": false, "is_candidate_hub": false, "name_norm": "red crescent ambulance station 17", "lat_round5": 21.42005, "lon_round5": 39.87826, "possible_duplicate": false, "osm_completeness_score": 80 }, "geometry": { "type": "Point", "coordinates": [ 39.8782609, 21.4200507 ] } },
{ "type": "Feature", "properties": { "location_id": "OSM_NODE_6744550068", "osm_element": "node", "osm_id": 6744550068, "name": "Red Crescent Ambulance Station - 11", "name_en": null, "name_ar": null, "display_name": "Red Crescent Ambulance Station - 11", "map_name": "Red Crescent Ambulance Station - 11", "category": "doctors", "amenity": "doctors", "healthcare": "doctor", "emergency": null, "address": null, "latitude": 21.412869, "longitude": 39.8855925, "source": "OpenStreetMap", "is_medical": true, "is_emergency": false, "is_candidate_hub": false, "name_norm": "red crescent ambulance station 11", "lat_round5": 21.41287, "lon_round5": 39.88559, "possible_duplicate": false, "osm_completeness_score": 80 }, "geometry": { "type": "Point", "coordinates": [ 39.8855925, 21.412869 ] } },
{ "type": "Feature", "properties": { "location_id": "OSM_NODE_6744590579", "osm_element": "node", "osm_id": 6744590579, "name": "Red Crescent Ambulance Station - 12", "name_en": null, "name_ar": null, "display_name": "Red Crescent Ambulance Station - 12", "map_name": "Red Crescent Ambulance Station - 12", "category": "doctors", "amenity": "doctors", "healthcare": "doctor", "emergency": null, "address": null, "latitude": 21.4114727, "longitude": 39.8852902, "source": "OpenStreetMap", "is_medical": true, "is_emergency": false, "is_candidate_hub": false, "name_norm": "red crescent ambulance station 12", "lat_round5": 21.41147, "lon_round5": 39.88529, "possible_duplicate": false, "osm_completeness_score": 80 }, "geometry": { "type": "Point", "coordinates": [ 39.8852902, 21.4114727 ] } },
{ "type": "Feature", "properties": { "location_id": "OSM_NODE_6744627843", "osm_element": "node", "osm_id": 6744627843, "name": "Clinic - 14 Health Care Center", "name_en": null, "name_ar": null, "display_name": "Clinic - 14 Health Care Center", "map_name": "Clinic - 14 Health Care Center", "category": "clinic", "amenity": "clinic", "healthcare": "clinic", "emergency": null, "address": null, "latitude": 21.4186645, "longitude": 39.8802139, "source": "OpenStreetMap", "is_medical": true, "is_emergency": false, "is_candidate_hub": false, "name_norm": "clinic 14 health care center", "lat_round5": 21.41866, "lon_round5": 39.88021, "possible_duplicate": false, "osm_completeness_score": 80 }, "geometry": { "type": "Point", "coordinates": [ 39.8802139, 21.4186645 ] } },
{ "type": "Feature", "properties": { "location_id": "OSM_NODE_6744632557", "osm_element": "node", "osm_id": 6744632557, "name": "Medical Evacuation and Emergency Center", "name_en": null, "name_ar": null, "display_name": "Medical Evacuation and Emergency Center", "map_name": "Medical Evacuation and Emergency Center", "category": "clinic", "amenity": "clinic", "healthcare": "clinic", "emergency": null, "address": null, "latitude": 21.4177595, "longitude": 39.8783439, "source": "OpenStreetMap", "is_medical": true, "is_emergency": false, "is_candidate_hub": false, "name_norm": "medical evacuation and emergency center", "lat_round5": 21.41776, "lon_round5": 39.87834, "possible_duplicate": false, "osm_completeness_score": 80 }, "geometry": { "type": "Point", "coordinates": [ 39.8783439, 21.4177595 ] } },
{ "type": "Feature", "properties": { "location_id": "OSM_NODE_6747086869", "osm_element": "node", "osm_id": 6747086869, "name": "Red Crescent Ambulance Station - 26", "name_en": null, "name_ar": null, "display_name": "Red Crescent Ambulance Station - 26", "map_name": "Red Crescent Ambulance Station - 26", "category": "doctors", "amenity": "doctors", "healthcare": "doctor", "emergency": null, "address": null, "latitude": 21.4123435, "longitude": 39.8962088, "source": "OpenStreetMap", "is_medical": true, "is_emergency": false, "is_candidate_hub": false, "name_norm": "red crescent ambulance station 26", "lat_round5": 21.41234, "lon_round5": 39.89621, "possible_duplicate": false, "osm_completeness_score": 80 }, "geometry": { "type": "Point", "coordinates": [ 39.8962088, 21.4123435 ] } },
{ "type": "Feature", "properties": { "location_id": "OSM_NODE_6747119109", "osm_element": "node", "osm_id": 6747119109, "name": "Red Crescent Ambulance Station - 7", "name_en": null, "name_ar": null, "display_name": "Red Crescent Ambulance Station - 7", "map_name": "Red Crescent Ambulance Station - 7", "category": "doctors", "amenity": "doctors", "healthcare": "doctor", "emergency": null, "address": null, "latitude": 21.411793, "longitude": 39.8931634, "source": "OpenStreetMap", "is_medical": true, "is_emergency": false, "is_candidate_hub": false, "name_norm": "red crescent ambulance station 7", "lat_round5": 21.41179, "lon_round5": 39.89316, "possible_duplicate": false, "osm_completeness_score": 80 }, "geometry": { "type": "Point", "coordinates": [ 39.8931634, 21.411793 ] } },
{ "type": "Feature", "properties": { "location_id": "OSM_NODE_6747162247", "osm_element": "node", "osm_id": 6747162247, "name": "Clinic - 23 Healt Care Center", "name_en": null, "name_ar": null, "display_name": "Clinic - 23 Healt Care Center", "map_name": "Clinic - 23 Healt Care Center", "category": "clinic", "amenity": "clinic", "healthcare": "clinic", "emergency": null, "address": null, "latitude": 21.4091821, "longitude": 39.8926453, "source": "OpenStreetMap", "is_medical": true, "is_emergency": false, "is_candidate_hub": false, "name_norm": "clinic 23 healt care center", "lat_round5": 21.40918, "lon_round5": 39.89265, "possible_duplicate": false, "osm_completeness_score": 80 }, "geometry": { "type": "Point", "coordinates": [ 39.8926453, 21.4091821 ] } },
{ "type": "Feature", "properties": { "location_id": "OSM_NODE_6754378940", "osm_element": "node", "osm_id": 6754378940, "name": "Red Crescent Ambulance Station - 1", "name_en": null, "name_ar": null, "display_name": "Red Crescent Ambulance Station - 1", "map_name": "Red Crescent Ambulance Station - 1", "category": "doctors", "amenity": "doctors", "healthcare": "doctor", "emergency": null, "address": null, "latitude": 21.4117266, "longitude": 39.9094179, "source": "OpenStreetMap", "is_medical": true, "is_emergency": false, "is_candidate_hub": false, "name_norm": "red crescent ambulance station 1", "lat_round5": 21.41173, "lon_round5": 39.90942, "possible_duplicate": false, "osm_completeness_score": 80 }, "geometry": { "type": "Point", "coordinates": [ 39.9094179, 21.4117266 ] } },
{ "type": "Feature", "properties": { "location_id": "OSM_NODE_6765202851", "osm_element": "node", "osm_id": 6765202851, "name": "Red Crescent Ambulance Station - 5", "name_en": null, "name_ar": null, "display_name": "Red Crescent Ambulance Station - 5", "map_name": "Red Crescent Ambulance Station - 5", "category": "doctors", "amenity": "doctors", "healthcare": "doctor", "emergency": null, "address": null, "latitude": 21.3960844, "longitude": 39.9073586, "source": "OpenStreetMap", "is_medical": true, "is_emergency": false, "is_candidate_hub": false, "name_norm": "red crescent ambulance station 5", "lat_round5": 21.39608, "lon_round5": 39.90736, "possible_duplicate": false, "osm_completeness_score": 80 }, "geometry": { "type": "Point", "coordinates": [ 39.9073586, 21.3960844 ] } },
{ "type": "Feature", "properties": { "location_id": "OSM_NODE_6765214626", "osm_element": "node", "osm_id": 6765214626, "name": "Red Crescent Ambulance Station - 31", "name_en": null, "name_ar": null, "display_name": "Red Crescent Ambulance Station - 31", "map_name": "Red Crescent Ambulance Station - 31", "category": "doctors", "amenity": "doctors", "healthcare": "doctor", "emergency": null, "address": null, "latitude": 21.3929917, "longitude": 39.9030088, "source": "OpenStreetMap", "is_medical": true, "is_emergency": false, "is_candidate_hub": false, "name_norm": "red crescent ambulance station 31", "lat_round5": 21.39299, "lon_round5": 39.90301, "possible_duplicate": false, "osm_completeness_score": 80 }, "geometry": { "type": "Point", "coordinates": [ 39.9030088, 21.3929917 ] } },
{ "type": "Feature", "properties": { "location_id": "OSM_NODE_6765222835", "osm_element": "node", "osm_id": 6765222835, "name": "Red Crescent Ambulance Station - 27", "name_en": null, "name_ar": null, "display_name": "Red Crescent Ambulance Station - 27", "map_name": "Red Crescent Ambulance Station - 27", "category": "doctors", "amenity": "doctors", "healthcare": "doctor", "emergency": null, "address": null, "latitude": 21.4062032, "longitude": 39.9022175, "source": "OpenStreetMap", "is_medical": true, "is_emergency": false, "is_candidate_hub": false, "name_norm": "red crescent ambulance station 27", "lat_round5": 21.4062, "lon_round5": 39.90222, "possible_duplicate": false, "osm_completeness_score": 80 }, "geometry": { "type": "Point", "coordinates": [ 39.9022175, 21.4062032 ] } },
{ "type": "Feature", "properties": { "location_id": "OSM_NODE_6767676594", "osm_element": "node", "osm_id": 6767676594, "name": "Clinic 24 - Health Care Center", "name_en": null, "name_ar": null, "display_name": "Clinic 24 - Health Care Center", "map_name": "Clinic 24 - Health Care Center", "category": "clinic", "amenity": "clinic", "healthcare": "clinic", "emergency": null, "address": null, "latitude": 21.4088536, "longitude": 39.9050162, "source": "OpenStreetMap", "is_medical": true, "is_emergency": false, "is_candidate_hub": false, "name_norm": "clinic 24 health care center", "lat_round5": 21.40885, "lon_round5": 39.90502, "possible_duplicate": false, "osm_completeness_score": 80 }, "geometry": { "type": "Point", "coordinates": [ 39.9050162, 21.4088536 ] } },
{ "type": "Feature", "properties": { "location_id": "OSM_NODE_6767680435", "osm_element": "node", "osm_id": 6767680435, "name": "Clinic 25 - Health Care Center", "name_en": null, "name_ar": null, "display_name": "Clinic 25 - Health Care Center", "map_name": "Clinic 25 - Health Care Center", "category": "clinic", "amenity": "clinic", "healthcare": "clinic", "emergency": null, "address": null, "latitude": 21.4078036, "longitude": 39.8996913, "source": "OpenStreetMap", "is_medical": true, "is_emergency": false, "is_candidate_hub": false, "name_norm": "clinic 25 health care center", "lat_round5": 21.4078, "lon_round5": 39.89969, "possible_duplicate": false, "osm_completeness_score": 80 }, "geometry": { "type": "Point", "coordinates": [ 39.8996913, 21.4078036 ] } },
{ "type": "Feature", "properties": { "location_id": "OSM_NODE_6767680854", "osm_element": "node", "osm_id": 6767680854, "name": "Clinic 20 - Helath Care Center", "name_en": null, "name_ar": null, "display_name": "Clinic 20 - Helath Care Center", "map_name": "Clinic 20 - Helath Care Center", "category": "clinic", "amenity": "clinic", "healthcare": "clinic", "emergency": null, "address": null, "latitude": 21.4123314, "longitude": 39.8956609, "source": "OpenStreetMap", "is_medical": true, "is_emergency": false, "is_candidate_hub": false, "name_norm": "clinic 20 helath care center", "lat_round5": 21.41233, "lon_round5": 39.89566, "possible_duplicate": false, "osm_completeness_score": 80 }, "geometry": { "type": "Point", "coordinates": [ 39.8956609, 21.4123314 ] } },
{ "type": "Feature", "properties": { "location_id": "OSM_NODE_6770527801", "osm_element": "node", "osm_id": 6770527801, "name": "Red Crescent Center - Ambulence Station 13", "name_en": null, "name_ar": null, "display_name": "Red Crescent Center - Ambulence Station 13", "map_name": "Red Crescent Center - Ambulence Station 13", "category": "doctors", "amenity": "doctors", "healthcare": "doctor", "emergency": null, "address": null, "latitude": 21.3609648, "longitude": 39.9604658, "source": "OpenStreetMap", "is_medical": true, "is_emergency": false, "is_candidate_hub": false, "name_norm": "red crescent center ambulence station 13", "lat_round5": 21.36096, "lon_round5": 39.96047, "possible_duplicate": false, "osm_completeness_score": 80 }, "geometry": { "type": "Point", "coordinates": [ 39.9604658, 21.3609648 ] } },
{ "type": "Feature", "properties": { "location_id": "OSM_NODE_6770538393", "osm_element": "node", "osm_id": 6770538393, "name": "Red Crescent Center - Ambulence Station 4", "name_en": null, "name_ar": null, "display_name": "Red Crescent Center - Ambulence Station 4", "map_name": "Red Crescent Center - Ambulence Station 4", "category": "doctors", "amenity": "doctors", "healthcare": "doctor", "emergency": null, "address": null, "latitude": 21.3553737, "longitude": 39.9572172, "source": "OpenStreetMap", "is_medical": true, "is_emergency": false, "is_candidate_hub": false, "name_norm": "red crescent center ambulence station 4", "lat_round5": 21.35537, "lon_round5": 39.95722, "possible_duplicate": false, "osm_completeness_score": 80 }, "geometry": { "type": "Point", "coordinates": [ 39.9572172, 21.3553737 ] } },
{ "type": "Feature", "properties": { "location_id": "OSM_NODE_6770559392", "osm_element": "node", "osm_id": 6770559392, "name": "Red Crescent Center - Ambulence Station 5", "name_en": null, "name_ar": null, "display_name": "Red Crescent Center - Ambulence Station 5", "map_name": "Red Crescent Center - Ambulence Station 5", "category": "doctors", "amenity": "doctors", "healthcare": "doctor", "emergency": null, "address": null, "latitude": 21.3521299, "longitude": 39.9717794, "source": "OpenStreetMap", "is_medical": true, "is_emergency": false, "is_candidate_hub": false, "name_norm": "red crescent center ambulence station 5", "lat_round5": 21.35213, "lon_round5": 39.97178, "possible_duplicate": false, "osm_completeness_score": 80 }, "geometry": { "type": "Point", "coordinates": [ 39.9717794, 21.3521299 ] } },
{ "type": "Feature", "properties": { "location_id": "OSM_NODE_6770559393", "osm_element": "node", "osm_id": 6770559393, "name": "Clinic 19 - Health Care Center", "name_en": null, "name_ar": null, "display_name": "Clinic 19 - Health Care Center", "map_name": "Clinic 19 - Health Care Center", "category": "clinic", "amenity": "clinic", "healthcare": "clinic", "emergency": null, "address": null, "latitude": 21.3531909, "longitude": 39.970069, "source": "OpenStreetMap", "is_medical": true, "is_emergency": false, "is_candidate_hub": false, "name_norm": "clinic 19 health care center", "lat_round5": 21.35319, "lon_round5": 39.97007, "possible_duplicate": false, "osm_completeness_score": 80 }, "geometry": { "type": "Point", "coordinates": [ 39.970069, 21.3531909 ] } },
{ "type": "Feature", "properties": { "location_id": "OSM_NODE_6770560184", "osm_element": "node", "osm_id": 6770560184, "name": "Red Crescent Center - Ambulence Station 2", "name_en": null, "name_ar": null, "display_name": "Red Crescent Center - Ambulence Station 2", "map_name": "Red Crescent Center - Ambulence Station 2", "category": "doctors", "amenity": "doctors", "healthcare": "doctor", "emergency": null, "address": null, "latitude": 21.348853, "longitude": 39.9629513, "source": "OpenStreetMap", "is_medical": true, "is_emergency": false, "is_candidate_hub": false, "name_norm": "red crescent center ambulence station 2", "lat_round5": 21.34885, "lon_round5": 39.96295, "possible_duplicate": false, "osm_completeness_score": 80 }, "geometry": { "type": "Point", "coordinates": [ 39.9629513, 21.348853 ] } },
{ "type": "Feature", "properties": { "location_id": "OSM_NODE_6770639681", "osm_element": "node", "osm_id": 6770639681, "name": "Red Crescent Center - Ambulence Station 7", "name_en": null, "name_ar": null, "display_name": "Red Crescent Center - Ambulence Station 7", "map_name": "Red Crescent Center - Ambulence Station 7", "category": "doctors", "amenity": "doctors", "healthcare": "doctor", "emergency": null, "address": null, "latitude": 21.3549556, "longitude": 39.9762522, "source": "OpenStreetMap", "is_medical": true, "is_emergency": false, "is_candidate_hub": false, "name_norm": "red crescent center ambulence station 7", "lat_round5": 21.35496, "lon_round5": 39.97625, "possible_duplicate": false, "osm_completeness_score": 80 }, "geometry": { "type": "Point", "coordinates": [ 39.9762522, 21.3549556 ] } },
{ "type": "Feature", "properties": { "location_id": "OSM_NODE_6770640705", "osm_element": "node", "osm_id": 6770640705, "name": "Red Crescent Center - Ambulence Station 9", "name_en": null, "name_ar": null, "display_name": "Red Crescent Center - Ambulence Station 9", "map_name": "Red Crescent Center - Ambulence Station 9", "category": "doctors", "amenity": "doctors", "healthcare": "doctor", "emergency": null, "address": null, "latitude": 21.3535362, "longitude": 39.9825465, "source": "OpenStreetMap", "is_medical": true, "is_emergency": false, "is_candidate_hub": false, "name_norm": "red crescent center ambulence station 9", "lat_round5": 21.35354, "lon_round5": 39.98255, "possible_duplicate": false, "osm_completeness_score": 80 }, "geometry": { "type": "Point", "coordinates": [ 39.9825465, 21.3535362 ] } },
{ "type": "Feature", "properties": { "location_id": "OSM_NODE_6770670894", "osm_element": "node", "osm_id": 6770670894, "name": "Red Crescent Center - Ambulence Station 8", "name_en": null, "name_ar": null, "display_name": "Red Crescent Center - Ambulence Station 8", "map_name": "Red Crescent Center - Ambulence Station 8", "category": "doctors", "amenity": "doctors", "healthcare": "doctor", "emergency": null, "address": null, "latitude": 21.3566201, "longitude": 39.9757269, "source": "OpenStreetMap", "is_medical": true, "is_emergency": false, "is_candidate_hub": false, "name_norm": "red crescent center ambulence station 8", "lat_round5": 21.35662, "lon_round5": 39.97573, "possible_duplicate": false, "osm_completeness_score": 80 }, "geometry": { "type": "Point", "coordinates": [ 39.9757269, 21.3566201 ] } },
{ "type": "Feature", "properties": { "location_id": "OSM_NODE_6780738254", "osm_element": "node", "osm_id": 6780738254, "name": "Ambulance Station 1 - Red Crescent Center", "name_en": null, "name_ar": null, "display_name": "Ambulance Station 1 - Red Crescent Center", "map_name": "Ambulance Station 1 - Red Crescent Center", "category": "doctors", "amenity": "doctors", "healthcare": "doctor", "emergency": null, "address": null, "latitude": 21.3401999, "longitude": 39.9655171, "source": "OpenStreetMap", "is_medical": true, "is_emergency": false, "is_candidate_hub": false, "name_norm": "ambulance station 1 red crescent center", "lat_round5": 21.3402, "lon_round5": 39.96552, "possible_duplicate": false, "osm_completeness_score": 80 }, "geometry": { "type": "Point", "coordinates": [ 39.9655171, 21.3401999 ] } },
{ "type": "Feature", "properties": { "location_id": "OSM_NODE_6780738255", "osm_element": "node", "osm_id": 6780738255, "name": "Ambulance Station 15 - Red Crescent Center", "name_en": null, "name_ar": null, "display_name": "Ambulance Station 15 - Red Crescent Center", "map_name": "Ambulance Station 15 - Red Crescent Center", "category": "doctors", "amenity": "doctors", "healthcare": "doctor", "emergency": null, "address": null, "latitude": 21.3408391, "longitude": 39.968523, "source": "OpenStreetMap", "is_medical": true, "is_emergency": false, "is_candidate_hub": false, "name_norm": "ambulance station 15 red crescent center", "lat_round5": 21.34084, "lon_round5": 39.96852, "possible_duplicate": false, "osm_completeness_score": 80 }, "geometry": { "type": "Point", "coordinates": [ 39.968523, 21.3408391 ] } },
{ "type": "Feature", "properties": { "location_id": "OSM_NODE_6795540585", "osm_element": "node", "osm_id": 6795540585, "name": "Pakistan Hajj Mission Hospital", "name_en": null, "name_ar": null, "display_name": "Pakistan Hajj Mission Hospital", "map_name": "Pakistan Hajj Mission Hospital", "category": "hospital", "amenity": "hospital", "healthcare": null, "emergency": null, "address": null, "latitude": 21.3970253, "longitude": 39.876904, "source": "OpenStreetMap", "is_medical": true, "is_emergency": true, "is_candidate_hub": true, "name_norm": "pakistan hajj mission hospital", "lat_round5": 21.39703, "lon_round5": 39.8769, "possible_duplicate": false, "osm_completeness_score": 80 }, "geometry": { "type": "Point", "coordinates": [ 39.876904, 21.3970253 ] } },
{ "type": "Feature", "properties": { "location_id": "OSM_NODE_6796028631", "osm_element": "node", "osm_id": 6796028631, "name": "Ambulance Station 17 - Red Crescent Center", "name_en": null, "name_ar": null, "display_name": "Ambulance Station 17 - Red Crescent Center", "map_name": "Ambulance Station 17 - Red Crescent Center", "category": "doctors", "amenity": "doctors", "healthcare": "doctor", "emergency": null, "address": null, "latitude": 21.3378375, "longitude": 39.9799241, "source": "OpenStreetMap", "is_medical": true, "is_emergency": false, "is_candidate_hub": false, "name_norm": "ambulance station 17 red crescent center", "lat_round5": 21.33784, "lon_round5": 39.97992, "possible_duplicate": false, "osm_completeness_score": 80 }, "geometry": { "type": "Point", "coordinates": [ 39.9799241, 21.3378375 ] } },
{ "type": "Feature", "properties": { "location_id": "OSM_NODE_6796028643", "osm_element": "node", "osm_id": 6796028643, "name": "Ambulance Station 12 - Red Crescent Center", "name_en": null, "name_ar": null, "display_name": "Ambulance Station 12 - Red Crescent Center", "map_name": "Ambulance Station 12 - Red Crescent Center", "category": "doctors", "amenity": "doctors", "healthcare": "doctor", "emergency": null, "address": null, "latitude": 21.3661858, "longitude": 39.981638, "source": "OpenStreetMap", "is_medical": true, "is_emergency": false, "is_candidate_hub": false, "name_norm": "ambulance station 12 red crescent center", "lat_round5": 21.36619, "lon_round5": 39.98164, "possible_duplicate": false, "osm_completeness_score": 80 }, "geometry": { "type": "Point", "coordinates": [ 39.981638, 21.3661858 ] } },
{ "type": "Feature", "properties": { "location_id": "OSM_NODE_6796047040", "osm_element": "node", "osm_id": 6796047040, "name": "Ambulance Station 14 - Red Crescent Center", "name_en": null, "name_ar": null, "display_name": "Ambulance Station 14 - Red Crescent Center", "map_name": "Ambulance Station 14 - Red Crescent Center", "category": "doctors", "amenity": "doctors", "healthcare": "doctor", "emergency": null, "address": null, "latitude": 21.3382096, "longitude": 39.9726703, "source": "OpenStreetMap", "is_medical": true, "is_emergency": false, "is_candidate_hub": false, "name_norm": "ambulance station 14 red crescent center", "lat_round5": 21.33821, "lon_round5": 39.97267, "possible_duplicate": false, "osm_completeness_score": 80 }, "geometry": { "type": "Point", "coordinates": [ 39.9726703, 21.3382096 ] } },
{ "type": "Feature", "properties": { "location_id": "OSM_NODE_6796052313", "osm_element": "node", "osm_id": 6796052313, "name": "Ambulance Station 10 - Red Crescent Center", "name_en": null, "name_ar": null, "display_name": "Ambulance Station 10 - Red Crescent Center", "map_name": "Ambulance Station 10 - Red Crescent Center", "category": "doctors", "amenity": "doctors", "healthcare": "doctor", "emergency": null, "address": null, "latitude": 21.3550085, "longitude": 39.9893423, "source": "OpenStreetMap", "is_medical": true, "is_emergency": false, "is_candidate_hub": false, "name_norm": "ambulance station 10 red crescent center", "lat_round5": 21.35501, "lon_round5": 39.98934, "possible_duplicate": false, "osm_completeness_score": 80 }, "geometry": { "type": "Point", "coordinates": [ 39.9893423, 21.3550085 ] } },
{ "type": "Feature", "properties": { "location_id": "OSM_NODE_6796052314", "osm_element": "node", "osm_id": 6796052314, "name": "Ambulance Station 11 - Red Crescent Center", "name_en": null, "name_ar": null, "display_name": "Ambulance Station 11 - Red Crescent Center", "map_name": "Ambulance Station 11 - Red Crescent Center", "category": "doctors", "amenity": "doctors", "healthcare": "doctor", "emergency": null, "address": null, "latitude": 21.3621826, "longitude": 39.9866062, "source": "OpenStreetMap", "is_medical": true, "is_emergency": false, "is_candidate_hub": false, "name_norm": "ambulance station 11 red crescent center", "lat_round5": 21.36218, "lon_round5": 39.98661, "possible_duplicate": false, "osm_completeness_score": 80 }, "geometry": { "type": "Point", "coordinates": [ 39.9866062, 21.3621826 ] } },
{ "type": "Feature", "properties": { "location_id": "OSM_NODE_6796055407", "osm_element": "node", "osm_id": 6796055407, "name": "Ambulance Station 16 - Red Crescent Center", "name_en": null, "name_ar": null, "display_name": "Ambulance Station 16 - Red Crescent Center", "map_name": "Ambulance Station 16 - Red Crescent Center", "category": "doctors", "amenity": "doctors", "healthcare": "doctor", "emergency": null, "address": null, "latitude": 21.3416864, "longitude": 39.9864391, "source": "OpenStreetMap", "is_medical": true, "is_emergency": false, "is_candidate_hub": false, "name_norm": "ambulance station 16 red crescent center", "lat_round5": 21.34169, "lon_round5": 39.98644, "possible_duplicate": false, "osm_completeness_score": 80 }, "geometry": { "type": "Point", "coordinates": [ 39.9864391, 21.3416864 ] } },
{ "type": "Feature", "properties": { "location_id": "OSM_NODE_6796056357", "osm_element": "node", "osm_id": 6796056357, "name": "Ambulance Station 6 - Red Crescent Center", "name_en": null, "name_ar": null, "display_name": "Ambulance Station 6 - Red Crescent Center", "map_name": "Ambulance Station 6 - Red Crescent Center", "category": "doctors", "amenity": "doctors", "healthcare": "doctor", "emergency": null, "address": null, "latitude": 21.3473401, "longitude": 39.982648, "source": "OpenStreetMap", "is_medical": true, "is_emergency": false, "is_candidate_hub": false, "name_norm": "ambulance station 6 red crescent center", "lat_round5": 21.34734, "lon_round5": 39.98265, "possible_duplicate": false, "osm_completeness_score": 80 }, "geometry": { "type": "Point", "coordinates": [ 39.982648, 21.3473401 ] } },
{ "type": "Feature", "properties": { "location_id": "OSM_NODE_6796058713", "osm_element": "node", "osm_id": 6796058713, "name": "Ambulance Station 3 - Red Crescent Center", "name_en": null, "name_ar": null, "display_name": "Ambulance Station 3 - Red Crescent Center", "map_name": "Ambulance Station 3 - Red Crescent Center", "category": "doctors", "amenity": "doctors", "healthcare": "doctor", "emergency": null, "address": null, "latitude": 21.3448918, "longitude": 39.9773479, "source": "OpenStreetMap", "is_medical": true, "is_emergency": false, "is_candidate_hub": false, "name_norm": "ambulance station 3 red crescent center", "lat_round5": 21.34489, "lon_round5": 39.97735, "possible_duplicate": false, "osm_completeness_score": 80 }, "geometry": { "type": "Point", "coordinates": [ 39.9773479, 21.3448918 ] } },
{ "type": "Feature", "properties": { "location_id": "OSM_NODE_7439784961", "osm_element": "node", "osm_id": 7439784961, "name": "Ghaya Pharmacy", "name_en": null, "name_ar": null, "display_name": "Ghaya Pharmacy", "map_name": "Ghaya Pharmacy", "category": "pharmacy", "amenity": "pharmacy", "healthcare": "pharmacy", "emergency": null, "address": null, "latitude": 21.3716031, "longitude": 39.7983455, "source": "OpenStreetMap", "is_medical": true, "is_emergency": false, "is_candidate_hub": false, "name_norm": "ghaya pharmacy", "lat_round5": 21.3716, "lon_round5": 39.79835, "possible_duplicate": false, "osm_completeness_score": 80 }, "geometry": { "type": "Point", "coordinates": [ 39.7983455, 21.3716031 ] } },
{ "type": "Feature", "properties": { "location_id": "OSM_NODE_8304076940", "osm_element": "node", "osm_id": 8304076940, "name": null, "name_en": null, "name_ar": null, "display_name": "Unnamed OSM feature", "map_name": "Unnamed OSM feature", "category": "pharmacy", "amenity": "pharmacy", "healthcare": "pharmacy", "emergency": null, "address": null, "latitude": 21.414415, "longitude": 39.822241, "source": "OpenStreetMap", "is_medical": true, "is_emergency": false, "is_candidate_hub": false, "name_norm": "unnamed osm feature", "lat_round5": 21.41442, "lon_round5": 39.82224, "possible_duplicate": false, "osm_completeness_score": 60 }, "geometry": { "type": "Point", "coordinates": [ 39.822241, 21.414415 ] } },
{ "type": "Feature", "properties": { "location_id": "OSM_NODE_8421504085", "osm_element": "node", "osm_id": 8421504085, "name": "Nahdi Pharmacy", "name_en": null, "name_ar": null, "display_name": "Nahdi Pharmacy", "map_name": "Nahdi Pharmacy", "category": "pharmacy", "amenity": "pharmacy", "healthcare": "pharmacy", "emergency": null, "address": null, "latitude": 21.3750848, "longitude": 39.7993907, "source": "OpenStreetMap", "is_medical": true, "is_emergency": false, "is_candidate_hub": false, "name_norm": "nahdi pharmacy", "lat_round5": 21.37508, "lon_round5": 39.79939, "possible_duplicate": false, "osm_completeness_score": 80 }, "geometry": { "type": "Point", "coordinates": [ 39.7993907, 21.3750848 ] } },
{ "type": "Feature", "properties": { "location_id": "OSM_NODE_8421536483", "osm_element": "node", "osm_id": 8421536483, "name": "Jamel pharmacy", "name_en": null, "name_ar": null, "display_name": "Jamel pharmacy", "map_name": "Jamel pharmacy", "category": "pharmacy", "amenity": "pharmacy", "healthcare": "pharmacy", "emergency": null, "address": null, "latitude": 21.3738889, "longitude": 39.8010041, "source": "OpenStreetMap", "is_medical": true, "is_emergency": false, "is_candidate_hub": false, "name_norm": "jamel pharmacy", "lat_round5": 21.37389, "lon_round5": 39.801, "possible_duplicate": false, "osm_completeness_score": 80 }, "geometry": { "type": "Point", "coordinates": [ 39.8010041, 21.3738889 ] } },
{ "type": "Feature", "properties": { "location_id": "OSM_NODE_8583386218", "osm_element": "node", "osm_id": 8583386218, "name": "مجمع مبارك الطبي المتخصص لطب الاسنان", "name_en": null, "name_ar": null, "display_name": "مجمع مبارك الطبي المتخصص لطب الاسنان", "map_name": "مجمع مبارك الطبي المتخصص لطب الاسنان", "category": "hospital", "amenity": "hospital", "healthcare": "hospital", "emergency": null, "address": "1, Ar Ridwa Street, مكه, 24221", "latitude": 21.4318676, "longitude": 39.7921537, "source": "OpenStreetMap", "is_medical": true, "is_emergency": true, "is_candidate_hub": true, "name_norm": "مجمع مبارك الطبي المتخصص لطب الاسنان", "lat_round5": 21.43187, "lon_round5": 39.79215, "possible_duplicate": false, "osm_completeness_score": 100 }, "geometry": { "type": "Point", "coordinates": [ 39.7921537, 21.4318676 ] } },
{ "type": "Feature", "properties": { "location_id": "OSM_NODE_8769948883", "osm_element": "node", "osm_id": 8769948883, "name": "Nahdi Pharmacy", "name_en": null, "name_ar": null, "display_name": "Nahdi Pharmacy", "map_name": "Nahdi Pharmacy", "category": "pharmacy", "amenity": "pharmacy", "healthcare": "pharmacy", "emergency": null, "address": null, "latitude": 21.438659, "longitude": 39.8332319, "source": "OpenStreetMap", "is_medical": true, "is_emergency": false, "is_candidate_hub": false, "name_norm": "nahdi pharmacy", "lat_round5": 21.43866, "lon_round5": 39.83323, "possible_duplicate": false, "osm_completeness_score": 80 }, "geometry": { "type": "Point", "coordinates": [ 39.8332319, 21.438659 ] } },
{ "type": "Feature", "properties": { "location_id": "OSM_NODE_10212308117", "osm_element": "node", "osm_id": 10212308117, "name": "مستلزمات طبيه", "name_en": null, "name_ar": null, "display_name": "مستلزمات طبيه", "map_name": "مستلزمات طبيه", "category": "doctors", "amenity": "doctors", "healthcare": null, "emergency": null, "address": null, "latitude": 21.4328, "longitude": 39.7993394, "source": "OpenStreetMap", "is_medical": true, "is_emergency": false, "is_candidate_hub": false, "name_norm": "مستلزمات طبيه", "lat_round5": 21.4328, "lon_round5": 39.79934, "possible_duplicate": false, "osm_completeness_score": 80 }, "geometry": { "type": "Point", "coordinates": [ 39.7993394, 21.4328 ] } },
{ "type": "Feature", "properties": { "location_id": "OSM_NODE_10587987002", "osm_element": "node", "osm_id": 10587987002, "name": "مجمع ساحة الإبتسامة لطب الأسنان", "name_en": "Smile Dental Plaza", "name_ar": null, "display_name": "Smile Dental Plaza", "map_name": "Smile Dental Plaza", "category": "other_healthcare", "amenity": "dentist", "healthcare": "dentist", "emergency": null, "address": null, "latitude": 21.397335, "longitude": 39.798962, "source": "OpenStreetMap", "is_medical": true, "is_emergency": false, "is_candidate_hub": false, "name_norm": "smile dental plaza", "lat_round5": 21.39734, "lon_round5": 39.79896, "possible_duplicate": false, "osm_completeness_score": 80 }, "geometry": { "type": "Point", "coordinates": [ 39.798962, 21.397335 ] } },
{ "type": "Feature", "properties": { "location_id": "OSM_NODE_11275483327", "osm_element": "node", "osm_id": 11275483327, "name": "مستشفى الملك2", "name_en": null, "name_ar": null, "display_name": "مستشفى الملك2", "map_name": "مستشفى الملك2", "category": "hospital", "amenity": "hospital", "healthcare": "hospital", "emergency": null, "address": "King Abdullah Hospital Road, مكة", "latitude": 21.3826364, "longitude": 39.8814022, "source": "OpenStreetMap", "is_medical": true, "is_emergency": true, "is_candidate_hub": true, "name_norm": "مستشفى الملك2", "lat_round5": 21.38264, "lon_round5": 39.8814, "possible_duplicate": false, "osm_completeness_score": 100 }, "geometry": { "type": "Point", "coordinates": [ 39.8814022, 21.3826364 ] } },
{ "type": "Feature", "properties": { "location_id": "OSM_NODE_11275483328", "osm_element": "node", "osm_id": 11275483328, "name": "مستشفى الملك1", "name_en": null, "name_ar": null, "display_name": "مستشفى الملك1", "map_name": "مستشفى الملك1", "category": "hospital", "amenity": "hospital", "healthcare": "hospital", "emergency": null, "address": "King Abdullah Hospital Road, مكة", "latitude": 21.3829925, "longitude": 39.8821049, "source": "OpenStreetMap", "is_medical": true, "is_emergency": true, "is_candidate_hub": true, "name_norm": "مستشفى الملك1", "lat_round5": 21.38299, "lon_round5": 39.8821, "possible_duplicate": false, "osm_completeness_score": 100 }, "geometry": { "type": "Point", "coordinates": [ 39.8821049, 21.3829925 ] } },
{ "type": "Feature", "properties": { "location_id": "OSM_NODE_11275483329", "osm_element": "node", "osm_id": 11275483329, "name": "مستشفى الملك3", "name_en": null, "name_ar": null, "display_name": "مستشفى الملك3", "map_name": "مستشفى الملك3", "category": "hospital", "amenity": "hospital", "healthcare": "hospital", "emergency": null, "address": "King Abdullah Hospital Road, مكة", "latitude": 21.3823291, "longitude": 39.8807652, "source": "OpenStreetMap", "is_medical": true, "is_emergency": true, "is_candidate_hub": true, "name_norm": "مستشفى الملك3", "lat_round5": 21.38233, "lon_round5": 39.88077, "possible_duplicate": false, "osm_completeness_score": 100 }, "geometry": { "type": "Point", "coordinates": [ 39.8807652, 21.3823291 ] } },
{ "type": "Feature", "properties": { "location_id": "OSM_NODE_11275483330", "osm_element": "node", "osm_id": 11275483330, "name": "مستشفى الملك4", "name_en": null, "name_ar": null, "display_name": "مستشفى الملك4", "map_name": "مستشفى الملك4", "category": "hospital", "amenity": "hospital", "healthcare": "hospital", "emergency": null, "address": "King Abdullah Hospital Road, مكة", "latitude": 21.3819354, "longitude": 39.8814486, "source": "OpenStreetMap", "is_medical": true, "is_emergency": true, "is_candidate_hub": true, "name_norm": "مستشفى الملك4", "lat_round5": 21.38194, "lon_round5": 39.88145, "possible_duplicate": false, "osm_completeness_score": 100 }, "geometry": { "type": "Point", "coordinates": [ 39.8814486, 21.3819354 ] } },
{ "type": "Feature", "properties": { "location_id": "OSM_NODE_11410017570", "osm_element": "node", "osm_id": 11410017570, "name": null, "name_en": "hospital turn 1", "name_ar": null, "display_name": "hospital turn 1", "map_name": "hospital turn 1", "category": "hospital", "amenity": "hospital", "healthcare": null, "emergency": null, "address": null, "latitude": 21.3912872, "longitude": 39.7627724, "source": "OpenStreetMap", "is_medical": true, "is_emergency": true, "is_candidate_hub": true, "name_norm": "hospital turn 1", "lat_round5": 21.39129, "lon_round5": 39.76277, "possible_duplicate": false, "osm_completeness_score": 80 }, "geometry": { "type": "Point", "coordinates": [ 39.7627724, 21.3912872 ] } },
{ "type": "Feature", "properties": { "location_id": "OSM_NODE_11793367734", "osm_element": "node", "osm_id": 11793367734, "name": "مجمع الرواد الطبي العام", "name_en": null, "name_ar": null, "display_name": "مجمع الرواد الطبي العام", "map_name": "مجمع الرواد الطبي العام", "category": "hospital", "amenity": "hospital", "healthcare": "hospital", "emergency": "yes", "address": "7310, طريق المدينة المنورة ,, مكة المكرمة, 24227", "latitude": 21.4505908, "longitude": 39.8082788, "source": "OpenStreetMap", "is_medical": true, "is_emergency": true, "is_candidate_hub": true, "name_norm": "مجمع الرواد الطبي العام", "lat_round5": 21.45059, "lon_round5": 39.80828, "possible_duplicate": false, "osm_completeness_score": 100 }, "geometry": { "type": "Point", "coordinates": [ 39.8082788, 21.4505908 ] } },
{ "type": "Feature", "properties": { "location_id": "OSM_NODE_11870738300", "osm_element": "node", "osm_id": 11870738300, "name": "عيادات البدر الطبية", "name_en": "`IyadatalBadratTibbiyah", "name_ar": "عيادات البدر الطبية", "display_name": "`IyadatalBadratTibbiyah", "map_name": "'IyadatalBadratTibbiyah", "category": "clinic", "amenity": "clinic", "healthcare": "clinic", "emergency": null, "address": null, "latitude": 21.4485313, "longitude": 39.864092, "source": "OpenStreetMap", "is_medical": true, "is_emergency": false, "is_candidate_hub": false, "name_norm": "iyadatalbadrattibbiyah", "lat_round5": 21.44853, "lon_round5": 39.86409, "possible_duplicate": false, "osm_completeness_score": 80 }, "geometry": { "type": "Point", "coordinates": [ 39.864092, 21.4485313 ] } },
{ "type": "Feature", "properties": { "location_id": "OSM_NODE_11870738495", "osm_element": "node", "osm_id": 11870738495, "name": "مركز صحي موسمي رقم 18", "name_en": "MarkazSihhiMawsimiRaqmThamaniyat`Ashar", "name_ar": "مركز صحي موسمي رقم 18", "display_name": "MarkazSihhiMawsimiRaqmThamaniyat`Ashar", "map_name": "MarkazSihhiMawsimiRaqmThamaniyat'Ashar", "category": "seasonal_health_center", "amenity": null, "healthcare": "centre", "emergency": null, "address": null, "latitude": 21.3482939, "longitude": 39.9762993, "source": "OpenStreetMap", "is_medical": true, "is_emergency": true, "is_candidate_hub": true, "name_norm": "markazsihhimawsimiraqmthamaniyatashar", "lat_round5": 21.34829, "lon_round5": 39.9763, "possible_duplicate": false, "osm_completeness_score": 80 }, "geometry": { "type": "Point", "coordinates": [ 39.9762993, 21.3482939 ] } },
{ "type": "Feature", "properties": { "location_id": "OSM_NODE_11870738579", "osm_element": "node", "osm_id": 11870738579, "name": "مركز صحي موسمي رقم 11", "name_en": "MarkazSihhiMawsimiRaqmAhad`Ashar", "name_ar": "مركز صحي موسمي رقم 11", "display_name": "MarkazSihhiMawsimiRaqmAhad`Ashar", "map_name": "MarkazSihhiMawsimiRaqmAhad'Ashar", "category": "seasonal_health_center", "amenity": null, "healthcare": "centre", "emergency": null, "address": null, "latitude": 21.343778, "longitude": 39.972725, "source": "OpenStreetMap", "is_medical": true, "is_emergency": true, "is_candidate_hub": true, "name_norm": "markazsihhimawsimiraqmahadashar", "lat_round5": 21.34378, "lon_round5": 39.97272, "possible_duplicate": false, "osm_completeness_score": 80 }, "geometry": { "type": "Point", "coordinates": [ 39.972725, 21.343778 ] } },
{ "type": "Feature", "properties": { "location_id": "OSM_NODE_11870950523", "osm_element": "node", "osm_id": 11870950523, "name": "عيادات الحكمة الطبية", "name_en": "`IyadatalHikmahatTibbiyah", "name_ar": "عيادات الحكمة الطبية", "display_name": "`IyadatalHikmahatTibbiyah", "map_name": "'IyadatalHikmahatTibbiyah", "category": "clinic", "amenity": "clinic", "healthcare": "clinic", "emergency": null, "address": null, "latitude": 21.3565719, "longitude": 39.8276346, "source": "OpenStreetMap", "is_medical": true, "is_emergency": false, "is_candidate_hub": false, "name_norm": "iyadatalhikmahattibbiyah", "lat_round5": 21.35657, "lon_round5": 39.82763, "possible_duplicate": false, "osm_completeness_score": 80 }, "geometry": { "type": "Point", "coordinates": [ 39.8276346, 21.3565719 ] } },
{ "type": "Feature", "properties": { "location_id": "OSM_NODE_11870950901", "osm_element": "node", "osm_id": 11870950901, "name": "الشرائع العليا", "name_en": "AshShara'i`al`Ulya", "name_ar": "الشرائع العليا", "display_name": "AshShara'i`al`Ulya", "map_name": "AshShara'i'al'Ulya", "category": "hospital", "amenity": "hospital", "healthcare": "hospital", "emergency": null, "address": null, "latitude": 21.5150591, "longitude": 40.0638089, "source": "OpenStreetMap", "is_medical": true, "is_emergency": true, "is_candidate_hub": true, "name_norm": "ashsharaialulya", "lat_round5": 21.51506, "lon_round5": 40.06381, "possible_duplicate": false, "osm_completeness_score": 80 }, "geometry": { "type": "Point", "coordinates": [ 40.0638089, 21.5150591 ] } },
{ "type": "Feature", "properties": { "location_id": "OSM_NODE_11870951224", "osm_element": "node", "osm_id": 11870951224, "name": "مركز صحي موسمي رقم 3", "name_en": "MarkazSihhiMawsimiRaqmThalathah", "name_ar": "مركز صحي موسمي رقم 3", "display_name": "MarkazSihhiMawsimiRaqmThalathah", "map_name": "MarkazSihhiMawsimiRaqmThalathah", "category": "seasonal_health_center", "amenity": null, "healthcare": "centre", "emergency": null, "address": null, "latitude": 21.3411317, "longitude": 39.9716879, "source": "OpenStreetMap", "is_medical": true, "is_emergency": true, "is_candidate_hub": true, "name_norm": "markazsihhimawsimiraqmthalathah", "lat_round5": 21.34113, "lon_round5": 39.97169, "possible_duplicate": false, "osm_completeness_score": 80 }, "geometry": { "type": "Point", "coordinates": [ 39.9716879, 21.3411317 ] } },
{ "type": "Feature", "properties": { "location_id": "OSM_NODE_11871306606", "osm_element": "node", "osm_id": 11871306606, "name": "مركز صحي موسمي رقم 16", "name_en": "MarkazSihhiMawsimiRaqmSittat`Ashar", "name_ar": "مركز صحي موسمي رقم 16", "display_name": "MarkazSihhiMawsimiRaqmSittat`Ashar", "map_name": "MarkazSihhiMawsimiRaqmSittat'Ashar", "category": "seasonal_health_center", "amenity": null, "healthcare": "centre", "emergency": null, "address": null, "latitude": 21.345993, "longitude": 39.978065, "source": "OpenStreetMap", "is_medical": true, "is_emergency": true, "is_candidate_hub": true, "name_norm": "markazsihhimawsimiraqmsittatashar", "lat_round5": 21.34599, "lon_round5": 39.97806, "possible_duplicate": false, "osm_completeness_score": 80 }, "geometry": { "type": "Point", "coordinates": [ 39.978065, 21.345993 ] } },
{ "type": "Feature", "properties": { "location_id": "OSM_NODE_11871652226", "osm_element": "node", "osm_id": 11871652226, "name": "مركز صحي موسمي رقم 10", "name_en": "MarkazSihhiMawsimiRaqm`Asharah", "name_ar": "مركز صحي موسمي رقم 10", "display_name": "MarkazSihhiMawsimiRaqm`Asharah", "map_name": "MarkazSihhiMawsimiRaqm'Asharah", "category": "seasonal_health_center", "amenity": null, "healthcare": "centre", "emergency": null, "address": null, "latitude": 21.34453, "longitude": 39.969909, "source": "OpenStreetMap", "is_medical": true, "is_emergency": true, "is_candidate_hub": true, "name_norm": "markazsihhimawsimiraqmasharah", "lat_round5": 21.34453, "lon_round5": 39.96991, "possible_duplicate": false, "osm_completeness_score": 80 }, "geometry": { "type": "Point", "coordinates": [ 39.969909, 21.34453 ] } },
{ "type": "Feature", "properties": { "location_id": "OSM_NODE_11871768312", "osm_element": "node", "osm_id": 11871768312, "name": "مركز صحي الكعكية", "name_en": "MarkazasSihhialKa`kiyah", "name_ar": "مركز صحي الكعكية", "display_name": "MarkazasSihhialKa`kiyah", "map_name": "MarkazasSihhialKa'kiyah", "category": "other_healthcare", "amenity": null, "healthcare": "centre", "emergency": null, "address": null, "latitude": 21.3668817, "longitude": 39.7959559, "source": "OpenStreetMap", "is_medical": true, "is_emergency": false, "is_candidate_hub": false, "name_norm": "markazassihhialkakiyah", "lat_round5": 21.36688, "lon_round5": 39.79596, "possible_duplicate": false, "osm_completeness_score": 80 }, "geometry": { "type": "Point", "coordinates": [ 39.7959559, 21.3668817 ] } },
{ "type": "Feature", "properties": { "location_id": "OSM_NODE_12054556416", "osm_element": "node", "osm_id": 12054556416, "name": "المستشفى السعودي الالماني", "name_en": null, "name_ar": null, "display_name": "المستشفى السعودي الالماني", "map_name": "المستشفى السعودي الالماني", "category": "hospital", "amenity": "hospital", "healthcare": "hospital", "emergency": "yes", "address": "24352", "latitude": 21.2824093, "longitude": 39.8244284, "source": "OpenStreetMap", "is_medical": true, "is_emergency": true, "is_candidate_hub": true, "name_norm": "المستشفى السعودي الالماني", "lat_round5": 21.28241, "lon_round5": 39.82443, "possible_duplicate": false, "osm_completeness_score": 100 }, "geometry": { "type": "Point", "coordinates": [ 39.8244284, 21.2824093 ] } },
{ "type": "Feature", "properties": { "location_id": "OSM_NODE_12397465285", "osm_element": "node", "osm_id": 12397465285, "name": null, "name_en": null, "name_ar": null, "display_name": "Unnamed OSM feature", "map_name": "Unnamed OSM feature", "category": "pharmacy", "amenity": "pharmacy", "healthcare": null, "emergency": null, "address": null, "latitude": 21.409765, "longitude": 39.8299335, "source": "OpenStreetMap", "is_medical": true, "is_emergency": false, "is_candidate_hub": false, "name_norm": "unnamed osm feature", "lat_round5": 21.40976, "lon_round5": 39.82993, "possible_duplicate": false, "osm_completeness_score": 60 }, "geometry": { "type": "Point", "coordinates": [ 39.8299335, 21.409765 ] } },
{ "type": "Feature", "properties": { "location_id": "OSM_NODE_12809375237", "osm_element": "node", "osm_id": 12809375237, "name": "Pharmacy صيدلية", "name_en": "Pharmacy", "name_ar": "صيدلية", "display_name": "Pharmacy", "map_name": "Pharmacy", "category": "pharmacy", "amenity": "pharmacy", "healthcare": null, "emergency": null, "address": null, "latitude": 21.4118595, "longitude": 39.8231609, "source": "OpenStreetMap", "is_medical": true, "is_emergency": false, "is_candidate_hub": false, "name_norm": "pharmacy", "lat_round5": 21.41186, "lon_round5": 39.82316, "possible_duplicate": false, "osm_completeness_score": 80 }, "geometry": { "type": "Point", "coordinates": [ 39.8231609, 21.4118595 ] } },
{ "type": "Feature", "properties": { "location_id": "OSM_NODE_12811956600", "osm_element": "node", "osm_id": 12811956600, "name": "Pharmacy صيدلية", "name_en": "Pharmacy", "name_ar": "صيدلية", "display_name": "Pharmacy", "map_name": "Pharmacy", "category": "pharmacy", "amenity": "pharmacy", "healthcare": null, "emergency": null, "address": null, "latitude": 21.4121978, "longitude": 39.8228725, "source": "OpenStreetMap", "is_medical": true, "is_emergency": false, "is_candidate_hub": false, "name_norm": "pharmacy", "lat_round5": 21.4122, "lon_round5": 39.82287, "possible_duplicate": false, "osm_completeness_score": 80 }, "geometry": { "type": "Point", "coordinates": [ 39.8228725, 21.4121978 ] } },
{ "type": "Feature", "properties": { "location_id": "OSM_NODE_13432564251", "osm_element": "node", "osm_id": 13432564251, "name": "Nahdi Pharmacy", "name_en": "Nahdi Pharmacy", "name_ar": null, "display_name": "Nahdi Pharmacy", "map_name": "Nahdi Pharmacy", "category": "pharmacy", "amenity": "pharmacy", "healthcare": null, "emergency": null, "address": null, "latitude": 21.450747, "longitude": 39.8636764, "source": "OpenStreetMap", "is_medical": true, "is_emergency": false, "is_candidate_hub": false, "name_norm": "nahdi pharmacy", "lat_round5": 21.45075, "lon_round5": 39.86368, "possible_duplicate": false, "osm_completeness_score": 80 }, "geometry": { "type": "Point", "coordinates": [ 39.8636764, 21.450747 ] } },
{ "type": "Feature", "properties": { "location_id": "OSM_WAY_131655352", "osm_element": "way", "osm_id": 131655352, "name": "Arafat General hospital", "name_en": "Arafat General hospital", "name_ar": null, "display_name": "Arafat General hospital", "map_name": "Arafat General hospital", "category": "hospital", "amenity": "hospital", "healthcare": null, "emergency": null, "address": null, "latitude": 21.35006841829966, "longitude": 39.983637701032102, "source": "OpenStreetMap", "is_medical": true, "is_emergency": true, "is_candidate_hub": true, "name_norm": "arafat general hospital", "lat_round5": 21.35007, "lon_round5": 39.98364, "possible_duplicate": false, "osm_completeness_score": 80 }, "geometry": { "type": "Polygon", "coordinates": [ [ [ 39.9818875, 21.351661 ], [ 39.9811687, 21.3506517 ], [ 39.9818017, 21.350232 ], [ 39.9819503, 21.3503874 ], [ 39.9824556, 21.3500322 ], [ 39.9826048, 21.3501176 ], [ 39.9835071, 21.3494726 ], [ 39.9838182, 21.3493327 ], [ 39.9839469, 21.349003 ], [ 39.9841937, 21.3490529 ], [ 39.9844512, 21.3485433 ], [ 39.984934, 21.3486832 ], [ 39.9847838, 21.3490629 ], [ 39.9853621, 21.3493782 ], [ 39.9854694, 21.349558 ], [ 39.9818875, 21.351661 ] ] ] } },
{ "type": "Feature", "properties": { "location_id": "OSM_WAY_132325101", "osm_element": "way", "osm_id": 132325101, "name": "مستشفى جبل الرحمة", "name_en": "Jabal Al-Rahmah Hospital", "name_ar": "مستشفى جبل الرحمة", "display_name": "Jabal Al-Rahmah Hospital", "map_name": "Jabal Al-Rahmah Hospital", "category": "hospital", "amenity": "hospital", "healthcare": "hospital", "emergency": "yes", "address": null, "latitude": 21.352803837677783, "longitude": 39.98364361556893, "source": "OpenStreetMap", "is_medical": true, "is_emergency": true, "is_candidate_hub": true, "name_norm": "jabal alrahmah hospital", "lat_round5": 21.3528, "lon_round5": 39.98364, "possible_duplicate": false, "osm_completeness_score": 80 }, "geometry": { "type": "Polygon", "coordinates": [ [ [ 39.9829598, 21.3533197 ], [ 39.9827023, 21.3530299 ], [ 39.9839576, 21.3523809 ], [ 39.9841829, 21.352261 ], [ 39.9845262, 21.3526407 ], [ 39.9843331, 21.35284 ], [ 39.9842472, 21.3527601 ], [ 39.9829598, 21.3533197 ] ] ] } },
{ "type": "Feature", "properties": { "location_id": "OSM_WAY_132484637", "osm_element": "way", "osm_id": 132484637, "name": "Clinic 8 - Health Care Center", "name_en": null, "name_ar": null, "display_name": "Clinic 8 - Health Care Center", "map_name": "Clinic 8 - Health Care Center", "category": "clinic", "amenity": "clinic", "healthcare": "clinic", "emergency": null, "address": null, "latitude": 21.418398600071413, "longitude": 39.895278398396322, "source": "OpenStreetMap", "is_medical": true, "is_emergency": false, "is_candidate_hub": false, "name_norm": "clinic 8 health care center", "lat_round5": 21.4184, "lon_round5": 39.89528, "possible_duplicate": false, "osm_completeness_score": 80 }, "geometry": { "type": "Polygon", "coordinates": [ [ [ 39.8953825, 21.4184952 ], [ 39.8951327, 21.4184171 ], [ 39.8951629, 21.4183335 ], [ 39.8952224, 21.4183522 ], [ 39.8952339, 21.4183206 ], [ 39.8954241, 21.4183801 ], [ 39.8953825, 21.4184952 ] ] ] } },
{ "type": "Feature", "properties": { "location_id": "OSM_WAY_132487113", "osm_element": "way", "osm_id": 132487113, "name": "Clinic 9 - Health Care Center", "name_en": null, "name_ar": null, "display_name": "Clinic 9 - Health Care Center", "map_name": "Clinic 9 - Health Care Center", "category": "clinic", "amenity": "clinic", "healthcare": "clinic", "emergency": null, "address": null, "latitude": 21.424038716143158, "longitude": 39.893522488769975, "source": "OpenStreetMap", "is_medical": true, "is_emergency": false, "is_candidate_hub": false, "name_norm": "clinic 9 health care center", "lat_round5": 21.42404, "lon_round5": 39.89352, "possible_duplicate": false, "osm_completeness_score": 80 }, "geometry": { "type": "Polygon", "coordinates": [ [ [ 39.8934193, 21.423979 ], [ 39.8934066, 21.4240926 ], [ 39.8935608, 21.4241076 ], [ 39.8935643, 21.4240764 ], [ 39.8936274, 21.4240826 ], [ 39.8936367, 21.4240002 ], [ 39.8934193, 21.423979 ] ] ] } },
{ "type": "Feature", "properties": { "location_id": "OSM_WAY_133219649", "osm_element": "way", "osm_id": 133219649, "name": "مستشفى منى الشارع الجديد", "name_en": "Mina Al-Share’a Al-Jadeed Hospital", "name_ar": "مستشفى منى الشارع الجديد", "display_name": "Mina Al-Share’a Al-Jadeed Hospital", "map_name": "Mina Al-Share’a Al-Jadeed Hospital", "category": "hospital", "amenity": "hospital", "healthcare": "hospital", "emergency": null, "address": null, "latitude": 21.411264651495998, "longitude": 39.890584655636097, "source": "OpenStreetMap", "is_medical": true, "is_emergency": true, "is_candidate_hub": true, "name_norm": "mina alsharea aljadeed hospital", "lat_round5": 21.41126, "lon_round5": 39.89058, "possible_duplicate": false, "osm_completeness_score": 80 }, "geometry": { "type": "Polygon", "coordinates": [ [ [ 39.8905875, 21.4114981 ], [ 39.8908424, 21.4112559 ], [ 39.890765, 21.4111832 ], [ 39.8908374, 21.4111033 ], [ 39.8906895, 21.4109587 ], [ 39.8905956, 21.4110511 ], [ 39.8905692, 21.4110284 ], [ 39.8903274, 21.4112734 ], [ 39.8904213, 21.4113508 ], [ 39.8903799, 21.4113911 ], [ 39.8902661, 21.4112531 ], [ 39.8901212, 21.411363 ], [ 39.8903032, 21.411573 ], [ 39.8904529, 21.4114608 ], [ 39.8904284, 21.4114385 ], [ 39.8904726, 21.411403 ], [ 39.8905875, 21.4114981 ] ] ] } },
{ "type": "Feature", "properties": { "location_id": "OSM_WAY_133229235", "osm_element": "way", "osm_id": 133229235, "name": "Clinic - 2 Health Care Center", "name_en": null, "name_ar": null, "display_name": "Clinic - 2 Health Care Center", "map_name": "Clinic - 2 Health Care Center", "category": "clinic", "amenity": "clinic", "healthcare": "clinic", "emergency": null, "address": null, "latitude": 21.414558698259544, "longitude": 39.884028288581106, "source": "OpenStreetMap", "is_medical": true, "is_emergency": false, "is_candidate_hub": false, "name_norm": "clinic 2 health care center", "lat_round5": 21.41456, "lon_round5": 39.88403, "possible_duplicate": false, "osm_completeness_score": 80 }, "geometry": { "type": "Polygon", "coordinates": [ [ [ 39.8839032, 21.4145892 ], [ 39.8840785, 21.4144492 ], [ 39.8841527, 21.4145282 ], [ 39.8839766, 21.4146714 ], [ 39.8839032, 21.4145892 ] ] ] } },
{ "type": "Feature", "properties": { "location_id": "OSM_WAY_133432933", "osm_element": "way", "osm_id": 133432933, "name": "مركز هيئة الهلال الأحمر - منى", "name_en": null, "name_ar": null, "display_name": "مركز هيئة الهلال الأحمر - منى", "map_name": "مركز هيئة الهلال الأحمر - منى", "category": "ambulance_station", "amenity": "clinic", "healthcare": null, "emergency": "ambulance_station", "address": null, "latitude": 21.416579556988289, "longitude": 39.885559484378639, "source": "OpenStreetMap", "is_medical": true, "is_emergency": true, "is_candidate_hub": true, "name_norm": "مركز هيئة الهلال الأحمر منى", "lat_round5": 21.41658, "lon_round5": 39.88556, "possible_duplicate": false, "osm_completeness_score": 80 }, "geometry": { "type": "Polygon", "coordinates": [ [ [ 39.8854511, 21.4166221 ], [ 39.8856334, 21.4164922 ], [ 39.8856705, 21.416537 ], [ 39.8854856, 21.4166632 ], [ 39.8854511, 21.4166221 ] ] ] } },
{ "type": "Feature", "properties": { "location_id": "OSM_WAY_133683253", "osm_element": "way", "osm_id": 133683253, "name": "Clinic 2 - Health Care Center", "name_en": null, "name_ar": null, "display_name": "Clinic 2 - Health Care Center", "map_name": "Clinic 2 - Health Care Center", "category": "clinic", "amenity": "clinic", "healthcare": "clinic", "emergency": null, "address": null, "latitude": 21.413775262118367, "longitude": 39.897901955258547, "source": "OpenStreetMap", "is_medical": true, "is_emergency": false, "is_candidate_hub": false, "name_norm": "clinic 2 health care center", "lat_round5": 21.41378, "lon_round5": 39.8979, "possible_duplicate": false, "osm_completeness_score": 80 }, "geometry": { "type": "Polygon", "coordinates": [ [ [ 39.8979262, 21.4139524 ], [ 39.8980754, 21.413854 ], [ 39.8978774, 21.4136101 ], [ 39.897733, 21.4136965 ], [ 39.8979262, 21.4139524 ] ] ] } },
{ "type": "Feature", "properties": { "location_id": "OSM_WAY_133919954", "osm_element": "way", "osm_id": 133919954, "name": "Preventive Medicine Center", "name_en": null, "name_ar": null, "display_name": "Preventive Medicine Center", "map_name": "Preventive Medicine Center", "category": "clinic", "amenity": "clinic", "healthcare": "clinic", "emergency": null, "address": null, "latitude": 21.415415949783341, "longitude": 39.883611225790453, "source": "OpenStreetMap", "is_medical": true, "is_emergency": false, "is_candidate_hub": false, "name_norm": "preventive medicine center", "lat_round5": 21.41542, "lon_round5": 39.88361, "possible_duplicate": false, "osm_completeness_score": 80 }, "geometry": { "type": "Polygon", "coordinates": [ [ [ 39.8835971, 21.4156459 ], [ 39.8833644, 21.415391 ], [ 39.8836246, 21.4151837 ], [ 39.8838579, 21.4154409 ], [ 39.8835971, 21.4156459 ] ] ] } },
{ "type": "Feature", "properties": { "location_id": "OSM_WAY_134181976", "osm_element": "way", "osm_id": 134181976, "name": "Clinic - 10 Health Care Center", "name_en": null, "name_ar": null, "display_name": "Clinic - 10 Health Care Center", "map_name": "Clinic - 10 Health Care Center", "category": "clinic", "amenity": "clinic", "healthcare": "clinic", "emergency": null, "address": null, "latitude": 21.417882831743196, "longitude": 39.899853250575546, "source": "OpenStreetMap", "is_medical": true, "is_emergency": false, "is_candidate_hub": false, "name_norm": "clinic 10 health care center", "lat_round5": 21.41788, "lon_round5": 39.89985, "possible_duplicate": false, "osm_completeness_score": 80 }, "geometry": { "type": "Polygon", "coordinates": [ [ [ 39.8999433, 21.4180077 ], [ 39.8998427, 21.4180193 ], [ 39.8998361, 21.4179674 ], [ 39.899795, 21.417972 ], [ 39.8997705, 21.4177988 ], [ 39.8999084, 21.4177805 ], [ 39.8999433, 21.4180077 ] ] ] } },
{ "type": "Feature", "properties": { "location_id": "OSM_WAY_134369914", "osm_element": "way", "osm_id": 134369914, "name": "مركز صحي منى 12", "name_en": null, "name_ar": "مركز صحي منى 12", "display_name": "مركز صحي منى 12", "map_name": "مركز صحي منى 12", "category": "clinic", "amenity": "clinic", "healthcare": "clinic", "emergency": null, "address": null, "latitude": 21.424239250030006, "longitude": 39.900627204668275, "source": "OpenStreetMap", "is_medical": true, "is_emergency": false, "is_candidate_hub": false, "name_norm": "مركز صحي منى 12", "lat_round5": 21.42424, "lon_round5": 39.90063, "possible_duplicate": false, "osm_completeness_score": 80 }, "geometry": { "type": "Polygon", "coordinates": [ [ [ 39.9005082, 21.4243061 ], [ 39.9004925, 21.4242073 ], [ 39.9005579, 21.4241983 ], [ 39.9005551, 21.4241808 ], [ 39.9006662, 21.4241655 ], [ 39.9006686, 21.4241803 ], [ 39.9007458, 21.4241697 ], [ 39.9007619, 21.4242712 ], [ 39.9005082, 21.4243061 ] ] ] } },
{ "type": "Feature", "properties": { "location_id": "OSM_WAY_134373812", "osm_element": "way", "osm_id": 134373812, "name": "Clinic - 11 Health Care Center", "name_en": "Clinic - 11 Health Care Center", "name_ar": null, "display_name": "Clinic - 11 Health Care Center", "map_name": "Clinic - 11 Health Care Center", "category": "clinic", "amenity": "clinic", "healthcare": "clinic", "emergency": null, "address": null, "latitude": 21.422370917420324, "longitude": 39.900514069864585, "source": "OpenStreetMap", "is_medical": true, "is_emergency": false, "is_candidate_hub": false, "name_norm": "clinic 11 health care center", "lat_round5": 21.42237, "lon_round5": 39.90051, "possible_duplicate": false, "osm_completeness_score": 80 }, "geometry": { "type": "Polygon", "coordinates": [ [ [ 39.9004346, 21.4222967 ], [ 39.9004575, 21.4224497 ], [ 39.9004884, 21.4224457 ], [ 39.9004962, 21.4224982 ], [ 39.9005995, 21.4224848 ], [ 39.9005687, 21.4222793 ], [ 39.9004346, 21.4222967 ] ] ] } },
{ "type": "Feature", "properties": { "location_id": "OSM_WAY_135746633", "osm_element": "way", "osm_id": 135746633, "name": "Clinic - 17 Health Care Center", "name_en": null, "name_ar": null, "display_name": "Clinic - 17 Health Care Center", "map_name": "Clinic - 17 Health Care Center", "category": "clinic", "amenity": "clinic", "healthcare": "clinic", "emergency": null, "address": null, "latitude": 21.412345336352047, "longitude": 39.886093662787488, "source": "OpenStreetMap", "is_medical": true, "is_emergency": false, "is_candidate_hub": false, "name_norm": "clinic 17 health care center", "lat_round5": 21.41235, "lon_round5": 39.88609, "possible_duplicate": false, "osm_completeness_score": 80 }, "geometry": { "type": "Polygon", "coordinates": [ [ [ 39.8858445, 21.4124311 ], [ 39.8859322, 21.4123581 ], [ 39.8859095, 21.4123344 ], [ 39.8861856, 21.4121046 ], [ 39.8863495, 21.4122753 ], [ 39.8859858, 21.4125781 ], [ 39.8858445, 21.4124311 ] ] ] } },
{ "type": "Feature", "properties": { "location_id": "OSM_WAY_135766345", "osm_element": "way", "osm_id": 135766345, "name": "مركز صحي منى 7", "name_en": null, "name_ar": "مركز صحي منى 7", "display_name": "مركز صحي منى 7", "map_name": "مركز صحي منى 7", "category": "clinic", "amenity": "clinic", "healthcare": "clinic", "emergency": null, "address": null, "latitude": 21.417045945861879, "longitude": 39.886609293330189, "source": "OpenStreetMap", "is_medical": true, "is_emergency": false, "is_candidate_hub": false, "name_norm": "مركز صحي منى 7", "lat_round5": 21.41705, "lon_round5": 39.88661, "possible_duplicate": false, "osm_completeness_score": 80 }, "geometry": { "type": "Polygon", "coordinates": [ [ [ 39.8866689, 21.4169292 ], [ 39.8864758, 21.4170865 ], [ 39.8865604, 21.4171764 ], [ 39.8867055, 21.4170582 ], [ 39.8866816, 21.4170328 ], [ 39.8867296, 21.4169937 ], [ 39.8866689, 21.4169292 ] ] ] } },
{ "type": "Feature", "properties": { "location_id": "OSM_WAY_136525017", "osm_element": "way", "osm_id": 136525017, "name": "Mina Al-Wadi Hospital", "name_en": "Mina Al-Wadi Hospital", "name_ar": null, "display_name": "Mina Al-Wadi Hospital", "map_name": "Mina Al-Wadi Hospital", "category": "hospital", "amenity": "hospital", "healthcare": "hospital", "emergency": null, "address": null, "latitude": 21.41317296672884, "longitude": 39.901762936420909, "source": "OpenStreetMap", "is_medical": true, "is_emergency": true, "is_candidate_hub": true, "name_norm": "mina alwadi hospital", "lat_round5": 21.41317, "lon_round5": 39.90176, "possible_duplicate": false, "osm_completeness_score": 80 }, "geometry": { "type": "Polygon", "coordinates": [ [ [ 39.9021543, 21.413157 ], [ 39.9021738, 21.4131433 ], [ 39.9020494, 21.4129901 ], [ 39.9020789, 21.4129694 ], [ 39.9019631, 21.412827 ], [ 39.9019336, 21.4128478 ], [ 39.9018941, 21.4127991 ], [ 39.9011539, 21.4133206 ], [ 39.9011807, 21.4133789 ], [ 39.901288, 21.413522 ], [ 39.9013068, 21.4135087 ], [ 39.9013496, 21.4135614 ], [ 39.9016956, 21.4133177 ], [ 39.9017796, 21.413421 ], [ 39.9017992, 21.4134071 ], [ 39.9018216, 21.4134347 ], [ 39.9019004, 21.4134191 ], [ 39.9018764, 21.4134593 ], [ 39.9019066, 21.4134381 ], [ 39.9019324, 21.4134697 ], [ 39.9021796, 21.4132955 ], [ 39.9021539, 21.4132639 ], [ 39.9021879, 21.41324 ], [ 39.9021552, 21.4131998 ], [ 39.9021767, 21.4131846 ], [ 39.9021543, 21.413157 ] ] ] } },
{ "type": "Feature", "properties": { "location_id": "OSM_WAY_372587908", "osm_element": "way", "osm_id": 372587908, "name": "Clinic - 1 Health Care Center", "name_en": "Clinic", "name_ar": null, "display_name": "Clinic", "map_name": "Clinic", "category": "clinic", "amenity": "clinic", "healthcare": "clinic", "emergency": "yes", "address": "11, Street-56-Al-Jawharah", "latitude": 21.416531821677367, "longitude": 39.880623076509359, "source": "OpenStreetMap", "is_medical": true, "is_emergency": false, "is_candidate_hub": false, "name_norm": "clinic", "lat_round5": 21.41653, "lon_round5": 39.88062, "possible_duplicate": false, "osm_completeness_score": 100 }, "geometry": { "type": "Polygon", "coordinates": [ [ [ 39.8804568, 21.4164842 ], [ 39.8805312, 21.4165808 ], [ 39.8806513, 21.4166665 ], [ 39.8808296, 21.4164272 ], [ 39.8807491, 21.4163286 ], [ 39.8804568, 21.4164842 ] ] ] } },
{ "type": "Feature", "properties": { "location_id": "OSM_WAY_375399296", "osm_element": "way", "osm_id": 375399296, "name": "مستشفى الشفاء الطبي", "name_en": "Hospital Shifa", "name_ar": "مستشفى الشفاء الطبي", "display_name": "Hospital Shifa", "map_name": "Hospital Shifa", "category": "hospital", "amenity": "hospital", "healthcare": null, "emergency": null, "address": null, "latitude": 21.415583055937315, "longitude": 39.806526326248438, "source": "OpenStreetMap", "is_medical": true, "is_emergency": true, "is_candidate_hub": true, "name_norm": "hospital shifa", "lat_round5": 21.41558, "lon_round5": 39.80653, "possible_duplicate": false, "osm_completeness_score": 80 }, "geometry": { "type": "Polygon", "coordinates": [ [ [ 39.8063988, 21.4158103 ], [ 39.8064256, 21.4153408 ], [ 39.8066563, 21.4153558 ], [ 39.8066241, 21.4158302 ], [ 39.8063988, 21.4158103 ] ] ] } },
{ "type": "Feature", "properties": { "location_id": "OSM_WAY_379522469", "osm_element": "way", "osm_id": 379522469, "name": "مدينة الملك عبدالله الطبية", "name_en": "King Abdullah Medical City Hospital", "name_ar": null, "display_name": "King Abdullah Medical City Hospital", "map_name": "King Abdullah Medical City Hospital", "category": "hospital", "amenity": "hospital", "healthcare": null, "emergency": "yes", "address": null, "latitude": 21.381161394498172, "longitude": 39.881303738597438, "source": "OpenStreetMap", "is_medical": true, "is_emergency": true, "is_candidate_hub": true, "name_norm": "king abdullah medical city hospital", "lat_round5": 21.38116, "lon_round5": 39.8813, "possible_duplicate": false, "osm_completeness_score": 80 }, "geometry": { "type": "Polygon", "coordinates": [ [ [ 39.8823318, 21.3843995 ], [ 39.8832602, 21.3814762 ], [ 39.8835202, 21.3803992 ], [ 39.8832424, 21.3803238 ], [ 39.8836669, 21.3786906 ], [ 39.8821113, 21.3783048 ], [ 39.8818527, 21.3788576 ], [ 39.8815034, 21.3789858 ], [ 39.8808659, 21.3808386 ], [ 39.8795245, 21.3804736 ], [ 39.8785199, 21.3832166 ], [ 39.8823318, 21.3843995 ] ] ] } },
{ "type": "Feature", "properties": { "location_id": "OSM_WAY_457319394", "osm_element": "way", "osm_id": 457319394, "name": "الهلال الاحمر", "name_en": "Hilal Ahmar", "name_ar": "الهلال الاحمر", "display_name": "Hilal Ahmar", "map_name": "Hilal Ahmar", "category": "hospital", "amenity": "hospital", "healthcare": null, "emergency": null, "address": null, "latitude": 21.388754680165658, "longitude": 39.922860311235468, "source": "OpenStreetMap", "is_medical": true, "is_emergency": true, "is_candidate_hub": true, "name_norm": "hilal ahmar", "lat_round5": 21.38875, "lon_round5": 39.92286, "possible_duplicate": false, "osm_completeness_score": 80 }, "geometry": { "type": "Polygon", "coordinates": [ [ [ 39.9227729, 21.3888388 ], [ 39.922962, 21.3888147 ], [ 39.9229577, 21.3886707 ], [ 39.9227514, 21.3886947 ], [ 39.9227729, 21.3888388 ] ] ] } },
{ "type": "Feature", "properties": { "location_id": "OSM_WAY_457321838", "osm_element": "way", "osm_id": 457321838, "name": "Eastern Arafat Hospital", "name_en": "Eastern Arafat Hospital", "name_ar": null, "display_name": "Eastern Arafat Hospital", "map_name": "Eastern Arafat Hospital", "category": "hospital", "amenity": "hospital", "healthcare": "hospital", "emergency": null, "address": null, "latitude": 21.334680099635129, "longitude": 39.987464969428345, "source": "OpenStreetMap", "is_medical": true, "is_emergency": true, "is_candidate_hub": true, "name_norm": "eastern arafat hospital", "lat_round5": 21.33468, "lon_round5": 39.98746, "possible_duplicate": false, "osm_completeness_score": 80 }, "geometry": { "type": "Polygon", "coordinates": [ [ [ 39.9862676, 21.3351931 ], [ 39.9885666, 21.3355063 ], [ 39.9885758, 21.3341676 ], [ 39.9864975, 21.3338995 ], [ 39.9862676, 21.3351931 ] ] ] } },
{ "type": "Feature", "properties": { "location_id": "OSM_WAY_457323810", "osm_element": "way", "osm_id": 457323810, "name": "Arafat's health center 45", "name_en": "Clinic 45 - Health Care Center", "name_ar": null, "display_name": "Clinic 45 - Health Care Center", "map_name": "Clinic 45 - Health Care Center", "category": "clinic", "amenity": "clinic", "healthcare": "clinic", "emergency": null, "address": null, "latitude": 21.373060850074435, "longitude": 39.986281849964023, "source": "OpenStreetMap", "is_medical": true, "is_emergency": false, "is_candidate_hub": false, "name_norm": "clinic 45 health care center", "lat_round5": 21.37306, "lon_round5": 39.98628, "possible_duplicate": false, "osm_completeness_score": 80 }, "geometry": { "type": "Polygon", "coordinates": [ [ [ 39.986286, 21.373229 ], [ 39.986437, 21.3731257 ], [ 39.9862777, 21.3728927 ], [ 39.9861267, 21.372996 ], [ 39.986286, 21.373229 ] ] ] } },
{ "type": "Feature", "properties": { "location_id": "OSM_WAY_457324471", "osm_element": "way", "osm_id": 457324471, "name": "Medical Center", "name_en": "Medical Center", "name_ar": null, "display_name": "Medical Center", "map_name": "Medical Center", "category": "hospital", "amenity": "hospital", "healthcare": null, "emergency": null, "address": null, "latitude": 21.371282489216433, "longitude": 39.937992416404271, "source": "OpenStreetMap", "is_medical": true, "is_emergency": true, "is_candidate_hub": true, "name_norm": "medical center", "lat_round5": 21.37128, "lon_round5": 39.93799, "possible_duplicate": false, "osm_completeness_score": 80 }, "geometry": { "type": "Polygon", "coordinates": [ [ [ 39.9382545, 21.3712445 ], [ 39.937808, 21.371468 ], [ 39.9377264, 21.3713205 ], [ 39.9381777, 21.3711059 ], [ 39.9382545, 21.3712445 ] ] ] } },
{ "type": "Feature", "properties": { "location_id": "OSM_WAY_457454052", "osm_element": "way", "osm_id": 457454052, "name": "مستشفى الملك فيصل التخصصي", "name_en": "King Faisal Hospital", "name_ar": "مستشفى الملك فيصل التخصصي", "display_name": "King Faisal Hospital", "map_name": "King Faisal Hospital", "category": "hospital", "amenity": "hospital", "healthcare": "hospital", "emergency": null, "address": null, "latitude": 21.434479471657884, "longitude": 39.853380798113591, "source": "OpenStreetMap", "is_medical": true, "is_emergency": true, "is_candidate_hub": true, "name_norm": "king faisal hospital", "lat_round5": 21.43448, "lon_round5": 39.85338, "possible_duplicate": false, "osm_completeness_score": 80 }, "geometry": { "type": "Polygon", "coordinates": [ [ [ 39.8529411, 21.4356495 ], [ 39.8529857, 21.4356928 ], [ 39.8536635, 21.4353883 ], [ 39.854182, 21.4351502 ], [ 39.854638, 21.4349438 ], [ 39.8543126, 21.4342614 ], [ 39.853803, 21.4333259 ], [ 39.8532129, 21.4335976 ], [ 39.8531736, 21.4336397 ], [ 39.8531414, 21.4337138 ], [ 39.8528338, 21.4338444 ], [ 39.8527784, 21.4338249 ], [ 39.8526907, 21.4338319 ], [ 39.8524922, 21.4339285 ], [ 39.8521436, 21.4340866 ], [ 39.8524565, 21.4346975 ], [ 39.8526353, 21.4350353 ], [ 39.8529411, 21.4356495 ] ] ] } },
{ "type": "Feature", "properties": { "location_id": "OSM_WAY_457509225", "osm_element": "way", "osm_id": 457509225, "name": "SHIFA AL BARAKA MEDICAL CENTER", "name_en": "SHIFA AL BARAKA MEDICAL CENTER", "name_ar": null, "display_name": "SHIFA AL BARAKA MEDICAL CENTER", "map_name": "SHIFA AL BARAKA MEDICAL CENTER", "category": "hospital", "amenity": "hospital", "healthcare": null, "emergency": null, "address": null, "latitude": 21.437866521919123, "longitude": 39.804945908681795, "source": "OpenStreetMap", "is_medical": true, "is_emergency": true, "is_candidate_hub": true, "name_norm": "shifa al baraka medical center", "lat_round5": 21.43787, "lon_round5": 39.80495, "possible_duplicate": false, "osm_completeness_score": 80 }, "geometry": { "type": "Polygon", "coordinates": [ [ [ 39.8047055, 21.4378793 ], [ 39.805154, 21.4379945 ], [ 39.8052048, 21.4377785 ], [ 39.8050457, 21.4377415 ], [ 39.8050082, 21.4378546 ], [ 39.804721, 21.4377868 ], [ 39.8047055, 21.4378793 ] ] ] } },
{ "type": "Feature", "properties": { "location_id": "OSM_WAY_457509472", "osm_element": "way", "osm_id": 457509472, "name": "مستشفى الملك عبد العزيز", "name_en": "Hospital King Abdulaziz", "name_ar": "مستشفى الملك عبد العزيز", "display_name": "Hospital King Abdulaziz", "map_name": "Hospital King Abdulaziz", "category": "hospital", "amenity": "hospital", "healthcare": null, "emergency": null, "address": null, "latitude": 21.441776631520298, "longitude": 39.807258528060444, "source": "OpenStreetMap", "is_medical": true, "is_emergency": true, "is_candidate_hub": true, "name_norm": "hospital king abdulaziz", "lat_round5": 21.44178, "lon_round5": 39.80726, "possible_duplicate": false, "osm_completeness_score": 80 }, "geometry": { "type": "Polygon", "coordinates": [ [ [ 39.8078582, 21.4415925 ], [ 39.8078163, 21.4420277 ], [ 39.8066715, 21.4419607 ], [ 39.8066835, 21.4415088 ], [ 39.8078582, 21.4415925 ] ] ] } },
{ "type": "Feature", "properties": { "location_id": "OSM_WAY_457991013", "osm_element": "way", "osm_id": 457991013, "name": "مستشفى الولادة و الأطفال", "name_en": "Maternity and Children Hospital", "name_ar": "مستشفى الولادة و الأطفال", "display_name": "Maternity and Children Hospital", "map_name": "Maternity and Children Hospital", "category": "hospital", "amenity": "hospital", "healthcare": null, "emergency": null, "address": null, "latitude": 21.374555513204054, "longitude": 39.881331515191341, "source": "OpenStreetMap", "is_medical": true, "is_emergency": true, "is_candidate_hub": true, "name_norm": "maternity and children hospital", "lat_round5": 21.37456, "lon_round5": 39.88133, "possible_duplicate": false, "osm_completeness_score": 80 }, "geometry": { "type": "Polygon", "coordinates": [ [ [ 39.8791196, 21.3759891 ], [ 39.880973, 21.3773497 ], [ 39.8830841, 21.3754841 ], [ 39.881334, 21.3736177 ], [ 39.8791196, 21.3759891 ] ] ] } },
{ "type": "Feature", "properties": { "location_id": "OSM_WAY_457991153", "osm_element": "way", "osm_id": 457991153, "name": "مستشفى قوى الأمن", "name_en": "Security Forces Hospital", "name_ar": null, "display_name": "Security Forces Hospital", "map_name": "Security Forces Hospital", "category": "hospital", "amenity": "hospital", "healthcare": null, "emergency": null, "address": null, "latitude": 21.365586333155576, "longitude": 39.892526774357201, "source": "OpenStreetMap", "is_medical": true, "is_emergency": true, "is_candidate_hub": true, "name_norm": "security forces hospital", "lat_round5": 21.36559, "lon_round5": 39.89253, "possible_duplicate": false, "osm_completeness_score": 80 }, "geometry": { "type": "Polygon", "coordinates": [ [ [ 39.8914586, 21.3665631 ], [ 39.8933883, 21.3667398 ], [ 39.8935874, 21.3646096 ], [ 39.8930762, 21.3645732 ], [ 39.8926444, 21.3645512 ], [ 39.8925312, 21.3645468 ], [ 39.8916661, 21.3645133 ], [ 39.8914586, 21.3665631 ] ] ] } },
{ "type": "Feature", "properties": { "location_id": "OSM_WAY_461205063", "osm_element": "way", "osm_id": 461205063, "name": "Al Hajj Street Health Center مركز صحي شارع الحج", "name_en": null, "name_ar": "Al Hajj Street Health Center مركز صحي شارع الحج", "display_name": "Al Hajj Street Health Center مركز صحي شارع الحج", "map_name": "Al Hajj Street Health Center مركز صحي شارع الحج", "category": "hospital", "amenity": "hospital", "healthcare": null, "emergency": null, "address": null, "latitude": 21.461554449352068, "longitude": 39.850066134435735, "source": "OpenStreetMap", "is_medical": true, "is_emergency": true, "is_candidate_hub": true, "name_norm": "al hajj street health center مركز صحي شارع الحج", "lat_round5": 21.46155, "lon_round5": 39.85007, "possible_duplicate": false, "osm_completeness_score": 80 }, "geometry": { "type": "Polygon", "coordinates": [ [ [ 39.8500144, 21.4616572 ], [ 39.8501728, 21.4616036 ], [ 39.85012, 21.4614561 ], [ 39.8499592, 21.4615053 ], [ 39.8500144, 21.4616572 ] ] ] } },
{ "type": "Feature", "properties": { "location_id": "OSM_WAY_503204319", "osm_element": "way", "osm_id": 503204319, "name": "Clinic 23 - Health Care Center", "name_en": null, "name_ar": null, "display_name": "Clinic 23 - Health Care Center", "map_name": "Clinic 23 - Health Care Center", "category": "clinic", "amenity": "clinic", "healthcare": "clinic", "emergency": null, "address": null, "latitude": 21.35472547991267, "longitude": 39.976776599297921, "source": "OpenStreetMap", "is_medical": true, "is_emergency": false, "is_candidate_hub": false, "name_norm": "clinic 23 health care center", "lat_round5": 21.35473, "lon_round5": 39.97678, "possible_duplicate": false, "osm_completeness_score": 80 }, "geometry": { "type": "Polygon", "coordinates": [ [ [ 39.976634, 21.3546573 ], [ 39.9768665, 21.3545302 ], [ 39.9769622, 21.3546759 ], [ 39.9767904, 21.3547739 ], [ 39.9767958, 21.3547989 ], [ 39.9767395, 21.3548264 ], [ 39.976634, 21.3546573 ] ] ] } },
{ "type": "Feature", "properties": { "location_id": "OSM_WAY_503204331", "osm_element": "way", "osm_id": 503204331, "name": "Clinic 24 - Health Care Center", "name_en": null, "name_ar": null, "display_name": "Clinic 24 - Health Care Center", "map_name": "Clinic 24 - Health Care Center", "category": "clinic", "amenity": "clinic", "healthcare": "clinic", "emergency": null, "address": null, "latitude": 21.35698480021145, "longitude": 39.973962825236548, "source": "OpenStreetMap", "is_medical": true, "is_emergency": false, "is_candidate_hub": false, "name_norm": "clinic 24 health care center", "lat_round5": 21.35698, "lon_round5": 39.97396, "possible_duplicate": false, "osm_completeness_score": 80 }, "geometry": { "type": "Polygon", "coordinates": [ [ [ 39.9738144, 21.3569242 ], [ 39.9739596, 21.3568339 ], [ 39.9741113, 21.3570454 ], [ 39.973966, 21.3571358 ], [ 39.9738144, 21.3569242 ] ] ] } },
{ "type": "Feature", "properties": { "location_id": "OSM_WAY_503204333", "osm_element": "way", "osm_id": 503204333, "name": "Clinic 26 - Health Care Center", "name_en": null, "name_ar": null, "display_name": "Clinic 26 - Health Care Center", "map_name": "Clinic 26 - Health Care Center", "category": "clinic", "amenity": "clinic", "healthcare": "clinic", "emergency": null, "address": null, "latitude": 21.353359650168759, "longitude": 39.981095037666819, "source": "OpenStreetMap", "is_medical": true, "is_emergency": false, "is_candidate_hub": false, "name_norm": "clinic 26 health care center", "lat_round5": 21.35336, "lon_round5": 39.9811, "possible_duplicate": false, "osm_completeness_score": 80 }, "geometry": { "type": "Polygon", "coordinates": [ [ [ 39.9809159, 21.3533323 ], [ 39.9811568, 21.3532007 ], [ 39.9812742, 21.353387 ], [ 39.9810332, 21.3535187 ], [ 39.9809159, 21.3533323 ] ] ] } },
{ "type": "Feature", "properties": { "location_id": "OSM_WAY_503318522", "osm_element": "way", "osm_id": 503318522, "name": "Arafah Health Center 28", "name_en": null, "name_ar": null, "display_name": "Arafah Health Center 28", "map_name": "Arafah Health Center 28", "category": "clinic", "amenity": "clinic", "healthcare": null, "emergency": null, "address": null, "latitude": 21.363450900142148, "longitude": 39.982810436613029, "source": "OpenStreetMap", "is_medical": true, "is_emergency": false, "is_candidate_hub": false, "name_norm": "arafah health center 28", "lat_round5": 21.36345, "lon_round5": 39.98281, "possible_duplicate": false, "osm_completeness_score": 80 }, "geometry": { "type": "Polygon", "coordinates": [ [ [ 39.9826664, 21.3633951 ], [ 39.982809, 21.3632964 ], [ 39.9829545, 21.3635067 ], [ 39.9828118, 21.3636054 ], [ 39.9826664, 21.3633951 ] ] ] } },
{ "type": "Feature", "properties": { "location_id": "OSM_WAY_503318526", "osm_element": "way", "osm_id": 503318526, "name": "Clinic 42 - Health Care Center", "name_en": null, "name_ar": null, "display_name": "Clinic 42 - Health Care Center", "map_name": "Clinic 42 - Health Care Center", "category": "clinic", "amenity": "clinic", "healthcare": "clinic", "emergency": null, "address": null, "latitude": 21.370201800095245, "longitude": 39.980638045074926, "source": "OpenStreetMap", "is_medical": true, "is_emergency": false, "is_candidate_hub": false, "name_norm": "clinic 42 health care center", "lat_round5": 21.3702, "lon_round5": 39.98064, "possible_duplicate": false, "osm_completeness_score": 80 }, "geometry": { "type": "Polygon", "coordinates": [ [ [ 39.9804913, 21.3701383 ], [ 39.9806378, 21.3700418 ], [ 39.9807848, 21.3702653 ], [ 39.9806382, 21.3703617 ], [ 39.9804913, 21.3701383 ] ] ] } },
{ "type": "Feature", "properties": { "location_id": "OSM_WAY_503318532", "osm_element": "way", "osm_id": 503318532, "name": "Clinic 43 - Health Care Center", "name_en": null, "name_ar": null, "display_name": "Clinic 43 - Health Care Center", "map_name": "Clinic 43 - Health Care Center", "category": "clinic", "amenity": "clinic", "healthcare": "clinic", "emergency": null, "address": null, "latitude": 21.369599200151857, "longitude": 39.983761735384192, "source": "OpenStreetMap", "is_medical": true, "is_emergency": false, "is_candidate_hub": false, "name_norm": "clinic 43 health care center", "lat_round5": 21.3696, "lon_round5": 39.98376, "possible_duplicate": false, "osm_completeness_score": 80 }, "geometry": { "type": "Polygon", "coordinates": [ [ [ 39.9836154, 21.3695337 ], [ 39.9837607, 21.3694389 ], [ 39.9839081, 21.3696647 ], [ 39.9837627, 21.3697595 ], [ 39.9836154, 21.3695337 ] ] ] } },
{ "type": "Feature", "properties": { "location_id": "OSM_WAY_520141095", "osm_element": "way", "osm_id": 520141095, "name": "مستشفى الطوارئ بمنى", "name_en": "Mina Emergency Hospital", "name_ar": "مستشفى الطوارئ بمنى", "display_name": "Mina Emergency Hospital", "map_name": "Mina Emergency Hospital", "category": "hospital", "amenity": "hospital", "healthcare": "hospital", "emergency": null, "address": null, "latitude": 21.413654430364538, "longitude": 39.880113442355672, "source": "OpenStreetMap", "is_medical": true, "is_emergency": true, "is_candidate_hub": true, "name_norm": "mina emergency hospital", "lat_round5": 21.41365, "lon_round5": 39.88011, "possible_duplicate": false, "osm_completeness_score": 80 }, "geometry": { "type": "Polygon", "coordinates": [ [ [ 39.8801999, 21.4141165 ], [ 39.8805264, 21.4139205 ], [ 39.8800323, 21.4131804 ], [ 39.8796928, 21.4133884 ], [ 39.8801999, 21.4141165 ] ] ] } },
{ "type": "Feature", "properties": { "location_id": "OSM_WAY_520905277", "osm_element": "way", "osm_id": 520905277, "name": "مركز صحي هجلة", "name_en": "al-Najlan Healthcare Center", "name_ar": "مركز صحي هجلة", "display_name": "al-Najlan Healthcare Center", "map_name": "al-Najlan Healthcare Center", "category": "doctors", "amenity": "doctors", "healthcare": "doctor", "emergency": null, "address": null, "latitude": 21.411726950072641, "longitude": 39.82137533748169, "source": "OpenStreetMap", "is_medical": true, "is_emergency": false, "is_candidate_hub": false, "name_norm": "alnajlan healthcare center", "lat_round5": 21.41173, "lon_round5": 39.82138, "possible_duplicate": false, "osm_completeness_score": 80 }, "geometry": { "type": "Polygon", "coordinates": [ [ [ 39.8213587, 21.4117976 ], [ 39.8214351, 21.4117732 ], [ 39.8213919, 21.4116562 ], [ 39.8213156, 21.4116807 ], [ 39.8213587, 21.4117976 ] ] ] } },
{ "type": "Feature", "properties": { "location_id": "OSM_WAY_589738245", "osm_element": "way", "osm_id": 589738245, "name": "مركز صحي الشافعي", "name_en": null, "name_ar": null, "display_name": "مركز صحي الشافعي", "map_name": "مركز صحي الشافعي", "category": "hospital", "amenity": "hospital", "healthcare": "hospital", "emergency": null, "address": null, "latitude": 21.366836045366952, "longitude": 39.773250785633941, "source": "OpenStreetMap", "is_medical": true, "is_emergency": true, "is_candidate_hub": true, "name_norm": "مركز صحي الشافعي", "lat_round5": 21.36684, "lon_round5": 39.77325, "possible_duplicate": false, "osm_completeness_score": 80 }, "geometry": { "type": "Polygon", "coordinates": [ [ [ 39.7726557, 21.3667638 ], [ 39.7729651, 21.3663113 ], [ 39.7738434, 21.3669083 ], [ 39.7735216, 21.3673393 ], [ 39.7726557, 21.3667638 ] ] ] } },
{ "type": "Feature", "properties": { "location_id": "OSM_WAY_670889758", "osm_element": "way", "osm_id": 670889758, "name": "الهلال الاحمر", "name_en": "Red Crescent", "name_ar": "الهلال الاحمر", "display_name": "Red Crescent", "map_name": "Red Crescent", "category": "hospital", "amenity": "hospital", "healthcare": "hospital", "emergency": null, "address": null, "latitude": 21.422420500030203, "longitude": 39.823107549857824, "source": "OpenStreetMap", "is_medical": true, "is_emergency": true, "is_candidate_hub": true, "name_norm": "red crescent", "lat_round5": 21.42242, "lon_round5": 39.82311, "possible_duplicate": false, "osm_completeness_score": 80 }, "geometry": { "type": "Polygon", "coordinates": [ [ [ 39.823007, 21.4224626 ], [ 39.8232076, 21.4224635 ], [ 39.8232081, 21.4223784 ], [ 39.8230075, 21.4223774 ], [ 39.823007, 21.4224626 ] ] ] } },
{ "type": "Feature", "properties": { "location_id": "OSM_WAY_676402012", "osm_element": "way", "osm_id": 676402012, "name": "المركز الطبي الجامعي", "name_en": "University Medical Center", "name_ar": "المركز الطبي الجامعي", "display_name": "University Medical Center", "map_name": "University Medical Center", "category": "hospital", "amenity": "hospital", "healthcare": "hospital", "emergency": null, "address": null, "latitude": 21.408916536018644, "longitude": 39.864004135579407, "source": "OpenStreetMap", "is_medical": true, "is_emergency": true, "is_candidate_hub": true, "name_norm": "university medical center", "lat_round5": 21.40892, "lon_round5": 39.864, "possible_duplicate": false, "osm_completeness_score": 80 }, "geometry": { "type": "Polygon", "coordinates": [ [ [ 39.863736, 21.4087462 ], [ 39.863829, 21.4086338 ], [ 39.8639087, 21.4086934 ], [ 39.8638966, 21.4087057 ], [ 39.8642347, 21.4089682 ], [ 39.8639968, 21.4092344 ], [ 39.8637427, 21.4090381 ], [ 39.8638845, 21.4088643 ], [ 39.863736, 21.4087462 ] ] ] } },
{ "type": "Feature", "properties": { "location_id": "OSM_WAY_715061903", "osm_element": "way", "osm_id": 715061903, "name": "مركز صحي منى 16", "name_en": null, "name_ar": "مركز صحي منى 16", "display_name": "مركز صحي منى 16", "map_name": "مركز صحي منى 16", "category": "clinic", "amenity": "clinic", "healthcare": "clinic", "emergency": null, "address": null, "latitude": 21.418322657429414, "longitude": 39.882647724518577, "source": "OpenStreetMap", "is_medical": true, "is_emergency": false, "is_candidate_hub": false, "name_norm": "مركز صحي منى 16", "lat_round5": 21.41832, "lon_round5": 39.88265, "possible_duplicate": false, "osm_completeness_score": 80 }, "geometry": { "type": "Polygon", "coordinates": [ [ [ 39.8824634, 21.4184939 ], [ 39.8828984, 21.4182746 ], [ 39.8828314, 21.4181466 ], [ 39.8823998, 21.4183707 ], [ 39.8824634, 21.4184939 ] ] ] } },
{ "type": "Feature", "properties": { "location_id": "OSM_WAY_715063833", "osm_element": "way", "osm_id": 715063833, "name": "مركز صحي منى 6", "name_en": "Clinic - 6 Health Care Center", "name_ar": "مركز صحي منى 6", "display_name": "Clinic - 6 Health Care Center", "map_name": "Clinic - 6 Health Care Center", "category": "clinic", "amenity": "clinic", "healthcare": "clinic", "emergency": null, "address": null, "latitude": 21.414753452522319, "longitude": 39.886764382521257, "source": "OpenStreetMap", "is_medical": true, "is_emergency": false, "is_candidate_hub": false, "name_norm": "clinic 6 health care center", "lat_round5": 21.41475, "lon_round5": 39.88676, "possible_duplicate": false, "osm_completeness_score": 80 }, "geometry": { "type": "Polygon", "coordinates": [ [ [ 39.8867238, 21.4148756 ], [ 39.8868938, 21.4147018 ], [ 39.886811, 21.4146227 ], [ 39.8866359, 21.4148051 ], [ 39.8867238, 21.4148756 ] ] ] } },
{ "type": "Feature", "properties": { "location_id": "OSM_WAY_715072278", "osm_element": "way", "osm_id": 715072278, "name": "مركز صحي منى 3", "name_en": null, "name_ar": "مركز صحي منى 3", "display_name": "مركز صحي منى 3", "map_name": "مركز صحي منى 3", "category": "clinic", "amenity": "clinic", "healthcare": "clinic", "emergency": null, "address": null, "latitude": 21.408937253033976, "longitude": 39.888225980795291, "source": "OpenStreetMap", "is_medical": true, "is_emergency": false, "is_candidate_hub": false, "name_norm": "مركز صحي منى 3", "lat_round5": 21.40894, "lon_round5": 39.88823, "possible_duplicate": false, "osm_completeness_score": 80 }, "geometry": { "type": "Polygon", "coordinates": [ [ [ 39.8882195, 21.409016 ], [ 39.8883023, 21.4089592 ], [ 39.888231, 21.408862 ], [ 39.8881508, 21.4089153 ], [ 39.8882195, 21.409016 ] ] ] } },
{ "type": "Feature", "properties": { "location_id": "OSM_WAY_718113483", "osm_element": "way", "osm_id": 718113483, "name": "مستشفى الحرس الوطني الميداني", "name_en": "National Guard Hospital", "name_ar": "مستشفى الحرس الوطني الميداني", "display_name": "National Guard Hospital", "map_name": "National Guard Hospital", "category": "hospital", "amenity": "hospital", "healthcare": "hospital", "emergency": null, "address": null, "latitude": 21.405893675544224, "longitude": 39.892070008592292, "source": "OpenStreetMap", "is_medical": true, "is_emergency": true, "is_candidate_hub": true, "name_norm": "national guard hospital", "lat_round5": 21.40589, "lon_round5": 39.89207, "possible_duplicate": false, "osm_completeness_score": 80 }, "geometry": { "type": "Polygon", "coordinates": [ [ [ 39.8920299, 21.4060231 ], [ 39.8919287, 21.4059242 ], [ 39.8920936, 21.4057753 ], [ 39.8921908, 21.4058837 ], [ 39.8921655, 21.4059025 ], [ 39.8921786, 21.4059204 ], [ 39.8920643, 21.406009 ], [ 39.8920562, 21.4059995 ], [ 39.8920299, 21.4060231 ] ] ] } },
{ "type": "Feature", "properties": { "location_id": "OSM_WAY_718200601", "osm_element": "way", "osm_id": 718200601, "name": "مركز صحي منى 4", "name_en": null, "name_ar": "مركز صحي منى 4", "display_name": "مركز صحي منى 4", "map_name": "مركز صحي منى 4", "category": "clinic", "amenity": "clinic", "healthcare": "clinic", "emergency": null, "address": null, "latitude": 21.40679850093224, "longitude": 39.893187533492956, "source": "OpenStreetMap", "is_medical": true, "is_emergency": false, "is_candidate_hub": false, "name_norm": "مركز صحي منى 4", "lat_round5": 21.4068, "lon_round5": 39.89319, "possible_duplicate": false, "osm_completeness_score": 80 }, "geometry": { "type": "Polygon", "coordinates": [ [ [ 39.8930645, 21.4068114 ], [ 39.8931461, 21.406901 ], [ 39.8933109, 21.4067856 ], [ 39.8932391, 21.4066868 ], [ 39.8930645, 21.4068114 ] ] ] } },
{ "type": "Feature", "properties": { "location_id": "OSM_WAY_722030956", "osm_element": "way", "osm_id": 722030956, "name": "Clinic 12 - Health Care Center", "name_en": null, "name_ar": null, "display_name": "Clinic 12 - Health Care Center", "map_name": "Clinic 12 - Health Care Center", "category": "clinic", "amenity": "clinic", "healthcare": "clinic", "emergency": null, "address": null, "latitude": 21.34711505348994, "longitude": 39.972355058338437, "source": "OpenStreetMap", "is_medical": true, "is_emergency": false, "is_candidate_hub": false, "name_norm": "clinic 12 health care center", "lat_round5": 21.34712, "lon_round5": 39.97236, "possible_duplicate": false, "osm_completeness_score": 80 }, "geometry": { "type": "Polygon", "coordinates": [ [ [ 39.9723374, 21.3472607 ], [ 39.9725016, 21.3471709 ], [ 39.9723713, 21.3469719 ], [ 39.9722097, 21.3470592 ], [ 39.9723374, 21.3472607 ] ] ] } },
{ "type": "Feature", "properties": { "location_id": "OSM_WAY_722032704", "osm_element": "way", "osm_id": 722032704, "name": "Clinic 13 - Health Care Center", "name_en": null, "name_ar": null, "display_name": "Clinic 13 - Health Care Center", "map_name": "Clinic 13 - Health Care Center", "category": "clinic", "amenity": "clinic", "healthcare": "clinic", "emergency": null, "address": null, "latitude": 21.348787561736174, "longitude": 39.969721331012977, "source": "OpenStreetMap", "is_medical": true, "is_emergency": false, "is_candidate_hub": false, "name_norm": "clinic 13 health care center", "lat_round5": 21.34879, "lon_round5": 39.96972, "possible_duplicate": false, "osm_completeness_score": 80 }, "geometry": { "type": "Polygon", "coordinates": [ [ [ 39.9695618, 21.3487026 ], [ 39.9697025, 21.3486103 ], [ 39.9698849, 21.3488725 ], [ 39.9697286, 21.3489599 ], [ 39.9695618, 21.3487026 ] ] ] } },
{ "type": "Feature", "properties": { "location_id": "OSM_WAY_722033509", "osm_element": "way", "osm_id": 722033509, "name": "Clinic 14 - Health Care Center", "name_en": null, "name_ar": null, "display_name": "Clinic 14 - Health Care Center", "map_name": "Clinic 14 - Health Care Center", "category": "clinic", "amenity": "clinic", "healthcare": "clinic", "emergency": null, "address": null, "latitude": 21.349603569164373, "longitude": 39.969768047847722, "source": "OpenStreetMap", "is_medical": true, "is_emergency": false, "is_candidate_hub": false, "name_norm": "clinic 14 health care center", "lat_round5": 21.3496, "lon_round5": 39.96977, "possible_duplicate": false, "osm_completeness_score": 80 }, "geometry": { "type": "Polygon", "coordinates": [ [ [ 39.9696582, 21.3497779 ], [ 39.9698745, 21.3496638 ], [ 39.9698068, 21.3495425 ], [ 39.9695826, 21.3496663 ], [ 39.9696582, 21.3497779 ] ] ] } },
{ "type": "Feature", "properties": { "location_id": "OSM_WAY_722048384", "osm_element": "way", "osm_id": 722048384, "name": "Clinic 44 - Health Care Center", "name_en": null, "name_ar": null, "display_name": "Clinic 44 - Health Care Center", "map_name": "Clinic 44 - Health Care Center", "category": "clinic", "amenity": "clinic", "healthcare": "clinic", "emergency": null, "address": null, "latitude": 21.370760399984945, "longitude": 39.985506659172124, "source": "OpenStreetMap", "is_medical": true, "is_emergency": false, "is_candidate_hub": false, "name_norm": "clinic 44 health care center", "lat_round5": 21.37076, "lon_round5": 39.98551, "possible_duplicate": false, "osm_completeness_score": 80 }, "geometry": { "type": "Polygon", "coordinates": [ [ [ 39.9855047, 21.3708822 ], [ 39.9856188, 21.370808 ], [ 39.9855086, 21.3706385 ], [ 39.9853945, 21.3707128 ], [ 39.9855047, 21.3708822 ] ] ] } },
{ "type": "Feature", "properties": { "location_id": "OSM_WAY_722048385", "osm_element": "way", "osm_id": 722048385, "name": "Clinic 46 - Health Care Center", "name_en": null, "name_ar": null, "display_name": "Clinic 46 - Health Care Center", "map_name": "Clinic 46 - Health Care Center", "category": "clinic", "amenity": "clinic", "healthcare": "clinic", "emergency": null, "address": null, "latitude": 21.37622455006148, "longitude": 39.986043452113854, "source": "OpenStreetMap", "is_medical": true, "is_emergency": false, "is_candidate_hub": false, "name_norm": "clinic 46 health care center", "lat_round5": 21.37622, "lon_round5": 39.98604, "possible_duplicate": false, "osm_completeness_score": 80 }, "geometry": { "type": "Polygon", "coordinates": [ [ [ 39.9860497, 21.3763933 ], [ 39.9861054, 21.3763565 ], [ 39.9861179, 21.3763754 ], [ 39.986161, 21.376347 ], [ 39.9861502, 21.3763307 ], [ 39.9861978, 21.3762994 ], [ 39.9860355, 21.3760532 ], [ 39.9858891, 21.3761497 ], [ 39.9860497, 21.3763933 ] ] ] } },
{ "type": "Feature", "properties": { "location_id": "OSM_WAY_722048453", "osm_element": "way", "osm_id": 722048453, "name": "Clinic 41 - Health Care Center", "name_en": null, "name_ar": null, "display_name": "Clinic 41 - Health Care Center", "map_name": "Clinic 41 - Health Care Center", "category": "clinic", "amenity": "clinic", "healthcare": "clinic", "emergency": null, "address": null, "latitude": 21.367356199495326, "longitude": 39.983158594926721, "source": "OpenStreetMap", "is_medical": true, "is_emergency": false, "is_candidate_hub": false, "name_norm": "clinic 41 health care center", "lat_round5": 21.36736, "lon_round5": 39.98316, "possible_duplicate": false, "osm_completeness_score": 80 }, "geometry": { "type": "Polygon", "coordinates": [ [ [ 39.9831533, 21.3674804 ], [ 39.9832878, 21.3674034 ], [ 39.9831574, 21.3672223 ], [ 39.9830292, 21.367309 ], [ 39.9831533, 21.3674804 ] ] ] } },
{ "type": "Feature", "properties": { "location_id": "OSM_WAY_722802311", "osm_element": "way", "osm_id": 722802311, "name": "Clinic 2 - Health Care Center", "name_en": null, "name_ar": null, "display_name": "Clinic 2 - Health Care Center", "map_name": "Clinic 2 - Health Care Center", "category": "clinic", "amenity": "clinic", "healthcare": "clinic", "emergency": null, "address": null, "latitude": 21.343256250051777, "longitude": 39.960565800002676, "source": "OpenStreetMap", "is_medical": true, "is_emergency": false, "is_candidate_hub": false, "name_norm": "clinic 2 health care center", "lat_round5": 21.34326, "lon_round5": 39.96057, "possible_duplicate": false, "osm_completeness_score": 80 }, "geometry": { "type": "Polygon", "coordinates": [ [ [ 39.9605067, 21.3433742 ], [ 39.9606977, 21.3432562 ], [ 39.9606249, 21.3431383 ], [ 39.9604339, 21.3432563 ], [ 39.9605067, 21.3433742 ] ] ] } },
{ "type": "Feature", "properties": { "location_id": "OSM_WAY_722802312", "osm_element": "way", "osm_id": 722802312, "name": "Clinic 1 - Health Care Center", "name_en": null, "name_ar": null, "display_name": "Clinic 1 - Health Care Center", "map_name": "Clinic 1 - Health Care Center", "category": "clinic", "amenity": "clinic", "healthcare": "clinic", "emergency": null, "address": null, "latitude": 21.345354088620535, "longitude": 39.956876962944349, "source": "OpenStreetMap", "is_medical": true, "is_emergency": false, "is_candidate_hub": false, "name_norm": "clinic 1 health care center", "lat_round5": 21.34535, "lon_round5": 39.95688, "possible_duplicate": false, "osm_completeness_score": 80 }, "geometry": { "type": "Polygon", "coordinates": [ [ [ 39.956875, 21.3455224 ], [ 39.9570418, 21.3454141 ], [ 39.9568901, 21.3451858 ], [ 39.9567081, 21.3452941 ], [ 39.956875, 21.3455224 ] ] ] } },
{ "type": "Feature", "properties": { "location_id": "OSM_WAY_722802455", "osm_element": "way", "osm_id": 722802455, "name": "مركز صحي عرفات 7", "name_en": null, "name_ar": "مركز صحي عرفات 7", "display_name": "مركز صحي عرفات 7", "map_name": "مركز صحي عرفات 7", "category": "clinic", "amenity": "clinic", "healthcare": "clinic", "emergency": null, "address": null, "latitude": 21.346729145445273, "longitude": 39.959295106081981, "source": "OpenStreetMap", "is_medical": true, "is_emergency": false, "is_candidate_hub": false, "name_norm": "مركز صحي عرفات 7", "lat_round5": 21.34673, "lon_round5": 39.9593, "possible_duplicate": false, "osm_completeness_score": 80 }, "geometry": { "type": "Polygon", "coordinates": [ [ [ 39.9592935, 21.3468566 ], [ 39.9594196, 21.3467764 ], [ 39.9592981, 21.3465974 ], [ 39.959169, 21.3466819 ], [ 39.9592935, 21.3468566 ] ] ] } },
{ "type": "Feature", "properties": { "location_id": "OSM_WAY_722802456", "osm_element": "way", "osm_id": 722802456, "name": "Clinic 5 - Health Care Center", "name_en": null, "name_ar": null, "display_name": "Clinic 5 - Health Care Center", "map_name": "Clinic 5 - Health Care Center", "category": "clinic", "amenity": "clinic", "healthcare": "clinic", "emergency": null, "address": null, "latitude": 21.343900649780561, "longitude": 39.963537296363327, "source": "OpenStreetMap", "is_medical": true, "is_emergency": false, "is_candidate_hub": false, "name_norm": "clinic 5 health care center", "lat_round5": 21.3439, "lon_round5": 39.96354, "possible_duplicate": false, "osm_completeness_score": 80 }, "geometry": { "type": "Polygon", "coordinates": [ [ [ 39.9635311, 21.344032 ], [ 39.96366, 21.3439542 ], [ 39.9635468, 21.3437742 ], [ 39.9634145, 21.3438471 ], [ 39.9635311, 21.344032 ] ] ] } },
{ "type": "Feature", "properties": { "location_id": "OSM_WAY_722802461", "osm_element": "way", "osm_id": 722802461, "name": "Clinic 6 - Health Care Center", "name_en": null, "name_ar": null, "display_name": "Clinic 6 - Health Care Center", "map_name": "Clinic 6 - Health Care Center", "category": "clinic", "amenity": "clinic", "healthcare": "clinic", "emergency": null, "address": null, "latitude": 21.344393359937069, "longitude": 39.964393333788543, "source": "OpenStreetMap", "is_medical": true, "is_emergency": false, "is_candidate_hub": false, "name_norm": "clinic 6 health care center", "lat_round5": 21.34439, "lon_round5": 39.96439, "possible_duplicate": false, "osm_completeness_score": 80 }, "geometry": { "type": "Polygon", "coordinates": [ [ [ 39.9644052, 21.3445629 ], [ 39.9645619, 21.3444687 ], [ 39.9643774, 21.3442285 ], [ 39.9642282, 21.344318 ], [ 39.9644052, 21.3445629 ] ] ] } },
{ "type": "Feature", "properties": { "location_id": "OSM_WAY_722803185", "osm_element": "way", "osm_id": 722803185, "name": "Clinic 4 - Health Care Center", "name_en": null, "name_ar": null, "display_name": "Clinic 4 - Health Care Center", "map_name": "Clinic 4 - Health Care Center", "category": "clinic", "amenity": "clinic", "healthcare": "clinic", "emergency": null, "address": null, "latitude": 21.343326303361689, "longitude": 39.966548826115826, "source": "OpenStreetMap", "is_medical": true, "is_emergency": false, "is_candidate_hub": false, "name_norm": "clinic 4 health care center", "lat_round5": 21.34333, "lon_round5": 39.96655, "possible_duplicate": false, "osm_completeness_score": 80 }, "geometry": { "type": "Polygon", "coordinates": [ [ [ 39.9665305, 21.3434582 ], [ 39.9666897, 21.3433781 ], [ 39.9665659, 21.3431968 ], [ 39.9664091, 21.3432745 ], [ 39.9665305, 21.3434582 ] ] ] } },
{ "type": "Feature", "properties": { "location_id": "OSM_WAY_722803198", "osm_element": "way", "osm_id": 722803198, "name": "Clinic 9 - Health Care Center", "name_en": null, "name_ar": null, "display_name": "Clinic 9 - Health Care Center", "map_name": "Clinic 9 - Health Care Center", "category": "clinic", "amenity": "clinic", "healthcare": "clinic", "emergency": null, "address": null, "latitude": 21.347282400055246, "longitude": 39.965382850004389, "source": "OpenStreetMap", "is_medical": true, "is_emergency": false, "is_candidate_hub": false, "name_norm": "clinic 9 health care center", "lat_round5": 21.34728, "lon_round5": 39.96538, "possible_duplicate": false, "osm_completeness_score": 80 }, "geometry": { "type": "Polygon", "coordinates": [ [ [ 39.9653312, 21.3474086 ], [ 39.9655192, 21.3472797 ], [ 39.9654345, 21.3471562 ], [ 39.9652465, 21.3472851 ], [ 39.9653312, 21.3474086 ] ] ] } },
{ "type": "Feature", "properties": { "location_id": "OSM_WAY_722803254", "osm_element": "way", "osm_id": 722803254, "name": "Clinic 8 - Health Care Center", "name_en": null, "name_ar": null, "display_name": "Clinic 8 - Health Care Center", "map_name": "Clinic 8 - Health Care Center", "category": "clinic", "amenity": "clinic", "healthcare": "clinic", "emergency": null, "address": null, "latitude": 21.349140560767729, "longitude": 39.961755428797275, "source": "OpenStreetMap", "is_medical": true, "is_emergency": false, "is_candidate_hub": false, "name_norm": "clinic 8 health care center", "lat_round5": 21.34914, "lon_round5": 39.96176, "possible_duplicate": false, "osm_completeness_score": 80 }, "geometry": { "type": "Polygon", "coordinates": [ [ [ 39.9617301, 21.3492725 ], [ 39.9618904, 21.3491925 ], [ 39.9617731, 21.3490113 ], [ 39.9616242, 21.3490886 ], [ 39.9617301, 21.3492725 ] ] ] } },
{ "type": "Feature", "properties": { "location_id": "OSM_WAY_725194309", "osm_element": "way", "osm_id": 725194309, "name": "هلال احمر الحجون", "name_en": null, "name_ar": "هلال احمر الحجون", "display_name": "هلال احمر الحجون", "map_name": "هلال احمر الحجون", "category": "doctors", "amenity": "doctors", "healthcare": "doctor", "emergency": null, "address": null, "latitude": 21.434536499456385, "longitude": 39.830210316870577, "source": "OpenStreetMap", "is_medical": true, "is_emergency": false, "is_candidate_hub": false, "name_norm": "هلال احمر الحجون", "lat_round5": 21.43454, "lon_round5": 39.83021, "possible_duplicate": false, "osm_completeness_score": 80 }, "geometry": { "type": "Polygon", "coordinates": [ [ [ 39.8302719, 21.4344557 ], [ 39.8303194, 21.4345466 ], [ 39.8301553, 21.4346261 ], [ 39.830101, 21.4345264 ], [ 39.8302719, 21.4344557 ] ] ] } },
{ "type": "Feature", "properties": { "location_id": "OSM_WAY_1086093256", "osm_element": "way", "osm_id": 1086093256, "name": "مركز مكة الطبي", "name_en": "Makkah Medical Center", "name_ar": "مركز مكة الطبي", "display_name": "Makkah Medical Center", "map_name": "Makkah Medical Center", "category": "hospital", "amenity": "hospital", "healthcare": "hospital", "emergency": null, "address": "6765, Al Madinah Al Munawarah Road", "latitude": 21.494956940814124, "longitude": 39.793966464315474, "source": "OpenStreetMap", "is_medical": true, "is_emergency": true, "is_candidate_hub": true, "name_norm": "makkah medical center", "lat_round5": 21.49496, "lon_round5": 39.79397, "possible_duplicate": false, "osm_completeness_score": 100 }, "geometry": { "type": "Polygon", "coordinates": [ [ [ 39.7934471, 21.496123 ], [ 39.7936112, 21.4941162 ], [ 39.7942856, 21.4941824 ], [ 39.794286, 21.494404 ], [ 39.7944428, 21.4945718 ], [ 39.7943354, 21.4953607 ], [ 39.7940753, 21.4953393 ], [ 39.793985, 21.4961856 ], [ 39.7934471, 21.496123 ] ] ] } },
{ "type": "Feature", "properties": { "location_id": "OSM_WAY_1505593019", "osm_element": "way", "osm_id": 1505593019, "name": "Clinic 29 - Health Care Center", "name_en": null, "name_ar": null, "display_name": "Clinic 29 - Health Care Center", "map_name": "Clinic 29 - Health Care Center", "category": "clinic", "amenity": "clinic", "healthcare": "clinic", "emergency": null, "address": null, "latitude": 21.357320250157244, "longitude": 39.982901333284069, "source": "OpenStreetMap", "is_medical": true, "is_emergency": false, "is_candidate_hub": false, "name_norm": "clinic 29 health care center", "lat_round5": 21.35732, "lon_round5": 39.9829, "possible_duplicate": false, "osm_completeness_score": 80 }, "geometry": { "type": "Polygon", "coordinates": [ [ [ 39.9827634, 21.3572427 ], [ 39.9828741, 21.3574762 ], [ 39.9830393, 21.3573978 ], [ 39.9829285, 21.3571643 ], [ 39.9827634, 21.3572427 ] ] ] } },
{ "type": "Feature", "properties": { "location_id": "OSM_WAY_1509716172", "osm_element": "way", "osm_id": 1509716172, "name": "مركز الهلال الأحمر 18", "name_en": "Red Crescent Center 18 - Ambulence Station", "name_ar": "مركز الهلال الأحمر 18", "display_name": "Red Crescent Center 18 - Ambulence Station", "map_name": "Red Crescent Center 18 - Ambulence Station", "category": "doctors", "amenity": "doctors", "healthcare": "doctor", "emergency": null, "address": null, "latitude": 21.370713393197732, "longitude": 39.988753201716058, "source": "OpenStreetMap", "is_medical": true, "is_emergency": false, "is_candidate_hub": false, "name_norm": "red crescent center 18 ambulence station", "lat_round5": 21.37071, "lon_round5": 39.98875, "possible_duplicate": false, "osm_completeness_score": 80 }, "geometry": { "type": "Polygon", "coordinates": [ [ [ 39.9888569, 21.3704737 ], [ 39.98862, 21.3704851 ], [ 39.9886689, 21.3709459 ], [ 39.9888671, 21.3709418 ], [ 39.9888569, 21.3704737 ] ] ] } },
{ "type": "Feature", "properties": { "location_id": "OSM_WAY_1509719738", "osm_element": "way", "osm_id": 1509719738, "name": "Clinic 15 - Health Care Center", "name_en": null, "name_ar": null, "display_name": "Clinic 15 - Health Care Center", "map_name": "Clinic 15 - Health Care Center", "category": "clinic", "amenity": "clinic", "healthcare": "clinic", "emergency": null, "address": null, "latitude": 21.350227400199913, "longitude": 39.971288940818162, "source": "OpenStreetMap", "is_medical": true, "is_emergency": false, "is_candidate_hub": false, "name_norm": "clinic 15 health care center", "lat_round5": 21.35023, "lon_round5": 39.97129, "possible_duplicate": false, "osm_completeness_score": 80 }, "geometry": { "type": "Polygon", "coordinates": [ [ [ 39.971284, 21.3504641 ], [ 39.9715073, 21.3503187 ], [ 39.9712939, 21.3499908 ], [ 39.9710706, 21.3501361 ], [ 39.971284, 21.3504641 ] ] ] } }
]
}
