demand_point_id,HUB_001,HUB_002,HUB_003,HUB_004,HUB_005,HUB_006,HUB_007,HUB_008,HUB_009,HUB_010,HUB_011,HUB_012,HUB_013,HUB_014,HUB_015,HUB_016,HUB_017,HUB_018,HUB_019,HUB_020,HUB_021,HUB_022,HUB_023,HUB_024,HUB_025,HUB_026,HUB_027,HUB_028,HUB_029,HUB_030,HUB_031,HUB_032,HUB_033,HUB_034,HUB_035,HUB_036,HUB_037,HUB_038,HUB_039,HUB_040,HUB_041,HUB_042,HUB_043,HUB_044,HUB_045,HUB_046,HUB_047,HUB_048,HUB_049,HUB_050,HUB_051,HUB_052,HUB_053,HUB_054,HUB_055,HUB_056,HUB_057,HUB_058,HUB_059
D_500_Haram_Makkah_0001,8.300239987024554,1.4967604228510005,8.676695575362578,8.78357904189423,8.09227218656711,11.559722158826066,20.269570200035716,8.014770692786064,9.542558384855399,16.518916506271744,17.176249594649388,10.375888990786999,6.960180450612149,7.69279948967992,3.877150273439882,3.9702467019162895,11.311527629169468,5.8717570611195455,8.121466217685075,7.5818842976381635,3.3838257524213655,1.4829117835022843,9.319262327393465,2.081276579883855,10.197385255506717,10.252783615818899,10.14690060838379,10.228365782677344,3.6377192166816603,4.604544629954662,20.738227360200362,20.575866202151094,30.636505057018933,20.58969540769796,20.999785290158165,20.27423936083006,15.03434844014044,21.385901917986665,21.288018934872994,10.557316967972053,10.040226483132594,11.711682578598653,1.868051109589525,10.24413722721394,14.165288644286802,22.374192124446477,16.15920333396962,7.099211424263398,3.198442287520697,3.6941515533823557,10.526830240654343,12.001384619668165,8.310214706731804,9.470516684204911,5.421213866675074,3.706227779186848,7.819186646359148,10.741333668097086,9.081076822311392
D_500_Haram_Makkah_0002,8.336421881062158,1.9820372090475602,8.456588792776833,8.571019396969968,8.29994667402161,11.636391587116842,20.439695242888426,8.117249819225435,9.60904161386099,16.018844690848354,17.00210098938694,10.429710691380398,6.638996762358687,7.685163325303226,3.7127132616547454,3.9106996459388643,11.414865975173742,5.602450077977874,7.61917427881991,7.603539571780849,3.798849627710027,1.3846958096193316,9.427942569112838,1.5886377087984487,10.374430058087663,10.426961142826322,10.326491248552111,10.408644326368307,3.9966353119205107,4.158597883132457,20.91636284779816,20.76759902802002,30.45206932582862,20.78842759415168,21.18176154996291,20.466789807152814,15.521003049684696,21.55397868678731,21.449740970940915,10.578082815372433,10.03266124178707,11.72103376913584,1.8689961298758615,10.42829328966188,14.268477063175675,22.572950725756304,16.309393078106293,6.947366966333032,2.7830304109110062,3.2747486808351662,10.740530335847438,12.230020837662627,7.994014209375342,9.47991279980112,5.9038662729631115,3.600969964171602,7.864873889934491,10.789542477057175,8.579612554583154
D_500_Haram_Makkah_0003,8.402527238713846,2.4741156070856163,8.26119441675484,8.383202090007696,8.532171359614782,11.734079688606318,20.620654204577388,8.249092564871908,9.701109605085868,15.518916698141101,16.841137407855065,10.507294782184069,6.341375114758826,7.710311018957683,3.6112019544272465,3.9152111155926765,11.539161902738606,5.366745449086251,7.116882840293321,7.6581491060424876,4.232828117276691,1.462988865602578,9.561806232537858,1.1047285726150418,10.572394109788465,10.622054915100502,10.527005096939519,10.609659372249558,4.3838094148039914,3.727014727582212,21.104951256745622,20.969612323461934,30.274844039901687,20.99729646512573,21.37399434274408,20.66975473810096,16.008623416561935,21.732366757094894,21.62192398204208,10.622585205249484,10.050224980130157,11.751865433373894,2.0003183494245262,10.633007075298542,14.388469476020214,22.781051458571678,16.47353425238984,6.829173021397267,2.401058177288881,2.881978320541289,10.973076760542456,12.47470117865456,7.697626346530269,9.515849638996135,6.389546935670347,3.5640481257892285,7.942127645852467,10.860791415500222,8.07825157104327
D_500_Haram_Makkah_0004,8.49785771128978,2.9696162319611314,8.09230269059006,8.221822870016394,8.786999959042134,11.852266723414708,20.8121644690236,8.40891782517046,9.818042585543246,15.01914686292173,16.693740226008146,10.608119868046346,6.070781835666944,7.767924123612902,3.5779760765658235,3.9835633715572736,11.683746533064859,5.169241693576363,6.61459195448805,7.745015804975506,4.680491644708367,1.693484085877419,9.719812834477212,0.6493671800263998,10.790126031740801,10.83693530907258,10.747271074748758,10.830256304225765,4.792397499165135,3.315409131920348,21.303714970248848,21.18161193052715,30.104956527789188,21.216002620348974,21.576209510219698,20.882830474173684,16.497123878950237,21.920814376583724,21.804320128118277,10.690527673050964,10.092786468230363,11.804009219197697,2.239195174397769,10.857115744911905,14.524849398187584,22.99824070830586,16.651214254159306,6.746398387643476,2.071110465231536,2.5282830609513494,11.223298053245188,12.734500830194888,7.4234245621628485,9.578028420848984,6.877614280720566,3.5975667632254456,8.050039112340352,10.954630896292288,7.577014320482929
D_500_Haram_Makkah_0005,8.621443847473556,3.467072001813628,7.951602488099258,8.088464301693584,9.06252583370445,11.990346508166501,21.01393754127105,8.595164707650591,9.958964697492041,14.51955148872381,16.560271672516837,10.731530868208642,5.830980916253312,7.857288467670329,3.614918905589956,4.11257438493219,11.847877080261087,5.014454603906028,6.112301690989667,7.863070613353121,5.138264510042483,2.0248549217399696,9.900806512423616,0.3571085271648182,11.026454820949489,11.070450157001702,10.986101147342845,11.06926441805482,5.217370929351306,2.9322060526729707,21.512371926781523,21.403301089072695,29.942531675016415,21.444245056599,21.788129096795302,21.105710772989017,16.986428482865275,22.119064415503804,21.99667533052934,10.781467047180056,10.160031515836929,11.87718439907673,2.55564283648025,11.099444518722217,14.677159991607002,23.224263476114288,16.842004568329553,6.70035581854408,1.8216783519164246,2.2323142018386917,11.49003950718366,13.008513926110684,7.173953229726363,9.665942691314978,7.367593949614576,3.699611680414534,8.187396105615031,11.070486428213625,7.075927039968973
D_500_Haram_Makkah_0006,8.77209143720701,3.965747133006262,7.840611599461969,7.9845304700898785,9.356920749508891,12.147640677565102,21.225680726809056,8.806156903621535,10.122874080854897,14.020149196794051,16.441070943743302,10.876758972462987,5.6259111776509405,7.9773370127513195,3.719940376982912,4.296783689326168,12.03075356665714,4.906428615973558,5.610012144287236,8.010934768685097,5.60366964328336,2.415943484396958,10.10355193929212,0.5813524751231262,11.280211647355843,11.3214464252587,11.24231222174603,11.325518116343158,5.655036785234214,2.5900428247211997,21.73063712551256,21.63438191355988,29.78769154421572,21.6817225932381,22.009472766883363,21.338088386182694,17.476469662209713,22.326855737026264,22.198730682415057,10.894827438295968,10.251474355612446,11.971005269250936,2.9245886067701243,11.358827299697507,14.844910885004559,23.458864416968943,17.045464944477192,6.6918034946698155,1.6888220542392327,2.0196119930900585,11.77217816847633,13.29586169433875,6.951875192478941,9.77889833158953,7.85912822536244,3.864758483655805,8.352746049476725,11.207675245326717,6.575023955570865
D_500_Haram_Makkah_0007,7.821168180760217,1.0347649589051582,8.769455038534659,8.85683451298907,7.279384311029578,10.972157254838104,19.484369856532155,7.403417906239092,8.98891436887726,17.57007738841647,17.10800452605463,9.841525694872344,7.32976813540914,7.314563155774454,3.96462035076827,3.8163894772807736,10.673011321412012,6.130984816846671,9.138634627903677,7.142718636670624,2.2882033039821796,2.4306879421770313,8.683315891327679,3.0588744345514973,9.426265889663732,9.486586503368875,9.37143006883376,9.451216699786332,3.4895879017714653,5.3638191361607594,19.938621910876197,19.753327488039545,30.569899449162246,19.75540814309194,20.193304808799798,19.450672229432648,13.938322406027801,20.602900150578304,20.51620974045721,10.08958923518867,9.636048028289752,11.260169441935794,1.8429683915570119,9.45990415447543,13.515036932641818,21.538050778951668,15.416206943045838,7.053075500030282,3.910207805870145,4.398367674638001,9.689107978710748,11.133002474827954,8.649322928267313,9.035449295152686,4.6674228658572305,3.6712525172771007,7.32625047429464,10.215868644795046,10.0715310453697
D_500_Haram_Makkah_0008,7.795088906337501,1.3227592147410936,8.492525033505402,8.587515505670224,7.442074520038061,11.007155332911134,19.635609334226434,7.44678350520841,9.003590282412956,17.071238155216044,16.903328629870416,9.847142682111157,6.953305193641754,7.237140144536471,3.6689157145042874,3.617502556127923,10.735570721088266,5.787026522852766,8.637072426574168,7.09493240135688,2.684703955981587,2.1488067604485983,8.742323551779617,2.5572535245554846,9.564905551915384,9.622269330563629,9.512692970189645,9.593576176940944,3.729354553761512,4.88399832334163,20.098746849764414,19.927660822004402,30.368448772573693,19.93715463793135,20.35771156523456,19.62559992379846,14.426971889138727,20.753012152213707,20.659557644245794,10.061287400739685,9.575612922721449,11.225031899710626,1.5462350190880363,9.606640235437599,13.586061439790704,21.721235830018315,15.541129218121347,6.826695284404966,3.434490996221931,3.926020892422828,9.869875735522179,11.334668958554463,8.28529845267313,8.989338159916356,5.122663848175231,3.42048795410103,7.306250733536611,10.21727699477886,9.56923758905056
D_500_Haram_Makkah_0009,7.801329360029674,1.7126713874298765,8.236942005029473,8.339779354939404,7.634402343656547,11.064867260995738,19.798439658184375,7.52350727376363,9.046175000341107,16.57260792846845,16.711247798359352,9.878329660039352,6.593633341856717,7.194035808048746,3.421734340118968,3.4802895661781648,10.821107711404741,5.467629484571399,8.135600774419212,7.082534315542963,3.111911152207208,1.9573188400402848,8.829555763394389,2.055961421612977,9.727534842368966,9.781891273897738,9.677992555600573,9.75973856562548,4.017903262177117,4.409186087202523,20.270056222552242,20.113029560204957,30.174015008401497,20.129796135160746,20.533091681468004,19.811720475837753,14.916527436780603,20.914112567599926,20.814042242883882,10.058020898114217,9.541273079723663,11.21230807108785,1.3746815878335803,9.777007355718672,13.675177860706988,21.91440420202279,15.681152295778793,6.63070551127203,2.967546079487944,3.462114945994308,10.072470722744963,11.554664888974685,7.936381314375828,8.97115630627288,5.585976244754341,3.2289279612701294,7.320740631558422,10.243344801090402,9.066944419732549
D_500_Haram_Makkah_0010,7.839812311163201,2.149742246910337,8.004750920950919,8.115602760262615,7.854190797348367,11.14494015019001,19.972577320101717,7.6325832621582546,9.116277376501722,16.074206133339082,16.532201023309362,9.93484578637857,6.2536503497353735,7.1858676965293276,3.2342207458984116,3.4121987031284404,10.929082762725272,5.17734126965495,7.6342374618755855,7.105709560655551,3.5587835855384826,1.8839911625237138,8.944186700745139,1.5553158284304958,9.912973090064364,9.96430188942703,9.866120706889449,9.948511210752034,4.345527196820086,3.941192953669855,20.452268966851744,20.30913151250471,29.986734636203852,20.333022948964956,20.719166483330422,20.008721520677103,15.406902651876194,21.0859495185701,20.979417498978194,10.079814026031162,9.533310453166413,11.222074159449752,1.3759548967965511,9.969794103098227,13.782035216314421,22.117294300607398,15.835875584958163,6.467869387003448,2.514264954673987,3.0105542580895785,10.295604444865164,11.79196439013397,7.604651211894729,8.981073315853434,6.055507617830666,3.1075405122329673,7.369516675908582,10.293884686079286,8.564651540363698
D_500_Haram_Makkah_0011,7.91006713713648,2.6103900982526316,7.798041534021603,7.916987253047627,8.099204538410241,11.2468963741471,20.157729257937593,7.772649511205807,9.213269254914334,15.576054671742135,16.366616053579754,10.016262275241637,5.936739715580587,7.212754445412548,3.1171614525611706,3.417364116350131,11.058838623013111,4.921315524000191,7.133005276729028,7.164112858754871,4.018766388325189,1.9422529842887795,9.085179279741508,1.0562360770970887,10.119966478491516,10.16827478001909,10.07579874845,10.158633686194365,4.704068935955139,3.482768819016633,20.645096366833894,20.51565887628989,29.806742480227527,20.546520961968557,20.915650519415543,20.21628496016722,15.898021660876493,21.268262749979673,21.155427992916664,10.126504953941483,9.551790966835549,11.254271580678484,1.549628713291351,10.18372724843491,13.906224511898658,22.329641110352966,16.004872733485044,6.340741611295412,2.083584213113626,2.5778344317287334,10.53797226664144,12.0455448207674,7.29245395577217,9.01899645400291,6.529916522696474,3.0646751535921104,7.451905587942715,10.368538760177415,8.062358954612614
D_500_Haram_Makkah_0012,8.01125795909807,3.0840682022648105,7.618888118258479,7.745899294556636,8.367227829481616,11.370147227989076,20.35359487091093,7.942066506483832,9.336312590941185,15.078178328189122,16.214905281058613,10.121978243338527,5.646787324934889,7.274307307590618,3.0786036028094244,3.4954609411516033,11.209618916450566,4.705148558557203,6.631933888877146,7.256893660027776,4.487830013381906,2.1212892517234647,9.251328260572377,0.5629018785402619,10.347221434661032,10.39254038497862,10.3057113747363,10.388810578351746,5.086995146059908,3.0382480778033747,20.848243877108818,20.73230007214863,29.634171328624348,20.769973418837875,21.12225328515842,20.43408890781426,16.38981757589526,21.460785250811924,21.341810573929724,10.197751660034623,9.596561811361193,11.308708705232295,1.8477122247254987,10.41750405110759,14.04728604111518,22.551177475371325,16.187696671414024,6.251500946446567,1.6928418859940175,2.175228570385638,10.798279097460458,12.314400408999585,7.002402550517206,9.08457495173562,7.008212442707875,3.103586997191346,7.566809442837763,10.466791015938826,7.560066667113601
D_500_Haram_Makkah_0013,8.142231400419163,3.5655871249555915,7.469273704157132,7.604197097416857,8.656123523339707,11.51400885622909,20.559867946790995,8.139001557062207,9.484393480133104,14.580605257721716,16.077461445919717,10.251241913042977,5.388146973570094,7.36965766386237,3.1214574934101607,3.641800136749226,11.380587985908967,4.5345442131377744,6.131062656260821,7.382755932877027,4.9634005105179115,2.394156675774236,9.441305579272328,0.15059260741075045,10.593434020396185,10.635815073691234,10.554536301847385,10.637740130404538,5.4892049504154645,2.61473120784334,21.061412853047372,20.958741456383994,29.46915153991169,21.003062585307287,21.33868085246911,20.661809499187413,16.882231216027435,21.663244812839228,21.538295958825277,10.29304420451439,9.667257685407682,11.385066487671333,2.220658688588768,10.669820223177886,14.204717129331463,22.781635292237997,16.383884510637586,6.201783074109866,1.3764806138170884,1.8228008814414847,11.075260086845823,12.597553158211335,6.737357760020604,9.177215925214856,7.489650675396886,3.221313796522748,7.712775115248333,10.587984490187424,7.057774683807636
D_500_Haram_Makkah_0014,8.301577896413148,4.052152546138659,7.351002073041495,7.493547837578455,8.96387371850355,11.677719516247645,20.776238482473648,8.361510477493376,9.656360091571429,14.08336757586796,15.954653241101719,10.403175512969296,5.165524153671384,7.497516102389467,3.2424967116766457,3.8486049189900267,11.570850912207336,4.414787702647413,5.630444922757252,7.540043166412913,5.44377274177105,2.73289226553501,9.653704527167209,0.4827967070462306,10.857314561584248,10.896825733702256,10.820968922691742,10.904138072373058,5.906760351736856,2.224248536478336,21.284302173209575,21.19466889982899,29.311810638574144,21.24547126455841,21.564637392663684,20.899122556670445,17.375210038823454,21.875365512469322,21.744610262228285,10.411722335674824,9.763315396345167,11.482907604014343,2.6368924836740115,10.939392975592423,14.377980044821788,23.02074661015369,16.592962206767307,6.192539948200942,1.195105871902651,1.555050063996266,11.36769643551289,12.894061176952112,6.500379081450171,9.296110287331405,7.973662004934326,3.409701447443053,7.888078383108118,10.73134191909508,6.555483012438471
D_500_Haram_Makkah_0015,8.487699538020705,4.542142885735404,7.265603951046737,7.4153416751173165,9.288604497116227,11.860457269697228,21.002394383160375,8.607610175606034,9.850961555898472,13.586502076270802,15.846820910025547,10.576802102908923,4.983747806358519,7.656254100948925,3.4334623127914297,4.1067506783724825,11.779472790333633,4.350080442685554,5.130154821308483,7.726836489635656,5.9277793920869195,3.116088752569175,9.8870801523229,0.9737049294374159,11.137607285027977,11.174329563945355,11.103741790918845,11.186756476943104,6.336628393326442,1.8874155225369453,21.516609743278433,21.439769226328817,29.16227290194146,21.49688416666157,21.79982658385515,21.145705101737786,17.868707243082532,22.09686910433364,21.960476445093317,10.552997067224453,9.883995492736727,11.60168850230537,3.078907359267943,11.224979067990995,14.566509830409037,23.26824463533548,16.814448909227096,6.223951831649532,1.2109708210913643,1.4206869683186343,11.674426727944134,13.203024683744214,6.294637123133745,9.440266110982094,8.459804750333985,3.6578484916816754,8.090812451600305,10.895988473530803,6.053191663308791
D_500_Haram_Makkah_0016,8.698877800844329,5.034558167395238,7.21424678940064,7.3706113433193226,9.628597926090432,12.06135729357368,21.238023029651227,8.875338412658213,10.066885265193129,13.090051109186469,15.754271943223719,10.771072641784015,4.847415212096158,7.843997113988619,3.683494489104741,4.407224904085742,12.005496543060616,4.342883673316199,4.630298464085159,7.941053954393455,6.414597756894065,3.5292934573931576,10.139984159082202,1.472312196857156,11.433105141067722,11.467129190167379,11.401639168597105,11.48439786773498,6.776466247080047,1.637676977093169,21.758033874446564,21.693731507810732,29.02065894072582,21.756989130167533,22.04395289719332,21.40123671184356,18.362681012067245,22.327476318063653,22.185615671213228,10.71597468719566,10.0284090690136,11.740773624376503,3.5370510123985124,11.525388149011349,14.76972184294528,23.523864638576157,17.047860945539565,6.295410126433519,1.4174677835806333,1.457091115376659,11.994354367908025,13.523589991225535,6.123281285285019,9.608546437280959,8.947731464293653,3.95452103819854,8.318972040382684,11.080975184536692,5.550900650431907
D_500_Haram_Makkah_0017,7.385670144543391,1.4450534013572371,8.674635108135753,8.749039746836523,6.663112723509402,10.460714523391053,18.863996511580336,6.8946834024748505,8.503694654452847,18.131966203437557,16.878708045469963,9.363268484126644,7.425487357187068,6.943190323633817,3.956626308811562,3.660098954974115,10.13523631356633,6.173260341167807,9.677989042713756,6.736434594170871,1.581541053781089,3.1360206617382484,8.153991136252603,3.6156022060260518,8.82401659349637,8.886610520188041,8.767181151944712,8.845946109670436,3.789505752103322,5.738483309376148,19.31171180504207,19.11667760411514,30.326126562776697,19.11383660195245,19.563307886558487,18.81372002411755,13.337570008744507,19.982948322001032,19.901267544444273,9.647818090461424,9.232965762031075,10.822997095312726,1.9508445100467993,8.851158346366908,12.964949120571259,20.895053559711066,14.818039743328887,6.88903924859739,4.285259640586643,4.7561067192953415,9.05467477569227,10.482998683205771,8.712365124315047,8.617707351630914,4.488319313563881,3.5985744941070807,6.886478895492104,9.741072509614309,10.585277949530996
D_500_Haram_Makkah_0018,7.323677035495079,1.5041622260724474,8.364467585832168,8.446477703121326,6.803490897856297,10.473355143143808,19.006899873303873,6.904783019669765,8.489538437335298,17.634713764164538,16.65607640652503,9.342203836895342,7.018275843685786,6.824707852374157,3.5906820070980126,3.378342495166033,10.176330790213306,5.788369753267367,9.178410839060627,6.647899595426544,1.9920860034152459,2.8353347736151266,8.186036922765144,3.1226248523034426,8.943801263691329,9.003331208033753,8.889683563988513,8.969802222206498,3.947984758471077,5.244849997475291,19.464033174145534,19.283684144256753,30.114669140735316,19.288549091814293,19.720174187265748,18.981226924676136,13.82920207312204,20.1251493628284,20.03642444268982,9.591948320740448,9.142318256130755,10.763019022252493,1.5150839438615582,8.979762612929225,13.019605843854618,21.07185592042167,14.931073376906543,6.619073811453617,3.7900962136357146,4.264261867826892,9.22052878329388,10.673313486387526,8.3208216130029,8.539854845886982,4.9088926549514,3.2660003780802813,6.828347323051425,9.716617518618945,10.083553795257746
D_500_Haram_Makkah_0019,7.295817762060666,1.7150588595434,8.07365681638634,8.163630756436742,6.9772841908459435,10.51001299361838,19.161907400101683,6.951257972816081,8.50507442535716,17.137755677627915,16.445776412289604,9.348119356454237,6.624132000855706,6.7416595417005905,3.2612418607937137,3.151930611265697,10.241923022598602,5.422720802441818,8.679146390421167,6.596527692369966,2.437239462183659,2.5977338571914093,8.248600942600278,2.6331714560071275,9.089800868162321,9.146184213331852,9.03847714021793,9.11967805156837,4.161419630050899,4.753031771972192,19.628029328858734,19.462223903150157,29.910152376797274,19.47465214009883,19.888491584337455,19.160440075785075,14.321573691400285,20.278797368055354,20.18317942663748,9.562172271307272,9.078595574252292,10.726251765568794,1.1356765371470081,9.134213463369024,13.093316965164982,21.25905764080281,15.060019319053486,6.377304080258452,3.297090647319547,3.775169629035071,9.410300361110654,10.883499641311428,7.941752542136725,8.491051182732425,5.343598155675631,2.981337615272299,6.806882757634076,9.718096786418917,9.581889581266053
D_500_Haram_Makkah_0020,7.302482944843981,2.0309965991080374,7.804366894731913,7.90261604099002,7.182067195357718,10.570438166862386,19.328727863519912,7.033387162162718,8.550140716185537,16.64111829040209,16.24828686658177,9.380963959417054,6.245530283101851,6.695364020944286,2.9804352917127104,2.9934477172514686,10.331546392651129,5.080469656154629,8.180253095341262,6.583188887037415,2.9011135693891092,2.4417040194832,8.340996443050601,2.1496502838397973,9.260775581029204,9.313967156375055,9.212287988049935,9.294314893311503,4.4218595729212575,4.263656701158344,19.803410206732973,19.65198252203916,29.712719578142515,19.671822451462724,20.067971925956254,19.351034218490128,14.814611097784583,20.443634223872838,20.341281449812914,9.558733753312165,9.04236691697007,10.71293427147913,0.8880534936146309,9.313225020717097,13.18576290346803,21.456386507965124,15.204472701492424,6.167046990711757,2.8073798561027097,3.290057698925223,9.622574499911874,11.112429597872238,7.577030329892868,8.471798355728966,5.789253138309482,2.759453586213112,6.822431230782541,9.745498461525504,9.080295197387347
D_500_Haram_Makkah_0021,7.343578523615505,2.411029669783194,7.558898193250651,7.665663980765772,7.415272829641447,10.654226244981889,19.50705817937864,7.149941988434984,8.624274341688889,16.144831172779234,16.064080220554573,9.44045653720252,5.885470776440955,6.686584662235358,2.763129497764145,2.9139981421510788,10.444582257052385,4.7666588574356235,7.681803214642826,6.608113436842857,3.3760001583003576,2.3833200458826536,8.46224628237346,1.677199580062373,9.455370635083536,9.505359940760904,9.409729854453408,9.492346169687561,4.721532492038011,3.7776742846589513,19.989876138511416,19.852638281345875,29.522512854092156,19.87973070751472,20.258318496908796,19.552676518376817,15.308249936022312,20.61939157237036,20.510468092894577,9.581661079065617,9.033963020842696,10.723153871788513,0.8900067264640164,9.51541117583834,13.296552865399118,21.66356576668527,15.363996097737855,5.9916209048209135,2.3230482674708854,2.8109874181868766,9.855897299989296,11.358970082653158,7.2288268093353985,8.482297539615455,6.243513292393777,2.616369241734136,6.874741552714003,9.79860502969259,8.57878284489016
D_500_Haram_Makkah_0022,7.418532275325401,2.8294481308262958,7.339641093317641,7.455069297896475,7.67431037177082,10.76083146554588,19.696585703341803,7.299273455927725,8.726734505401721,15.648927623935592,15.8936183007276,9.526097792685324,5.5475649774746625,6.715468544908441,2.6251415084220033,2.9200399950099225,10.580280212155607,4.487259107100194,7.183888990341538,6.670872401423147,3.8578344650023277,2.4296312774533826,8.61113164086839,1.2286567328050064,9.672160433996316,9.718967799548004,9.629349203117837,9.712340930794227,5.0534635146452,3.296585175175265,20.187119932502384,20.06386422129605,29.33967272927673,20.098043648228412,20.459227991005577,19.765028818675017,15.802433817511796,20.80579264254046,20.690467420030487,9.63076590582695,9.053461326363697,10.756843444153324,1.1402540411936737,9.739328696318434,13.425232683357441,21.880315587390466,15.538125335995488,5.854157835347853,1.848329167395496,2.3416696439998477,10.108811345319788,11.622000384588508,6.899643315658385,8.522438728654276,6.70462970133294,2.5653040569771677,6.962985179810819,9.877001828879227,8.07736775299598
D_500_Haram_Makkah_0023,7.526332646555613,3.2715568677875506,7.149007641668713,7.273121846035162,7.956657213640456,10.889583696149973,19.89699044257409,7.47941854667262,8.856538097469498,15.153445274457468,15.737347722981209,9.63719059514044,5.236103556919335,6.781534380545922,2.579233154645563,3.011058554776548,10.73778108259677,4.249063897494489,6.686630024169015,6.770413673650863,4.344305260694652,2.5749949151348983,8.786247710232294,0.8430850102199688,9.909688410269846,9.953360529473544,9.869665626763027,9.952842818631227,5.411720108078216,2.8228921514451453,20.39482886440346,20.28533013071182,29.164337740427673,20.326426006401547,20.67039238625473,19.987749748808504,16.29711313456605,21.00255402259515,20.880999789597855,9.705650871901714,9.100682448227007,10.813783596004932,1.520802455215454,9.983515427916222,13.571293454578552,22.106354439199073,15.726375231172725,5.757377567296554,1.393084066083123,1.8893856716302504,10.379884627114835,11.900427116441438,6.592329659291102,8.59180642028935,7.171279849675114,2.611661150653025,7.085819689772254,9.98009284761925,7.576069179262796
D_500_Haram_Makkah_0024,7.665593954570896,3.7289390039222843,6.9893402926343295,7.122017474217592,8.259923324174018,11.039708048677982,20.107947157919686,7.6882114992850745,9.012503699710328,14.658426808617424,15.595695063433698,9.772866982043023,4.956074584121157,6.883711641263969,2.630230215410565,3.1797648498266504,10.916141137712968,4.059333070820137,6.190184163422445,6.90514666949422,4.834012884649973,2.804048079305538,8.986061061174915,0.6454320396923159,10.166501060527263,10.20710629955438,10.12920607171344,10.21240306873234,5.791418769200583,2.3610508317314536,20.612686553038948,20.51670438880451,28.996644018496553,20.56454228300964,20.891500705960425,20.220496672180406,16.792244078102325,21.209387354689603,21.08177959838357,9.805725315420936,9.175198316804892,10.893609708442199,1.9570625041922045,10.246522315530587,13.734180629739848,22.341400360631948,15.928245105432167,5.7033514467563196,0.9847029754128369,1.4699435136217038,10.667732886728269,12.193195576443602,6.3100818999768755,8.689700672344468,7.642450076188302,2.7505189286032765,7.2414849848529546,10.10712244262915,7.074911834098363
D_500_Haram_Makkah_0025,7.834638665132754,4.196603528604641,6.862800664439604,7.003752706092265,8.581891212518846,11.210345899545265,20.329127336258754,7.9233878456452596,9.193299837800893,14.16392083490534,15.469061876741602,9.93211950112336,4.71308400492001,7.020423717858765,2.7727908474027063,3.4146632917727393,11.11435615920102,3.9251008143861275,5.694763989942656,7.073060541562926,5.326064499766273,3.098284651652012,9.208964166992576,0.7918125418501664,10.441175456805581,10.478799254421082,10.406532248381726,10.489606967719842,6.188613994572769,1.9196342869168013,20.840374707022207,20.757655649680384,28.836724858052246,20.812058356088162,21.122240653098743,20.46292746242051,17.287787820095843,21.42600093660498,21.292516941582218,9.930227664030712,9.276351144692317,10.995823321692795,2.419078145704034,10.526938796641282,13.913303216924465,22.585172123200245,16.143223990946108,5.693296669219804,0.709358935300097,1.1208403352429284,10.9710357856463,12.499298002601968,6.056405436451554,8.81517111015261,8.117353267508621,2.968926627776043,7.427917213312878,10.257201215786946,6.573927954867248
D_500_Haram_Makkah_0026,8.031586350210022,4.671463236156074,6.771246203291545,6.9200113993076755,8.920536059322629,11.400576144271037,20.56020101797287,8.18267301462662,9.3974934512812,13.669982941209689,15.357819670871086,10.11383448344087,4.513118246312234,7.189700786051567,2.9938632470582287,3.703179106132718,11.33138421582578,3.852173082665951,5.200662557488388,7.271857065997532,5.81986553467728,3.4410237505129504,9.453323802268988,1.1584236138519397,10.732340233629769,10.767080821899008,10.700261312121356,10.783093853471744,6.600147661409192,1.516582862663536,21.07757473186142,21.007854363889475,28.68471027626936,21.068642920210657,21.362300109437008,20.71470210241864,17.783709829657628,21.652101218532206,21.512919174640004,10.07825260275833,9.403281311760573,11.119807056378225,2.894542378460384,10.823411757832199,14.108042802639536,22.837390285583954,16.370795434077245,5.727444748927843,0.7357532515168277,0.9254322081306443,11.288547641642396,12.817779110062315,5.835027780557026,8.967060194205242,8.595370647802673,3.2508900293981164,7.642865162073799,10.429334138062211,6.073160402968845
D_500_Haram_Makkah_0027,8.254439939995438,5.151528709987987,6.7161077617528315,6.872055695523453,9.274031103628314,11.609435674705894,20.80083846929275,8.463851568675032,9.623595268832807,13.17667698151333,15.26230496305773,10.316825032623582,4.362098218824878,7.389305095050789,3.2775988689485454,4.033823740771827,11.566166294895794,3.8440404954836604,4.708294974674788,7.499080543765321,6.31500555110498,3.819229610994873,9.71752140328965,1.6004737438459753,11.038690543211182,11.070655130852282,11.009080386651782,11.091571203764964,7.023499731571113,1.1914879627775017,21.323969191057152,21.266974135301382,28.540726564044807,21.333968757335743,21.611368494494165,20.975484104821007,18.279979298109218,21.88739418639805,21.74269236637765,10.248780919780343,9.554961535336414,11.26484207661465,3.3777806835229502,11.134658670116893,14.317762140040731,23.097778138197764,16.610441845103647,5.8050155963485555,1.041185563534804,0.9803867916977511,11.619103625878816,13.14773934248961,5.64974689132848,9.144051478106011,9.076010128955176,3.581429260318668,7.883996781002188,10.622449086743849,5.5726674239433684
D_500_Haram_Makkah_0028,8.50116230070411,5.635469652903058,6.698284639314678,6.860635998168002,9.640742914464775,11.835938288203655,21.050711693790834,8.764816670792253,9.87009976065679,12.684076654961322,15.18281455322439,10.539861922906088,4.265226103937373,7.616852732336532,3.609249212499848,4.3971035942093195,11.817644247494858,3.901108201924497,4.218268327212915,7.752231681829873,6.811192483340651,4.223384670597395,9.99998470752562,2.0701881778867794,11.358997762042149,11.388299249688048,11.331755779928784,11.413823621668499,7.4566574507565,1.0216921932058678,21.579243118416137,21.53469291503802,28.40489583212182,21.607713842949995,21.869137982729114,21.24494175642668,18.77656865341051,22.131586626308636,21.981542636116508,10.440709989882269,9.73023438998505,11.43012702577151,3.8658787557668317,11.459475750338992,14.541813109866242,23.36606253978566,16.861648360713463,5.924303698568353,1.459929064900072,1.2531890157835084,11.961622340919856,13.488336267007782,5.504209135125959,9.344718701381591,9.55887614292745,3.948363356493885,8.148987997465508,10.835424222236659,5.07253021214337
D_500_Haram_Makkah_0029,6.9949253642429765,2.027074402219281,8.63705080080458,8.697774147758134,6.066969276170964,9.97337794870923,18.250026567564714,6.423871805482941,8.051612884137445,18.703800775702373,16.67636483084035,8.915681176040929,7.586410484106607,6.626941559605675,4.073692917273303,3.637475227060302,9.619577246679237,6.2954518176643335,10.23795381170442,6.383108810038052,0.8775426869929235,3.8424491578094058,7.65366417213312,4.218038803800867,8.238656341594998,8.303720777829186,8.179647822207361,8.257084073872226,4.188901594851261,6.171971132226464,18.69061775810878,18.485242478446658,30.097051822394878,18.477141552734924,18.938845854753158,18.182048378271322,12.747868135697798,19.369056823120033,19.292730411977992,9.239284671664594,8.86821829275854,10.415686243030061,2.284395655957426,8.25830678877803,12.430888724682042,20.25641397170775,14.229988600690914,6.7952374493296235,4.737148866303439,5.186411808324933,8.432014448654538,9.841046187675985,8.831943350633715,8.239770659163907,4.416854091377385,3.6639851815202023,6.494354710681129,9.296043257722328,11.120426101750805
D_500_Haram_Makkah_0030,6.892930085865534,1.9438946735561071,8.295122316213277,8.363249868208783,6.180122443890317,9.961338927958161,18.383980562291086,6.395379561503512,8.00520416928464,18.20830780289125,16.4356513733694,8.865141368261447,7.1531348713834575,6.463782322606497,3.6508159397949087,3.2777243954466972,9.636718570098338,5.875727593281456,9.741192341978667,6.24935819035141,1.316278554178633,3.5304793214500636,7.654906082648762,3.7370351682183798,8.336615206909471,8.398528904758718,8.280400322564052,8.359510110660223,4.274165937442569,5.671584024977298,18.834568221430487,18.64437431546968,29.875529958664092,18.644289437996488,19.087627675245106,18.3415699949879,13.242339974637295,19.50279902799349,19.419132214512064,9.153406217444408,8.744998977351685,10.328950543380914,1.7898389165489417,8.365891824734433,12.467662715795402,20.426393458175024,14.330059853947557,6.482585147693945,4.235249022559372,4.685896059765022,8.580516623743131,10.018379735556035,8.416018805561107,8.127327082496182,4.791261313744954,3.261469722248391,6.393337195831239,9.24315789971499,10.62022608006547
D_500_Haram_Makkah_0031,6.826461706116827,1.9882205329757507,7.970197920042131,8.046192534994761,6.331216311020305,9.974610999766757,18.530585181824325,6.406264145741666,7.9901630661053895,17.71319824057813,16.206934102163725,8.84288864275475,6.7294612598364765,6.336339667279621,3.2506208677913753,2.959784383017201,9.679928155494737,5.469938897051732,9.245029012763121,6.153817380918132,1.7887684587825614,3.2663057837250853,7.689030318835422,3.2624548937141005,8.463299282996639,8.521935435476852,8.409994495491121,8.490463354959447,4.415279439350887,5.171566693358876,18.99071619552679,18.815572580336152,29.660860153598726,18.8233597182441,19.24837009971816,18.513348446498515,13.737378973786678,19.64847450750746,19.557620463210217,9.094498175827141,8.64923736438453,10.266085190089315,1.301222601417334,8.501837907329163,12.524488618783765,20.60721630529805,14.446910911187988,6.194930309593882,3.73345520703532,4.185806363166396,8.755355490624293,10.217350905912255,8.01000105326386,8.044728670416196,5.187327587670706,2.8903594590392285,6.330676764475401,9.217380469727829,10.120233718892708
D_500_Haram_Makkah_0032,6.796562572779829,2.1521879505911268,7.664440465696858,7.7487464900560195,6.517612680203372,10.013093476532157,18.689542704404243,6.4563263444605345,8.006666304652073,17.21850513950763,15.990727748658514,8.849136354724182,6.317321766155942,6.2467999019361375,2.8825700631588114,2.698474449933402,9.748859342430514,5.081425305461357,8.749565534733623,6.0982824602487105,2.2740691399235744,3.0623230424449006,7.755602798886377,2.7975687284978568,8.617441757050733,8.672719605062042,8.567121536252502,8.64864802514187,4.607112974138263,4.67203777562964,19.15876342455694,18.998511057528074,29.453192217600584,19.014015526659538,19.420776121858196,18.697045886328755,14.23292592496689,19.805819928478265,19.707940343642647,9.06308642212052,8.581852625620442,10.227530322907938,0.8291160544709827,8.664810184900285,12.601095125896213,20.798599679137027,14.58013830986187,5.935908119985939,3.2318166820492435,3.6863160081420623,8.954988529173239,10.4367221999443,7.615474742098076,7.992900682787923,5.600459519073742,2.5643255946734396,6.3075166018948075,9.218938318939461,9.620481353357334
D_500_Haram_Makkah_0033,6.803714757056101,2.411514451003992,7.3802324982966745,7.473253716702569,6.7363816565513215,10.076497483833776,18.860540778452275,6.544667111773748,8.054519939140608,16.724265431371858,15.787546296747381,8.883824328130803,5.919126119796171,6.196806194002616,2.560562172646412,2.5115331346482868,9.84297171248774,4.714459537228662,8.25492787542005,6.083849011773325,2.7654442642858954,2.931124401079595,7.853798374625138,2.348141308574701,8.797599407816453,8.849482035317845,8.75029832032454,8.832601118438092,4.843643869258041,4.173172567342008,19.338399682735407,19.192854019943557,29.252675258235694,19.215911998362895,19.604538007609605,18.892314616987832,14.728929531227,19.9745594898096,19.869823309877585,9.05945692856524,8.543516185155832,10.213561212426992,0.43160404554605275,8.853316238634417,12.697124178686845,21.000254835863608,14.729297653957177,5.709416816697508,2.7304188906716114,3.1877066166747268,9.177797888713378,10.675236013455608,7.234320130025932,7.972443196640458,6.0271487562448485,2.302595881445097,6.324290619917315,9.247817588920647,9.121008387963814
D_500_Haram_Makkah_0034,6.847802105695713,2.7392493479970885,7.12015493510068,7.222226826709598,6.98448190505657,10.164356619926945,19.043255032495974,6.669765565810129,8.133170563529266,16.23052051030553,15.597898723797904,8.946621716522689,5.537882917459949,6.187317151842493,2.3039836422745257,2.41628346168275,9.96155154798062,4.374467682135359,7.761273875959933,6.110808215091215,3.260148211467811,2.8826647693560106,7.982450052084578,1.9250302754779545,9.002210431372832,9.0507007235347,8.957926904805646,9.040749788055551,5.118679481975635,3.6752412367986116,19.529305153956187,19.398258679413644,29.059457292037777,19.42869868799055,19.799339550327737,19.098799701049046,15.22534513577733,20.154406986417502,20.042989165756083,9.083642952688612,8.534619448145861,10.224278591512709,0.43557468270415495,9.06576337820629,12.812139027416084,21.211888805853665,14.893910258645667,5.5194624973158115,2.2294240790815696,2.6904678740404258,9.422139488293354,10.931639388091439,6.868763545718809,7.983597319603256,6.464711331635499,2.1290192813846094,6.380683816560805,9.303763818851989,8.621863333386441
D_500_Haram_Makkah_0035,6.928119480810139,3.1138669349151544,6.886942031836551,6.998299008955431,7.2589064749056655,10.276043597621365,19.23735161124819,6.829602063618904,8.241736491470542,15.737316921083796,15.422284289124388,9.036942499837416,5.177338412583258,6.2185181348745,2.136538159106552,2.4235603528337406,10.103737377504336,4.068218116257773,7.268803896078663,6.178618201525198,3.7568660853195586,2.921064763830382,8.140113864852102,1.5499393035796927,9.229648614726257,9.27478400896788,9.188349787239144,9.271464527538344,5.426368054394174,3.178682553723378,19.731152720087888,19.614377499035097,28.87368483627393,19.652021829104694,20.004858229223654,19.31614142006614,15.722133686999479,20.345067822691004,20.22714811265153,9.135423527869698,8.555254211792697,10.259605056783029,0.8353217180015551,9.300511080024188,12.945633615344367,21.43320597621511,15.07346982482855,5.369923836622026,1.7291823121606265,2.195531056131927,9.686383953475097,11.204704224912108,6.521428481739019,8.026231209179805,6.911082217948745,2.065935831987451,6.475661142533146,9.386292986582779,8.123106587659692
D_500_Haram_Makkah_0036,7.04342752248476,3.520432079328611,6.683406591232391,6.804146261347423,7.55678795486763,10.410791530683843,19.442489603588513,7.021804733946892,8.379054933127222,15.244707177326584,15.261187422575652,9.153971962910626,4.8421184103201,6.289803570797497,2.07986582952015,2.532479994137748,10.26854861060961,3.8038692578755455,6.777775971472265,6.285957007341148,4.254892528584519,3.0430377889548916,8.325141607780912,1.2662849755828856,9.47827079304044,9.520117433910723,9.439897881921782,9.523105321634425,5.7614804507139254,2.6842582490479097,19.943610131420666,19.840860345711995,28.695502482084,19.88552641749785,20.220767248101364,19.54397755802109,16.219260890183094,20.546240950665293,20.42200273643576,9.21433341320458,8.605207987117499,10.319287835757484,1.3078197282277846,9.55591595637598,13.097042846678365,21.66390956119332,15.267448963890661,5.264246083426478,1.2306119355946519,1.704901865273084,9.96894868789204,11.493242984304265,6.195380320436826,8.099847745043432,7.3646599228585545,2.1232169606089535,6.60755891592533,9.494711888265291,7.624814298274071
D_500_Haram_Makkah_0037,7.192043383856191,3.949089817278413,6.512331750298445,6.64237995767884,7.875465041263973,10.567718273428174,19.658323334630627,7.243797623470476,8.543739587097571,14.752750738913006,15.115072290263182,9.296701467715982,4.537838623787649,6.399834077385373,2.1427737861535787,2.7309074246612735,10.454915262770372,3.5906872260345555,6.288527846960654,6.43084551824798,4.753816202271375,3.2391564099646066,8.53575393205518,1.144219441214904,9.746455912753973,9.78510272803577,9.710929628057347,9.794059289116195,6.119512969977466,2.1934119640199112,20.166342038454907,20.077356467602232,28.52505245074182,20.128858106719203,20.44673743667673,19.781945493041224,16.716696508047804,20.757620712318346,20.627249910489827,9.319683477701448,8.683974777045677,10.402907692044941,1.7965563434848206,9.83036800229268,13.265753296243526,21.903702953278543,15.475305421585789,5.205101333395956,0.7371117356307563,1.2237719644607041,10.268321345950925,11.79612018760729,5.894152648932959,8.203612835500962,7.824191130932622,2.291855249474537,6.774220835977681,9.628145917812393,7.1270838265466425
D_500_Haram_Makkah_0038,7.371952864513722,4.3933781480196705,6.376330701966384,6.515412778339297,8.212517193838842,10.745852168980091,19.884504500434335,7.492933363880595,8.734242569221728,14.26151518550234,14.984377139466268,9.463968267881025,4.271116745152223,6.546656303356621,2.315536088873984,3.001140665136643,10.661706989365594,3.4382027424656982,5.801509747640133,6.610815215118492,5.253381399846994,3.496967876337658,8.770107759514945,1.232717526337774,10.032635228797325,10.068188313938249,9.99986088184197,10.082769502689484,6.496677263247188,1.709228788273003,20.399011869701535,20.323516286932815,28.36247413510077,20.3816649097436,20.682439001773634,20.02968408754544,17.214413780595823,20.978898569614554,20.84258259580304,9.450589497063191,8.790780061679033,10.509893250698953,2.2911630928139934,10.122317986449566,13.45111394842867,22.152290950862533,15.696487881770873,5.1940793589850935,0.27722658103768855,0.7701546306158958,10.583075604158969,12.112260214504275,5.6217366559705475,8.336400709712159,8.288685651462693,2.5498511160694286,6.973154647526752,9.785571783723121,6.6300416425280675
D_500_Haram_Makkah_0039,7.580928271147805,4.849002444678241,6.277683333251446,6.425307933468559,8.565775534481098,10.944157686734156,20.120684130157827,7.766600289870678,8.94891513724818,13.771077632966607,14.869508548873391,9.654497059316771,4.04938100323045,6.7278619004625035,2.5761453168408903,3.3257215599264045,10.88776001196746,3.354702750525461,5.317334380485553,6.823090639039281,5.7534209436793295,3.803949054416028,9.026354011890088,1.4948377616352821,10.33531406074495,10.367891623617023,10.305186143390406,10.38775551345643,6.889832043431869,1.2395412667658547,20.641283545411564,20.57899300391839,28.207903628669396,20.64359870570062,20.92754312044524,20.286835372802777,17.712388941314664,21.20976471013063,21.06769152350132,9.606006692995017,8.924617200683524,10.639539637440285,2.7885179743036415,10.430296641212628,13.652446605709251,22.40938086108573,15.930441263255856,5.231484254055525,0.3390686056665398,0.4396027257235297,10.911880454996004,12.440651974463783,5.3825086381382095,8.49685073371147,8.757353703535896,2.873233393656916,7.201686429050229,9.965852546773403,6.1338550032496775
D_500_Haram_Makkah_0040,7.816638693574316,5.313047057894404,6.2181676115358,6.373628934083284,8.933317656030896,11.161559684632742,20.3665143661182,8.062300676263597,9.186062918501062,13.28152645256603,14.770835731462489,9.866940338426476,3.880350929410278,6.940758344299264,2.901022341551219,3.6903374306979906,11.131900951251557,3.3453566741635155,4.836855419807451,7.064760253787018,6.253820986970091,4.1492006065296865,9.302683713608376,1.8585154330947835,10.65308609478749,10.68281409385977,10.625492214744323,10.707626619889695,7.296392844743154,0.8099714389689995,20.892823021806148,20.843444011976914,28.06147324504517,20.914316554698885,21.181723371231993,20.553046028791094,18.210600811642486,21.449909519955234,21.302266749162154,9.784767117297072,9.084291462177443,10.791030085193965,3.2873737853135734,10.752926767093435,13.869055674579055,22.674683478825344,16.176611453978094,5.316293860739396,0.8109696178020565,0.5458518197294905,11.253504339061859,12.780351043739934,5.181067772638096,8.683429595077833,9.2295594811837,3.2424971748881135,7.45709542451319,10.16777254599721,5.638749694102728
D_500_Haram_Makkah_0041,8.076743728802862,5.783485430730446,6.198910681912583,6.36131229420384,9.313452601023025,11.396965358610482,20.621650057395435,8.377701711949163,9.443992898571565,12.79296336985142,14.688685053613124,10.09991530063003,3.7711202463876305,7.18252809702144,3.27107388490575,4.084280089581985,11.392967007812693,3.410774029597649,4.3612946301332896,7.33291836287967,6.754501348070834,4.523968977069735,9.597362235486093,2.275568220831682,10.984641489067199,11.01165000545757,10.95946563050654,11.041089153625192,7.714240307399616,0.5293730010580732,21.153299664549305,21.11653212824375,27.923311030803912,21.193481827206497,21.44465700347427,20.82796866438813,18.709030459361518,21.69902491916119,21.545999072096063,9.98561715103244,9.268467556689481,10.963459086126788,3.787137340439487,11.088929556372788,14.10023711095798,22.947913944787473,16.434449454676376,5.446293997845898,1.3057436064721508,0.9524958250183962,11.606815366921401,13.130479825247354,5.021963190636559,8.894493094122314,9.704786550732704,3.6437197040676965,7.736720181411492,10.390070211842996,5.145037813416921
D_500_Haram_Makkah_0042,8.358966384675739,6.258875933888943,6.220286392742055,6.388585615652419,9.704700650403517,11.64928328398298,20.885750167073855,8.710663613382303,9.721050925371955,12.305506043001033,14.623334943302961,10.352035788435419,3.7269504189087748,7.450360752783439,3.672670020551827,4.499853727701215,11.669822304524743,3.546820313851933,3.8924549572189377,7.624770676637155,7.255403938461084,4.921515669858139,9.908752633009438,2.721568014004432,11.328770092924648,11.353190412311953,11.305895229254245,11.386949081834508,8.141636794660847,0.6395372252942343,21.42238745373327,21.39792664643335,27.793540275224906,21.48076515710126,21.716026047703192,21.111262906212193,19.207660909525785,21.95680555832573,21.79858131620119,10.207252853284484,9.475716848918978,11.155855743993126,4.2874911275977965,11.437126437607184,14.345286380786375,23.228792487279605,16.703414928119727,5.618348545223077,1.8046746624714098,1.421665221742672,11.970778730081252,13.490226226885191,4.909312731298206,9.128342959179077,10.182611865691651,4.067454409790442,8.038033813755627,10.631467328027144,4.653162833081864
D_500_Haram_Makkah_0043,6.510923829721763,2.5096529571864346,8.285963350341351,8.339562897804779,5.57707331698865,9.474638932482831,17.767460372320397,5.926983774317863,7.556303940046368,18.79109366048679,16.243145681251367,8.42069441135568,7.354038317670456,6.163418686700163,3.8428271182680236,3.328236896192448,9.120218560169508,6.045372237776082,10.321910029033138,5.909127733537407,0.7072352054188755,4.229994311816951,7.154535590476713,4.379895171442936,7.746620744531417,7.811146547625813,7.688107244262363,7.765878866520843,4.685489979760119,6.150502389927802,18.21089623221394,18.010228281782478,29.651385427734493,18.00484216557481,18.460585030102155,17.707140195930556,12.667901588473388,18.88650605953868,18.808256038239072,8.750292626723313,8.388768288760895,9.926492946714466,2.2616306530465247,7.768111963824601,11.932246049473175,19.785231813976946,13.739275295116489,6.421766362332021,4.744812093361676,5.170562477487553,7.952093375822123,9.371214127133182,8.568901303664429,7.757652558140128,4.776877338959286,3.4074939734299536,6.01054059984588,8.801288745117537,11.176034224198702
D_500_Haram_Makkah_0044,6.401219112594095,2.4429539092594736,7.928907462403209,7.990053798564264,5.699957332401674,9.461963879150078,17.905024082939164,5.8960884434293925,7.50683190111766,18.29796432917473,15.995913696424196,8.367163649412332,6.906198038970012,5.98763982946871,3.3912795587766054,2.930765261528281,9.13829504491933,5.606956622197462,9.829391462127589,5.764387489751441,1.2094043071298843,3.9487583352553615,7.155862122630225,3.9188054183946384,7.850719550449972,7.9118575036901895,7.795213509883551,7.874694665917076,4.761867568621126,5.648211533805239,18.358607701148376,18.17351901835059,29.4265086213864,18.176332863713935,18.61318926446726,17.870900571456133,13.165375561824202,19.023640199131943,18.93789091565834,8.659564566247367,8.258396856931071,9.835442815242764,1.7606831527993063,7.882388471668285,11.970550785438597,19.959223591848176,13.84289329778369,6.0899685294004975,4.243815659769257,4.668345094458655,8.109386886356411,9.557267630172031,8.139545264549263,7.638113089303394,5.125047116345244,2.970418448729303,5.9012446294300265,8.7454104512172,10.678438427251733
D_500_Haram_Makkah_0045,6.329587074913337,2.4783639029164326,7.588316733799682,7.657558505363939,5.86343493136442,9.475933900349322,18.055517174724528,5.9078905265329595,7.490788268460113,17.805347651340686,15.760815734578955,8.343581220450655,6.466363622727457,5.849830937331731,2.956151088734121,2.570253657883852,9.183848399669703,5.180153928851485,9.337914599778912,5.6606648029507465,1.7116456107503546,3.7144492065872385,7.1923524396258225,3.469177015666992,7.985114167686009,8.042733004510264,7.932736015683037,8.01357247776708,4.888921025413231,5.145921288064715,18.51876845070322,18.349109991502825,29.20853871309599,18.359966898770917,18.777992497670503,18.04715861736953,13.663201793500598,19.17295579687424,19.079871642824116,8.597271829395103,8.156922936629119,9.769400921509737,1.26080675353739,8.026525947535816,12.029723950949075,20.14423951685319,13.963820506418516,5.78281443327251,3.74316697196007,4.1661461294868,8.29416108566238,9.765636635676541,7.718997298329482,7.550162796957294,5.497113412751476,2.5574110986833807,5.833298202379916,8.718159832040866,10.181304249064112
D_500_Haram_Makkah_0046,6.2973270151627485,2.6117328822051395,7.26650670845273,7.3443880745267975,6.064224004544148,9.516431609916086,18.21861922251175,5.962136401345363,7.5083872764485715,17.313287363289756,15.538402547100098,8.350200817529492,6.036285298662765,5.752721347019221,2.5458743266421067,2.264424113405785,9.256472928200406,4.7680835949925235,8.84765299411866,5.600239137253212,2.213909794163815,3.5364067381067894,7.26347653630188,3.036106169828656,8.14830562619373,8.202329220573807,8.099125463503826,8.180981425186461,5.062836526118116,4.643631763071842,18.69105843399949,18.536651635504587,28.997631442929062,18.555383721333413,18.95467651481054,18.23555192144184,14.161343104984233,19.334170605692787,19.23392479719734,8.564034886247681,8.085434560384133,9.72887652229775,0.7641059557020641,8.198949626128833,12.109459593963226,20.339978738582268,14.101611598133346,5.50443100051315,3.2430269601483754,3.663973044772075,8.50462495171887,9.994925534348685,7.308777960195468,7.494913774328517,5.888548214944737,2.182180484168338,5.8081526074966545,8.719805241529224,9.684702735169145
D_500_Haram_Makkah_0047,6.305043243568639,2.829241245573895,6.966080634560138,7.053117088759476,6.298757300026693,9.583120657821386,18.39399479121471,6.057685870178278,7.559393904748428,16.8218322662662,15.329226251121035,8.386950879390383,5.618203952808255,5.698392107922378,2.1745612692448137,2.0380437438051815,9.355538169441585,4.3749104076688,8.358820430904306,5.584516045823804,2.7161840148307195,3.423420906376242,7.3682314862982405,2.6277917759278853,8.338603334194826,8.389007076276028,8.292644366330771,8.37521073970448,5.278984430564629,4.141343122712627,18.875145489934173,18.735785060197298,28.793941992493593,18.76221514434227,19.14291232792774,18.4357084370631,14.659767349072085,19.506989585113427,19.399762759128514,8.560192143577154,8.044731104266297,9.714188932668476,0.2875362147354161,8.39791734651259,12.209354825575044,20.546134762879078,14.255777552477051,5.259388698645452,2.743673667197491,3.1618380426380313,8.738922543458159,10.243729611350982,6.910726751833221,7.473091289558652,6.295739809616682,1.8676363026523777,5.826361964680412,8.750330332316375,9.188720204690016
D_500_Haram_Makkah_0048,6.35259002499738,3.1133035433187084,6.689919956708463,6.786565765072093,6.563418363992846,9.675459438021898,18.58129633916643,6.192627274315679,7.643139290209547,16.331036972066823,15.133835701223987,8.453438403844244,5.215005659821448,5.688069122087594,1.8656233071556585,1.9194322753113084,9.480215225443695,4.0062018958725005,7.871683094074711,5.6138710718170595,3.218463446806132,3.3820180880253967,7.505209146128561,2.257705733796776,8.554198408788228,8.601003349354931,8.511442405225864,8.594442192861962,5.532416900509084,3.639055621331523,19.070687973006656,18.946144741393024,28.5976245769058,18.980087985515087,19.34236265990845,18.647249353051308,15.15844658956644,19.691107184818264,19.577086021913374,8.585783021919136,8.035280362746214,9.725455169311582,0.2934115611684986,8.621591519667824,12.328919592461482,20.762397277806258,14.425793364769842,5.05254079515277,2.2456317927049296,2.6597625387265293,8.995191618453571,10.51066305349711,6.527070198644128,7.484987659151014,6.715822665083592,1.6488819827291754,5.887523944500042,8.809434855029371,8.693462554818812
D_500_Haram_Makkah_0049,6.439085019448965,3.447507304405674,6.441146465405192,6.547753662274861,6.854718320254636,9.792722356626324,18.780167021433567,6.36445543807113,7.758563313190735,15.840962782471737,14.952771302390708,8.548969543775137,4.830418669395901,5.721990496939885,1.6543808821497183,1.9285770981465855,9.62950928643047,3.6693402703691094,7.386576331554238,5.687606211203681,3.7207458699827067,3.4148028842719964,7.672683875422445,1.947761932968155,8.793230255015878,8.836495939927516,8.753624172361278,8.83681510949784,5.8182637705045215,3.1367696761493926,19.277337265814094,19.167361040573194,28.408832014169015,19.208626517160013,19.552684306333347,18.86979177518785,15.657356435867184,19.886209560015622,19.76558545262539,8.640545955606743,8.05719226026037,9.762585337031,0.7707768188072309,8.868102834061697,12.46758797939393,20.988453858038792,14.611105727520039,4.888737754665254,1.7500211193042086,2.1577878767928325,9.271610423760547,10.794380947618603,6.160498183996597,7.5304430265339946,7.146523785670572,1.5665727407476209,5.990322967690045,8.896549176829183,8.199061094404529
D_500_Haram_Makkah_0050,6.562988425522379,3.818710278762241,6.22304546639424,6.339816185585165,7.169410756565693,9.93402678564989,18.99024335520582,6.570276910429506,7.904278260353378,15.351678730948716,14.786559316245036,8.672584532649585,4.469250083532983,5.799379839970659,1.5805041079458702,2.06378040935251,9.802295585939703,3.3738780990958688,6.903928134492686,5.804030208276766,4.223030120445209,3.519702694647754,7.868708597662335,1.7305816662248672,9.05384274501516,9.093659579730208,9.01730573790364,9.100480654198858,6.131993593328935,2.634486022542688,19.494740145440954,19.39906253144883,28.22771527338622,19.447454705427333,19.773530350583208,19.10295119535658,16.15647549947039,20.09197669120436,19.964944473276933,8.723931547971041,8.110212546961726,9.825286176059208,1.2675551032167578,9.135602748219721,12.624730474765672,21.22399153709148,14.81114046732228,4.772413824220539,1.2597141284761981,1.656005515986362,9.566432417381142,11.093595548277033,5.814242935614358,7.60885591669949,7.586034760343614,1.6413651698102933,6.1326654978294615,9.010860917864136,7.705680573351223
D_500_Haram_Makkah_0051,6.7222319780998125,4.217153408927991,6.038941088943573,6.165877699379355,7.504553407342889,10.098363510637776,19.2111577172884,6.807008793312705,8.07864517048199,14.863262822021127,14.63570574280988,8.823103007353465,4.137636835089238,5.918532196872634,1.662408164239479,2.3029457890550256,9.997356094227117,3.131555370479304,6.424292589189279,5.960642107168608,4.725315529137993,3.6905731929811765,8.091208496845399,1.643363451160873,9.334228409568777,9.370710216759663,9.30065862511872,9.383644087683022,6.469551168460547,2.1322060887636223,19.72254098188975,19.640878118441545,28.054423003605432,19.69619822841725,20.00455221388057,19.346343732552903,16.65578494719342,20.308084386094222,20.17484113694584,8.83512937153962,8.193737303968424,9.913072448561385,1.7674520175215398,9.422303784596833,12.7996666406194,21.468698240727555,15.025309563292648,4.707090215646587,0.7847156397196818,1.1546658348116627,9.878009894482622,11.407087421738202,5.492148366589992,7.719221981358434,8.03290960676593,1.8543460796349986,6.311876736303822,9.151350901652524,7.213530424365173
D_500_Haram_Makkah_0052,6.9143743139322895,4.635818141569075,5.892020941060338,6.02888155599717,7.857529902941636,10.28462846109214,19.442540651418646,7.071547376958774,8.279854031867467,14.375803512699894,14.50068989179387,8.9991750761684,3.843236984082061,6.07699143841334,1.8798399653205597,2.617731459761904,10.213414641693804,2.9554718805089815,5.948398426669452,6.154374591391731,5.227601684127678,3.9187942309564248,8.338064335891444,1.7061557136122787,9.63266069956771,9.665937922592514,9.60194144978496,9.684595249347439,6.827403105502439,1.6299330635091236,19.96038375321009,19.892438938857833,27.889101045459597,19.954486268991115,20.245401527846646,19.599588137508352,17.155268131654125,20.53420614649263,20.394950078593045,8.97310546407269,8.306846372206758,10.025285154731382,2.2684065270702596,9.72650811786946,12.991677676850289,21.722264078333467,15.253017614700877,4.694896141976386,0.3863546964170373,0.6547858190308425,10.204808174144647,11.733712242980687,5.198707085263303,7.860195307308098,8.48598500462105,2.1651116884099375,6.524919456915553,9.316834922434088,6.722880801318003
D_500_Haram_Makkah_0053,7.136758677063147,5.0696970598420315,5.785118662868121,5.931387990073256,8.226044783231806,10.491653746232824,19.684022970514278,7.360895233624148,8.506000176124658,13.88940149183623,14.38195778886813,9.199333550814908,3.595203930734009,6.271778889874568,2.192848510776975,2.9843030721060497,10.449168734540017,2.8578974099785333,5.477220881382734,6.381847905318837,5.729888317904505,4.195016023570638,8.60718072127429,1.9041753456250143,9.947515473118195,9.977729281068072,9.919520562336286,10.00172853356057,7.2025250532888245,1.1276758163683385,20.207913868103336,20.15338004654025,27.731891928178346,20.221953083751703,20.495731822653553,19.86230755931647,17.654910283906297,20.770014887930486,20.624944325406553,9.136646693949016,8.448351535993883,10.161115037977503,2.769844713505945,10.046625872898746,13.200018446524304,21.984382492165736,15.493667666854332,4.736241901629418,0.4328427176096759,0.16978601009235053,10.545412252088136,12.072404070181832,4.939028764020863,8.03016403067312,8.944318689144065,2.5379926172549174,6.768599799577475,9.506007711176446,6.234085942591603
D_500_Haram_Makkah_0054,7.386654096096508,5.515200573732449,5.7204781426409985,5.875363733873134,8.608102626439889,10.718236423072046,19.935237645600292,7.672245883910079,8.755151374800928,13.40417182815111,14.279915590883954,9.422043464385306,3.4036891935619455,6.49962914725508,2.5667019648319034,3.3858823049921294,10.703316955849672,2.846915687325794,5.012090250485841,6.639594998169739,6.232175249184479,4.510428285284936,8.896537720962481,2.201225090665948,10.277283444086486,10.304580835648077,10.251881573098562,10.333554136582231,7.5923575679341715,0.6254717058741307,20.4647797921481,20.42334187978814,27.582934354903276,20.49823935420585,20.75520002862002,20.13413107794315,18.154698256398962,21.015184504313126,20.864496956252918,9.324407949970995,8.616853907486142,10.31962953298525,3.271544056329632,10.381184979643248,13.423928623268361,22.25475126693679,15.74666634261478,4.829752600546413,0.8544158351196546,0.3653776610989846,10.898527778783722,12.422175885420124,4.718690727852941,8.227331247286553,9.407142067415016,2.9495240756107126,7.039736863028306,9.717485858384489,5.747619000972875
D_500_Haram_Makkah_0055,7.661368957226971,5.969726651595317,5.699537407945619,5.861997829203526,9.00197919979192,10.963163906283446,20.195821479041058,8.003031692814528,9.025402582193744,12.920246577068099,14.194923206833137,9.665746066998345,3.278611927030228,6.757198380327214,2.9785769477938393,3.8114196371080356,10.974581434835374,2.923502555930788,4.554859307734691,6.924235911192981,6.734462350753719,4.857402499700593,9.204226551329109,2.5631018242300483,10.620575504302032,10.645105395573225,10.597633773387864,10.678702478796906,7.994748978958454,0.12396491196727398,20.7306344784575,20.701971520464248,27.442362679632883,20.78299332975315,21.023467793209164,20.41469501098107,18.654620306919742,21.26939127398305,21.113282604208116,9.534958483131685,8.810804650913722,10.499801248891204,3.7734002812047613,10.728834503559128,13.662642721097981,22.5330734043442,16.01142826050996,4.972486044502397,1.3331503810358412,0.861837740257044,11.262978007142443,12.782118105685235,4.543420044654776,8.449793176854337,9.873823771582149,3.3856410100440564,7.33528654274041,9.949847162850087,5.264125319098058
D_500_Haram_Makkah_0056,7.958333386332529,6.431362549295973,5.722776125229705,5.891580543896862,9.406189877799225,11.225235407753564,20.465416564698895,8.350943416320431,9.314917428747462,12.437777961800156,14.127288335699248,9.92889565476078,3.227704852106779,7.041225910629381,3.4147428523346046,4.253730834234585,11.26172535020006,3.0811347878482485,4.108166460861026,7.2325960423819895,7.23674953070619,5.2296601996203655,9.528471446923435,2.966172637438799,10.97612274113005,10.998032953334187,10.955509334924447,11.035923588579385,8.407896271828799,0.3796172599943418,21.005136607464358,20.988923754426235,27.310306379484913,21.07587177487082,21.300202618778037,20.703644006460348,19.154665916117516,21.53231510715763,21.37097880004191,9.766824507791291,9.028563831520904,10.700536234355685,4.275358046909565,11.088343216302537,13.91539886230109,22.81905786883837,16.28737974817508,5.160359326159393,1.8245938066135503,1.3625772780480077,11.637698066316213,13.151395661094865,4.4185829025492165,8.695608626191758,10.34384154861903,3.8379713440091505,7.652420735972956,10.201664729673727,4.784506276319475
D_500_Haram_Makkah_0057,6.186693434458073,3.133910798779157,8.337188952815762,8.375921855481769,5.001698412059575,9.017355235729097,17.15802907280733,5.5100633232393355,7.149515207551326,19.382242170566787,16.079562069072608,8.01429096648515,7.615761124991657,5.932822239890105,4.148443737719112,3.523385781233743,8.6309809535188,6.290649813104709,10.917702099090771,5.637774902883529,0.5207517388107645,4.9320203438114145,6.6918290586949984,5.04033074501032,7.1780581723247465,7.245421950486684,7.1170473432905865,7.193034566196074,5.161641970973127,6.670374263576126,17.59363323638182,17.381811188576574,29.442577981831654,17.37073869844316,17.839626585433233,17.07852002537282,12.10765528908888,18.276883188321936,18.204441785479904,8.38771709640609,8.079063091799526,9.559639409399402,2.833695013284917,7.190437225299092,11.41568138211546,19.148802970360205,13.160097316522581,6.43876196340752,5.300240590085099,5.702211068831066,7.338236856594072,8.733543633660382,8.776454966612414,7.437224105317503,4.866656146779025,3.6862241155503876,5.690504288929361,8.395999127238557,11.748262530183723
D_500_Haram_Makkah_0058,6.029430770741031,2.997738171486994,7.9507539779082865,7.9965055961979505,5.089020932598507,8.975971211893292,17.28584954445837,5.430552623424972,7.0615683520176065,18.891188104385407,15.813828954153847,7.926258762341804,7.149048238403692,5.705949781322841,3.6658450601674524,3.0695031083614346,8.620862335926315,5.827443043658885,10.429127751710867,5.4396930437830795,0.8538344436698831,4.638969328264847,6.655444571586092,4.590627658867523,7.255588637349365,7.3194945845558035,7.197645885910387,7.2757865964186825,5.182613481537847,6.169512449455511,17.732260409541986,17.536568187545114,29.207457392429273,17.534043756036304,17.983472561808952,17.233615757687975,12.607222910464507,18.404853412459893,18.32458219968825,8.262543268253106,7.911784316429458,9.438366710074511,2.347388847738768,7.27916580225148,11.433667850198022,19.315466807262325,13.249209801827341,6.066438101379709,4.804649405130384,5.2028181989879005,7.474722011328599,8.904598702892978,8.327524997536793,7.277862682858227,5.1601609600169995,3.208737497534805,5.529494643526204,8.307087778532651,11.253548617344338
D_500_Haram_Makkah_0059,5.9107939281271635,2.9421199299195395,7.577918624215089,7.6312993013624215,5.22339642096903,8.962589385762648,17.42721438566395,5.39681344029887,7.008602962288503,18.400741112337442,15.559776366699062,7.869363594926313,6.687492771512024,5.515608471148955,3.1893338297311487,2.6332577258178427,8.639981958067342,5.371266625032948,9.941921100939,5.282102380642803,1.3005688002890796,4.384044763097696,6.656868385920702,4.152997705265699,7.366627478437707,7.426873449197917,7.311937933777276,7.391818548729913,5.2517632390496995,5.6689040994177615,17.883924662137012,17.704227203455947,28.97913575188449,17.710092924279223,18.140090049745094,17.40183185105735,13.106998483664675,18.545548568666366,18.45761353900849,8.166396494616517,7.773415585954216,9.342559220012689,1.8695556197061365,7.400993755323703,11.473635943750486,19.4936510660052,13.356629016628254,5.714042328786671,4.3106101493768945,4.704043122731941,7.641845603577783,9.100195382221091,7.885035084381171,7.150304656676458,5.484047556751932,2.740135014031168,5.410487326086978,8.247860338075366,10.759537326482638
D_500_Haram_Makkah_0060,5.833140077359129,2.9715825230911936,7.220789734828249,7.28244107052176,5.401314149786931,8.977334935025452,17.581796869453882,5.409702168517828,6.991414060585078,17.910951041450012,15.317985464492004,7.844282959286231,6.232240629230423,5.365687338593421,2.7221086398893313,2.225047708195491,8.688146745268103,4.924074780808948,9.456293505272177,5.168707816068222,1.7772223833129432,4.174237658046056,6.696076322889605,3.7316907853253665,7.509688415984756,7.566140574741692,7.458374636404234,7.539594023395869,5.367229348702509,5.168622783202536,18.048297313279587,17.88442536413901,28.757774986764563,17.89851013236056,18.30915128527042,17.582791715430663,13.606959064878467,18.69868139736425,18.603259235747363,8.100310402521936,7.665522554488425,9.27300623853139,1.4088428058708693,7.554319826757904,11.535357141686086,19.683042856335764,13.481917352892554,5.385487935071184,3.818725096071187,4.2061055295190055,7.837647899415536,9.318788407886647,7.450132754434999,7.056274933437108,5.833257293318433,2.2858867243416916,5.336293144725832,8.218958505690283,10.266330048041455
D_500_Haram_Makkah_0061,5.798116030930785,3.083688109757906,6.881812926898476,6.952392227962768,5.618639191075949,9.020069871969307,17.749251629368445,5.4688890744616385,7.010264761465725,17.421873273555153,15.089045685630337,7.851321699000439,5.784780114694935,5.259643858446609,2.2699107251298205,1.863389834922539,8.764877836834334,4.48855360688872,8.972501317305337,5.102456700505911,2.26498411217422,4.016624233946601,6.77241211636192,3.332902641791135,7.682982803345208,7.7355738027090855,7.635106619580278,7.717289648718261,5.526109207342108,4.668773544455258,18.225034490470527,18.07678766214779,28.543537032163727,18.098909092476944,18.490314921274013,17.776106139287677,14.10708495491798,18.863948981607138,18.76122549005459,8.065023941352335,7.58940503195551,9.230301246445341,0.9894610133958863,7.737271637808216,11.618484735242347,19.8833218997798,13.62458182934989,5.085397930750631,3.3299488869836744,3.709342592952854,8.060039046443025,9.558800208877262,7.024227437986336,6.997125279322011,6.203515088549519,1.8565586921702435,5.3087912428279145,8.220702088681078,9.774048454705605
D_500_Haram_Makkah_0062,5.806493182960845,3.269947685660814,6.5638010450601385,6.643956460546781,5.870996917017375,9.090399417037764,17.929217974019622,5.5728991525287,7.064866527097451,16.933569503248496,14.873550443826607,7.890393805223133,5.3470675980881275,5.200162949214921,1.8438294987822275,1.580569060486484,8.869433820847128,4.068452709213783,8.490858228498318,5.0851918766582,2.7579665108371083,3.917509196212446,6.884640814730491,2.9657310788628255,7.884517331114052,7.93324051042326,7.840085341257875,7.9228924702850545,5.72478930384366,4.169511683246783,18.413780147383683,18.28093008538077,28.336583429612354,18.310896392842228,18.68322888314595,17.981376639671453,14.607359146348617,19.041035330009684,18.93120386632793,8.060941543287504,7.5460245940480934,9.214817478669746,0.691247087669564,7.947803520959396,11.722563304363655,20.094162638065995,13.784082900781039,4.819092691172431,2.8458836477816014,3.2142988543398294,8.306883766994753,9.818660158384189,6.609058676758246,6.9737432260590015,6.591274778112889,1.4740879427452482,5.328704541540036,8.253071614797463,9.282839774792956
D_500_Haram_Makkah_0063,5.858085273677479,3.5186046100965,6.269944862168692,6.360278799340833,6.154079057786557,9.187689857543733,18.121323119866528,5.719287412179037,7.154400800257396,16.44610864855792,14.672092120136815,7.961027588879806,4.921704503042296,5.188846051134249,1.4668033930220779,1.4243479640707533,9.00084504227764,3.669072570504783,8.011751790064977,5.117409090376776,3.253797369793752,3.8813764836271916,7.031043815005194,2.643383766996138,8.112187476505524,8.157088402016978,8.071158937778199,8.154291749897968,5.959290131536095,3.671076744245926,18.61416897163476,18.496462569962475,28.13707489853767,18.53407438360812,18.887533105392517,18.198198615239075,15.107766879719563,19.229613905592846,19.112873860198793,8.088110407940853,7.535946557855254,9.226691935887244,0.6936898110332173,8.183787171043672,11.847040652245795,20.31523621158675,13.959843439929625,4.5924531831948165,2.369418279811856,2.7219123552797915,8.57607073455118,10.096835850551377,6.206781268965407,6.986487840568233,6.993625745949908,1.1847584385672623,5.395508002442966,8.315709401325272,8.792883776644134
D_500_Haram_Makkah_0064,5.951768532323507,3.817485186397028,6.003792267576576,6.104811523987948,6.463850113773723,9.311096055299135,18.32518529103357,5.904902836604484,7.2775783407228465,15.959567920912669,14.485256367020014,8.062393516435428,4.51218462726458,5.226005992553876,1.1865533297404447,1.4366372419077695,9.157955459441025,3.297949500567357,7.5356657928628055,5.198188308688169,3.751347272517399,3.909972472668745,7.209539444391319,2.3841119786649942,8.363859173177506,8.405025868354114,8.326155030901603,8.409358194696686,6.225565119010279,3.1738582121010626,18.825829143172864,18.722991743110747,27.945170882277097,18.768043828933084,19.102862115233776,18.426164267286218,15.608295284660452,19.429350064351173,19.305905396402693,8.146217808242856,7.559304066529881,9.265819393252647,0.9945759572469888,8.443088684892048,11.991281503693466,20.5462122926981,14.15125759655376,4.411596867347574,1.906259824543666,2.233940664192607,8.865564989967817,10.391856488555236,5.820068871533445,7.035162730831341,7.4081908897794895,1.0672212734545992,5.507495545582141,8.407938946035113,8.304402137150921
D_500_Haram_Makkah_0065,6.085599315936612,4.15576723237196,5.769178658751986,5.88123189889544,6.796661806741056,9.45959593446151,18.540416644508337,6.12618079788402,7.432726640598584,15.474034087251301,14.313615773086918,8.19335098812705,4.123231229155006,5.31062517584199,1.0811550474722806,1.6135910465880428,9.339468167544736,2.9657105006656477,7.063210971640976,5.325320017586611,4.250012419395408,4.001909728480573,7.41781126392222,2.210225458691464,8.637434606003483,8.67498761546102,8.602946608077264,8.686007033873402,6.519722255980792,2.6785334283148954,19.048384912374495,18.960123433193598,27.761029070085733,19.012406307880195,19.328847436996778,18.66486526437715,16.1089330874817,19.639903373417948,19.509961223671276,8.234608768697816,7.615789433840013,9.33185700680165,1.414831814378959,8.723628960004525,12.154582233194756,20.78676076354272,14.357699282599423,4.28232829091287,1.4690485094769006,1.7540719408211336,9.173444126622202,10.702329080482322,5.452234369828332,7.119030880392242,7.833031082499983,1.1742489146932529,5.661986666875817,8.528800248695784,7.817671181849367
D_500_Haram_Makkah_0066,6.257001947667166,4.524621753262478,5.570090679003772,5.693297840915428,7.149297063277117,9.632028892151494,18.766625988756783,6.379411310066071,7.617892518295065,14.989604964756078,14.157722974063347,8.35250818959926,3.761230034911344,5.440489490734295,1.1976951511725724,1.9099776986522745,9.54399093804453,2.6868189943672043,6.595167685137673,5.495588209991126,4.749441454060307,4.152983602844505,7.653428718771597,2.142614495952139,8.93090106039305,8.964984173118085,8.899500211313391,8.982244260964961,6.838164211835155,2.186389666761269,19.281458975247915,19.20746493302763,27.584804896946192,19.266766355411896,19.565119798711788,18.913895136119926,16.609670371387878,19.860929784980893,19.724699179006926,8.352321841124215,7.704674029317617,9.42423905495662,1.8758752418113083,9.023427215719616,12.336185913315452,21.036553232607417,14.578530084602848,4.209402741208778,1.0894829887128612,1.2913707839350008,9.497920408516965,11.02694848003133,5.10735810061048,7.236868771137551,8.266562241831455,1.457171761816508,5.855618095671093,8.677096929103916,7.333039468772732
D_500_Haram_Makkah_0067,6.462987765983311,4.917173425203566,5.410451377077731,5.544635055448094,7.518967204898576,9.827135134042395,19.00342127312497,6.66095107154379,7.83094687815854,14.506391198562788,14.018103335868913,8.53828825501933,3.434713396228218,5.612459018979954,1.4848031195515907,2.2796802363569872,9.770078786764257,2.479343198665179,6.132546030968406,5.7051319291324845,5.24941627463015,4.357046925707181,7.91394969673755,2.1911389757433857,9.24236392840334,9.273136056316051,9.21390784583275,9.296197380854224,7.177659417489002,1.7001913068319308,19.524674630934467,19.464627010311247,27.416651023456584,19.53073334215465,19.81131112931938,19.172851390356247,17.11049837858111,20.09208364821095,19.949774299919223,8.498138587709121,7.824853784360762,9.542200371040602,2.3538600422109672,9.340629271162266,12.535297051036634,21.29526438818091,14.813106458873895,4.1957590068793325,0.8487842372378425,0.8735562142562878,9.837351605067807,11.364502433684393,4.790401056994243,7.387050875506743,8.707486291629387,1.8364170332232548,6.084654235694626,8.851450096390753,6.850952449804509
D_500_Haram_Makkah_0068,6.700367951710836,5.328187114168847,5.293830690054988,5.438464913093464,7.903282159127822,10.04359335683276,19.250411834064725,6.967369079899201,8.06968105084131,14.024518385229296,13.895247376650108,8.748995336825965,3.1547185562954696,5.822804304193779,1.8653137287508004,2.692667220721454,10.016271474880666,2.36217635300311,5.676671603592826,5.949802865519198,5.74979443501757,4.607063704865439,8.19700000477801,2.3486113259736907,9.570066220253533,9.59769465006914,9.544405212788536,9.626133113377689,7.53536278191072,1.2270259269845003,19.777657713748585,19.731225665837506,27.25671679849457,19.803923097809815,20.067056341179793,19.441337355493427,17.611409345966067,20.333019547245538,20.18484076921515,8.670641193814623,7.974913945001746,9.684806288592434,2.8402457240906362,9.673523184807712,12.751095492411395,21.562573190284642,15.06078611745506,4.241969046741321,0.8709117080972434,0.6026221297386269,10.190243366734812,11.713872770442288,4.507256966801346,7.567651745407304,9.154735047242873,2.2640878134411024,6.345262315811114,9.050353912493188,6.371987660758669
D_500_Haram_Makkah_0069,6.965933679835448,5.753707629326499,5.223110870930276,5.377304866554154,8.300207880386637,10.280054838703306,19.507210391969718,7.295531234980182,8.331887863209372,13.544129620623604,13.789603132943684,8.982875456937002,2.9345919179949007,6.067535435252582,2.2931938137432275,3.1318618005189816,10.28112476753674,2.3488718079452453,5.229309227681415,6.225460656576658,6.250479003302022,4.895998998444933,8.500329297401562,2.5952748429539256,9.912397407225521,9.937052442177931,9.889379273628142,9.970464887100755,7.908804055988023,0.7906487183971168,20.04003829816999,20.00688364571958,27.105147707792135,20.085959288062934,20.331994898017584,19.718963755818432,18.112396368003758,20.58339395854755,20.429553682541453,8.868272497459131,8.153204776794714,9.850986535773046,3.331354549002558,10.02054513376459,12.982749106711745,21.838163905481498,15.320933560074545,4.3461240054353265,1.1406708255683677,0.6839565781916682,10.55524566669955,12.074033754923956,4.26466589380126,7.776552301733173,9.607425215951992,2.7174155089553373,6.633722373704884,9.272228518432902,5.896905872841973
D_500_Haram_Makkah_0070,7.256591078275935,6.190744249064336,5.200164869763251,5.362695043787547,8.708020034658661,10.535172710214024,19.773434799071726,7.642637023692578,8.615424394668908,13.065388571279883,13.701568707141385,9.238168742899479,2.788547465126636,6.342673277296073,2.746391663539938,3.587651863201303,10.563235080423318,2.4411281864994443,4.792842947264186,6.528181083300856,6.751401749621568,5.217390893207005,8.821845965758408,2.908525097803472,10.267894373452723,10.289745255834513,10.247368034276306,10.32775285201249,8.295858118341568,0.49924740846547794,20.311452180394184,20.29123171827627,26.96208481201493,20.376474558626796,20.605772172968386,20.005350032403697,18.613453281617947,20.842866725617583,20.6835706339212,9.089393476535601,8.357919779263526,10.039570496082595,3.825367741222806,10.38027823696509,13.229424994104388,22.121726991220413,15.592924747283504,4.504205841077119,1.5324366388388735,1.0378001503067704,10.93114538454534,12.444048466916971,4.069885862490911,8.011539059772026,10.064822561103979,3.1854649531022825,6.946565509384609,9.515467159433223,5.4267269165334024
D_500_Haram_Makkah_0071,7.569450178702378,6.637022353989065,5.225621978926859,5.395013559661979,9.1252591343413,10.80762584207927,20.04870954434281,8.006222898762703,8.918256435589095,12.58848319446111,13.631485255077372,9.513151387909586,2.7285069311630816,6.644441532713167,3.2142156736209366,4.054444303081594,10.861257757618658,2.6278509212881325,4.370538323170567,6.854379397955357,7.252513265769091,5.565619442901575,9.15963495447885,3.2692773736962653,10.63523691131455,10.654448852615996,10.617055038264846,10.696698772116816,8.69470714911816,0.6147841458415872,20.59154214423309,20.58390972951895,26.827664178322024,20.675111462731937,20.888040605007106,20.300125425715343,19.114574569133033,21.111102352992184,20.94655311889956,9.332334538655614,8.587169284823876,10.249321542633286,4.321289232364845,10.751446622985567,13.490299083415698,22.412959838072588,15.876150941749557,4.710788653875361,1.9748880337993713,1.4801521098018893,11.316856633234252,12.823063903009178,3.9300320345219064,8.270388705314254,10.526313442376415,3.6625964243544096,7.28064918630053,9.778475638726924,4.962844385364738
D_500_Haram_Makkah_0072,7.901874271748595,7.090797189088768,5.29878453376041,5.473429120770305,9.550689717240145,11.096137327678,20.332667025746204,8.384145064928855,9.238486650965676,12.113630265981072,13.579630680409677,9.806167114567362,2.7600884466002946,6.969381778787164,3.691108604681293,4.5288382248047565,11.1739196259845,2.8907920849306312,3.966920636210849,7.200865614207646,7.753776899655354,5.935963403521088,9.511962789792056,3.6635255695227706,11.013239733508946,11.029971858099868,10.99726055739914,11.076137693036987,9.103800977980361,1.0056138884749994,20.879959022430803,20.884567453512993,26.70201630980168,20.98152319013397,21.17846066483204,20.60292983844747,19.61575527603641,21.38777112476103,21.2181677586382,9.595438436179876,8.83904447235641,10.478968648033213,4.818529769207431,11.132906565261438,13.764564090691533,22.711567379461936,16.170021768295882,4.959815672175317,2.4406128733527583,1.9517323414651842,11.711409999841395,13.21030533858548,3.851092954641486,8.550934368644432,10.991382213564005,4.145675220300804,7.633184938662822,10.059703402476455,4.507202697593155
D_500_Haram_Makkah_0073,5.721526524437235,3.6066952181454783,8.035222405713606,8.065397625937917,4.50667947219813,8.521194712026805,16.673773025889155,5.022085958728013,6.662009568945432,19.492097331464265,15.661689085261822,7.526295856460334,7.451550532591383,5.501572082446796,4.047154969923363,3.355251852272883,8.1322506631338,6.122386752936236,11.041732982064675,5.191893552413466,0.9994070919409948,5.333927637862879,6.195718272613755,5.27201001118897,6.682569887775516,6.7495123910881265,6.621953172975581,6.698263210421039,5.6610061205719155,6.725092674235733,17.112306907475222,16.905296831039454,29.00405310352156,16.89703263433433,17.359814584650284,16.602088537535245,12.064843439001569,17.792745070649953,17.71836104472088,7.909145585082733,7.615441071607802,9.079261861018438,2.987284123432045,6.696556323012245,10.916356391518407,18.676383943542387,12.667313446665808,6.125277432287559,5.400253685717053,5.774823565059946,6.854501346425121,8.261101535530623,8.570095780319313,6.971169115839908,5.290730157288173,3.573794616000644,5.2277466729466635,7.908009319596803,11.84310164573749
D_500_Haram_Makkah_0074,5.551098832442011,3.4890195763656737,7.633514625788327,7.670635624348614,4.603398363058267,8.477387280452895,16.80527617882855,4.934716087390356,6.567535580336181,19.003881787651004,15.388741216017005,7.432484115552733,6.9738551687208385,5.256115668149849,3.5508128190677293,2.8749417339695835,8.121508936118692,5.6453886364681365,10.558898319894986,4.976091446348281,1.206911132266273,5.064184792303656,6.156400128588077,4.843861224082485,6.765778399831653,6.828963977603223,6.708500345846756,6.7870482524229745,5.6801314630693565,6.228630568020469,17.254800598401882,17.064374912227418,28.76534817538653,17.064870512480955,17.507602293037912,16.761592295437158,12.566111452719293,17.924171243608317,17.84177396141657,7.776270337727701,7.437740731451976,8.9514820125126,2.5306610868398223,6.791737877466804,10.935162878462176,18.847224880765722,12.759866704697394,5.732627194178308,4.914755349310596,5.282297656197906,7.00042187479331,8.441733240295866,8.109749128224832,6.800893695984046,5.561898107426061,3.078916906434417,5.052007494488208,7.8135452970033485,11.35252049687844
D_500_Haram_Makkah_0075,5.422003306596882,3.4413460410090733,7.244369131192133,7.28911893253032,4.751524138905951,8.4632154579429,16.950648405574388,4.89755932595629,6.510550142764998,18.516419636284827,15.127550740200405,7.371777095060399,6.499869352844636,5.048841316290657,3.056415413583659,2.403634616735724,8.141799495685467,5.17318093625472,10.077966196868534,4.803311728149982,1.5553292128002207,4.831744090024132,6.157936959376153,4.431308202531659,6.884719343815937,6.943930189445431,6.830979142553809,6.9112881515899725,5.743291392160839,5.733184479428063,17.41062355097045,17.236626533452164,28.53348886427691,17.245708806657245,17.66843756761666,16.934496805240315,13.067457792735784,18.068608810533284,17.97837729586046,7.674031767877634,7.290378542217888,8.850403948935712,2.0950467649896027,6.922147510962649,10.976944889466306,19.02979308225887,12.871369214350912,5.3583204284132,4.433001043069918,4.791800044912274,7.178593852247446,8.647803498508754,7.654679256271179,6.664210332523185,5.863633036254513,2.5868988406620637,4.9214645963162535,7.750545467930343,10.863010132461111
D_500_Haram_Makkah_0076,5.337239903051539,3.466563787214544,6.869920959916129,6.923037616775829,4.946440590052218,8.47882779986566,17.109536167636865,4.911755289746068,6.492040462701238,18.02977196223091,14.878736832833923,7.344995625467311,6.030467775782354,4.884612034135882,2.5650873374993712,1.9478763740736795,8.192891731166277,4.707205451807335,9.59922253306393,4.678323446595431,1.971308488651702,4.642212107811117,6.20029831990708,4.039132484394958,7.037581171996154,7.092684196261693,6.9875003024967075,7.069113736658892,5.849059515401843,5.239042587109781,17.579421296199605,17.421660927021723,28.308643361493047,17.43914306779898,17.841967539675053,17.120396032144964,13.568873746917882,18.225748408981175,18.12787283720519,7.6036657408276325,7.175223913026451,8.776950190314349,1.6967002836510334,7.085840392935983,11.04144156509283,19.223754407852503,13.001333413633093,5.006473070571702,3.9563585995801347,4.304024142402356,7.3866838096912035,8.8775409607987,7.205885903244992,6.563218029522366,6.19146753697256,2.0997514205254104,4.839776503831641,7.719780140033675,10.374722082789626
D_500_Haram_Makkah_0077,5.2989364225765065,3.5631253892885475,6.512705611888296,6.5749703542375535,5.182871238872086,8.52406060538893,17.281566657510506,4.97686448211654,6.512334558945324,17.544006520025857,14.642930390782888,7.352510381465614,5.566810134347395,4.767877867866777,2.0790056438318674,1.521702386332122,8.274215023574003,4.249512741599353,9.123011818355318,4.6050195881260425,2.420259956646405,4.501012519756421,6.282658410956398,3.673865439212626,7.222210289679852,7.273153104960516,7.175836492643,7.2583344155536125,5.995181083249173,4.746612139358607,17.760823880159208,17.619075342839437,28.090980072586188,17.644759020103542,18.027825605261736,17.318871505245628,14.07035184387898,18.395264502388212,18.289944436860758,7.566061519839176,7.09384543904818,8.731817860970644,1.3685603518617881,7.2805718396893635,11.128257929714536,19.42876761994844,13.149211867911589,4.682151013277875,3.486924818623541,3.8200125860935024,7.622241772356601,9.129158984836835,6.764618356631654,6.499580670317244,6.541478684105234,1.6218692149585765,4.809433169525276,7.721634566160433,9.887837391939394
D_500_Haram_Makkah_0078,5.308098654411401,3.725487338003015,6.175714085767392,6.24792845231841,5.455421168950621,8.598446377458398,17.466351518064002,5.090933772604175,6.5710728546495965,17.0591986513872,14.420769488782843,7.394216742722323,5.110459981329726,4.702177340193518,1.6029499741706246,1.1582425943748313,8.384889756330756,3.803094307393488,8.649752369092704,4.5858792124148815,2.8868410842594825,4.412787269257201,6.4034739898852315,3.344335462803015,7.436240836299948,7.483042603203461,7.3935567831620235,7.476566825585474,6.178793751099606,4.256487069912196,17.95444922564018,17.828458511028963,27.880667197263413,17.862135965310543,18.225634594320496,17.529496027668237,14.571885639842725,18.57681826008819,18.464260913486083,7.561707838216749,7.047413228049731,8.715446906841208,1.1712031782980805,7.503925776833568,11.236876631685139,19.644486682711737,13.314407657906617,4.391456878192503,3.02805406157289,3.341401483542696,7.882805634780096,9.400900771336426,6.3324500221240445,6.474399779266289,6.910297454371638,1.1647128247400171,4.831402009036262,7.756085296325758,9.402574025588791
D_500_Haram_Makkah_0079,5.364483321885852,3.945534662486399,5.862434940078097,5.945382526543463,5.758964425231743,8.70123742633379,17.663490444972865,5.2507731832576425,6.667239287323522,16.57543235498056,14.212893990455436,7.469541947748847,4.663562932626949,4.689655748132269,1.149445384378471,0.9338441079836006,8.523772639601233,3.372430230601482,8.179956396645395,4.621575238723951,3.363723518061874,4.380738040649221,6.560620834306996,3.0621018399683573,7.67721413392653,7.719953356842407,7.638148811846049,7.721351386548383,6.3966697892121145,3.7695666248377573,18.159906348205297,18.049393880922775,27.67787227971842,18.090849930845476,18.435009785915994,17.75183713839403,15.073469547968722,18.7700603600043,18.650478908585058,7.590661855769125,7.036619050950086,8.72799912433593,1.1726335240689278,7.753428951930337,11.366672629940727,19.87056290368449,13.496284870951909,4.141477755215814,2.5853766999495744,2.870892918987422,8.16598199894525,9.69107358971081,5.911376840571444,6.488123066279789,7.295071764245692,0.7663183762964662,4.904980089062062,7.822701633502154,8.91919657437541
D_500_Haram_Makkah_0080,5.46662934105463,4.214240776932743,5.5768656469867475,5.671254241252232,6.088867450051563,8.83144191618401,17.872574614841263,5.4523587824599975,6.799245866418595,16.09280153801584,14.019939315859261,7.577483428320519,4.229116725066929,4.7307352958641395,0.7599946497706352,0.952467358462987,8.689511194425172,2.964394672424659,7.714256648332881,4.710861195208657,3.8470782189331945,4.406090759255864,6.751562461410755,2.841293793660261,7.942678257406142,7.981479497172765,7.907119238479423,7.990248111511952,6.645439934722903,3.2872750226769227,18.376798383405898,18.281462602539946,27.482761730357545,18.330476534795018,18.655561732655325,17.985460289108076,15.57509870056433,18.974633673571887,18.848245647863077,7.652545461526842,7.061626277393647,8.769350268236177,1.3722296134326157,8.026643186430448,11.516929905843558,20.10664690244917,13.694178837819793,3.9399709069563196,2.1688309565348782,2.4132306514206716,8.469502985092898,9.998072763311372,5.50394579384282,6.54050558739743,7.693407955608871,0.5679107361730894,5.027902097310101,7.92067198705515,8.438029103520412
D_500_Haram_Makkah_0081,5.6120384562429075,4.52294149299777,5.323467357608736,5.42984925904623,6.441081123099459,8.987868490290115,18.093189893620757,5.6912562473696555,6.965055029080333,15.61141148569081,13.842529405526655,7.716672535135275,3.8113813176498974,4.82404675906517,0.5818499224063028,1.2028769033443987,8.880601881025296,2.5897057432155037,7.253442092390601,4.850778687511165,4.334740520464656,4.487872620978953,6.973523366254482,2.6970404340589424,8.230263670566412,8.265284700560512,8.198068871921857,8.280908381838243,6.921773905880163,2.811994837817481,18.604725392386666,18.524246228154528,27.295500320300935,18.58059355197795,18.88689886698434,18.229931712345806,16.076768837053876,19.190175800034606,19.057201570873783,7.746569467267879,7.1220577385632,8.839096119408495,1.7016316463486683,8.321233216127682,11.686859242732668,20.352390396764385,13.907405819842785,3.7946661183465142,1.7966846402574252,1.9773545794408018,8.791261586478832,10.320396769225589,5.113418809218311,6.630631111204924,8.103306230766233,0.7499275963602312,5.196667589460637,8.048851467590618,7.959472366327879
D_500_Haram_Makkah_0082,5.797456195653542,4.864027778112962,5.10703097701026,5.2257044972510895,6.8121456285879045,9.169175152263874,18.32491979174306,5.962982672094886,7.162319492790512,15.13138059269724,13.68126896658911,7.885454699468337,3.416491802132473,4.966646987910121,0.7772363022530651,1.5783600125526767,9.095446888925046,2.264973516926912,6.798506121928783,5.037110173045904,4.825404517899038,4.623089834190531,7.223644670360314,2.6419116006898777,8.53773521497999,8.56915559832161,8.508743278972464,8.591123480256224,7.222508553852874,2.3479875219501705,18.84328692304917,18.77732912189061,27.116250650513855,18.84078317526006,19.128629871023207,18.4848209688007,16.578476212231735,19.416321424812843,19.276982799060242,7.871582179217843,7.217023562518051,8.936571833871806,2.100637286532534,8.63501151598501,11.875616168019953,20.60744780171035,14.13527192127593,3.7121688791762195,1.502303498164765,1.5813830036992562,9.12932963546847,10.65665510308732,4.743972300365928,6.756989484205062,8.523098551794341,1.1431751504769896,5.406985524657043,8.205824498081958,7.484027145382091
D_500_Haram_Makkah_0083,6.019186295086845,5.231168506301076,4.9324245262092665,5.063328688042143,7.199146623053856,9.373918306942526,18.567348143665782,6.263266679615004,7.388520177409539,14.65284241107884,13.536735137573618,8.08197603924723,3.053324993374991,5.154446733663187,1.1722763598239085,2.0100039071753644,9.332405745670096,2.0145030518709066,6.350712143356171,5.264929956331763,5.318239384525819,4.807235361556356,7.499109107484156,2.6814098930932007,8.863023447253104,8.891035013330427,8.837062334920835,8.9188531292448,7.544726537708445,1.9035145297660037,19.092084313203053,19.040300574384847,26.945172597899045,19.11063397472878,19.380365799875936,18.749703171781114,17.080217520669137,19.65270448401176,19.507223419868822,8.026135664417993,7.345184332415008,9.060882468747321,2.5366106412144194,8.96596369376824,12.082318273905933,20.871477641910104,14.377081072931325,3.696686414244731,1.338038569857754,1.263409900181494,9.481962767884234,11.005570575837472,4.400918346272182,6.917595419878376,8.951392981932107,1.5987169427350438,5.654220898549005,8.389975038604941,7.012326306161712
D_500_Haram_Makkah_0084,6.27337953270938,5.619259032818495,4.804210945776136,4.9468365539809875,7.599649815830052,9.600598603181139,18.82006149970253,6.588204483293459,7.641087646882804,14.175948081503359,13.409468761783254,8.304267387494686,2.7345490626686138,5.382717046290616,1.6275611505915404,2.4685214524801973,9.589839291173362,1.8684024088493036,5.911683270086983,5.529111927608118,5.812692898525143,5.03494354140858,7.797231083550743,2.811549859718304,9.20423953115365,9.229038854877905,9.181133262494487,9.262238297298378,7.885794781925447,1.4960884457409,19.350722730262863,19.312756627102846,26.782422741187183,19.389742564137208,19.641721955520303,19.02416089512768,17.58198983403124,19.89896012388844,19.747557571717692,8.208561432635975,7.50483956796485,9.210941553578138,2.9934426753013974,9.312258837197344,12.306061297118829,21.144143780604423,14.632141999339137,3.7490489603294237,1.3521720016573204,1.0937218254120307,9.847596380882587,11.36597755577005,4.0909019072218396,7.110128453625943,9.387025792710716,2.075940726182189,5.933760842526516,8.599557284902447,6.54517939164385
D_500_Haram_Makkah_0085,6.556261041438247,6.024251805788061,4.726167358273196,4.879515359388678,8.01163047809201,9.847701229165013,19.08265122697448,6.934331112107531,7.917498957777797,13.700869230921464,13.299965510691301,8.55031902522001,2.4773596026780407,5.646551735080507,2.104344496186607,2.941371597808454,9.866144899546432,1.8515451013902209,5.483525120613183,5.824710453562029,6.308384396109338,5.300603053425785,8.115513970175103,3.0206384898514647,9.55967802519092,9.58146077491916,9.539251710066342,9.619602551095088,8.24337378962078,1.1652398056037692,19.61881294906833,19.59430161702923,26.628153769974233,19.67771498935951,19.91231951452377,19.30778577758202,18.083790548823142,20.154726450222164,19.997621321176915,8.417047371669918,7.694028884583575,9.385514098786304,3.4628879145584137,9.67224907368901,12.545933519789662,21.425116472435946,14.899774139401803,3.8665009965613897,1.5397989178377323,1.140543710168119,10.224835862935928,11.736817433397714,3.821970793007012,7.332073838628723,9.829021256201898,2.5627623212619857,6.241266133371594,8.832761058728526,6.083635478179307
D_500_Haram_Makkah_0086,6.864284892436161,6.442960216349084,4.700793140655161,4.863407379509737,8.433406670264736,10.113729356027788,19.3547153237693,7.298632588314661,8.215347682995526,13.22780143973022,13.208667143427617,8.818142188260895,2.3024875186515286,5.941214640387489,2.5907841335202,3.4226190315972755,10.15978291254115,1.9672561686255319,5.068992986746101,6.147194978844327,6.805043291837776,5.5988141422349855,8.451680299126183,3.293674394418688,9.927811420702664,9.946768318441576,9.90989482826695,9.989445691297954,8.615407941023102,0.9908966899190432,19.895972875087804,19.884549457048678,26.482513880754343,19.974167857398825,20.191786917735627,19.60017984153342,18.585617342572107,20.41964606775011,20.257054329445367,8.64970923660247,7.910633518774107,9.583260514100688,3.940440800720648,10.044461987512507,12.801028230525887,21.71407324909453,15.179312537453395,4.043374231664976,1.8488323758581084,1.382042448643919,10.612443589680773,12.117132329167248,3.603335740498817,7.580848634596751,10.276558391087105,3.0545961265715205,6.572812851950149,9.087768021058059,5.629072880685656
D_500_Haram_Makkah_0087,7.194222311535325,6.872877916183664,4.728936112236162,4.899017724513798,8.863580086621136,10.397230337296003,19.635859957656542,7.678522420194381,8.532389057514246,12.756968406817425,13.135953220758486,9.105815981242351,2.2293883191371253,6.2623555234726025,3.0823115491307633,3.909163570617387,10.469294998564868,2.194666137818144,4.671715394118674,6.492560404921833,7.30247214713581,5.9246634382350525,8.803681638325674,3.616201624264476,10.307279539673393,10.323593636236156,10.291709485045443,10.370432652207528,9.000104787731908,1.0538297574468047,20.18182882479384,20.183124670685462,26.345646164269876,20.27872922708309,20.47976103397904,19.90095654758084,19.08746813693098,20.693367414258333,20.525501310169286,8.904652168339368,8.152468503394543,9.802778434430317,4.423476146555675,10.427588755759052,13.070454141257445,22.010699648720937,15.47011175736031,4.272294811113581,2.2293428730215514,1.7389165420045234,11.009324467204538,12.506057821471881,3.4445871663709147,7.853903713888499,10.72894370138274,3.5493590161490256,6.924948695629076,9.362796790032858,5.183328568301994
D_500_Haram_Makkah_0088,7.543198312141163,7.312027933918156,4.809656836923297,4.985238139147206,9.300985633678497,10.696814959660909,19.92570074226765,8.071799913892594,8.866564461967613,12.288626972864654,13.082133606772471,9.411520265694865,2.2679242263207526,6.606113954335014,3.5768297583248962,4.399247937850956,10.793315578297914,2.5035187868901367,4.296481281711726,6.857350403892406,7.800523613169175,6.273845956373962,9.169694526757755,3.976194862211295,10.696876125292633,10.710721101783786,10.683497939463384,10.76137988120024,9.395909068205352,1.320539931530778,20.476016578281087,20.489663201948474,26.217687988972916,20.591039283974506,20.775888112515435,20.209741608443803,19.589341066430446,20.975545897391598,20.80261328464709,9.180019974051913,8.417359428665659,10.042640237596283,4.910376201205638,10.82047010291791,13.353343782204767,22.314689801051458,15.77154889712401,4.54540564383464,2.650725441289163,2.1545782345424924,11.414511222418797,12.902815262639644,3.354238630457854,8.14879859471594,11.185588933244123,4.045976481096663,7.294692528241033,9.656136674892803,4.748886234473615
D_500_Haram_Makkah_0089,5.262633480500683,4.0858107966557125,7.7536851786425105,7.7745717711074045,4.012740539260393,8.025433419106573,16.190435991209792,4.536590305370745,6.1764011924571935,19.614054954862645,15.248719876908018,7.039897460623616,7.3177965212167235,5.082810813630516,4.006006974884687,3.255753902347605,7.633605137293712,5.991136472324883,11.186700276442116,4.756654919933472,1.4917087543586236,5.75112934344737,5.700178031612231,5.5391328239382425,6.1877069750060185,6.254154779123877,6.127554227608484,6.204230001894364,6.160371435716663,6.816054539893284,16.632045291426298,16.430140804126324,28.56752653334481,16.42484781463171,16.881137814057077,16.12704579953059,12.042604587577138,17.309473177862266,17.2330409980785,7.4333120028628406,7.156632042010022,8.601049071721375,3.2119548684175574,6.203555574591455,10.417036672806965,18.20540430028091,12.175067167841165,5.837734631104613,5.543615989866133,5.889033236735033,6.373179206923303,7.792019618163194,8.388425096112993,6.5100577454117285,5.72695846342857,3.5290959502545003,4.772377418652419,7.421534825711426,11.958059583428701
D_500_Haram_Makkah_0090,5.076821454153965,3.982314247512428,7.336576673763246,7.364234868202357,4.121064493970254,7.978902751276592,16.32583184844594,4.439673224058991,6.07437698400346,19.128951993868675,14.968242722933342,6.939511462548631,6.830752054676566,4.816056001498667,3.50383699968477,2.7581662767835673,7.6221588170157935,5.502770687282256,10.71040191950978,4.520117925251087,1.6379816070151312,5.5018763926751735,5.657414452726199,5.133309644584237,6.277475932821804,6.339814900695566,6.220980891839406,6.299978825817578,6.177948492418303,6.32673239139374,16.77861715104821,16.593773632002968,28.325142918360825,16.59746021101957,17.033078295155757,16.291200233357593,12.544759530869616,17.444539735814846,17.359903503206947,7.291769117299275,6.967237633725718,8.466052971572514,2.792311775000391,6.306180129450302,10.4367415559198,18.380622395764338,12.271332364559887,5.424307477178643,5.07185695267836,5.406918597590721,6.529862125426572,7.983269933427172,7.917521268053005,6.327383439973212,5.9783696606086085,3.0269146984281656,4.579192386209009,7.32079437696718,11.472394469144263
D_500_Haram_Makkah_0091,4.935332774101278,3.9406092042458374,6.930777180137523,6.965955464533893,4.285889228374241,7.963842107610924,16.47543402553548,4.398333040104841,6.0127170821650875,18.644759719511175,14.69958182921614,6.874450412560562,6.346085085740157,4.588944834022723,3.0017078807435755,2.2626583541341714,7.6437730995769515,5.017155423528765,10.236589148950662,4.329174932707952,1.909284285531047,5.288704775877076,5.659084189485792,4.745981634163181,6.405487963840753,6.463485080015987,6.352863231962437,6.433628986529128,6.2360658943057725,5.839613320077792,16.938820165734775,16.770858421650285,28.089650082711497,16.78333451631238,17.19835080303719,16.469042977601006,13.046924690297853,17.59291456471182,17.500267677764196,7.182635489014985,6.809699360742201,8.359105556722255,2.4045689421695937,6.446417555027079,10.48050936868575,18.567778099504096,12.387231880723927,5.02709353306388,4.606558905843498,4.9288357922713635,6.720518622574933,8.20086648522737,7.450718373470488,6.180234466950718,6.260059959558079,2.524777486696901,4.434750122645697,7.2535141230386975,10.988224726789426
D_500_Haram_Makkah_0092,4.842054406610406,3.9626470263145417,6.5383926256555105,6.581922700029243,4.501011837762821,7.980429609456101,16.638859309705555,4.41413144000653,5.992667500740846,18.16155094706545,14.44339656360969,6.845721499519076,5.8643850453866335,4.407609646149687,2.4996440768825585,1.77097642824985,7.698169462617043,4.5351742344334465,9.765623720064339,4.190063702617769,2.2610489616596885,5.116126563008297,5.705148157451178,4.382055787023714,6.569507797143048,6.623036342924167,6.520868343969014,6.6028793183733745,6.333607676554657,5.355298460739356,17.112271476270003,16.960973809736384,27.861222742197917,16.98203524341187,17.37657490669499,16.66013565577497,13.549098899837096,17.754263987565707,17.653811449210263,7.107404142251309,6.68626927267054,8.281293539794667,2.0667591801089746,6.621878536942687,10.548040538115046,18.766514237101777,12.52222051883057,4.6502492576471015,4.149895594148897,4.456082616775726,6.942350173125582,8.442772397162232,6.988838138841603,6.071194416583176,6.568134675978108,2.022716912661797,4.343915587628025,7.220629392529986,10.505757067400902
D_500_Haram_Makkah_0093,4.799797820616123,4.04738651658077,6.161986197243359,6.214778118757624,4.759617107038813,8.02846904514593,16.81570465735597,4.486464759174695,6.0146443054946195,17.679406296140723,14.200362122775656,6.853781558127731,5.386447897575791,4.277875512925138,1.9976946300464733,1.2875109479890676,7.784660676533908,4.058122078091502,9.297938275537176,4.1080530601839875,2.6615617035649093,4.988356586332403,5.794547642325864,4.047848915013806,6.766917555089349,6.815949326409088,6.7222883445649915,6.80507402315385,6.4687906015712695,4.874623633111692,17.298572545076315,17.163686773567026,27.640036058141817,17.193117669778747,17.567356398282428,16.86402782967376,14.051281160123107,17.928237681257198,17.82019412065285,7.067157792548743,6.598861541117361,8.23344296476494,1.807105245044274,6.829848841857097,10.638882516023042,18.97646695295853,12.675688397572708,4.299134458995126,3.7050610793568985,3.9905535915989665,7.192472778643746,8.706961693945644,6.532924687010092,6.0023404696790985,6.899060099538042,1.5208086109215793,4.310079354415647,7.222609955431499,10.025237193206413
D_500_Haram_Makkah_0094,4.809907847626022,4.191025955975413,5.804666985224841,5.867692615314674,5.055035903763509,8.107401289679984,17.00555137300461,4.612674030696133,6.078191584389588,17.19841523885649,13.971164787237042,6.898501580217879,4.913371762750859,4.20452163847572,1.4959743840768362,0.8268027623442763,7.902192904717988,3.5879654570682358,8.834053723600501,4.086582083204976,3.0919363758344085,4.9088948514269255,5.9253213997724,3.7513123852124437,6.994890759797088,7.039481729904994,6.954220323870598,7.037373986348102,6.63931577515083,4.398782194649602,17.497312903716267,17.378556460276016,27.4262651990797,17.4161315815492,17.770290811844536,17.080261107369783,14.553470609710473,18.114471891613206,17.999059625942593,7.062494504312536,6.548918622581454,8.2160772865608,1.662636026574197,7.067459091650752,10.752444456954267,19.197268215889128,12.846973252162668,3.9805634513357013,3.2768760453244457,3.5351037455810594,7.468044320746039,8.991470339251936,6.08431941730652,5.975061979712584,7.249707669101698,1.0192771503243774,4.334576341691135,7.2594272191457225,9.54695917528329
D_500_Haram_Makkah_0095,4.872058416402371,4.387784576175299,5.470176601843197,5.54443453397576,5.381208572081727,8.21633600366672,17.207969126007754,4.788501079529037,6.182027450910979,16.71867731674749,13.756496165866713,6.9791768318911505,4.446708279482181,4.190509741135801,0.9948297666681928,0.4627221564691142,8.049406488895432,3.1278152891391717,8.374601654686943,4.126595757903875,3.5413021817472914,4.8801016263369155,6.0948066923610185,3.502028472688466,7.250544980444625,7.2908177182357194,7.213721807786055,7.296904478389774,6.842541321071163,3.9295303133006585,17.70807371007394,17.605137736017387,27.220084869463214,17.650624701956634,17.98496674480375,17.308372939722613,15.055666502067586,18.312592541564374,18.19003970940577,7.093484397809198,6.537299169417797,8.229389445825106,1.6636346545728338,7.3318280783853025,10.888015439398933,19.428548134211095,13.035372724810498,3.702945074391656,2.8727947492452257,3.094186976631109,7.766356225790093,9.294432510912152,5.6447649316130315,5.989926917003313,7.6173542255289854,0.5192149149861774,4.416435879627997,7.330556251350935,9.071277577512753
D_500_Haram_Makkah_0096,4.9843031041301575,4.630896410932119,5.162953884927766,5.249407516229592,5.732888217433697,8.354099553692306,17.4225197412022,5.008723175151595,6.324167669178235,16.240303557822088,13.55704640956788,7.094580778777704,3.9887087471631473,4.236428582554017,0.4960078024433755,0.4992099604248841,8.224707739087831,2.6828252032318916,7.920353427128769,4.226347999035064,4.003268871420898,4.902869596472032,6.299879867386535,3.3106882154177852,7.531061658058286,7.567187345971575,7.49793076743724,7.580869255822491,7.075650099918558,3.469542593907402,17.9304310682632,17.842984420449472,27.021668806211025,17.89614577782452,18.21096894266378,17.547900068032458,15.557868187042,18.52221818745028,18.392756979753344,7.1596644673374366,6.564206634410438,8.273231306782664,1.8098601250693551,7.62017120958314,11.044784995650588,19.669937065283293,13.240156212648573,3.4761051167678794,2.5045111201882504,2.674999217800212,8.084891650690551,9.61410378759556,5.216549552647439,6.046624407666659,7.9996563532663085,0.06951742217382811,4.552564626296064,7.435012304307418,8.598623270423532
D_500_Haram_Makkah_0097,5.143363233333437,4.913485727408108,4.888142825420441,4.987623755082385,6.1056688433331425,8.519293453080905,17.648760714467876,5.267775305349389,6.502100586196325,15.763418131865004,13.373496418892325,7.243053552470643,3.5427348340536966,4.340376380729212,0.08337246911331901,0.8881995067188115,8.426343785853158,2.2619600063098337,7.4722580913919385,4.381760706214402,4.473934653033832,4.976491036527593,6.537192520767066,3.187742603242222,7.83377032326301,7.865952338732695,7.804148250543421,7.886629376937812,7.335793819621074,3.023050771001714,18.163959077010265,18.091652185455565,26.83118924444298,18.152247311145857,18.447881118930066,17.798381600894235,16.060075095789507,18.74296278783855,18.606827796848535,7.260072379562395,6.629171836354275,8.347121777986969,2.070772311599193,7.929873648002886,11.22186469169521,19.9210675111292,13.46057592778165,3.310498187775691,2.1901585879970504,2.289506711780087,8.421356012734712,9.948873597640171,4.802707180626694,6.143996387925237,8.394611938070005,0.4946420177657739,4.738287416301858,7.571416100527812,8.12952424529519
D_500_Haram_Makkah_0098,5.3450609112936895,5.229156140806137,4.651491549098812,4.764565860443825,6.495918642706776,8.710357126389942,17.886248418743357,5.560232750497442,6.71298060203243,15.288160290129218,13.20650912584643,7.422610958882711,3.1139575481328907,4.498332029615797,0.521983845068836,1.3539476783672317,8.652473670536613,1.8814791161721225,7.031492002474168,4.587179979684426,4.950819042798488,5.098763510645257,6.803371732562406,3.1412325514583657,8.156200404461993,8.184660517266616,8.129887691319738,8.211750539103228,7.6202041178070425,2.5970248606928608,18.40823258429582,18.35070110924398,26.648816354233023,18.41848793425333,18.695288493030255,18.05936171197908,16.562286728447592,18.974438258487616,18.831864959402132,7.393313675272516,6.73109286109398,8.450272599049066,2.4093966735658676,8.258532713780898,11.418309597666374,20.181575797715023,13.695876918807569,3.2155988266068682,1.9559153672913894,1.9577162038920515,8.7736868236248,10.297269422182564,4.407288440831258,6.280151138112126,8.80051748717983,0.9945337970421837,4.9680452847786585,7.738078284992159,7.66463325918743
D_500_Haram_Makkah_0099,5.584778330793937,5.572288273868531,4.4590797314160815,4.585888115133743,6.900674420804966,8.9256293629919,18.134540979505726,5.881113988466493,6.953810860422731,14.814686645544187,13.056719994338534,7.631059012969869,2.710549976584404,4.70485898682761,1.0210638676994617,1.8390317084533485,8.901230793719263,1.5710035132738698,6.599523769544762,4.836237838590321,5.432284472059874,5.266299304689503,7.095169353927305,3.174519295470265,8.49610684734494,8.52107436159308,8.472897783403985,8.554025357655622,7.926269174042981,2.2033682135072863,18.662829636895992,18.61969788733609,26.47471765079283,18.694434436541783,18.952780038621942,18.330391961988585,17.064502643991688,19.216256795835463,19.06748017076312,7.55765194371228,6.868324652311171,8.58162866270848,2.797655437796184,8.603976288957206,11.633138678458682,20.45110354047689,13.945305895590508,3.197708344150545,1.8327591182848373,1.7111561163666287,9.14004936225704,10.657955052249624,4.0357123080344275,6.452634037311584,9.215926231691252,1.4960321183780527,5.2360445755298,7.933091987437144,7.204764878915343
D_500_Haram_Makkah_0100,5.857849700169093,5.938123370524927,4.3168269278779645,4.456931209306231,7.317529402456115,9.1634041104889,18.39320081064906,6.226025728200297,7.2215955283116,14.343173861885976,12.92472695297721,7.866101231562577,2.345638075366753,4.953886092959893,1.522255896609525,2.331413192554282,9.170774005075897,1.3786686971980584,6.178198991672792,5.122573070879685,5.917212742135043,5.474944685357502,7.409559293618418,3.285178006351503,8.85147650013188,8.87318019975869,8.831166288976808,8.911477476912273,8.251579655711563,1.8627171604794202,18.92733362281316,18.898217710333995,26.30905738103796,18.979663458076576,19.219950442849058,18.611033257244983,17.56672245181991,19.468032959302143,19.313286268386246,7.751109439573954,7.0388021491146295,8.73991828791879,3.2176308061080334,8.964264132978485,11.86535337335348,20.729298902740233,14.208118782243918,3.2580954493402405,1.8430944114637622,1.589983561601533,9.518823555091538,11.029724841237018,3.6951783102790134,6.658622523050221,9.639609617174559,1.9979273727800375,5.536734900571895,8.154423324826883,6.75094552839177
D_500_Haram_Makkah_0101,6.1598407159613,6.3227217871622186,4.229796784444363,4.382086834188325,7.744530035938942,9.421977847171311,18.661796811948808,6.591196499256682,7.513453082489499,13.873821835445263,12.811080043095933,8.125430044480153,2.0399855908198705,5.2393566628526145,2.023991377645714,2.8272819188384313,9.459326531529948,1.3557244787393574,5.769849682008801,5.4403028091171155,6.404817290821431,5.720202911138903,7.743790312830615,3.4658053111000626,9.220521581434612,9.23918409335903,9.202911310200328,9.282353640432607,8.593950277138864,1.6090955590017335,19.20133511245749,19.18584582493703,26.151995890083516,19.273762870964706,19.496401783922103,18.900857464502465,18.06894580475043,19.72938550971812,19.56889921019403,7.971566358654216,7.240177261837123,8.923708293444202,3.658416007178358,9.33767809267774,12.113953885434029,21.01581765692815,14.483586993027476,3.3925826306500957,1.984836814351847,1.6225379297987463,9.90858608721117,11.411495487841393,3.395040105712715,6.895114296090154,10.07052327418696,2.4999803439664237,5.865090350711279,8.399992176557605,6.304481571300605
D_500_Haram_Makkah_0102,6.486713481897342,6.722864024596809,4.201422327290842,4.364139851328695,8.18008761629931,9.699687298576993,18.93990623759765,6.973444321096609,7.826690897856325,13.40685747141332,12.716271127156839,8.406798160442946,1.823636490598772,5.555655652131604,2.5259463279228336,3.3250779736283382,9.765203354773538,1.5099124740563656,5.377432555204801,5.784255784453847,6.8945302557828505,5.9975839852952575,8.095405227318466,3.7061850606821096,9.601665311213191,9.617499416151736,9.586565167497515,9.665108579634833,8.951423677645405,1.4876997554162001,19.484433410633958,19.482178799395214,26.003688971804124,19.57633287308535,19.781744939685456,19.19944870657337,18.571172393148853,19.99993900705906,19.833939817584106,8.216849766439351,7.469951537884202,9.131459016445028,4.1133264110160175,9.72270586380354,12.377952936049105,21.310324060798557,14.771002480106736,3.592858288915434,2.2331022545871715,1.8004997252739294,10.308090543434709,11.802296499646879,3.1468772999712007,7.159087019860236,10.507777682467042,3.002111770517277,6.216728751417703,8.667738694823408,5.86705234435393
D_500_Haram_Makkah_0103,6.834899029512736,7.135935680258429,4.23288319146069,4.403785853882782,8.62290551595566,9.994937492951468,19.227116251770553,7.370112534704049,8.15884677642245,12.94253918009745,12.6407240504284,8.708069446003694,1.730417198697304,5.897825112595125,3.028011469997539,3.8240486534673694,10.086828511735597,1.7961812300985553,5.0046966504560615,6.150033741781215,7.385932207649463,6.3028482005541955,8.462237308475633,3.9955472047735423,9.993523450710237,10.00672988375539,9.980754610163329,10.058386264937907,9.322262572461177,1.5303269377382944,19.776237836087336,19.78682551774787,25.864287208140553,19.88698682101889,20.075600743791263,19.50640436660639,19.073401939988514,20.27932517546194,20.10803528029878,8.48480679502533,7.725591398994297,9.361575350887442,4.57815319027653,10.118021648693798,12.656386937172718,21.61249156258049,15.069681641009028,3.8486655448084446,2.557049411445459,2.0869970510105555,10.71624739672211,12.201260158108152,2.9637746529587328,7.447619115736498,10.95061327866822,3.5042878103299206,6.587922827607515,8.955673927192331,5.440837315794227
D_500_Haram_Makkah_0104,7.201306525295986,7.559817590354706,4.322873077251738,4.499502619237279,9.071920581697231,10.306220991664613,19.523025191893158,7.778995417086418,8.507705174570292,12.481162246159887,12.584785674515048,9.027251358455294,1.7797812476145025,6.261625302169587,3.5301396732480055,4.323787223237982,10.42274417839384,2.162702485726067,4.656370643398779,6.533972296629958,7.878707070061789,6.632146399420051,8.842392832451091,4.324069255032704,10.394884321168798,10.405650663655434,10.38427986906296,10.460999927563535,9.70493489871509,1.7248587257324899,20.07636874864433,20.09940792897256,25.73393530239452,20.205351829977346,20.37760090880624,19.82133583055165,19.575634196663014,20.56718404720699,20.390820432729587,8.77336014235816,8.004619005522686,9.612451130360471,5.050158836597659,10.522465949263268,12.948324685859722,21.92200334984613,15.378968198465328,4.149747397587218,2.9316965058293487,2.4441564613618123,11.132104934766897,12.607611541937215,2.8582629095861556,7.757970800711494,11.398379545480498,4.006491585939489,6.975551336378946,9.26191513535961,5.028688648486093
D_500_Haram_Makkah_0105,4.8118094575923855,4.5692662116415805,7.49487973988909,7.505734305767048,3.5203360314630645,7.530150108928422,15.70810275600931,4.054467776774612,5.693175454368672,19.747890777012195,14.841063758612185,6.555451089201437,7.216192743824024,4.679892023995464,4.026843612089489,3.23123834485818,7.13506204129147,5.899369758355285,11.351801840247862,4.335265437995215,1.9875417519056928,6.180528870008933,5.205371135178426,5.836834851457059,5.693632364978707,5.759491398036015,5.634033397086996,5.711126367290018,6.659737533799489,6.9418351523373145,16.15294331166498,15.956464408474409,28.133091266475045,15.95431926229048,16.403695610816925,15.653518199473536,12.04105266039867,16.827142100025966,16.74854772954811,6.96077775139679,6.703624193242082,8.125383172619157,3.494021863137289,5.711662761567024,9.917722946518106,17.735978668439394,11.683426365761933,5.580145166314723,5.7270728871328735,6.042481714089206,5.894861501457307,7.326943177638228,8.233077308037098,6.05501939586386,6.172764647028039,3.5546838777421437,4.326729754845601,6.936894343594668,12.092562512650222
D_500_Haram_Makkah_0106,4.607850623894468,4.4769565599325585,7.062501151909421,7.079831435029674,3.6433255048319326,7.4805373947583425,15.847618978732985,3.9457225797894275,5.582324112366945,19.266157648905985,14.552731245361137,6.447524647212635,6.721788624627155,4.3887118662019455,3.527637250702476,2.7291796347485517,7.122812561970141,5.402713023054072,10.882730848310137,4.074334153819175,2.0995426819316023,5.949291009988259,5.158504449366702,5.453209125278679,5.791062522604218,5.852393642649008,5.735502059058592,5.814997570373247,6.675997551430881,6.462042578560415,16.303821858590933,16.124903687830162,27.886931760253827,16.13196604614361,16.56001625566744,15.82258502605016,12.543267990654767,16.966047953009937,16.879051098366293,6.809417685891072,6.501043663399986,7.982345064566656,3.112637364585246,5.822960289652709,9.938416392285792,17.91578740581965,11.783707307982791,5.14606265703677,5.271754237779548,5.573653757889827,6.06391346197356,7.530012797289905,7.752741925153046,5.858170541936756,6.406702682390685,3.056704857681599,4.1126608211644085,6.829006255905059,11.612523178419762
D_500_Haram_Makkah_0107,4.451477566759814,4.4398967410984005,6.639970916371392,6.664575729306227,3.828767835061842,7.46446934905035,16.001691618552883,3.89914507445518,5.515163152611996,18.78550181496983,14.276252406082136,6.3774442115711505,6.2286467990908605,4.1382101716313215,3.0294510682154234,2.227225865812541,7.145935294010867,4.907203504364781,10.416758507685339,3.861406497546726,2.3174188653591097,5.752720109087118,5.160332739302261,5.09027859871643,5.929582254519702,5.986139525069144,5.878283798244768,5.959531356997356,6.729812849082458,5.985942738771877,16.46864318557311,16.30707985010096,27.647706460345066,16.32314080204001,16.729961695620382,16.005634443994612,13.045488868365988,17.118569620420285,17.023379567393537,6.692420874814886,6.331914926047716,7.868824449128578,2.7700955199204738,5.97454821962662,9.98436742262334,18.107747149192566,11.904353902653721,4.725515095589071,4.82576609442611,5.111188111877876,6.2687546835969705,7.760326781297518,7.275372569598118,5.698916676450774,6.670326150030056,2.5604112103406966,3.9511968058746567,6.756828759318165,11.134447557959827
D_500_Haram_Makkah_0108,4.347827607798436,4.459464316962623,6.229293318638465,6.262085608170551,4.068131286148108,7.482162033378368,16.169904559351146,3.916953541083727,5.493295208947771,18.306008111839947,14.01232888781821,6.346463578558217,5.7370927134455325,3.9361609826973427,2.532886943416098,1.7254683892975855,7.20408958979899,4.413227549387877,9.954319940521692,3.704768498852655,2.6148371982587006,5.594471529485916,5.2108046709305755,4.752786510481431,6.106395860874746,6.158068328968734,6.059458815288458,6.141857644302411,6.8202944390275455,5.514492091031173,16.64699313226449,16.502537940898826,27.415596873735645,16.52737407138626,16.91312119993846,16.20219251676886,13.54771464647382,17.284346633736146,17.1811847081772,6.611611749323081,6.198976549507356,7.786112465879841,2.4825272291721165,6.163454418435673,10.055229731805383,18.311475742209552,12.044754152214848,4.322454789595822,4.3919517305792946,4.656980519299675,6.506005512808216,8.015536949490977,6.801593721413324,5.5804772761566275,6.960262756108002,2.0670170761818762,3.8489636349452563,6.7215123029024335,10.65859985473205
D_500_Haram_Makkah_0109,4.30071432398138,4.534926238915503,5.8329723250091785,5.874985265606881,4.352528805023958,7.533377528824443,16.35182139363658,3.9982876404419363,5.517258797508226,17.82777028656833,13.761683043148098,6.35515453063356,5.2475724925171825,3.7903206462017787,2.039130019890401,1.2241482668546522,7.296437812580528,3.9213646480731117,9.495931387446573,3.6117511617571325,2.967980590520473,5.477867452654152,5.308532881494237,4.446528888277006,6.318289200035188,6.365086639258812,6.27570276691483,6.358726280612608,6.946009519545163,5.0489930801264435,16.83844180133511,16.7108118858998,27.190785212358758,16.744188002266505,17.10907036437294,16.411773861407482,14.049944770424355,17.463001473006674,17.352098818547294,6.568326018127006,6.10459325348432,7.7351974296267505,2.2709133208489316,6.3863681023034635,10.150481562943044,18.526584916550885,12.204226290425412,3.942249043863839,3.9742995289433196,4.213702211193925,6.772260553738784,8.293345188786128,6.33221129762335,5.50548701907858,7.273366380432593,1.5792421770340455,3.810731269471523,6.723637698016267,10.185292292431706
D_500_Haram_Makkah_0110,4.311991196689284,4.663569904141494,5.45413839571349,5.506521221065465,4.673746551867357,7.617439644780475,16.54699012304471,4.139404369535017,5.58646408230048,17.35089216225956,13.525053046353959,6.403355473446633,4.760713488313682,3.7073284946805516,1.5508635882707944,0.7241738000284498,7.421703592566073,3.432523171065889,9.042208762441176,3.587306760966767,3.359320618681923,5.405603411489701,5.45097617596972,4.178379353032573,6.561864743685263,6.603895270312361,6.5235290948033375,6.60673648227667,7.105088050130008,4.591256250799042,17.042547738287812,16.931428723150507,26.973453936559377,16.973100462394132,17.317375019006224,16.633886194199718,14.552178762209346,17.654143159799222,17.53573857515597,6.5633060739531155,6.050569510638939,7.716708704365354,2.157717770259831,6.639864992842,10.26944424082341,18.752683019800294,12.38203340756017,3.5921620858470455,3.578472831995669,3.785194764163428,7.064240956587451,8.591559604172792,5.8682802857054215,5.475731232690364,7.60677676430895,1.1045558077899857,3.8384125128237554,6.763169585033643,9.714896101535315
D_500_Haram_Makkah_0111,4.38120728148298,4.841157501471501,5.096692350983105,5.160686738216644,5.024727937247591,7.733277256672196,16.754947638561003,4.334468556127095,5.6992631409461945,16.875488985038206,13.303186807137727,6.490186112269012,4.277424405947827,3.691425790371334,1.0755906968746887,0.23432133377843464,7.5782547061681775,2.9482063085806502,8.593891076175382,3.632819682187479,3.7770029729975305,5.379466527394375,5.634744382349091,3.9560944616896587,6.833735515188141,6.87118033358324,6.799485290435107,6.8825224744104645,7.295347783549865,4.14385457263627,17.258861864977515,17.16391248633158,26.763785261773094,17.21362876424937,17.537594885143157,16.868034487317548,15.054416207597509,17.857370705695505,17.731708577105827,6.59663921466631,6.037988678681583,7.730878887568742,2.1584801653408676,6.920585113101891,10.411304976375135,18.98937751360751,12.577397888502317,3.281846640918933,3.212549202645967,3.3770854262566483,7.378893465285234,8.90813099409609,5.411202927072801,5.491945143635682,7.957941915616858,0.6713209474147255,3.930614923805574,6.839459309620739,9.247855513195084
D_500_Haram_Makkah_0112,4.505693106501364,5.062540892332466,4.765449314820926,4.842332703548617,5.399672047412149,7.879489027611594,16.975223909853117,4.5765872250727995,5.853136086224049,16.401688984675154,13.0968346298591,6.614125161379151,3.79906779901636,3.743467534336013,0.64280856872292,0.2999575774830276,7.764198893906889,2.4710757256987677,8.151870072391635,3.7457406179561703,4.2132003615772105,5.400126539682374,5.85594821429856,3.787757444041763,7.130665756496773,7.1637550499439975,7.100292211956837,7.18288556845559,7.514420581686663,3.7105283429779927,17.48693111636475,17.407787704464997,26.561960629102252,17.465292978351403,17.769286939447095,17.113724699580967,15.55665674584506,18.072276366632874,17.939604724021297,6.66775020446622,6.067108505497874,7.777529421256503,2.273085664816442,7.225356065681696,10.575142270015151,19.236277228026495,12.789515141369174,3.0235729657355996,2.88791787293382,2.9977166694326636,7.713443953888113,9.24117296300521,4.962873151899484,5.553726072278057,8.324615189844748,0.4311494915852195,4.082969651434687,6.95129667865914,8.784705701134026
D_500_Haram_Makkah_0113,4.681041192364237,5.322257644314911,4.466243116872157,4.557221779585654,5.793928558748942,8.054420931957367,17.20734583170981,4.858730967308319,6.044947080779449,15.929635187595531,12.906740618005548,6.773135768541242,3.3277713084552016,3.8607069555052975,0.4172524180565517,0.7934929486393019,7.97748103211927,2.006264916984074,7.717227742696832,3.920248816437296,4.662719344917662,5.467052862591727,6.110523394732313,3.680777417561655,7.449659536948567,7.4786518599425476,7.422929265173549,7.504875386477678,7.759866466040923,3.2968322280479017,17.726301745650233,17.662582499923086,26.368160141053142,17.727618826252712,18.012008457570328,17.370467063046327,16.058900061326113,18.298448664965367,18.159017383440982,6.7754496077227,6.1373353817649505,7.856081655962893,2.4858380089485403,7.551266265453316,10.759952247077747,19.492994365725835,13.017566216719993,2.8316171968375348,2.619973049117664,2.659416542998595,8.065416669329995,9.588969464364604,4.5258911949049505,5.659581892032117,8.704837017765124,0.6524545393627627,4.289071261799269,7.097001311860411,8.32609593006523
D_500_Haram_Makkah_0114,4.901796125031558,5.614990968458676,4.205916466805884,4.311953131001698,6.203816551131559,8.256247570858857,17.450840693266166,5.174356462406414,6.271215913244545,15.459487528679292,12.733632890347875,6.964816180065595,2.867018652319437,4.037468340062141,0.6630118434505337,1.293783291532112,8.215972312306459,1.5647909276879792,7.291283705942715,4.14857952132656,5.122053675038386,5.5785804983823315,6.39448539332952,3.640567318752739,7.788006133288274,7.813172213663916,7.764675623649592,7.845829670960477,8.029267161068079,2.9111469168100483,17.976522277292627,17.92783128073652,26.182561964221545,18.000140157916817,18.26531972226245,17.637778922949373,16.561145876697783,18.5354751522979,18.38953431386893,6.918028758651425,6.247283119920272,7.965591805910008,2.774248062047149,7.895698404778115,10.964674435660935,19.759146256453167,13.260729044649523,2.720055876226602,2.427558233226668,2.379764382795869,8.432630266780343,9.949973364823371,4.103883509730808,5.807102751376018,9.09690865385589,1.0817079662359377,4.541608328130363,7.274538414875565,7.872819591559862
D_500_Haram_Makkah_0115,5.162135737677973,5.935858059337523,3.992082613962435,4.113659388315516,6.626435872466835,8.483049494525448,17.705239251760705,5.517720940265896,6.528360643459124,14.991425317628991,12.578212755532906,7.1865526981522745,2.4228325447789074,4.266359755903534,1.0998442674709747,1.7951897309365128,8.477545393816579,1.173298605295183,6.875654660145323,4.422403842590126,5.588783673755876,5.7321065894044265,6.704101023713929,3.6693227785632696,8.143293575796177,8.164904457108577,8.12311976232179,8.203384073093414,8.320296063319603,2.5661334069921704,18.237146100096535,18.20307703491051,26.005341701374533,18.282401028587852,18.528786392053544,17.915187141520494,17.06339394726305,18.782944896541874,18.630743320759912,7.093384631424992,6.394903218816637,8.104805030484307,3.1173871643921856,8.256334702630555,11.188215790586094,20.03435686768427,13.518188136789137,2.6988769376231208,2.3294654790008793,2.181433226073513,8.813179807101266,10.32279906964203,3.701974522642053,5.993212659930425,9.499362920466348,1.555337475604554,4.8333075745834595,7.481642151660254,7.425853357975728
D_500_Haram_Makkah_0116,5.456396814463307,6.2805483510854545,3.832531484023671,3.969386704498972,7.059500339461153,8.732880971281508,17.970078406513174,5.883970132499814,6.8128859798712105,14.525650126902569,12.441143081596127,7.43565687121547,2.0062467015496397,4.539502427522516,1.5761715924062765,2.2969813097280034,8.760132841705301,0.8995971379823021,6.4723280195229425,4.733833654990682,6.061201050881798,5.924366878604514,7.035984409673687,3.7654640264327095,8.513401117551636,8.53172005434595,8.496148507224845,8.57546236799545,8.630765497150936,2.2803277829654194,18.50773370328657,18.487873243687595,25.836671736002128,18.573957398151297,18.8019815358999,18.202230086284846,17.565644056304514,19.040450685914482,18.882234632704723,7.299155255369602,6.57765970272608,8.272221797093062,3.499191486527625,8.631144168832657,11.429472115237282,20.318258081800774,13.789142703884684,2.7701540385616568,2.33759904359248,2.087729086794348,9.205411480294254,10.706211588902104,3.3274550044991504,6.214445529792042,9.910935031749872,2.0427050022533373,5.157528398922455,7.715932037820562,6.986408371976519
D_500_Haram_Makkah_0117,5.779400220005888,6.645355733779512,3.7342274231433263,3.885157748186235,7.501201036917201,9.003825138842052,18.244903480350004,6.269094385958764,7.121510813378528,14.062389181782203,12.323036189605128,7.7094762387002165,1.638450487232768,4.849424702863747,2.0648395376787687,2.798950748166861,9.061768851629608,0.864005793809705,6.0837509995935015,5.07595185230315,6.538073012350602,6.151730686610795,7.387134820755248,3.924041109541478,8.896479286529683,8.911756622561214,8.88192440157088,8.960255360854635,8.958654462791493,2.0783017011691762,18.78785456712843,18.78178543751592,25.676720553085,18.874378481484346,19.08448734657088,18.498459230782135,18.067896011196016,19.30759095053489,19.14360299383313,7.532848520123759,6.792717094406294,8.466169064958823,3.9083457463996703,9.018359790254257,11.6873463811197,20.610490753440093,14.07281322260362,2.9271407845239645,2.4509014202527006,2.112619975670579,9.607894619904016,11.099113793735158,2.9906326032459485,6.467197794679181,10.3305352313513,2.535901910081055,5.508531257534635,7.975012358196509,6.555997181456949
D_500_Haram_Makkah_0118,6.12660156007718,7.027147771207382,3.702052592231533,3.864900063670612,7.950098578962393,9.294035674917241,18.529270124804857,6.669824829607984,7.451241141272637,13.601899349399313,12.224441687377645,8.00547507475481,1.3596320233026762,5.189541186658183,2.5587873845272964,3.3010167848447813,9.380616026441867,1.0901017402661077,5.712933999972277,5.442974676745129,7.018491557455764,6.410463923980013,7.754935361428054,4.137881912519911,9.290923784352874,9.30339405910032,9.27885761887247,9.35619438416142,9.30212104388976,1.9857918662990952,19.077088726279598,19.084392423134634,25.525652040476274,19.183247781714627,19.375896551135764,18.803440400493557,18.57014964014548,19.583971408795758,19.41444947583407,7.791952442625247,7.037114567831185,8.684869561141628,4.337116341328527,9.41645118050494,11.960763753109624,20.91070556296925,14.368446546343737,3.157077007812608,2.655946921744963,2.2521770287468894,10.01939384455168,11.500533077858861,2.705622706900903,6.747928525763105,10.757224082707443,3.0320847878168222,5.881523066563892,8.256549713541446,6.136520886315752
D_500_Haram_Makkah_0119,6.494120779515111,7.4233042294615545,3.73771502436238,3.909608076916287,8.405039885850895,9.60176573496179,18.822745872242916,7.08351326786889,7.799400579460375,13.144471842861087,12.145834729402505,8.321286810461777,1.2317721908637345,5.554307770605767,3.0554554096982702,3.8031410557645313,9.714979852420434,1.4610686402104367,5.3635617983974075,5.830200565224775,7.501775286153927,6.696931680684538,8.137128522766389,4.398934279520429,9.695347388531312,9.705228025457009,9.685576469577988,9.761923256988464,9.65950364378243,2.0179167740302115,19.37502802885106,19.395287213011834,25.383624776007064,19.500163840028403,19.675813540884104,19.116754699548057,19.072404789451756,19.869206450874966,19.69438301902049,8.074020977695138,7.307909009874716,8.926504053453757,4.780227536122328,9.824096265367006,12.248683373829442,21.218563683526256,14.675319695377253,3.4453880424916696,2.933560517541744,2.4871723995357917,10.438842927240264,11.909608220889128,2.4902788165626126,7.053297714257219,11.19019069473265,3.529994603174543,6.272582344678807,8.558328082742419,5.730381292622701
D_500_Haram_Makkah_0120,6.878701923691126,7.831645527325544,3.8393247133147725,4.017113186169057,8.865094493663383,9.925385867617662,19.124911362640542,7.5080180126475025,8.163631545366327,12.690437779455847,12.087605231456132,8.654742751022958,1.3001960070633218,5.9391843193827,3.5537031592233577,4.305303090658403,10.063313738297504,1.893595652965257,5.040095856275189,6.233865757868093,7.9874040841346226,7.007733461614066,8.531780262710217,4.699336765264581,10.108552395438563,10.116043460965376,10.100898908916784,10.176271039914695,10.029314690134072,2.169145789588167,19.681277117179086,19.714077689515975,25.250791305982133,19.824740735870662,19.983855245415963,19.4379991547118,19.57466132118289,20.1629202755069,19.983021716407602,8.376734545784759,7.602280097129018,9.189263506199,5.234038314068199,10.240154113991084,12.55010713575544,21.533737279716757,14.992742484284472,3.778735627952193,3.265285091989923,2.793624504751892,10.865321171133994,12.32557693940815,2.3637185973635058,7.380247575113961,11.62873384360797,4.028991051677753,6.678535982010138,8.878283645806205,5.340621849478976
D_500_Haram_Makkah_0121,4.371551388158117,5.055816485429096,7.2612370126927575,7.261327774381542,3.0302138089891786,7.035445621026832,15.226868662355022,3.5770823149533433,5.212994834776224,19.893365021414645,14.439170693310926,6.073423743098579,7.148110179782715,4.297274088663517,4.108721766308757,3.283384948836542,6.636644343305243,5.848945198048195,11.536173173256365,3.9321798379598705,2.484792661612552,6.619752835372278,4.711528473722285,6.160684530654611,5.200570589982454,5.265717754090023,5.141643395423808,5.219215639898546,7.159104138102326,7.100584290313936,15.67510725249151,15.484403385014314,27.700845671753658,15.485597906789437,15.927598950252388,15.181647464206408,12.060195578197249,16.345835076614385,16.264955077045343,6.492263169995268,6.257677412229652,7.652738994397237,3.820794283343761,5.2211908843769015,9.41841608532527,17.268233740189274,11.192470762071562,5.356831659260777,5.946914755975543,6.232271177080497,5.420343524256194,6.8666860160059136,8.105565941006324,5.60753255961726,6.626215694121996,3.649079899531252,3.894142545017308,6.454500891608886,12.245966370975555
D_500_Haram_Makkah_0122,4.145987286885011,4.972544200150277,6.814047232135257,6.820177651145352,3.1722577838422277,6.982316619402303,15.370752461046328,3.4533326414584913,5.091697390131823,19.41524143285515,14.14264629316113,5.956767815218175,6.648643500119584,3.9781829607633985,3.620817953829989,2.790718402655862,6.623470929312503,5.347605034468969,11.074912931853046,3.642483046717058,2.5752514593277294,6.4043910753484745,4.6596942595387025,5.79852184017946,5.307057468659007,5.367170817806881,5.252629549823867,5.332674099661376,7.174230203774149,6.632284053768455,15.830539576912967,15.657920565568974,27.450810173700877,15.668558749847948,16.088545089890985,15.355909298509692,12.561643843850193,16.48879507250403,16.39930625473815,6.329707411349564,6.040156542346913,7.500691176788669,3.475451465898913,5.342712605494925,9.440202535348808,17.452861094325712,11.297109213122877,4.903015478076887,5.509791097617777,5.7788588333856366,5.603726097526685,7.0829612634116925,7.61719255012655,5.394376352127645,6.84467057884677,3.1659791100155514,3.6548196306546905,6.3384049235157685,11.772183279934508
D_500_Haram_Makkah_0123,3.9714666203678153,4.939201097796881,6.3750691686544325,6.38806352617612,3.383611984169159,6.965097199761809,15.529555848894516,3.400012079377662,5.017971232413544,18.938369382380895,13.857987599979303,5.880839616407598,6.149636992007696,3.6999869309507405,3.137458258327802,2.302215125567988,6.648328329863175,4.84646185349467,10.617377372710804,3.4026336312532908,2.755764597423066,6.222211880388256,4.661714963616283,5.458596377308652,5.4578721015730505,5.5126986166262455,5.4081717808385195,5.489917900107312,7.224332760586146,6.169334074207017,16.000235943682334,15.845465467668518,27.207750322059645,15.865317369390553,16.263416878987172,15.544454079601046,13.063156563766073,16.645689285114287,16.54781852763286,6.203667933757493,5.857733477359736,7.379763278041041,3.172325887193111,5.507531754562477,9.488565023262183,17.649855327475215,11.4228949249333,4.459603888271749,5.084721919008109,5.334211378059788,5.824770582189242,7.327338244367576,7.130752989171457,5.220992000615401,7.092030141356719,2.689917593539109,3.47212541051492,6.260571600536157,11.300863102648718
D_500_Haram_Makkah_0124,3.854928057125871,4.956794781464701,5.946121745326857,5.966948759333377,3.6522632366757,6.984052917699356,15.702826159032941,3.4204158365851325,4.993923634034164,18.462845825181677,13.585940451055489,5.8472258821528245,5.65121248524594,3.472528565486301,2.661119828620353,1.8212280889582249,6.710793888599541,4.345583711479529,10.164069467919102,3.223776684586688,3.0101742589322935,6.076200597582303,4.717521295415332,5.145317260354332,5.649465492487015,5.698925600621512,5.604561576144757,5.6873163768936985,7.308692475540062,5.713035086311498,16.183747632536722,16.046546224114795,26.97185468783533,16.075367103661016,16.45177023652781,15.74676873705672,13.564726558888829,16.81612767664251,16.71011430252104,6.116402538328349,5.713770829149423,7.291503756618093,2.92457416885597,5.711901396545158,9.563100314132964,17.85880717739115,11.569138110646772,4.030032604986582,4.674996413168107,4.900715053858534,6.079370163342344,7.597105533842934,6.646671794998484,5.091444227206862,7.365382691261798,2.225417287491968,3.3553226890022483,6.2224368472469145,10.83232729428529
D_500_Haram_Makkah_0125,3.801707431513546,5.0247901519012625,5.529539726105726,5.559333415506724,3.9665865304597654,7.038891462709774,15.89009011786448,3.513259538272748,5.020268460687147,17.98877767902607,13.327277149307038,5.8566551681355,5.153538768358957,3.3062959488167554,2.1963754457249185,1.3557802885883614,6.809832702581545,3.845074079697272,9.715580953106187,3.1164311931029025,3.321543454750638,5.96901191856656,4.825247360434278,4.863835997884396,5.8778512724838485,5.922013396075241,5.837677767886342,5.920854608995238,7.42614191896626,5.265116512490697,16.380610306732482,16.26066066089492,26.74331283743991,16.298194051480944,16.653147699494703,15.962329674737449,14.066347673343596,16.999702847673333,16.885796124574853,6.069583810606245,5.6112295470732985,7.237107868008927,2.747218535297784,5.951748632015227,9.663202747832985,18.079302025172538,11.735073933697226,3.6192330450611334,4.285018148527057,4.481606814687871,6.363498495654236,7.88965903436371,6.165504424200165,5.009135250548467,7.661946652518005,1.781544060792917,3.3113912726572057,6.224730260586993,10.366953342203288
D_500_Haram_Makkah_0126,3.814455860173031,5.141187738694448,5.12833729462217,5.168412365951469,4.316616163732135,7.128784734207314,16.090859137019496,3.6730539866720497,5.096224184489163,17.516283090681863,13.082791534345478,5.908921348549496,4.656856468642918,3.2108125549909348,1.752473274179085,0.9295154577025784,6.943879983989242,3.3450982552453286,9.272611109240994,3.088063571435102,3.6754242284439127,5.902761100974141,4.981525904459593,4.619968215182736,6.138924397128028,6.177970071794766,6.103313442573005,6.186441054794837,7.575142065741769,4.827911358184,16.590348676262696,16.487300970434354,26.522314858096472,16.533281582386664,16.867082762619088,16.190607795170774,14.56801459852667,17.195994056088512,17.074450781210363,6.064148570619796,5.552404929620114,7.21734126989413,2.65440719448041,6.222972590059316,9.788087891311184,18.310922860944757,11.919879968730436,3.234365646775872,3.920684046057076,4.081321479378606,6.673384904486823,8.202560971447816,5.687990325343251,4.976409506261068,7.979134267713473,1.3783712331096274,3.3432049729425577,6.2674073944148745,9.905186874423253
D_500_Haram_Makkah_0127,3.8925251256035116,5.3028011061808975,4.74641596047452,4.798267579122512,4.694371644693412,7.252429291649781,16.304634310696763,3.8915604449861108,5.219625370732783,17.04549289205677,12.853292631658336,6.002905541173035,4.1615204836991495,3.1924327572012627,1.3501297572920268,0.6280504138598972,7.110956137150715,2.845937447515551,8.83598992273976,3.140814387454125,4.060717333834842,5.878832271836019,5.181965949282402,4.419944114981922,6.428703683624207,6.462891521595853,6.397418965102202,6.480136389463521,7.753874220873479,4.404610954406864,16.812480844732786,16.725957951321654,26.30905084224848,16.780114371770754,17.093103900669774,16.431073039776628,15.069722732262798,17.40457104397358,17.275653253790924,6.100207369696967,5.538689979621944,7.23248784003566,2.655021068496484,6.521659680023397,9.936821346364082,18.55325297324769,12.12269320432999,2.885824299909412,3.5898104706955296,3.70596321539737,7.005612015018298,8.533573232355467,5.215133032316978,4.994241719284614,8.314585548388187,1.063252244502055,3.4486680796278457,6.349653958612342,9.447556829656154
D_500_Haram_Makkah_0128,4.032122717884053,5.505649814207021,4.388812134825066,4.454081649305449,5.093688053700322,7.408135307846308,16.530911041205815,4.159536403447086,5.387212527690005,16.57655227820852,12.639596782779819,6.1366912291253595,3.668076160884435,3.252463838942817,1.0388106842409826,0.6553505811776533,7.308796376888301,2.3481113084720153,8.406706598676733,3.270761035527275,4.469306000366095,5.897740521944463,5.421671657517141,4.26992960244354,6.743489427607368,6.773123332947116,6.716255222680667,6.7982985069715145,7.960335880840576,3.99963245893959,17.04652228662959,16.9761247819323,26.10371033149938,17.038181941311784,17.330738230070782,16.683198410771745,15.571468065143524,17.6249976180484,17.488970453986198,6.177033512841746,5.57041782797448,7.282329677252325,2.7489974218596305,6.844215246407987,10.108350421043689,18.80587834988737,12.342625959883321,2.5883255741749163,3.3024698632249705,3.3638867153631424,7.357153875852032,8.880670905261429,4.748323893812561,5.062097536866721,8.666179852039292,0.9304260651425766,3.6213516043240395,6.469961038616144,8.994694540770768
D_500_Haram_Makkah_0129,4.227157197146945,5.74536782665983,4.061953353617032,4.142330298600391,5.509879566630477,7.593930819925181,16.769183238644924,4.4680897436252405,5.595016492016227,16.109622745299678,12.44251821717426,6.307746317326436,3.177404807658111,3.3867386658567074,0.9165116418840099,0.984433520472249,7.534977790226049,1.8526958215850695,7.985944510999794,3.4692396877156226,4.895360560973696,5.959078028604441,5.695687571153353,4.175318429129492,7.0799468757125155,7.105350940116735,7.056470687654571,7.137656267991621,8.19243078752036,3.619131623468867,17.291989420705722,17.23730031473535,25.90648172118048,17.306981703136096,17.579514783551947,16.946463462468564,16.07324708810857,17.85683494338187,17.713964695946743,6.293134057627793,5.646822464927503,7.366162481662061,2.927358295832497,7.187426459589484,10.30153644109937,19.068389786956587,12.578780260052383,2.361241725355246,3.0709064654591853,3.0662510729624617,7.725374140542742,9.242041793939284,4.289537841471776,5.17801063389103,9.032032108299203,1.0514125843297988,3.8522261656739474,6.62625580347671,8.547357819760487
D_500_Haram_Makkah_0130,4.470378519716944,6.0175504581632335,3.773836632781591,3.8708580234205523,5.9393997064913755,7.8076679930554675,17.018947062204525,4.809416854202865,5.8387447604076765,15.644884333543093,12.262858105686934,6.513134975318567,2.6910235394532367,3.5869289643091435,1.0514025879148987,1.4189155797712985,7.787031130644761,1.3623231667582367,7.5751236814503695,3.725312467230502,5.334697849015223,6.061556823539672,5.999314154329428,4.139910710186562,7.4351344670885515,7.456634824134989,7.415123171434292,7.4953312161796,8.448046474455799,3.2716599072021544,17.54840276235361,17.508991894418266,25.71755162729288,17.586021520955736,17.838967386602793,17.220357267978002,16.57505671679222,18.09964452372527,17.95019686954325,6.446387273736645,5.766128110888101,7.482843849408541,3.1759180340023607,7.548476302170213,10.515185784928544,19.340384710299475,12.830260381043699,2.2262256617959757,2.9084732019041404,2.8271271574286985,8.108000756287392,9.61607683391508,3.841650297469504,5.338851701503431,9.41047949668239,1.3600852175750398,4.131547854698957,6.816063011294225,8.10646141582969
D_500_Haram_Makkah_0131,4.754397040266283,6.318003262053297,3.5339503096422447,3.6486664861758937,6.3795568244356655,8.047120634060192,17.279704189604452,5.177039292555411,6.114102591235379,15.182538228499606,12.101392234874249,6.749723641338365,2.211764237195337,3.842746676560779,1.3694846688858249,1.8873578799923183,8.06253026375071,0.8854116056179259,7.175951657478504,4.028009910432756,5.784291976008044,6.2031381550185145,6.328290684551748,4.1652164535677745,7.806495960817371,7.824408707490043,7.789666401412739,7.86882589045331,8.725115907444422,2.968837063931449,17.81528965253784,17.7907177159972,25.53710421824787,17.874821812733757,18.10863713723376,17.50438088172558,17.076894229189737,18.352990854071972,18.197229293002348,6.634218872624473,5.925744027927792,7.630867042304159,3.479665545562281,7.92492698011023,10.748078179430008,19.62146871972557,13.09618343691121,2.200291593668033,2.8271108788893202,2.662327925623785,8.503089103045456,10.001355226946677,3.4089595669217005,5.54070940896651,9.800062931829725,1.7603357567565356,4.450203406426997,7.036671232023745,7.6731155359818315
D_500_Haram_Makkah_0132,5.072364189803845,6.642891370149097,3.3526630924429766,3.4851937329891833,6.828294166956068,8.310066035206038,17.55096461727389,5.565748935972726,6.417019486220812,14.722809783832973,11.95885755727959,7.014355912744102,1.7455029501818982,4.143902249125387,1.7748564288312496,2.3697053770561904,8.359157299370223,0.4653696310028763,6.790482981416771,4.3676487696178565,6.241926928100672,6.381219763538341,6.6788722168772505,4.250151223059489,8.191831960808015,8.206455832437454,8.177917261900488,8.255993504453821,9.021662622997518,2.7255857688780853,18.092186572968114,18.08200874897387,25.365320514598654,18.172917227571585,18.38807450092131,17.798049328930876,17.578757213978335,18.61644374180155,18.45462823501701,6.853786468204887,6.12251825757197,7.808449789691992,3.82547730705756,8.31468687098004,10.99899129964182,19.91125687094327,13.375688001655064,2.2871530052373252,2.833810926943914,2.586101483776101,8.908981360733561,10.396627039751273,2.9980525412845074,5.779287421507688,10.199506386079758,2.2027977979669684,4.8003659927121,7.2852828577770286,7.248674424350208
D_500_Haram_Makkah_0133,5.418306475797947,6.988807788805675,3.2398267200801247,3.388947581305787,7.2840260790067095,8.594348125621654,17.832249006753198,5.971429125916337,6.743782716834856,14.265952040025105,11.835937996775376,7.3039842071903,1.3062332863650254,4.4812643382108055,2.2202089630434036,2.8589284752927284,8.674745098169913,0.392134085361552,6.42118593134917,4.736288417180568,6.7059566550761245,6.592844485473024,7.04783532791243,4.391256291031387,8.589261830365645,8.600874328085684,8.57801463757364,8.654999293904647,9.335830711430598,2.558951063698179,18.378641066590436,18.382410260484246,25.202377660673367,18.479857934734962,18.67684104053825,18.100893160486834,18.080643527439292,18.889580301697094,18.721966106425604,7.102147194489207,6.352998911079733,8.013627153837243,4.202983166258598,8.715970630677408,11.266721193422836,20.209374713478507,13.667940859608958,2.4749620598465647,2.9279687318096412,2.606230966486494,9.324266685476731,10.80079511625146,2.6192016582067974,6.050243277062583,10.607696012621236,2.666540730874509,5.175644575846138,7.559135336014191,6.834797181767185
D_500_Haram_Makkah_0134,5.787209187068576,7.352785190825079,3.2026841975084417,3.365700130470829,7.745517963752977,8.897922019610453,18.123090602575843,6.390848831151802,7.091096418432437,13.812249826763997,11.733250008880901,7.61575719823664,0.9328959067005976,4.847279016058087,2.6857261460773736,3.352017945810198,9.007300856801931,0.771721217428969,6.071012296709778,5.127677798953771,7.175140521196367,6.834897246550511,7.432442958504632,4.583346645480634,8.997183010183884,9.006038887229042,8.988376659231086,9.064280014048645,9.665902055650816,2.4843975093903325,18.67421328937293,18.69148297469615,25.048448172827477,18.795210565543105,18.974510806790835,18.412459616035214,18.582551257348683,19.1719866372844,18.99882332980853,7.37639320363402,6.613662942546751,8.24433909591774,4.60439399916481,9.127258385753937,11.550098452242157,20.515459105003305,13.97214204296022,2.7430616591239616,3.101629358834319,2.720578259512829,9.74774458453477,11.212897465738203,2.288383571648916,6.349433185078096,11.023660244231756,3.1421561310811272,5.570965704117152,7.855589305839082,6.433522831995093
D_500_Haram_Makkah_0135,6.1749585411480705,7.732273417264875,3.2438365670203204,3.416941544471156,8.211798721046597,9.218882056991127,18.423036753762705,6.821474131872399,7.456089291351039,13.362024551750329,11.651328498559824,7.947068973192397,0.7341170586228498,5.235940832878258,3.1625157395317047,3.84748744038867,9.355015155459594,1.241741344484018,5.743460884380924,5.536994660960173,7.648530020612391,7.104268487160577,7.830390146005213,4.820330754174723,9.41423178180706,9.42056305137864,9.407660148135076,9.48250526576846,10.010303596645798,2.5101430799692177,18.978477223978047,19.008803907831783,24.903699169793722,19.118558849665536,19.28067141840649,18.73231343993588,19.084478692563415,19.46325922635291,19.284789901806075,7.673749663775724,6.901090932448891,8.498506233728067,5.0239830434778305,9.547257290021081,11.848000346520333,20.82915882365565,14.287528354518727,3.0704915334641196,3.342423508255515,2.9180881950859585,10.17839249877397,11.6320907960799,2.029227527403518,6.673060502053986,11.44655149617844,3.6249737061260032,5.982357323840516,8.172185414106776,6.047360633864474
D_500_Haram_Makkah_0136,6.578222607871097,8.125099378013438,3.3604084830970082,3.5394379981144257,8.68209676442812,9.555476399855706,18.731650075345332,7.261311633325523,7.836291331370257,12.91563979548931,11.590613766252691,8.295578772357791,0.8438861481044204,5.6425718329195025,3.646158202268475,4.344522654413911,9.716260659475056,1.7299919398036725,5.442617552210703,5.960546782855931,8.125390069065219,7.397974634523044,8.23974432333537,5.095949108635799,9.839247519085726,9.843264381820049,9.834724083010421,9.908542465314548,10.367607288960581,2.633247352912016,19.29102158852865,19.333966918513532,24.76829159133755,19.449503986613855,19.59492486330183,19.06003739475025,19.58642429727253,19.763006032297053,19.57946666768782,7.991637227642946,7.212083607959082,8.774090412826984,5.457559092100886,9.974866995713564,12.15935933744344,21.150135000230993,14.613375590941079,3.4403530857908247,3.637041485143029,3.183318548078302,10.61533779612528,12.057635525220118,1.8717402252577173,7.017745148663789,11.875629743386769,4.1124574534718095,6.406724340836425,8.506674997478072,5.6793939393611135
D_500_Haram_Makkah_0137,3.945397754140182,5.544646798100971,7.055257203111382,7.043895612163765,2.5436931675198795,6.541451161108022,14.746841264923859,3.106618232154159,4.736785335642544,20.050224321795163,14.043535411036482,5.5944406019310495,7.114511130420088,3.940874257425597,4.248113172089144,3.408676917436116,6.1383824634595205,5.8409334698845,11.738906288591956,3.553631950891085,2.98275216453349,7.066969546394719,4.2189884744401756,6.506778714580346,4.708839657193889,4.7731098200020305,4.650743243565522,4.728869939140668,7.65847104328166,7.290148409736791,15.198656464483797,15.014110052265622,27.270893842401353,15.018852900987351,15.452972150662486,14.711592974327367,12.099935053768888,15.865645259478834,15.782345781973024,6.028705356635151,5.820414800359374,7.18371288662988,4.181804993384188,4.732581585321601,8.919117156607902,16.802309834866712,10.702294584410375,5.172235502932309,6.19927176547714,6.455196909603111,4.950717831722876,6.412285842524775,8.007220854430312,5.169558478571479,7.0858439675427105,3.8071691009693183,3.4794901968968315,5.974898618367497,12.417570619974024
D_500_Haram_Makkah_0138,3.693898232074707,5.468820028109149,6.594111555652204,6.588200343380692,2.711340468514366,6.484273633209306,14.895361553868122,2.9632812456083943,4.602952709026858,19.575931926548368,13.738473755130562,5.467572036503991,6.612505295652296,3.590241958284527,3.778249115257809,2.937097682214553,6.124134923690405,5.3388386789686715,11.28593393829319,3.230157324130355,3.058513358113372,6.86564831556711,4.161019592456887,6.164978799499242,4.82618524707279,4.884801443213133,4.773154267145612,4.853800632713607,7.67261057766804,6.834847006392592,15.358910127602847,15.192998201251026,27.016879325391905,15.207429050030115,15.618808817647041,14.891355343937413,12.599800102444602,16.01289182204156,15.92076904924286,5.853287571094715,5.585889877385787,7.021513909168531,3.86881868705249,4.866316946339839,8.942118504269642,16.99199941715122,10.811676671254597,4.700628655866736,5.7812582483513735,6.018600064025318,5.150844292885466,6.643368112571551,7.512455418831556,4.937527927266009,7.290537044295797,3.346961071718884,3.209389950419474,5.849288876214555,11.950591912860776
D_500_Haram_Makkah_0139,3.49688315475632,5.438517493242655,6.139425882000628,6.139779463346375,2.955832486034162,6.465725681700908,15.05917778172157,2.900962159856547,4.521260579155811,19.103071288319438,13.445260024164384,5.384747597880692,6.1105463661135095,3.27929454589067,3.3178999766911477,2.477619728809725,6.151008106035947,4.8367846503526755,10.837310053411695,2.9570459076989524,3.2119760023893944,6.696028127075447,4.163278704690259,5.846396724079118,4.99154695400551,5.044261759623401,4.943801622816022,5.026045567648705,7.719476974873255,6.3865952956366625,15.533758487698483,15.386210015887547,26.769879632570547,15.410075429926309,15.798879693875879,15.085706186182584,13.099850421658788,16.174401972740647,16.0737023018816,5.716751439490238,5.3881061994484405,6.89218163243943,3.5989744695024553,5.046715420687458,8.993158244620854,17.194273490102386,10.943042174337922,4.236081867028948,5.377687155067807,5.593042284775498,5.390488860901636,6.9033217763125245,7.018759093028567,4.747485130964267,7.523248687229047,2.9007504286165777,2.9996838315036567,5.764853097434269,11.486593679981414
D_500_Haram_Makkah_0140,3.3639389963134407,5.4544979030330625,5.692748215432535,5.700349889502715,3.2599248094631776,6.486138651026843,15.237796605831743,2.9248441261969464,4.494552842100472,18.63175139653832,13.164685868561293,5.348013929424673,5.608646862904965,3.020313774628841,2.871645232865429,2.0384424666788257,6.218468856855464,4.334785453367005,10.393597694790849,2.7493475066818704,3.4327346670756644,6.560568223224768,4.225669119197606,5.555028496517317,5.200346235307448,5.247137430897734,5.157899803787325,5.240941755460556,7.798480170710492,5.946987525631551,15.722714614504195,15.593213035660636,26.530090676976236,15.626244621758373,15.992703948108623,15.294089332030737,13.600065545214369,16.349752985855087,16.24073561378995,5.621930482970568,5.231232714795287,6.797592239647029,3.382612863529966,5.268986182578095,9.071763094544082,17.408693372889545,11.095610272226896,3.781198058123512,4.992062321197804,5.18124426495459,5.664638198869644,7.189015503918537,6.52637444187383,4.6046317070166065,7.781465489485653,2.4761158392333398,2.8636705328901604,5.723413781806347,11.025952167134523
D_500_Haram_Makkah_0141,3.302811628398312,5.516358965338067,5.256120493770321,5.2721602747487,3.6085812384628757,6.545147955799007,15.430703963933258,3.0328913687150925,4.523803367074191,18.162092179779624,12.897576167930804,5.358318957349267,5.1068242275986035,2.827614584709854,2.4472073525769287,1.6359970929505814,6.325218601593997,3.8328625260956177,9.955453560109287,2.6226492637203225,3.708791650990332,6.461417350488267,4.345601572829545,5.295368127801866,5.447590581436203,5.488616208279955,5.410292833406114,5.493486058511086,7.908657084708432,5.518089910971476,15.92527631713889,15.81346565099228,26.297709691677035,15.855383507349014,16.19978790100317,15.51593939291938,14.100427904791271,16.538504595546495,16.421438702694587,5.570955086726693,5.119031823190556,6.7392087493758135,3.2304976204236415,5.528080713175931,9.177224734170526,17.63481600905802,11.268519755489248,3.339927612601437,4.628871067797402,4.786758435264498,5.968539470257388,7.4975073303437325,6.035622424756821,4.51345050745401,8.062737292096163,2.0862735681910713,2.812063394516414,5.725904451765463,10.569106240477087
D_500_Haram_Makkah_0142,3.317473169175584,5.622586441299754,4.8322676403571725,4.858183440698215,3.9901367450017697,6.641724871195607,15.637371035802717,3.216633537308743,4.607946545915037,17.69422585382807,12.644784192383774,5.415394081304727,4.605103500922991,2.7153450482424595,2.0581282490600317,1.3047279793551723,6.469312653447678,3.3310502233965704,9.523646151471468,2.5888708019394464,4.0287955609969,6.400263132117455,4.51849635743975,5.072287440186767,5.728303999114721,5.763848182716372,5.695892216523007,5.778744587317794,8.048727581542718,5.102603802196164,16.14093134619754,16.04642225532133,26.072934737497647,16.096938202604367,16.41962984243961,15.750687304555742,14.60092233544276,16.740203494444085,16.615365546440145,5.565030177343095,5.054479288015441,6.717975124464968,3.151944112795994,5.819082286714913,9.308630346688627,17.87219718452925,11.46084995600045,2.918451965904763,4.2938097016109165,4.414228555233775,6.29788708979487,7.826101679039788,5.546936315430886,4.477099645035789,8.364738634661647,1.7545698875262237,2.8494520728319803,5.772268171072808,10.116570078164113
D_500_Haram_Makkah_0143,3.4069451833213305,5.770730692473559,4.424862160388055,4.462376630266165,4.396033099905532,6.774262785646517,15.857259815341326,3.464046206949123,4.744062376617072,17.228298463488983,12.40718509559391,5.517788070901542,4.103521963606165,2.6935808797992986,1.7284529838902878,1.1102849682218807,6.648323221574555,2.829407261650545,9.099077619158782,2.65156548158575,4.3831314108268495,6.378198534525265,4.7385596542354245,4.890794371351956,6.037820040498569,6.068242280756911,6.009965754264961,6.09212355913156,8.217163047706993,4.704084151563646,16.36916219204584,16.29153786056964,25.855964165132402,16.350358410843846,16.65172444918561,15.99776527029893,15.10153567885564,16.95438758015159,16.822058791584972,5.604298567108464,5.039406423331845,6.734242723352699,3.1524560921840132,6.1374539868828615,9.464899373868807,18.12039441412058,11.67164081008942,2.5266963013639296,3.9939640180866594,4.069688388432311,6.648900681448736,8.172374016535517,5.060914526093113,4.496908892452283,8.685307346480988,1.519566747716224,2.9724800835973695,5.861463865495869,9.668948787187126
D_500_Haram_Makkah_0144,3.565600313982173,5.957665543177398,4.038884202490077,4.090018299245573,4.820125003959722,6.940701839203933,16.089828209963645,3.7625900215759986,4.92784592677981,16.76447164915114,12.185667579818077,5.663043144089856,3.6021376474684366,2.7644603631200977,1.4979307377183864,1.1259389434545743,6.859517176428868,2.3280429363022863,8.682809872148914,2.8042700952369763,4.764144894054062,6.395628078476463,4.999566682005574,4.7556526276180895,6.371942775379446,6.397637265407205,6.3482886200151185,6.429512393805796,8.412259784382684,4.32722103420848,16.6094504244321,16.548272147807232,25.646996031929316,16.61510118364389,16.89556675959715,16.25661107554999,15.602256462568532,17.180589890590362,17.0410538842954,5.687824226057694,5.074254099969067,6.787741863427185,3.2319958584430237,6.4791622838333245,9.644823310164833,18.37896948740338,11.899911307289788,2.1807367122787897,3.737818484014843,3.760838340808857,7.018330144704748,8.534172723764927,4.578405541036366,4.5721482624808925,9.02246450008563,1.4297690084820485,3.171195660209878,5.991578873588516,9.226957646829412
D_500_Haram_Makkah_0145,3.784748044885691,6.1798718006147,3.6810801568070546,3.748103389935631,5.258011462794725,7.138671139930628,16.334534612893698,4.101113645989722,5.154200567383425,16.302924674319936,11.981123635343774,5.847966279778724,3.1010460840701084,2.9212475665598374,1.4158500649855523,1.344370360324599,7.100023105442061,1.827186404943781,8.276095484754256,3.0334213365761467,5.165936476313682,6.4522316497375485,5.295466622461967,4.67088707373546,6.7270065827316206,6.748373112294417,6.707192216793851,6.787331484215684,8.632210218016995,3.9781738610366606,16.86128054160959,16.816092947717877,25.446227474240626,16.890634097662343,17.150655682381657,16.526671770320128,16.10307463873548,17.418342186646086,17.271882871457215,5.813699859021416,5.1580105439962685,6.877603696039204,3.3849969456562885,6.840710871029724,9.847105549140691,18.64749067497018,12.144675815465327,1.905680006908854,3.534885608229855,3.4971470176072117,7.403419090168836,8.909606484759557,4.10064946631808,4.70015647156738,9.374420380348136,1.5112854214927032,3.432478478233289,6.160020720648806,8.791445821535989
D_500_Haram_Makkah_0146,4.05459136768245,6.43369583925812,3.360461409112235,3.4457063681257516,5.7065177355885055,7.365628713360283,16.59084192004243,4.470544005878623,5.41779300541442,15.843856756385227,11.794436348541467,6.068932381588632,2.6004163595578706,3.1511451692736157,1.5066697170849805,1.6886418740777083,7.366970710866943,1.3274122841825364,7.88041371344547,3.3232426035073965,5.584022695672083,6.546993200016567,5.620751373803869,4.639259767490703,7.099870317091147,7.117295470251092,7.083548873361926,7.162519515306111,8.875166671156363,3.664898778788692,17.124143317450873,17.094479164075704,25.253854036976627,17.176437872319536,17.41649703407408,16.80740673791339,16.603981369939564,17.667178156934018,17.514077837121057,5.9792513315818745,5.288352350827624,7.002428380709172,3.602110475355055,7.219119377546667,10.070398819125554,18.92553460458241,12.4049580010432,1.735570345758976,3.394721710785047,3.2894922821900496,7.801849016057134,9.297023564155808,3.6295235592802624,4.876779894615663,9.739570746344098,1.740205421158327,3.743249496909513,6.363746653645749,8.3634255233205
D_500_Haram_Makkah_0147,4.365739910930696,6.715553435748528,3.0886298045179497,3.194070903031666,6.163325774988173,7.618984400928408,16.8582209855489,4.863843600267137,5.713471566752884,15.387489749843839,11.626465894397406,6.322163297823236,2.1005785151477823,3.439524077747611,1.7435774627794773,2.0976836815769846,7.657595128264331,0.8306760733995108,7.497511448971989,3.6593468188659193,6.015006660072289,6.678288538226033,5.97062006505093,4.6618522609315125,7.487875318313065,7.501721616254859,7.47472268459311,7.552488344733887,9.139294526494883,3.39730605534016,17.397538651954324,17.382923167736035,25.070068962752977,17.472008465189187,17.69260611437038,17.098290183357776,17.10496885248009,17.926636233976005,17.767173955051764,6.1812915249828375,5.461945376756218,7.160387606134972,3.8725680209248328,7.611873697235772,10.313338446354155,19.21268782316997,12.679802259485326,1.7021680885048152,3.325273506779893,3.148979333920435,8.211678192532714,9.694987446107532,3.167987081402249,5.096967016574057,10.116486910262186,2.068147105391184,4.092249500827864,6.599489765220944,7.944107700337181
D_500_Haram_Makkah_0148,4.710014690004203,7.022069641110797,2.879435685458861,3.0059720358938753,6.626718913045823,7.896197547128063,17.13615352838204,5.275676724276626,6.036523134739543,14.934071239150084,11.478033977609593,6.603948389356916,1.6022735613803234,3.7729983487503205,2.07717519421307,2.540399023142189,7.9693063915468185,0.35015345591208746,7.1294479838599445,4.030170890411314,6.456305896225953,6.844015339107171,6.341004636368658,4.737888894546176,7.888787710216275,7.899388333092815,7.878506858998267,7.955064489411354,9.422813562585054,3.186923685543943,17.68097794396345,17.680932698886195,24.895062443876807,17.77685868994079,17.97850983979869,17.39881308621168,17.606030169692595,18.19626202338262,18.030712151812207,6.416374406654472,5.674821767448603,7.349345148580634,4.18604265458474,8.016865608870036,10.574570415759982,19.508548065401598,12.96828272525387,1.813044622202306,3.3309669243296924,3.084796680409985,8.631282952908082,10.102251738088194,2.7209240841326316,5.3553470404420835,10.503902317623453,2.455755572983114,4.470534110151296,6.863951888741116,7.53494531028273
D_500_Haram_Makkah_0149,5.0806860336939375,7.3501601087457376,2.747225410872969,2.8938259105005546,7.0954070131023395,8.194847328146311,17.424134516553185,5.70202892711385,6.382792717104166,14.483878107238631,11.349907151900426,6.910795622118873,1.1075720422144986,4.1406867831680065,2.468569641787709,3.001926326386245,8.299728928104706,0.24449267357248738,6.778640819567204,4.426998461815102,6.905943148036952,7.041742939862363,6.728517868102202,4.864864273233163,8.300737435048191,8.30839457908925,8.293059578452683,8.368428615368428,9.724027745940074,3.045630423121847,17.973986014950924,17.98803232194614,24.729020841265008,18.09051940625369,18.273748464542173,17.708484669234178,18.107159169538466,18.47561035762491,18.304241386223136,6.681012834779433,5.922747179400954,7.566979102603378,4.5336198724892345,8.432331990299069,10.852773851237995,19.812725252741906,13.269510039873037,2.044863665538967,3.41142564711434,3.1016862833814103,9.059305010812238,10.517736074564464,2.2968016071349604,5.646679448202873,10.900697545760927,2.8790316159489975,4.871285635097007,7.153948683381039,7.137684967253163
D_500_Haram_Makkah_0150,5.472392596666457,7.697066445762349,2.7033175964938403,2.8665606005300144,7.568406383048927,8.512677814292605,17.721674065629202,6.139876278140916,6.748707318238992,14.03722065561777,11.242779615129328,7.23951886190789,0.6250880511971602,4.534273542119532,2.8944083020539564,3.4747776084623982,8.646717879326637,0.7081875435878876,6.447907065867787,4.843442190132834,7.362390856151759,7.268860295177435,7.130367581915257,5.0389289880032635,8.722160698587459,8.727146138654232,8.71684455110594,8.791059023799887,10.041344737184417,2.983258940783981,18.27610261957406,18.303764481019886,24.572125875292322,18.41254033283005,18.57787692277721,18.026833437732584,18.60835036189583,18.764246993621345,18.587320560068058,6.971841938583428,6.201519383063998,7.810892761543689,4.908059737497176,8.856798867401084,11.14667804581155,20.124842248695273,13.582636124522177,2.362283897166648,3.5615861583038573,3.1983639180582384,9.494606022266678,10.940503947561284,1.910955411471729,5.966138831190522,11.305885009429494,3.3243788092310798,5.289399841801538,7.466505410505415,6.754426987334203
D_500_Haram_Makkah_0151,5.880932582550264,8.060359543255787,2.7519419976489052,2.9265493149573,8.04495657089876,8.847622132604247,18.028298894884088,6.586926791599479,7.131243477304802,13.594447362370923,11.157256227578323,7.587275214207487,0.24359285363388902,4.9475816595932045,3.3415484432765203,3.9548931284867517,9.00835906030335,1.2032727931074534,6.140491042796617,5.274858025946665,7.824457174341471,7.522705911062208,7.544263147392239,5.2554060935354,9.151748826257585,9.154305705551812,9.148578839325038,9.221681735012485,10.373286856138387,3.0047278515163067,18.58688358289687,18.627690204877293,24.4245537944788,18.742490534205704,18.89046583014313,18.353407845008864,19.109598831953008,19.061749978917415,18.879520081743646,7.28572592566551,6.507175024374822,8.078706101568581,5.303675707006983,9.289032431987929,11.455074518895817,20.444535396658722,13.906857236758807,2.7356687274013662,3.7731356835090417,3.3679654984079495,9.936229330757653,11.369742866031922,1.5914728843610335,6.309454207273149,11.718594184788627,3.784012273033095,5.721071163381182,7.798910087704719,6.387692206069349
D_500_Haram_Makkah_0152,6.303033530084284,8.437923032082802,2.888429129183777,3.0686790696999346,8.524462036420761,9.19781079435526,18.343553387990603,7.041427739430889,7.527867642868486,13.155950375067386,11.093836608712513,7.9515678193871056,0.4822055909705737,5.376064489023621,3.8024827414277538,4.43991683938173,9.382958386721516,1.7025813648763257,5.860063540125438,5.717857937915476,8.291202736021248,7.8006708374847555,7.968327656158316,5.509298246212768,9.588404409970572,9.588749623408608,9.587188529914632,9.659227839690956,10.718495369822485,3.1083002621084668,18.905901606031755,18.959389509540244,24.286474528766025,19.079958629946823,19.21110218320644,18.68777663777379,19.610900166847657,19.367710714811167,19.18042310926153,7.61981616730452,6.836108962867616,8.368124733288287,5.716072531562611,9.727997430722722,11.776824774886602,20.771454866571258,14.241415597411413,3.1451488231460583,4.036433437894089,3.600199511452404,10.383368232305234,11.80474692469193,1.3850642140971854,6.672944439731864,12.138057819548578,4.253302890036969,6.163451681630677,8.148734102941287,6.040490812210707
D_500_Haram_Makkah_0153,3.255657613520325,5.965612160085642,6.405632172042451,6.386915788264515,2.2667735270229032,5.986452680071436,14.421592131023989,2.4769564640589787,4.116760245152668,19.747945756686715,13.340750953928852,4.980397175471832,6.613980526273508,3.2330300364455153,3.992336926743457,3.156536179766029,5.624805905389665,5.376640486488055,11.51475810977459,2.8458562855921707,3.5462416034744906,7.33190064919841,3.662535590995646,6.549031404985324,4.349484885104622,4.406222581765951,4.2982130839134065,4.379508849754245,8.171111542824619,7.066952537540401,14.88909052718847,14.730331671473422,26.585246461564772,14.74879052835309,15.150968754597574,14.429128046560091,12.657557820121955,15.53846216097476,15.443551694129624,5.381032065633641,5.139999139048655,6.545357096349849,4.284331356790853,4.395025925017581,8.444187181466038,16.53337498265395,10.327573965007137,4.544337821198335,6.081680533672593,6.288928886832376,4.707376888399779,6.212816593923828,7.439831852618552,4.489745866380932,7.742937608585496,3.588818337018306,2.7823388394039354,5.36206443765554,12.146922928137185
D_500_Haram_Makkah_0154,3.0302780397100713,5.937842753386379,5.936526085140534,5.9232741628090295,2.5541747071287317,5.9663548231435115,14.5907273616293,2.4020467678245385,4.025209167210696,19.279304192727686,13.03859546212769,4.889324023608448,6.1121407569205495,2.8838152048918384,3.559778078762624,2.7341815165657426,5.654050148943364,4.878475623401561,11.075405949255595,2.5316147370090927,3.6794133440080588,7.173311857362034,3.6650978056479997,6.250054025780369,4.532269133519692,4.582363673300402,4.486956236827654,4.569662889574922,8.21513250852427,6.634399634710409,15.069389980057995,14.929531138937538,26.334198391676175,14.957650641372151,15.336532523324953,14.629619542392843,13.155411175430325,15.704851051409454,15.601162565455624,5.232183977264898,4.924336081370329,6.406417212662348,4.042316745280851,4.59396521461166,8.498216185029227,16.741190179810776,10.465016531298696,4.061952679074235,5.699419550832767,5.882956333573815,4.968454205385375,6.490036024114305,6.940970211805879,4.27986244097863,7.962436007005479,3.176758273902986,2.537577445181207,5.269825114074558,11.690718682450191
D_500_Haram_Makkah_0155,2.8758388462613245,5.95248006909821,5.4733124316786395,5.466465831479489,2.900679165812173,5.988467706284143,14.775009306652386,2.430828967519015,3.9951829307603703,18.81239973450562,12.749073988703254,4.848835510759356,5.610381666920558,2.5855142006702145,3.1479957860852745,2.343580034033776,5.727364680820961,4.381252926705472,10.641624806925863,2.285571012586417,3.873619320172086,7.047030239033884,3.7358132645000572,5.9783888844925315,4.761248858582232,4.804778728665731,4.721811023741158,4.805010145407234,8.289411101341775,6.212350087348296,15.264094505984874,15.142777094791333,26.09040529724031,15.18026259894004,15.53612481249565,14.844405321709932,13.653589242073746,15.885384950931506,15.77319962143839,5.1284086613485265,4.752174721492256,6.3045416526660745,3.850941050793604,4.83708200136492,8.581354059627607,16.961337677680948,10.624449780012927,3.585038590777161,5.337089343114277,5.492933480983041,5.264623366487319,6.7931307436509565,6.442641366788527,4.12082656503358,8.206843785887065,2.794380186775018,2.375242136622332,5.224457969873638,11.23844602185884
D_500_Haram_Makkah_0156,2.804085928906929,6.009214162993694,5.017623317332246,5.018357112507958,3.2876518935154837,6.05232861437461,14.97387872225804,2.5598075891272596,4.0280575383680794,18.34736497813824,12.473066304389699,4.860195923846154,5.108726948643401,2.357533253085579,2.7662837561243236,2.003391192582357,5.843090788209672,3.8853340275050976,10.214124450202087,2.131474188007469,4.1202379712448,6.954815804571846,3.8709485409898106,5.737916565786573,5.030119236620663,5.067378219159941,4.996279027201514,5.0792723562706135,8.393143979072695,5.803095952811421,15.472660277435851,15.36948485402456,25.854072397490803,15.416030644232098,15.749212248189323,15.0728742968473,14.152057699971973,16.079587401095537,15.959196308888696,5.072473159515809,4.628371912290483,6.241545525457994,3.7180319098187558,5.118084578330284,8.69276560411437,17.193343742289226,10.804900257306837,3.116108439941422,4.9990254669203855,5.12250473307153,5.5903096831923165,7.118796410380058,5.944979232974,4.018679425627119,8.47400585767617,2.4555892843887475,2.312755143588899,5.2271834917801145,10.790599280401715
D_500_Haram_Makkah_0157,2.821334908147327,6.10687181786408,4.571709251959187,4.5815013105819675,3.702425376567462,6.156638500185611,15.186762527196963,2.7750466900012962,4.12232830705363,17.884345751316992,12.211488738207823,4.92304625369371,4.607210607251259,2.22162719499347,2.428860680572901,1.7433801749130287,5.9987743404765155,3.391290828859123,9.793727348917255,2.089764207574441,4.410485760881205,6.898034882840057,4.064082515041712,5.532705766200639,5.332850007931676,5.364263805290585,5.30421434116526,5.386508481763112,8.525255987736221,5.4095420127392195,15.694534668964684,15.609067839543398,25.62540608457873,15.664360716192395,15.97525479516848,15.314414052764802,14.650786881065532,16.286969441301796,16.158670556759407,5.065962300048774,4.556870741191924,6.218610453802399,3.6499817494498275,5.431095466544298,8.8313807848136,17.436735000951398,11.005334139039524,2.659388856205738,4.690477725045982,4.776231144890167,5.940660389607185,7.464079171276173,5.448166440638139,3.9778059202605163,8.761840982349549,2.1807949541150986,2.3580674110397943,5.277927097932616,10.347753090879582
D_500_Haram_Makkah_0158,2.9260120567163543,6.243532957144385,4.1387308863097045,4.159445434481149,4.136645367412918,6.299388267960346,15.413080010218795,3.0583878709065875,4.273934399477286,17.423502715931264,11.965287679938202,5.035458766440286,4.10588325028856,2.1949660427905333,2.1566158241099496,1.603047426628277,6.191401800699025,2.900081953093072,9.381388437702325,2.166940406571231,4.736348482096334,6.877565083862046,4.307420594506261,5.366802826399598,5.664014379850729,5.6900712021926685,5.640137897818418,5.721408877770466,8.684452026499601,5.035370814854065,15.929161544625131,15.860942587077615,25.404613363609837,15.924665121311605,16.213710598424885,15.56841620628132,15.149751009433949,16.507034318754105,16.371129694997936,5.109064963081481,4.54014283351029,6.236178390986821,3.65041951399103,5.770908604337676,8.995942131650304,17.691041528377518,11.224680936975966,2.2224204641369014,4.417634984027094,4.459742709932217,6.311569448815414,7.826383015955943,4.952458522743276,4.00008469956485,9.068380808192844,1.9965979835577172,2.505336519249582,5.375328998921659,9.910577771788061
D_500_Haram_Makkah_0159,3.109299721415624,6.41670594639159,3.723203799699532,3.757180257089847,4.584789835672701,6.478037173905247,15.65224843927505,3.3928116348340356,4.4770548864852,16.96501319319239,11.735430899622946,5.194216526121113,3.6048236124730786,2.2813828767687485,1.976665835583125,1.6139192384779792,6.4176473222591435,2.413438467494291,8.97821799533755,2.3513252105609386,5.090991751585963,6.8937298158314615,4.592990121712067,5.243939754316917,6.018920815485743,6.040121980566737,5.999350005633317,6.079403311265972,8.869273762270868,4.685228403065833,16.175985978087674,16.124533067825972,25.1919012419732,16.1963664982201,16.464040282364497,15.834281004517463,15.64892758520202,16.739281807456294,16.596075017769664,5.200547610877715,4.578788456932839,6.293910118137355,3.719320910783235,6.133070470320622,9.18505513545511,17.9557995316437,11.461854851183562,1.8194894577750291,4.187482237873939,4.179810664761541,6.699623173427001,8.203453006427715,4.458223954594213,4.084482403420728,9.391793955746719,1.9291263686912574,2.738160517164711,5.516918399608692,9.479857870140345
D_500_Haram_Makkah_0160,3.35835144868321,6.623527521690549,3.3316638821465725,3.3817754108035687,5.043147992844193,6.689709712243473,15.903688020432272,3.764729283435859,4.725050843331169,16.50907324467552,11.522896502039956,5.395229800052849,3.104161207236452,2.4690326612144897,1.9152053227854542,1.7732163961690242,6.674092856537027,1.9348080979176432,8.58550770941153,2.620383977236837,5.46881925497793,6.946273267162532,4.913433027296632,5.167187531752492,6.393616742884113,6.410445781617655,6.377916894415514,6.45665145654441,9.078156148094306,4.364901122569335,16.434458378799086,16.399274335089114,24.987476068571443,16.478901097668146,16.72571069053967,16.111421173723635,16.148296881543605,16.98321209466041,16.83300593656658,5.3379233019857,4.671433451340292,6.3907171830247504,3.8530146876832587,6.513854386889399,9.39723761360044,18.23055364113256,11.715773221337876,1.4786871798035144,4.007381488581595,3.9442261088188317,7.102011709695652,8.593345530557535,3.966013487024059,4.2272799557259475,9.730398052405418,1.9902866456011776,3.036925571779115,5.699402949363959,9.056514429806702
D_500_Haram_Makkah_0161,3.6597656791159525,6.860955316528366,2.9736014531771042,3.043187447644845,5.5091710448096105,6.931381028145215,16.16682618587776,4.164106496867309,5.01126425979741,16.055900047530216,11.32865943698187,5.633977458073273,2.60412500083755,2.737173445072435,1.9832805665618243,2.0465687074222134,6.957399683505357,1.4720278316954312,8.204759653617113,2.951046549417292,5.865352266871625,7.034380232274484,5.26238243847408,5.138612681063015,6.784824234602364,6.797730077512539,6.772593665371472,6.849972916830424,9.309479691247637,4.081414986295571,16.704038021445925,16.684615522103016,24.79154282443973,16.7717214183759,16.9981980693827,16.399265052946845,16.647841531365852,17.23832921290422,17.081423689763287,5.517765232028827,4.8149617240198195,6.52486051368544,4.045081488754338,6.910182489814065,9.630964894303661,18.514858823850915,11.9853718320858,1.2518280912675668,3.8843010624902496,3.761331072366049,7.516433134621353,8.994393188694048,3.476686792617734,4.422824295466825,10.082662709784495,2.169225633272877,3.3842121669787453,5.919001358726013,8.641631564313045
D_500_Haram_Makkah_0162,4.001727759487073,7.125930638218819,2.662557014353849,2.7550240299855786,5.981067529355222,7.2000309429965474,16.441101216391488,4.583771263098806,5.329541412624956,15.605734607680823,11.153675632347614,5.905884922029443,2.1051610674465127,3.0647504911889967,2.168727309163434,2.395240228463601,7.264425719339389,1.0463436840906881,7.837717307501743,3.3249842218894137,6.277046734816387,7.156737301874735,5.634544514605672,5.159015722414112,7.189848502260095,7.199238153220962,7.180724392862561,7.256754549710889,9.561615735404551,3.8429316693006217,16.984195995070074,16.980022233418875,24.604304367047323,17.074298251307443,17.280990715513568,16.69725906346399,17.147546185577,17.504144012592352,17.340834593670007,5.736080418779915,5.004997568212321,6.694095875332234,4.287683922919945,7.319530161451127,9.884708751989043,18.80828194223394,12.269617074375557,1.2050786091730674,3.823751001810826,3.639078440058876,7.941003719761088,9.405169040904969,2.9916591112519417,4.664486301977219,10.447206137228257,2.4401689448940758,3.766622809562557,6.171753164865091,8.236487834689674
D_500_Haram_Makkah_0163,4.37473934557184,7.415500983089577,2.4167532279520536,2.5345427213139646,6.457549878279821,7.4927580426758205,16.72596522429063,5.0186366661392645,5.674489511653547,15.158844860695222,10.998864004914632,6.206595517805155,1.6082674791392368,3.4348002533609328,2.444982539774883,2.791145357209779,7.592293900302756,0.7262155766256164,7.48639677474984,3.729201575259902,6.7011087677269625,7.311625137646125,6.025619650485343,5.227823159471357,7.606482696450704,7.612719727061259,7.6001418832569145,7.6748563579464815,9.832963352018119,3.658262916694839,17.274417602882085,17.284978382445722,24.42596063153072,17.386122192334447,17.57359111843291,17.00486957571583,17.647397228941426,17.78017668412514,17.61075283601278,5.988662672621129,5.2364799661845245,6.895840042553445,4.572785680955473,7.739831870439196,10.156969080343199,19.110402986319453,12.567515146303244,1.3571800220830663,3.8286990634481546,3.5836796944558915,8.374179872569801,9.82445286804302,2.513420322086659,4.945509897491102,10.822787612486406,2.7763094226503675,4.174515817129514,6.453764273137123,7.842592688321453
D_500_Haram_Makkah_0164,4.771524059622285,7.726901652496675,2.257601319262212,2.4004660436258054,6.937673219716869,7.806854338255261,17.020886537928323,5.465075212991748,6.041541799242169,14.715529216349623,10.86508682359647,6.532132485625902,1.1162122099919636,3.8350474930302387,2.7851544704618907,3.21689176332522,7.938422163741805,0.6815621737667308,7.153114873118227,4.154870378213908,7.1353335882323785,7.497027709173005,6.432158966314167,5.343165237717338,8.032920493544049,8.036326795122525,8.029077509756393,8.102526069423297,10.121977560580804,3.5358504963610344,17.574204254084616,17.59898753354725,24.25670779312692,17.70670468650317,17.87551763875625,17.321584241163926,18.14738254251399,18.065958849472732,17.89070282550509,6.271372931551434,5.504182130231288,7.127332938744252,4.892963296158064,8.169397041436632,10.446298164463675,19.420816009962856,12.878118594686212,1.6541590697677482,3.8988957810808804,3.5982239227874535,8.814692940376556,10.251200730702038,2.0467346361263234,5.259589431385951,11.208297524429428,3.156888915335998,4.60111898656647,6.761374472971006,7.46172767859924
D_500_Haram_Makkah_0165,5.186628652028929,8.057601975493915,2.20395365065758,2.367519345412847,7.420730812607967,8.139846404040895,17.325351538974264,5.920469362014506,6.426912099493469,14.276120609259625,10.753129133079462,6.878972056929577,0.6402488138122615,4.256982996988923,3.1687244655668594,3.662086232080017,8.30052646274324,0.9519706339539453,6.840508675062674,4.596034124304454,7.577974332869047,7.7107441241092705,6.851410180191,5.50211611294088,8.46768082778199,8.468539975438073,8.466084633732105,8.53832603907858,10.427189411297212,3.4822659998322365,17.883074895507704,17.92157380932753,24.096737396065972,18.035578667236837,18.186305767233822,17.64691285820565,18.647491304020342,18.361035251118313,18.18022112093505,6.580329115978556,5.803093597454224,7.385777789323871,5.241793148067814,8.606838727513527,10.751318041075201,19.73912980303712,13.200530561063509,2.0335012872404845,4.030933674396628,3.681882238044126,9.261496020904993,10.684518270152234,1.6017322771272302,5.601166857582675,11.602746240875252,3.5677141846827043,5.041684979861231,7.091253113728974,7.095991168204266
D_500_Haram_Makkah_0166,5.6159921912692345,8.405324226802154,2.263324828872368,2.4398028327521506,7.906184786751644,8.489510983392174,17.638866009550455,6.382902499531548,6.827499239758783,13.840991123979215,10.663678164107639,7.244054966354715,0.2801606783568603,4.69476270458297,3.581777037481077,4.120429643993526,8.676606777904915,1.361084685423958,6.551538406338399,5.048632389885601,8.027638919549872,7.950491353548983,7.281177708535428,5.7010292981461195,8.909545388576477,8.908106628150412,8.909975641498107,8.981072754956056,10.747218957088677,3.50067136906647,18.200567034121317,18.25228242318914,23.9462354552651,18.372298851545402,18.505509012128634,17.98038783991555,19.147713819289653,18.66496507168594,18.478857970136588,6.912012606592375,6.128649504884819,7.6684499917807125,5.613936661198222,9.051014923640894,11.070731815037814,20.064968331571556,13.533907115083831,2.457354790655784,4.219010503530352,3.8301284031870484,9.713721143689058,11.123637717553393,1.2027267976793228,5.965520502743974,12.005252670799969,3.99947544473955,5.49285499658625,7.440438854939577,6.747843462023778
D_500_Haram_Makkah_0167,2.8376885029867682,6.4628014062897226,6.251454793710015,6.219304637210855,1.8503791817246098,5.488914029987752,13.949609350063282,1.9970822459851785,3.6341442676305347,19.930989706949934,12.950072097036333,4.495900063903153,6.653044050494772,2.917854652391983,4.254536910072578,3.43506057707136,5.125485763552422,5.4600431720293425,11.760346219940432,2.5025239528133154,4.036817446929756,7.802252521597381,3.164332114596032,6.94776223917761,3.87849475676121,3.9328180623833697,3.8294931492357387,3.9114655852466353,8.66971220224996,7.325793052409141,14.421257609390885,14.27014034071516,26.15602532015887,14.292882948875276,14.685206078072225,13.96945831007592,12.734650230405554,15.065645253414491,14.967780381681209,4.914141475973538,4.704866179022384,6.072931120241197,4.7161395962151085,3.930675919659009,7.946437175930282,16.07717920662234,9.844997191907181,4.439014372716925,6.406986019304199,6.586079807451061,4.276253654573956,5.793322806511995,7.4002672569232635,4.054035321309622,8.200790872541436,3.8801840203568743,2.383564900343935,4.877298374321191,12.360322253320108
D_500_Haram_Makkah_0168,2.575990126301398,6.437174688009803,5.769825015777303,5.742143230006274,2.1930382385473033,5.46698466157096,14.124396333463803,1.9033712768292277,3.5300946951188807,19.466754884795048,12.638579125278783,4.3947947808375245,6.154388413875979,2.5254215393759325,3.8515349994758346,3.051497993860858,5.157559026525722,4.970242132244423,11.330520018032374,2.1384040936363222,4.1542887526681875,7.653414271576898,3.167292515335451,6.666688442201973,4.082417643195732,4.129199058541139,4.040188830921609,4.12325740177443,8.711211987067502,6.909461514708043,14.607331501249524,14.475672643937845,25.900817058446528,14.508306502540428,14.876579507275583,14.176450951133242,13.229601058629084,15.237196998720812,15.130346976326013,4.750684236367155,4.468247105302755,5.92291701948895,4.497418395077688,4.1519205215098856,8.003824960208929,16.290813820173543,9.9890802298169,3.9437640894629444,6.0453277498524525,6.199594266661569,4.562066620748987,6.089666026803676,6.898543427450722,3.820285097602614,8.408343412758308,3.5025669572936002,2.092663824311869,4.775702219406431,11.912292477134711
D_500_Haram_Makkah_0169,2.3923961286086244,6.450676527511054,5.29203764275024,5.269654199291064,2.588342082884861,5.491106099650492,14.314681683321568,1.9395596993551985,3.4958140516420477,19.004455933375652,12.339674916955513,4.349701990605273,5.656375994935711,2.1785816951998846,3.474500036683005,2.7070702239181097,5.237824628341871,4.483205664441407,10.906888785661117,1.8405173037121256,4.327230693417607,7.5351809130014,3.2488566171967856,6.412695552301071,4.335219481424831,4.374710694720105,4.299513432580163,4.382638706695535,8.78129343269957,6.505279948349504,14.808111447183606,14.695504765220072,25.652905402251452,14.737706089445705,15.082258658851785,14.397997316106272,13.725084847658005,15.423204775509959,15.307675119142907,4.636140373892548,4.277766019174012,5.812570950036497,4.326218212289047,4.419418137434727,8.09204187004257,16.51696415460762,10.155986044024601,3.4505492359241043,5.705006498658239,5.8307876564259065,4.882943764373726,6.41171233573856,6.396908443085859,3.6412275410630697,8.640144664766224,3.159859716113275,1.892534707366264,4.725590548365617,11.468760018408453
D_500_Haram_Makkah_0170,2.3056403755141126,6.503063147313868,4.819235553701215,4.803216513389054,3.0156585297225265,5.560679017610199,14.519856057623995,2.098939139642862,3.5333335144638327,18.544237612311157,12.054295946042831,4.362358913918781,5.159192985829685,1.9024373080274284,3.132821326305631,2.418554925024483,5.364119561756796,3.9999436440330767,10.490203034732197,1.645241912988438,4.549321442280476,7.44900984921638,3.4033776223965844,6.189118491411118,4.628898700445633,4.661596667339587,4.5992485111325285,4.681706260092673,8.87927976005336,6.115657722736948,15.023007799884509,14.929004988901971,25.412503882544026,14.980439639623212,15.301666640879901,14.63343637344261,14.221045861304622,15.623152229775842,15.49925812826068,4.574185849886263,4.139796457548092,5.744179372608322,4.208342580631496,4.725320130937466,8.210094145287723,16.75512340477871,10.344609947190436,2.960387186686958,5.390065275733269,5.483228363363031,5.232438089900593,6.755786897162167,5.895384914140499,3.525206505730733,8.894298891052419,2.864618931477269,1.8134822938824176,4.728600389575001,11.030267371597787
D_500_Haram_Makkah_0171,2.326581017445165,6.593407696698096,4.353043375304427,4.34477945842318,3.463157632843509,5.674031661210795,14.739297665998777,2.3566464427076017,3.640433664227728,18.08625872937395,11.783424909053517,4.43227075107226,4.663104603270046,1.7311561632133525,2.839291797294944,2.2079799310538966,5.533292853579539,3.522009996528429,10.081323982795494,1.5908244006032086,4.813763035157064,7.396021783605025,3.6215287969338967,5.9993586601563145,4.956193971048332,4.982715477429357,4.932031863719846,5.013362664217497,9.004259968854697,5.743558490549632,15.251423833240905,15.175542383742947,25.17982759058034,15.235869840882868,15.534221713005108,14.882108751686708,14.717435826115734,15.836511348916535,15.704574293114566,4.566961327528209,4.05969569849356,5.719247507419188,4.148339568090427,5.062669671288262,8.356717413087598,17.00478698431522,10.553787487032475,2.475092154882307,5.105203264231331,5.161210519618993,5.605199078755678,7.118696234089643,5.394003853890605,3.4785350535281827,9.16894742798851,2.6328613838431796,1.870917502555498,4.7846314083457795,10.597440117020607
D_500_Haram_Makkah_0172,2.452460700905688,6.720179396261798,3.895834636261255,3.8971673775656237,3.923940263122418,5.82861028451901,14.972379174242537,2.6845114721233165,3.8112530335729606,17.630693778804858,11.528084478310333,4.556802908028543,4.168501578419939,1.696796758248117,2.6102059368337494,2.0989356192497635,5.741555487300455,3.051908910069332,9.681240766392964,1.6909190086730042,5.11398979064932,7.376931750121472,3.892626781857608,5.846709615572687,5.3108938640805174,5.331885498309868,5.291632002899475,5.371574844433631,9.15512856949181,5.392610745234549,15.492761554142447,15.434492202043474,24.955092596419725,15.503369117666765,15.779342576833242,15.143362516393157,15.214212729490725,16.06274768089823,15.923092361153001,4.614723771220785,4.040906416003054,5.738341780794745,4.14872087441168,5.425603877918554,8.530438497177961,17.265455808816395,10.782322467655025,1.998213165477116,4.855717085260556,4.869803497933358,5.996889529903464,7.497705827824449,4.892808976879176,3.5039852771199422,9.462305825421959,2.482431256291014,2.053419006609136,4.891861958782275,10.171001513134714
D_500_Haram_Makkah_0173,2.668469505537983,6.881365247647358,3.4511814157459177,3.4645783493324704,4.393829166919488,6.021240569058808,15.21847385480271,3.060065826166585,4.0377124929528465,17.177734795255972,11.289328474058731,4.731644605606994,3.6759834132815308,1.8071855543009463,2.4636071145175915,2.107243029033753,5.984828041644375,2.593902287945016,9.29108968245634,1.9215292341822556,5.444084480438163,7.392002325854526,4.206446924957975,5.734135843553498,5.6878737005922675,5.703957484717044,5.67295151570351,5.751382964923843,9.330629820820969,5.067211078325864,15.74642681488462,15.705240457412021,24.73851531073729,15.782323769054146,16.03645300424677,15.416558030156946,15.71133984164678,16.301325064126523,16.154276571610865,4.715802638624475,4.084274769174902,5.8010273982777445,4.209469993393699,5.809329500262714,8.729639749420567,17.536639108051446,11.029011586216399,1.537600571810699,4.647307499007961,4.614809715638654,6.404036969989972,7.890495903683893,4.391863931887047,3.6000278059440203,9.772689278659563,2.428488919931542,2.33180384268295,5.0470296174044655,9.751789667197924
D_500_Haram_Makkah_0174,2.954907181715834,7.074613339249048,3.0246260538978915,3.0534040736163974,4.8701891803639095,6.248404188403539,15.47696093768624,3.467850153867742,4.311052530111581,16.72759345316316,11.068230153942295,4.951469174753494,3.1865168542063937,2.038946299548462,2.414566636222285,2.231591788240306,6.259029542231666,2.1557126089695853,8.912175186955434,2.242749199014586,5.798948740642649,7.441025898789699,4.55416594121935,5.6640272905639195,6.082992574199326,6.094738450020668,6.0718997377269215,6.148786342570329,9.529402812278995,4.772587946513484,16.011833708660355,15.987187704375533,24.530311790270208,16.072137308079654,16.304985796174947,15.70107192721282,16.20878491446394,16.551709828485052,16.397591181100204,4.866877035310386,4.187870046984382,5.905916413439437,4.328045580985708,6.209993461526711,8.952620438054252,17.817856782592116,11.292665133728406,1.1136244209737338,4.485703432962159,4.402560734585193,6.823875169859073,8.295109042891456,3.8912651023299936,3.7612587582980908,10.098528047757135,2.477345096480991,2.6763165204852823,5.245882242629181,9.340777591738844
D_500_Haram_Makkah_0175,3.2934485763929167,7.297376856585836,2.6250058099416904,2.6735430887956597,5.351292375289016,6.506485054649932,15.747230153678707,3.897761731511655,4.622964859796081,16.2805034449846,10.865867427875063,5.21058642294837,2.7017607992110504,2.356536776144289,2.468904675187657,2.454407483648081,6.560282841857428,1.7522700987681974,8.545991995573303,2.6214794284249403,6.174313140920771,7.523338710521353,4.9286141571312285,5.637968281302601,6.492939788033084,6.500855290733923,6.485224052755097,6.560588230128818,9.75002428839514,4.514770494595201,16.288408258294403,16.2797520659205,24.330696988085183,16.372233063257635,16.584386087785354,15.996300259289264,16.706519521190977,16.813374451427133,16.652504451180636,5.063473839170014,4.3473887873119805,6.050814407854206,4.499878537849512,6.624523022277556,9.197651210917176,18.108641330214752,11.57212360550782,0.7878366180586948,4.3760932909359145,4.239481362551824,7.2542009677231265,8.70989765419269,3.391165694876733,3.9797630251529506,10.438374859135543,2.623262282914895,3.0647368030640947,5.483669413961399,8.939096368223417
D_500_Haram_Makkah_0176,3.669701609711929,7.547042607328945,2.2666121321672055,2.340292920904169,5.835965749699174,6.79195964126133,16.028685491690233,4.343234684220279,4.966186856356002,15.836723175744998,10.683304977315839,5.503449055377684,2.224796283072581,2.730166571171562,2.620197313571112,2.751874802167789,6.885037860156725,1.4136439450599736,8.194247039748612,3.0362748646546973,6.5666630650979325,7.637864515018186,5.324154879928413,5.656567566524618,6.9150785763692895,6.919608253497276,6.910345277299089,6.98424215710485,9.991046943829884,4.300383474954144,16.575591429723907,16.582371570652377,24.139883950821783,16.682056114823933,16.8741140338257,16.301660886118746,17.20451850904626,17.085800672556115,16.918492089953155,5.300530109322193,4.5569617934555176,6.232931654275664,4.7191547677752395,7.050472882562247,9.463019317738608,18.408539374254392,11.866270370608117,0.7111935460503608,4.322434242649351,4.131398250104556,7.69325462567691,9.133475468228527,2.891824683689229,4.246709108955256,10.790906256020083,2.851377991783866,3.4824033378413324,5.755567422691298,8.548061445979762
D_500_Haram_Makkah_0177,4.073229035208793,7.821034616531415,1.9720514994485225,2.076220254431195,6.323388353846667,7.101525053940577,16.320748214638687,4.79993821763317,5.334678668214101,15.39653881522431,10.521573492570537,5.824969362548948,1.7619620034036934,3.13989378536188,2.8530619035269504,3.1025952985006784,7.230128360272169,1.1962074024573601,7.858879171206807,3.4742416631146167,6.9731319236978075,7.783181393232809,5.736426555843129,5.719389409133964,7.347307787229175,7.348837497868363,7.345215321532381,7.41771760189068,10.25103181981307,4.136185577289571,16.87284151723486,16.89450587072743,23.958082966132608,17.001074644102907,17.17364692050176,16.616595193620213,17.702759542918002,17.368482085800608,17.19504015782843,5.572885035620128,4.810050859520807,6.4491157449738585,4.979610661023875,7.485893785037913,9.747063779520943,18.717112830490237,12.174040755130028,0.9463021212004316,4.326808332445236,4.08268147648677,8.139623866210753,9.564674806988819,2.3937165609518947,4.553585421381397,11.15491964533253,3.1438499092935146,3.9199787381630147,6.056984235893059,8.169201736679337
D_500_Haram_Makkah_0178,4.496694042935993,8.116889751557276,1.773421653922644,1.910233126996162,6.8129700861562466,7.432171548043311,16.622859193841755,5.264950504209465,5.723561573095063,14.960267752881387,10.381646531646913,6.1706693124048195,1.3281134744450143,3.573322710309784,3.149456186209613,3.490553431461637,7.592782063201081,1.1696232392686436,7.542073336316353,3.9276359069083884,7.3913907344840295,7.957602609294752,6.16207189415104,5.825003112509083,7.787947501305178,7.786810724488198,7.788201268732976,7.8593895975173345,10.52857425384279,4.028318643954112,17.179635957540516,17.215637415947366,23.785500664683187,17.328780775611573,17.48248075823927,16.940569226450567,18.20122272301917,17.660926239987525,17.481647461672438,5.875631969822338,5.100181752075815,6.696067863868387,5.2751500337461925,7.9292255697105904,10.048200840127633,19.033939751314996,12.49442801099543,1.33781914119076,4.389041964473686,4.095450038735297,8.592168568353813,10.002510006682819,1.8978121279999935,4.892884499067338,11.529327486275138,3.48451023661589,4.371488505802446,6.383739848655411,7.804290528664758
D_500_Haram_Makkah_0179,4.93496673902324,8.432307015164485,1.7045942273393497,1.8686546773371755,7.304276745764137,7.781212144340982,16.934480631314475,5.736251167929782,6.128955281231851,14.528262503743974,10.264415826916979,6.536713681489891,0.9632463774811028,4.022799437681468,3.4932462375434628,3.904665302575981,7.970601958373495,1.3452536948776548,7.24626447770434,4.39168194291434,7.819547780228325,8.159261829094232,6.598503282038096,5.971138414117974,8.23564779412813,8.2321323866785,8.23799391129242,8.307950948622212,10.82232348253318,3.9813637258886856,17.495472635274755,17.545272159585622,23.62233908224088,17.66469098924251,17.800131413722703,17.273074320785085,18.699890262938514,17.962656286687576,17.77782747174924,6.204323403639624,5.421410689995474,6.970518562253399,5.6002212041240576,8.379212622575245,10.364940771446491,19.358614886358144,12.82648668710812,1.7856686404403617,4.506738735082234,4.1691389553091645,9.049962319779006,10.446146663853455,1.406444055822985,5.258333674628635,11.91314975080148,3.8606234789614717,4.833028816069074,6.732145631586825,7.455376220703564
D_500_Haram_Makkah_0180,5.3844323893005015,8.7651747691244,1.7806846020367229,1.9594205366655093,7.796982211603967,8.146282760984965,17.255097243725952,6.2124091160845945,6.547793746845646,14.100915115442145,10.170666183824075,6.919874654208495,0.7722589159796613,4.483500032119904,3.8718272728172343,4.337446296078241,8.361532374375377,1.6601139353964138,6.974124821299267,4.863331546215252,8.25606319626237,8.38619429229219,7.0437160232934035,6.154909625349861,8.689317339165749,8.683671969356725,8.693536756877734,8.762343634083333,11.130996441451062,3.9974677453628527,17.819870744265888,17.882939868719,23.468794688618114,18.008346175189956,18.12613534053362,17.61362731911689,19.198746217272827,18.27321221913422,18.083109802662815,6.555057616826371,5.768544734213544,7.269353866945082,5.949985755313926,8.834838032510394,10.695897471515812,19.690749997818823,13.169333913611416,2.2565558279840667,4.675712085915979,4.300617751987621,9.512247248335335,10.89487606230686,0.9268549966744519,5.64485627014756,12.305505498529733,4.262815690034571,5.301980746157614,7.099014598221818,7.124809331341168
D_500_Haram_Makkah_0181,2.141870817444949,6.9365117366427205,5.642531773802897,5.59982021642055,1.8957238527751155,4.967615248301492,13.66040169469683,1.4051905495062103,3.0363752706407885,19.665102536095198,12.24586246900684,3.9014997604837123,6.236463070115415,2.2221301860469342,4.182746020832568,3.412663507970916,4.661683731865694,5.109386604056717,11.601529569827866,1.7986705009591266,4.634316093747548,8.135836284566224,2.670072627932846,7.094013771423358,3.6454835548561664,3.687988503546487,3.6072456875666865,3.6904512581966356,9.207646797809677,7.208661287936727,14.147809331270174,14.024908289162848,25.469853006193983,14.062338276791365,14.419249704662827,13.726489370804039,13.322108780954622,14.77161992280927,14.661421583726748,4.273289138596936,4.022452719992207,5.44228441270735,4.961044068351978,3.724394960149844,7.5100932516139,15.843375214624032,9.515546699363838,3.886622551168896,6.411499875945768,6.539075003967744,4.175896616672011,5.704931562762452,6.892131703159463,3.372043982188931,8.859956235494085,3.8656044676857353,1.6786688958519136,4.28279751079574,12.150360446050762
D_500_Haram_Makkah_0182,1.9171370510506371,6.949041069898817,5.152952644380506,5.114196646809186,2.3417586351797337,4.99414609389103,13.85705881199538,1.4538220786018536,2.996446455403338,19.207577752082578,11.937127834102204,3.8506306228976825,5.745566887488808,1.818322649554745,3.8383803646250554,3.1085095349512253,4.750332124554463,4.636985095212614,11.18816360027136,1.4317532557064794,4.789954296993062,8.024711979843017,2.766330354083399,6.85586841524123,3.9265138677514533,3.9609386163632814,3.8954945815376694,3.9781487531620265,9.273975692220755,6.82222689370853,14.355016682462459,14.251693854779418,25.217704710426876,14.298893106298793,14.631357908037767,13.955179649190148,13.814273265751085,14.963415141543049,14.844351300041744,4.145572008451962,3.8097436557764968,5.32197946976774,4.806383180506178,4.020434921629948,7.6040381686108995,16.07582006101733,9.690610091977918,3.385088203201031,6.091667592708085,6.190524202306124,4.524242055807908,6.047497966991665,6.389991493734435,3.167745388551134,9.08023392935422,3.558034065891356,1.4213882485042637,4.226842626618572,11.71584319060469
D_500_Haram_Makkah_0183,1.8077062781943205,6.997695399663468,4.666075840109072,4.6321285236365055,2.806863220098431,5.070539283579136,14.068907247081553,1.6604879733678424,3.0401299132448694,18.752344696890145,11.641884410196418,3.864918251440265,5.256823733249895,1.4762508772734808,3.532074904219909,2.8607656016741374,4.889232548980875,4.171572781959541,10.782352165261784,1.1701298100955648,4.991495548473249,7.943850898294469,2.9462622656464146,6.647211860364142,4.2485353342353855,4.275674299012987,4.223992803201813,4.305401838984636,9.366807611440127,6.451771451422585,14.57659309068159,14.492345227922879,24.973113856510306,14.548948331423071,14.85742484953756,14.197962364104539,14.307141231235157,15.169423078948896,15.041835481222632,4.0761643367417975,3.654141441418189,5.247194616716226,4.700560734483709,4.354452496953979,7.7295451572046145,16.32041690514587,9.888113677218314,2.8838162747413842,5.797765940159844,5.86432181191682,4.899387701555131,6.411146339632659,5.887876702202033,3.033665050521179,9.322395799638949,3.298621597153308,1.3142845817732887,4.230203703167291,11.286952708895218
D_500_Haram_Makkah_0184,1.8343315759847951,7.081730127823836,4.182845009672575,4.154853498414354,3.2829424307042294,5.194595335301466,14.295271605271726,1.9762147367188665,3.1639642154928715,18.299574381051162,11.361183999628254,3.943654428936239,4.770895253703929,1.247765976857298,3.2745276569728774,2.6850914882234247,5.074259874504622,3.715776737214531,10.384980883617853,1.092279230638256,5.23363943836881,7.894183012756336,3.195765972869217,6.470897305831579,4.6029526970360415,4.623670225355666,4.584095563490937,4.66389131008424,9.4853644003461,6.10020671501716,14.811893686861232,14.746183544514706,24.736304611381687,14.811820193694064,15.096823441021579,14.454127382347906,14.800642371333769,15.389072937582485,15.25330880220692,4.068051685459396,3.5631354062159617,5.219886629127644,4.646914380016483,4.7183891076609825,7.885107192382599,16.57662780381556,10.106741937382587,2.382972204923248,5.533927841496399,5.5643995485468025,5.295640919614232,6.792491479751757,5.385794362034883,2.979298269552502,9.584783220253678,3.0994824030929005,1.39245347264711,4.292741320370592,10.864355365722115
D_500_Haram_Makkah_0185,1.9915633769749688,7.199906462330995,3.7046870351235417,3.6842347005489318,3.765836200741241,5.363007608177406,14.535473694645319,2.3575858305927944,3.3590965373561574,17.849454192733074,11.096130310703167,4.083112400155994,4.288738196933277,1.1996275604152289,3.0780022336239097,2.5961587260621215,5.300585773864496,3.2736160152321028,9.997056223912802,1.2335019276764423,5.511036493531043,7.876298405843564,3.4999941797983967,6.329627966175206,4.982857962332446,4.997983676626349,4.968936306731745,5.046965242414427,9.628695823281184,5.770986075880477,15.060275180638799,15.012539881180386,24.507502534093252,15.086838732785244,15.348929863880159,14.722976176814004,15.294715369207388,15.621789266038181,15.478197860768931,4.1215959176399615,3.5417084373109797,5.240797638443467,4.647251292163356,5.10585093913469,8.06898611651251,16.84392276114788,10.345155611435597,1.8828972349349158,5.304640951004397,5.295224749791096,5.708607891763781,7.188717562121825,4.88375439847368,3.008968868573072,9.86578254364273,2.9727539044633615,1.6294452652597362,4.411939686219744,10.448814718999829
D_500_Haram_Makkah_0186,2.2522118537787343,7.350577833058957,3.233852793554126,3.22318895672083,4.253223975185116,5.571755336895963,14.788839240746219,2.777692978549568,3.6139962707423545,17.402189752143393,10.847870288751658,4.277356909015759,3.8117838799560957,1.3512493808883583,2.9546998892358363,2.6028735091579565,5.5631720195077135,2.8514406574785385,9.6197210444961,1.5344582824931774,5.818646868583516,7.890413151156706,3.8459820382031387,6.225789865070484,5.382857186975386,5.393137614824343,5.373202214802359,5.449441457337237,9.795714387619666,5.4681467621601465,15.321101366816091,15.290760054872697,24.286933910446674,15.3733520492596,15.613128521033987,15.003826906161697,15.78930651601173,15.866997123428046,15.71592671887321,4.234458650509065,3.5911061045515305,5.3093578640694385,4.701559778953796,5.511878976951562,8.279295384324246,17.12178264823433,10.602019967233895,1.3844247523427322,5.114554122720033,5.061705043101945,6.134914259511119,7.597496668549938,4.3817712844045635,3.120280314741173,10.163850160582449,2.927853728264281,1.9687149980042364,4.583380172802587,10.041206859541365
D_500_Haram_Makkah_0187,2.5851831974490604,7.531794276808808,2.7740737456283022,2.7764891399065075,4.743720677297554,5.816497285166608,15.054703621625597,3.2214167493942854,3.9170125394465587,16.958006996310043,10.617581967981499,4.519329065641714,3.3422602806462978,1.648400720194044,2.9139306128577096,2.7045233601987317,5.857143721627891,2.4595633696475607,9.254270723712603,1.9215042928488084,6.151939970422938,7.936356467387726,4.223479025191146,6.1612757517127985,5.798793562715067,5.804877521423679,5.792827753495721,5.867328476636329,9.985231510140604,5.1963032363626995,15.593747769592536,15.580208484714522,24.07482502424509,15.670729640900204,15.888816190551116,15.296018454156973,16.28436857485172,16.124126599263757,15.965921816384451,4.4020796407631355,3.708499198479697,5.423760570881731,4.808011209145495,5.932662394492758,8.514076576867277,17.409701598229788,10.876027770065175,0.8902501933431358,4.968168808019581,4.868973187255252,6.571964596861407,8.016908756396534,3.8798669806660238,3.30499381767904,10.477529442960082,2.9684971592312395,2.3666783622793055,4.801469907092714,9.642537798227073
D_500_Haram_Makkah_0188,2.9662207704203123,7.741410975739024,2.331898149617074,2.3523220853344586,5.236452665506979,6.092897438147066,15.332416634384678,3.680224572393332,4.257884838636824,16.517154522376693,10.406458484640629,4.8018189559540625,2.883799024675789,2.0280916159975466,2.9591075475230477,2.8911118308890598,6.1780221512714375,2.114893717954806,8.902169021678572,2.3525254026109765,6.506970452690385,8.013580885385563,4.624775687185905,6.137325778255708,6.227474489669853,6.229915660310893,6.2247073204901,6.297559139016238,10.195992658053013,4.960553840822753,15.877605453227181,15.880271187292516,23.87140136600085,15.978364899940953,16.175405414338186,15.598913514923687,16.779859840982983,16.392616681868958,16.227616234136615,4.618500556969244,3.8877329630613806,5.581187371499945,4.963251560548885,6.365275539041546,8.771364763821733,17.707188913686615,11.165916971632322,0.41598283290644494,4.869427799622988,4.722026069370165,7.017751799417957,8.445369767566916,3.378076494957451,3.5516753107849297,10.80546083265796,3.0913118172603244,2.798405660007015,5.0601807635483285,9.253962837585785
D_500_Haram_Makkah_0189,3.379103120913682,7.9771893712687625,1.9195297801173585,1.9653315197416068,5.7308433348349315,6.396853311463147,15.621346338204658,4.149115394498265,4.628256304871394,16.079906219957223,10.215688083697149,5.118121877959158,2.4426368181373768,2.452277732846345,3.0864588452396817,3.147569336372971,6.521836971270425,1.8440941988475072,8.565062296736132,2.8073390376269525,6.880374101930277,8.121194048136896,5.044194907384741,6.154413464140047,6.666441771182776,6.665708574765079,6.666459686904339,6.737769241418512,10.426709618258093,4.76625738366086,16.172084051093655,16.190357991821656,23.676886781026862,16.295676868610958,16.472327174412815,15.911900826169338,17.275743360083354,16.671918490895262,16.50045330901343,4.877229330282506,4.120745818299721,5.77812264921577,5.162881592401463,6.807463392697049,9.049240345709263,18.013770529606937,11.470483505749955,0.2410809214617939,4.821259216300648,4.6252295113270865,7.470711955540863,8.88157014946006,2.876459251874177,3.8484267644840005,11.1463864550046,3.2871000501517194,3.2504709243058576,5.353626926259696,8.87680761357779
D_500_Haram_Makkah_0190,3.8135007639760916,8.236883107172934,1.5607758071154336,1.642016289872642,6.226497529007199,6.72462929400748,15.920882042825086,4.625023461325712,5.021603906260646,15.64656422515395,10.046430237836537,5.462366996362135,2.0300828553585792,2.901509184302391,3.2864453406613805,3.4583870684830007,6.885152946312831,1.6832038145656572,8.244790014405105,3.2760506769600255,7.269320086104338,8.258007970687993,5.477575246455882,6.212200110274017,7.113791399369331,7.11027898394803,7.116246423448967,7.186124989161119,10.676088658114134,4.618648246752516,16.476614080772272,16.509904069208325,23.491502560020677,16.62211135364076,16.779032921725733,16.234396659573683,17.77198627462341,16.96149790665232,16.783889624031364,5.171920338109465,4.399000001120807,6.0106841985618775,5.401982212365251,7.257475989315639,9.345867117797612,18.32899007931102,11.788589794946283,0.669163261874022,4.82517776813598,4.5817630427855605,7.929615896063909,9.324423768698274,2.375124846760001,4.184609475661249,11.49915057758861,3.5437873148366568,3.7154577954341343,5.676423889195401,8.51259008774908
D_500_Haram_Makkah_0191,4.262841231820353,8.518305127618634,1.300779687015542,1.4263544153902394,6.723135738059058,7.072914458384142,16.230436526588843,5.105986924151212,5.432939405699923,15.217462230245758,9.899788375402474,5.829606282179375,1.6675075177275627,3.3657723020546015,3.5468015144576532,3.8102850243678326,7.265044922635984,1.664406688167395,7.943388645842115,3.7534572930877115,7.671444704273895,8.422599742338033,5.921852268585973,6.3095675176471255,7.568037014862129,7.562078920213855,7.572635975370206,7.641192598046731,10.942853932304814,4.522300314164328,16.79064862191284,16.83837087067087,23.315466476550498,16.957141498452476,17.094996029351584,16.56584567791851,18.2685592746422,17.26083764110693,17.07739741153984,5.496792583779678,4.7144916489722535,6.2749120484529834,5.6755670812342505,7.713943968488231,9.659517744213137,18.652409611368842,12.119169670158918,1.1584555589971985,4.881057925251628,4.593140867323549,8.393488721075274,9.773026173583025,1.8743000346603587,4.551494304453745,11.86269707926785,3.84920944019931,4.189065483044246,6.023855016193402,8.163042151342346
D_500_Haram_Makkah_0192,4.722861310451731,8.819375614313076,1.2052442834553263,1.3701589077872012,7.2205548631993155,7.438828594144634,16.549447575891918,5.590701127367012,5.8584750567731,14.792969183327287,9.776780158596619,6.215765387129856,1.3944563727005945,3.8396182350008043,3.855315992801733,4.19293268073773,7.659046713819635,1.7921791832071836,7.663085130869485,4.236620409558542,8.084781690013372,8.613377054213103,6.374748040359922,6.444721904023492,8.028008073329378,8.019886600490938,8.034503177478033,8.101841112705019,11.225765991246325,4.4805216374786445,17.11366443728315,17.17524656875278,23.148991777206348,17.3002679061914,17.419712744164798,16.9057212640361,18.765436134091768,17.56943880309482,17.380466417957575,5.846817193963496,5.060260544440281,6.56698489230501,5.978904174952187,8.175786106942159,9.988588619986148,18.983610005064207,12.46123041518997,1.6555478331194553,4.987153250212544,4.6589611027262166,8.861550104853348,10.226620821001797,1.374541653909887,4.942248432048758,12.236064896546822,4.1927294532811725,4.668671051583881,6.391904544641736,7.830128611996714
D_500_Haram_Makkah_0193,1.4580854461886241,7.447539841766538,5.059537823721115,5.0039487367659135,2.1833218520873356,4.497720634603078,13.402417697601521,0.9818596046291151,2.497080590738872,19.421417956375404,11.542149610076425,3.3516489335079225,5.8759875090875155,1.5378944155979228,4.230001865938204,3.5349926072977738,4.265589052304773,4.837651166308922,11.48427281812911,1.1004878730911924,5.259385426876711,8.515385277450275,2.2910351522108243,7.3062941657826865,3.541135226988346,3.5691343782621523,3.516060945857647,3.597576587368867,9.767336745274838,7.160002074540448,13.905092502777569,13.811677989151162,24.78492430781177,13.86417905567299,14.183705319514141,13.51630514561309,13.920814376665396,14.50624330951861,14.383440779533291,3.6573874465130305,3.350784506321499,4.833187058579152,5.290105017799711,3.6462695378297383,7.1176119907222395,15.638178651326287,9.228788969684148,3.3926533007344415,6.493725104774658,6.568548712770205,4.194417326563278,5.703784135020599,6.422015816007581,2.7035954761631396,9.52617071053152,3.979100143811664,0.9786441628714216,3.7282619491901503,11.97865782335733
D_500_Haram_Makkah_0194,1.310865983816138,7.492955693063292,4.562700889989959,4.510109073042459,2.67609933726642,4.582393755881159,13.621337526988087,1.267926525463141,2.549329014555022,18.971316480352368,11.236531807809266,3.3680493182191085,5.3990610201162985,1.112703127724292,3.954146580427764,3.319230383738209,4.4197462712244375,4.3935441084630735,11.089301697604272,0.72823695332344,5.443571067460168,8.439225040695044,2.505331773248844,7.110864807061197,3.8951438810848877,3.915487464069243,3.8768398881357005,3.9564302768006554,9.855520863607655,6.8079495758837165,14.13372289410409,14.05986144577461,24.53601932625133,14.12193246484683,14.416792237228275,13.766828378894644,14.410037125865323,14.718650152543646,14.587164962462353,3.5785193712196857,3.172747996745011,4.750710788943755,5.194143958377445,4.011559145020322,7.2515405025957795,15.889512593265856,9.435962028680073,2.8926877162010225,6.218851391418767,6.262067085044889,4.596556886241359,6.087994998561098,5.922614522451794,2.54517404416701,9.757269374685881,3.7489339218129634,0.8152990469420797,3.7320679039130638,11.559521645108244
D_500_Haram_Makkah_0195,1.3473337943696333,7.571493338908011,4.0672031069887185,4.018364069963939,3.1718610773306106,4.719295736291819,13.85501491370051,1.6600630132878729,2.6957978314585835,18.523898736149658,10.94543984950162,3.458112425956643,4.927177578769608,0.7846531681299195,3.7258855275794454,3.1690685649868433,4.623596263378831,3.96335449965068,10.70333115645538,0.5951199551575366,5.666426090110029,8.392487427516507,2.794479032501502,6.94632667418411,4.278928856917114,4.29277800994309,4.266341484926067,4.343812020569164,9.968265076763346,6.475748345432651,14.376272600475783,14.321366022104415,24.294949691660133,14.39260428236481,14.66338520165424,14.030865571961478,14.900129077337876,14.944925378430232,14.805132883152172,3.5692714487003703,3.067488162714005,4.72052830692007,5.145642950153085,4.403919967117004,7.417132433106929,16.152558709137743,9.664822023619521,2.393694535904279,5.973637969901539,5.982117286044101,5.0167830702195335,6.48835800245334,5.423746486107231,2.480115827390864,10.008260241179045,3.5749631178757544,0.9360894284872857,3.8028021044260356,11.147261269393914
D_500_Haram_Makkah_0196,1.5546152356342335,7.6821369402052,3.5736014440249315,3.529589209724969,3.669397578233277,4.904054366486737,14.102716264226215,2.099657607837368,2.9223540566161486,18.079363948735764,10.670062609945571,3.6163387258302264,4.461937401343108,0.7055745529205072,3.554399854557396,3.094072980107492,4.8709039265691,3.552142334228887,10.327370355493029,0.8261893524345209,5.923587617103199,8.375664953231968,3.1378525396130694,6.814917571213221,4.68517841761117,4.693551137317677,4.677395664542644,4.752751149698746,10.104747286446543,6.166607374347506,14.632049405413413,14.595475691258892,24.06195088840764,14.675479703672048,14.92281465598574,14.307668546163763,15.391007171412383,15.18444898245075,15.036725108199416,3.6301756805381977,3.042567554747853,4.743637825203242,5.14594403530106,4.816740976555957,7.612321672350271,16.426754332991862,9.913867109050146,1.8964412796668333,5.76187285716014,5.732587593420187,5.450914362679967,6.9020628829093225,4.9255736537297405,2.5156745596351193,10.277686014146697,3.465660740966633,1.2619018300807,3.936858565464319,10.742668284364882
D_500_Haram_Makkah_0197,1.8769468144567376,7.823524395272883,3.0828066916613652,3.045214870504855,4.168073239155705,5.131502963751586,14.363716041447297,2.562400328713641,3.212095805123516,17.637930076822585,10.411647038598135,3.834298903657713,4.0056558172455885,0.9405168799418632,3.448170594467118,3.099704120537231,5.1554189210754515,3.1673076636196322,9.962552542901467,1.2310936194634758,6.210795602758392,8.388937539128996,3.5196168783327706,6.71858163624412,5.1085358925508855,5.1122870589820755,5.1047985574881745,5.178142676886734,10.26402055357952,5.884162322764999,14.900372135925256,14.881493903617029,23.83725956714328,14.969866907824704,15.194423077226203,14.596511034597267,15.882598491413571,15.436604241164213,15.2813221843318,3.75782256977766,3.099924212926697,4.819272678065726,5.195038650182224,5.24519338381518,7.834896424610502,16.71155064104844,10.18161615431665,1.4027791687398063,5.587360422706907,5.517606658613611,5.895879869833877,7.326849916675721,4.428330564091763,2.647799467072744,10.564136267812545,3.4272195679117106,1.677232885548556,4.12807274415531,10.346642161996416
D_500_Haram_Makkah_0198,2.265747112562259,7.994024552843083,2.5964109363683843,2.5677324311403225,4.667522865227167,5.396246078840743,14.637302856495495,3.037730816851322,3.549583612141048,17.19983585343696,10.1714859559744,4.102483106948009,3.56177730013038,1.3326250162137985,3.4132958436895255,3.185534309964091,5.471339795758178,2.819671274243742,9.610146781478555,1.6891343661205893,6.524083008670652,8.432163025302206,3.92859586582205,6.658841231805017,5.545084113744013,5.544917701026601,5.544770795947811,5.616249311397895,10.445042289470118,5.63243064866398,15.180575516977886,15.178747457234557,23.621112781819203,15.275100304994263,15.477569283782058,14.89669269840802,16.374838776954963,15.700782545579894,15.538309947896924,3.945739834547438,3.235184881092589,4.945023222125269,5.291568788380633,5.68574447684354,8.082594567184422,17.00641504760062,10.466633809681705,0.9185163705075736,5.453677914356325,5.341347636831554,6.349402153614546,7.76089954434623,3.93236982366872,2.86315285745532,10.866264679162779,3.4620007602883502,2.1303531099943633,4.368946174928596,9.960204790809932
D_500_Haram_Makkah_0199,2.692372488416265,8.191819756084005,2.117447619734158,2.1018439202554675,5.167521967287736,5.693083140334752,14.922784404836364,3.520554000065965,3.9225126502268726,16.765343060831718,9.950901103601737,4.411741565943219,3.1355735658051147,1.7809511310256374,3.4519388341025454,3.345396300248535,5.813548741730244,2.524646336304703,9.271568455168953,2.1668729199091032,6.859877600639602,8.50488467544331,4.357132688422119,6.636684618791371,5.991940635368857,5.988432305343025,5.994545352881594,6.06431586509054,10.646703171424,5.415696816475715,15.472014047915078,15.48658937723258,23.41374715592674,15.59054283805913,15.771631852603571,15.207542053648297,16.867671188659898,15.976387458372258,15.807084050193426,4.185817934856833,3.439169925479746,5.117196064871153,5.4330065520358835,6.1357886767815994,8.35318138714956,17.310833051263465,10.767548821161737,0.47343161232305153,5.36387890499106,5.207743629981463,6.809771756785584,8.202741452172098,3.438246288253156,3.1446819356131073,11.18280054222463,3.567863429059513,2.6015914505547313,4.651770936294848,9.58451602285162
D_500_Haram_Makkah_0200,3.141449895057788,8.414985456996218,1.652392295429147,1.6573553853833607,5.667925058223023,6.017266285359484,15.219491323433338,4.0081629811752855,4.321717674724468,16.33473906332816,9.751221046829217,4.754065131247075,2.735318969191345,2.2521686609311056,3.561707347075312,3.5693567370367765,6.17767859888033,2.3025455709285283,8.948387213727514,2.653691903096047,7.215037489730128,8.60635476792799,4.799991824656486,6.652487273481615,6.446962261176604,6.440582710491528,6.452072529094499,6.520289297056753,10.867854299855331,5.238306636020067,15.774064979865363,15.804400921648027,23.21539797951117,15.915587466204133,16.076011722824642,15.528418446655687,17.36104527655463,16.262838027570936,16.087053716688263,4.4696595480430155,3.7005317177866375,5.33129543605201,5.615959901729404,6.593382296499029,8.644507748596444,17.624309588857077,11.083066345907621,0.330430153651111,5.320185900803761,5.120134748018345,7.275688945844852,8.651181749694768,2.9468841333051388,3.4763460378514917,11.512555491164754,3.738774358440807,3.0826499060607886,4.969389324450595,9.220889705745904
D_500_Haram_Makkah_0201,3.6045974313658675,8.661560812635042,1.2172906644329302,1.257173833306669,6.168633757213931,6.364618185373167,15.526780070205652,4.499001861323337,4.740565104481088,15.908339622016053,9.573753868175901,5.1228294631924065,2.3741738668194787,2.734468660678074,3.736337810739727,3.8462346984248867,6.560080033053181,2.1758162209318495,8.642330511491508,3.1453777972112626,7.5868434895500485,8.735571510533179,5.253552456897563,6.705980787175079,6.9085357688706175,6.899671297945829,6.915813774382085,6.982620734971806,11.107331524708407,5.104363565729679,16.086130488103173,16.1315928355881,23.026298239897237,16.249657957565905,16.390134074267742,15.858713218822004,17.854916114370614,16.559571407489447,16.377644780656976,4.789490171268928,4.008061383360073,5.582499460959332,5.836525995494465,7.057056872695165,8.954549620603418,17.946369956618746,11.41197522449417,0.7062657372501143,5.323734151203692,5.080900720180473,7.74615270074637,9.10524551706252,2.4599384715341706,3.8451938007250988,11.854426395689396,3.9663334722228325,3.5695602894828298,5.31556790059208,8.87080928547097
D_500_Haram_Makkah_0202,4.077022736890444,8.929606738722065,0.8589367831738118,0.9585012103211572,6.669579174186815,6.731553172649542,15.8440349403049,4.99211793174509,5.174287025678498,15.486492014647986,9.419755072756182,5.512730914768401,2.072683244168376,3.222879403826787,3.9672741180087407,4.165491220352356,6.957740988487911,2.1613002268468366,8.355280344337245,3.6399587561602846,7.972967098219336,8.89132522174828,5.715267285944044,6.796275163317141,7.375431104638463,7.3644005707199796,7.384598424745816,7.450126544449654,11.363976291532788,5.01734832222657,16.407639140217377,16.467605973088496,22.84667759047563,16.592209111467437,16.71344957383648,16.197850196972475,18.34924356971941,16.86604484961321,16.678302047454817,5.13859415046326,4.351982552273323,5.866043160885758,6.090619805313661,7.525688450859717,9.281431600075885,18.27656035799194,11.753151215282616,1.1802619585981895,5.374430013690069,5.091159963205875,8.22038239028445,9.564131810755256,1.9806691517393729,4.241535621746394,12.20739533444153,4.241432677854822,4.060217717059866,5.6850916941436935,8.535941530833558
D_500_Haram_Makkah_0203,0.8744058992108028,8.062434664045819,4.0108392160169,3.9408671042796217,3.1372654069980985,4.249520953764463,13.418898542810892,1.4508392048398568,2.241143641531259,18.75883681685614,10.536961416331673,2.9771490201047044,5.127519381959403,0.41615143746023275,4.188156040990391,3.6571862865843086,4.184007121942021,4.255361225452737,11.035103137152646,0.11833079337536073,6.109379795773287,8.890910858168796,2.429824672472739,7.424899300827206,3.9912445375476606,3.997036650384852,3.985994139775344,4.060081987092886,10.452712968248674,6.867084277588592,13.944926864787437,13.901506102448806,23.855883133353196,13.978656945031371,14.234268697908702,13.61276350632406,15.015572296691694,14.504370935034018,14.360335754979161,3.0706834150265103,2.5732813038211475,4.22117325823728,5.644484374661551,4.126083918510056,6.953527063213908,15.73291039042124,9.22876401374118,2.5059390551453564,6.4220774230432704,6.411524548062348,4.774008166158015,6.209539569285187,5.506905759814628,1.9810283991562145,10.438448461422311,4.0561888264941395,0.5588746816049299,3.315678439096571,11.444972007380548
D_500_Haram_Makkah_0204,1.1687914296513053,8.166427257185205,3.5093146972680134,3.44109806974249,3.6395294269842906,4.453806475142043,13.67450065217011,1.9384668126063838,2.509087309275616,18.320003244435348,10.250615339981673,3.1595486790953236,4.682225317397571,0.23517038627863882,4.03635418525011,3.5923907791591048,4.455776515480812,3.8752556552924444,10.670836754901277,0.5851418532827029,6.348621188189286,8.87503131580862,2.8179814674275394,7.302105558958977,4.4239871176788546,4.424674642678557,4.423174672826401,4.494904970464473,10.582947643780523,6.576362798119668,14.208469406570632,14.183730781752491,23.61855298890636,14.269739212523717,14.501375744260502,13.897894873564717,15.502793874141528,14.751048593085143,14.598984474272692,3.141264326008141,2.5435170653868258,4.2469971250834835,5.644755934265008,4.564100710259502,7.161361061331838,16.01429157154566,9.48925842790236,2.0362752299197666,6.225582411136612,6.179356806577187,5.228333616133646,6.640634504957097,5.016994561561229,2.0253606396990405,10.697042753557785,3.9601867475541326,1.0141208310752359,3.4686081538598605,11.051282668426973
D_500_Haram_Makkah_0205,1.5723044264527182,8.299566521569549,3.008044408168771,2.9421864631445374,4.141798420014315,4.703076842420209,13.94351685213048,2.4320675812969967,2.8412834792784594,17.884509461795453,9.981345028830058,3.4068544040334947,4.249658686239777,0.6648378281243263,3.9431263487813473,3.5972374017401245,4.765138936309964,3.525861522284583,10.318168752374705,1.0841405851729597,6.617404784574133,8.887556285152442,3.2376796492863487,7.2122778286435585,4.870099386034632,4.866596993439513,4.872922747067585,4.942535032818634,10.735126633845415,6.312276779064622,14.484639587271657,14.477884151774449,23.389602240818324,14.57232404309978,14.780729167095778,14.195076526688517,15.990947492818032,15.010484857178366,14.850791736741156,3.287942232919972,2.611849917875807,4.331309493034201,5.689545028256031,5.014183777982277,7.397514335040741,16.3062920673059,9.768650642502992,1.5867219006788302,6.064426039130939,5.980455077768727,5.690726430123234,7.081118994723529,4.529795045001755,2.187298999699055,10.972548885671632,3.9265858350864247,1.4997072254982244,3.6842012253813383,10.666719577252893
D_500_Haram_Makkah_0206,2.0205910697531775,8.4604765110158,2.5071806781013124,2.444657132054504,4.644070684698945,4.990595808497004,14.225186102274126,2.928622712437655,3.2178940408927033,17.452605460106177,9.730568137731652,3.706095343664209,3.83412953317112,1.1546834564837596,3.9126616374544656,3.6714502532515985,5.105264827598992,3.2172002712180787,9.978328942810073,1.5852163325229744,6.912285146641196,8.928366181326421,3.6781377088249827,7.156657492300031,5.326222881176213,5.319244587115793,5.332059096076232,5.399788004854488,10.908331523283275,6.078298866405753,14.77272919047384,14.783254140038936,23.16927927967002,14.885709981102638,15.071647993911073,14.50356771654575,16.479950303992197,15.282029922783126,15.115099892606983,3.5011660205099924,2.7710320546296057,4.470802488633396,5.7778163914758425,5.473357167644181,7.6593678630867705,16.608351750670387,10.065367057218324,1.18048230271583,5.941484502286183,5.818231982117668,6.159369923722111,7.529345231388123,4.046286740866779,2.44357244262765,11.263725919815354,3.9569759558337925,1.9935852629482116,3.952215976894766,10.292305728153096
D_500_Haram_Makkah_0207,2.4895810441414987,8.64760708944272,2.0070277034516377,1.9495684236091546,5.146345183827231,5.310154001185417,14.518771972375886,3.42684805368635,3.6251026269660884,17.024564430055023,9.4997493192482,4.045763752102376,3.4418140696882693,1.652016324289193,3.9464137331706746,3.8109789827933254,5.470418921129538,2.9620330705051914,9.652672298384998,2.0868733095407315,7.230069831732865,8.997076073874151,4.132723220325009,7.136044403742233,5.78999202517428,5.7800981756755805,5.798353877237395,5.864413331063415,11.101578191697323,5.878025498289864,15.072054715491097,15.099160189992476,22.957832487892706,15.209229344384378,15.373475640977471,14.822662305733337,16.96972887228416,15.565050032649994,15.391264910004459,3.769660313409509,3.006668290480006,4.660523862018045,5.907621147023755,5.939512913775173,7.944380693897474,16.919931867209637,10.377921784204757,0.8797569136920633,5.859163785279178,5.695822250477765,6.632939261716225,7.984009393787606,3.567970478326871,2.7681027816710433,11.56939067107155,4.049916720625581,2.490827484884764,4.262775983547181,9.929189281536356
D_500_Haram_Makkah_0208,2.969480915239983,8.859296832686182,1.508292443530708,1.4594060447159956,5.648621249087295,5.65632371307931,14.82356641343852,3.9261077007176386,4.0536985564318355,16.600685164637003,9.29037621981229,4.416541751043348,3.08159091598096,2.1516506860720197,4.0427744655188675,4.009009558997228,5.85592101247681,2.775155065136837,9.342682035393784,2.588773485640517,7.567873990524594,9.093053477215193,4.597247146658811,7.150741253324762,6.259707631225752,6.247341939492455,6.270210182081658,6.3347889779301445,11.31383967546143,5.715001073270685,15.381960212911249,15.424954947025707,22.755509284063177,15.54224932325356,15.68558236051486,15.151690359363709,17.460217891858147,15.858930818474605,15.678660232648479,4.08253468288746,3.302433324252937,4.894636292583061,6.07629804256331,6.411128063608431,8.250152917574734,17.240516225409294,10.704927568484171,0.8117800532205819,5.819187991790997,5.615829881273508,7.110450243355764,8.444071562994683,3.0972525193950706,3.1397955794417913,11.888425671277734,4.201258822219192,2.9897556794202487,4.607285722277288,9.578655097922997
D_500_Mina_0001,0.31756605542342303,8.502507905930335,4.4986545017716395,4.408622046153287,2.7101738569589218,3.6060695908491103,12.733728362718013,0.9184794320004603,1.5758051073731278,19.43073371503583,10.425718036048313,2.3652371332971316,5.793277761041072,0.9097255280666642,4.848651994590903,4.2730712651431615,3.500828571865179,4.954673501407612,11.738933080091327,0.58756318570826,6.390372179179473,9.444501611447508,1.726401887510655,8.059463008949697,3.3130195884801457,3.314555868399285,3.311888097512743,3.3837458809523926,10.854718405504146,7.569171660381105,13.256520951778061,13.206718242968362,23.645854668755103,13.281283977639939,13.544482745555593,12.917146679473495,14.688147376104945,13.822618918801608,13.682182914938508,2.5674786898574635,2.211616019064834,3.7419172737330215,6.197123584789689,3.4528029256783186,6.297755441652957,15.038096618821182,8.543360854980273,3.145396978520873,7.096419947930409,7.099319638323431,4.119753851373332,5.530269555504862,6.1002845472897675,1.5670503494291248,10.666641422981863,4.687824169592017,0.20103539644913565,2.7238260306522792,12.141972266452143
D_500_Mina_0002,0.46645752950386793,8.572955007955494,3.997699266812085,3.9066506837554584,3.2037519363508538,3.781130997574617,12.984152821736542,1.4182979925522625,1.8086469569923502,18.994662868818484,10.112290365490047,2.495781883409334,5.358086604879015,0.47431003950969397,4.666494643846788,4.159884607901847,3.7575362403483252,4.579687917187919,11.375897648355663,0.43458634275883407,6.582747426407089,9.4038147125443,2.12900961889359,7.915920566166802,3.7593848305838526,3.7553922407010027,3.7630006673480674,3.832086578818441,10.95808908255796,7.273190668680514,13.515554814615395,13.485511094905375,23.3960383421258,13.569464496949744,13.807380729707381,13.198942587172693,15.169908119482123,14.064021824178202,13.91504552377453,2.5584451143535745,2.0625705246134296,3.706194416079674,6.158136536005114,3.904297782042036,6.489262636798899,15.316418386815709,8.79660207630712,2.697305101474409,6.883982455629692,6.855099111631203,4.586058886155476,5.96982185873888,5.618980579178006,1.4657787833845708,10.897613893120011,4.55207078473114,0.5213073940810306,2.823472459191688,11.751008369014325
D_500_Mina_0003,0.9159133854883565,8.6719699913438,3.4971259372883443,3.4047722174088344,3.699674349760475,4.011825199188099,13.248893361175682,1.919404615520121,2.1363109495825277,18.56194015114019,9.81457137458424,2.7144217481470045,4.935656312790062,0.35625949678015595,4.53293555848964,4.105450951454206,4.060410406389498,4.2311794320687675,11.023798733726595,0.7328583032886296,6.806824265106683,9.389858504020488,2.5669980495304654,7.8021306680831,4.218344102596187,4.210016419352567,4.225674204466849,4.29239047768597,11.083280733788742,7.00077387880325,13.788025957695446,13.77697993256151,23.154423763744877,13.869851951991588,14.08329065548121,13.493556118549412,15.652959109521625,14.318980020314367,14.161900210084333,2.6464908484538125,2.0302038465174377,3.738232984992095,6.15999497172454,4.366899514815454,6.712965676981809,15.605946171884522,9.070610301398268,2.2719971363064704,6.702525041556212,6.639956131622761,5.05925657461118,6.4185854760662915,5.141692277979038,1.5316485483907143,11.14644903504121,4.468958222040318,1.003836800588262,3.004886443363019,11.368794950639261
D_500_Mina_0004,1.4017102028371218,8.798588395975319,2.9971257383376573,2.903034686912791,4.197110076350498,4.289184829607743,13.527109432256848,2.4209994420969263,2.5221068366930246,18.132805241165446,9.534032737769428,3.001969442381083,4.529558468477762,0.7303780989350206,4.452350266817707,4.112104073683688,4.399927509211199,3.9162230009262564,10.68371764376531,1.1789307409277705,7.059584581348768,9.40275196983158,3.0250378094240475,7.719409098712125,4.686198455928074,4.674407117280707,4.696493088910472,4.761189007716293,11.229563539832544,6.754772831612911,14.073153893796867,14.080337554447746,22.921270282779577,14.181670655713317,14.371463086393396,13.800166355439384,16.137184454475967,14.58678270942461,14.422028477188112,2.822545523245631,2.1198669931436336,3.836335552183764,6.20266211206707,4.837422643588779,6.965763319274096,15.90606803267556,9.36356253438754,1.8849588505058252,6.554621095988646,6.456797914653538,5.5375801503398865,6.874756723410855,4.669651051172639,1.745842342285641,11.411978400444777,4.4414425711761885,1.4993982741118637,3.2544223540948436,10.996244473809712
D_500_Mina_0005,1.159075548456811,8.949243673351283,5.551753129455464,5.449218665933255,1.953358642485291,2.9547897167416286,11.827901502116946,0.619355850944088,1.0905387785731029,20.55119775923868,10.73879116933086,1.9382613763865264,6.9144190986577705,2.0290792284155628,5.758573309887163,5.101662003728191,2.680357277101681,6.051942342038199,12.818914135314238,1.686592892987206,6.602150509420399,10.093246923702123,0.7055220206124542,8.885140358045405,2.193159771259172,2.1972846966015562,2.190602941675989,2.263138891594349,11.213162817800283,8.592252743274583,12.335970162236963,12.256073551646612,23.74900904075915,12.31662948273472,12.61736272842167,11.962558114344894,13.890758904863132,12.928794634131656,12.802479230650391,2.4291461686732316,2.4299033987468706,3.549054796535232,6.8758346535218156,2.3313774155527964,5.5343102389584775,14.085233787311113,7.648184181524388,4.266897269851495,8.024003552534335,8.06628632350588,3.0005144776604364,4.411404745992246,7.2062687451085425,1.8358162951421206,10.730260656504717,5.539269008248537,1.2412094043599375,2.3179531844821906,13.242462981749556
D_500_Mina_0006,0.6715625322991335,8.960059402703106,5.055341165809759,4.9508342798735105,2.392780331377665,3.0024672057619837,12.055308901089399,0.7364584731536642,0.9839336600678945,20.114331132160988,10.386302559821527,1.8390889845142937,6.476651511933248,1.5828253959869314,5.515315694746556,4.905430910354653,2.8352081936023024,5.660526085888826,12.446840699899763,1.2957755827072308,6.713783533267376,10.004875666148012,1.0201899289043668,8.697319168076454,2.637732750979546,2.6335449994437052,2.642181127869872,2.710674784146896,11.268567140313925,8.271912779027877,12.573856492937317,12.515741037781833,23.47880866493677,12.586820736034673,12.859993215498143,12.225098570564985,14.36413647708328,13.148250142657027,13.012327697615387,2.2011944171865254,2.0635387569086046,3.3646004420875184,6.7665499028544165,2.7834910678096385,5.662880460570884,14.34688011575137,7.866176823125214,3.8182649060775313,7.772095054153327,7.787670399757456,3.471809351454618,4.8483187815795565,6.7290847493714745,1.4331401377369493,10.913753977014256,5.331036357134854,0.8733564336348277,2.217315263715623,12.84571214341775
D_500_Mina_0007,0.25123232709827287,8.99894198454814,4.560216020244954,4.453326868420476,2.853027549533243,3.1310403242728992,12.299034792028456,1.0980536025278242,1.1187295064582932,19.68058701891371,10.046566675182444,1.8740912963645582,6.048919369219693,1.1824095553604486,5.308562456385852,4.754380754070969,3.065464579905592,5.287881631742723,12.084193066024987,1.008987319791656,6.86046457582063,9.941128352926121,1.4451274240910446,8.534963002562796,3.0999833166478115,3.089925022538558,3.10935350944442,3.1746332220774724,11.345958853441353,7.9703742346177044,12.827008188588856,12.789869953182544,23.21633144764061,12.870948508470619,13.117376762453187,12.502313335915536,14.839414715777364,13.382966667812243,13.237916521517528,2.0722793013029768,1.7653706896326942,3.2480548043327055,6.693271371666612,3.2503695992416133,5.832016297807092,14.621104258757528,8.109458993140466,3.3847401761845006,7.545255478688832,7.532279577292716,3.9507481501822026,5.2968362314199,6.255832519309564,1.1145133873635353,11.116930659146185,5.163427484413684,0.6996312989715828,2.228148419264111,12.456580990381207
D_500_Mina_0008,0.4240514757651324,9.065530240073995,4.066847617187382,3.9570271221111524,3.325464572553732,3.3311550589229766,12.558129059402626,1.540666332769416,1.4281333257163213,19.250176468547934,9.720920648179211,2.0363609774500384,5.6335089280234945,0.8918688622371924,5.142718169636136,4.65291373233269,3.3556395942358237,4.938260325608009,11.731845325399464,0.9282553117946784,7.040003205060798,9.902480504934667,1.9080298343571256,8.399548594922324,3.573057018939952,3.5586923672861306,3.5860305123292924,3.6487548225629944,11.444891886245985,7.689849129707353,13.094539889713369,13.077550885815876,22.961842223350736,13.168110676898465,13.388662527723568,12.793248488614852,15.316416658614095,13.632155916417346,13.47845535649985,2.0610687069471294,1.5746282494154833,3.206830329920815,6.6571881127379395,3.726467477335743,6.038309860154212,14.9072120832998,8.375827272889644,2.972939454226565,7.345807533548071,7.302550949067479,4.4348549734055265,5.754244362329065,5.787476587290766,0.966937931360114,11.338732608602523,5.040496460456943,0.8489979112715056,2.348910672842661,12.075806122321898
D_500_Mina_0009,0.8950426443769686,9.159219877359908,3.5759630392690966,3.462454273526579,3.805554121729102,3.5908703749070807,12.831660759859346,2.0115077360030815,1.8254182792632607,18.823328134633066,9.410827217490219,2.2991065672880393,5.233355129606976,0.8350739796057274,5.02183739824801,4.604308975144507,3.6916306251939295,4.616895432053907,11.390753295569935,1.0999277624432255,7.249958710885957,9.889226357182736,2.3869102216935216,8.292395873709776,4.053165792478993,4.0355325062176055,4.068872947498239,4.129540404355726,11.564813380761272,7.432717053833828,13.375588729047186,13.37790955883008,22.715609450787166,13.477445058287385,13.673023006860168,13.096989679701817,15.794986115091652,13.895039233166836,13.733158638630233,2.16938797439091,1.531976743355063,3.2437998672099506,6.658904753288653,4.208656993969584,6.278099226937848,15.204532721948306,8.663152372467039,2.5932325180357023,7.176035462530826,7.100975541426634,4.922605247641272,6.21858155440709,5.32530890801893,1.064131785361909,11.578089424527516,4.96556254307056,1.2069346052679129,2.56411662674703,11.70420310226405
D_500_Mina_0010,1.3881505358472888,9.279189981356403,3.088746620654077,2.970470877709628,4.290728147177272,3.8982920317792176,13.118726811317439,2.494644817940198,2.2647993703259828,18.40028990468805,9.117873280088293,2.632411879510104,4.852233911476688,1.0506412295169527,4.949215754487062,4.610238643878767,4.062084567611195,4.330082735620945,11.061958187707225,1.4361768944704258,7.487772828236731,9.901467845372318,2.8737919425640372,8.214610813875971,4.538077256937301,4.517889945588299,4.555920885345773,4.614907568636643,11.70507822358656,7.2014841608429725,13.669320942533613,13.690111525571409,22.477904447793893,13.79813299659993,13.969659763451748,13.412666896243595,16.274984781471154,14.170854494380112,14.00125334405773,2.3809789148946745,1.648947758837926,3.356380436919788,6.6983921708378915,4.695061577409106,6.547705330138579,15.512421426656031,8.969420489388476,2.261840606089152,7.0380870513375715,6.930010436066759,5.413014086185734,6.688404768614201,4.871091135141296,1.3543861176637806,11.83393591005549,4.94080995133989,1.6423045403246508,2.8524695865958107,11.342673380677331
D_500_Mina_0011,1.8861072512438284,9.424436936112132,2.607255417356061,2.482616713681571,4.779438396515138,4.243063204544529,13.418458575333732,2.984111278117828,2.7259964895385433,17.98133067360928,8.843762216164734,3.012950232195623,4.494988997120712,1.4194803898161834,4.926987573241482,4.670494944833398,4.458418929984108,4.0851062934237525,10.746588707230893,1.8493096217478127,7.7508816378880345,9.9391107239557,3.365203738432252,8.167032525612163,5.026401534942156,5.004169402024166,5.045956616077599,5.103549224488066,11.86496491934586,6.998717937735813,13.974936767338479,14.01336521360175,22.24900052600033,14.12940142613179,14.2778076309482,13.739457408253603,16.75628981089658,14.458861626772993,14.281985331634163,2.671413975469942,1.896228155011231,3.5373600503424916,6.774989906684751,5.184494923518706,6.843605096182679,15.830261556783203,9.292758812637754,2.0028909823962344,6.933861885895475,6.7919675029080855,5.905419124712074,7.162634484970201,4.427270725448105,1.7438245453000996,12.105226538816659,4.966988883688268,2.107656476516347,3.194220802319843,10.992210886540727
D_500_Mina_0012,2.385878554846773,9.593812719864465,2.1353655932799134,2.0019126644283793,5.270701226272333,4.616823909531292,13.73002655509501,3.477235196763084,3.1995895202058464,17.566742267736853,8.590297960790034,3.4250139542440547,4.167764575266386,1.8521826279755949,4.95583090167596,4.78302502099401,4.8743246526386175,3.889878328271272,10.44586087945165,2.2982311201036194,8.036801179903861,10.001868155407871,3.8594154747180984,8.150189989415573,5.517232433641047,5.493329347831854,5.538187015638716,5.594607367298018,12.04369198654975,6.8269552471254755,14.291673831134243,14.346923587631728,22.029172023282324,14.47052369091661,14.596737575531568,14.076587216531085,17.23879175950941,14.758346851820534,14.574624345174662,3.0180158172376887,2.2308987964162443,3.7769188802475897,6.88745986424572,5.676173540841143,7.162540467861042,16.157465822033608,9.631448256391348,1.8471064281828946,6.864896071707161,6.688885301312169,6.399359517304912,7.640450181888376,3.9973123269487076,2.1799225922101972,12.390946905074957,5.043306191348862,2.5868601015582264,3.574085146472957,10.653907813775664
D_500_Mina_0013,1.7893012563501387,9.46504078263154,6.135839909958708,6.023021027866853,1.9245693999972309,2.499969134148414,11.161983619707481,1.2610971275511242,1.0873052811476325,21.234232019635844,10.770760744563026,1.7472124192390637,7.596191716905859,2.702386453590148,6.448135104066786,5.773999424753126,2.1153991835547896,6.754758694632405,13.526043174020547,2.3846162970386624,7.0238475071917925,10.690208991094607,0.2570636905810253,9.546839193161096,1.516404967523777,1.511733265210558,1.5229112719127813,1.5899114337111593,11.67898670016895,9.298762518614732,11.66407602034233,11.57349116859711,23.61464319801123,11.629398382464682,11.942874248447318,11.278791852158582,13.603233319687712,12.266760254760518,12.146193024737352,2.3795066333455197,2.603721878578707,3.379699605016791,7.494462157986418,1.664119726717077,4.954096442494627,13.401135079597847,6.992169624528364,4.939638531369509,8.714293872111018,8.764727259520347,2.364778290084875,3.7270372277498565,7.842538188853174,2.1157639956538903,11.044423946066338,6.2157665699327,1.9418889996664939,2.092404686488439,13.94473534347844
D_500_Mina_0014,1.3433264383141683,9.4486017168157,5.64609878245354,5.530727531962016,2.2603405145524427,2.4554557636590415,11.380531383056972,1.1155810501298689,0.675626662646228,20.799581259169823,10.395111024410511,1.4742901903412524,7.164868290717812,2.277378474081432,6.191233221021763,5.556145100804698,2.19645022054577,6.3669222509963745,13.154790334286899,2.0040508276155755,7.093398996058233,10.582998017161557,0.3232568888968913,9.345328148528596,1.98558683945404,1.9718579048710572,1.9992561839830487,2.061350348470739,11.71066553700153,8.975527812979795,11.894190778604528,11.826814002274004,23.33207709844886,11.893989979402054,12.178227551508623,11.535024079440568,14.068353265721928,12.477642286982539,12.346764823810668,2.0253265050944993,2.1513992730902864,3.1052386616086833,7.360124822853731,2.1394352095231466,5.047582560216934,13.657414758526462,7.1949875876315,4.502016183831667,8.453113410097258,8.479307742411986,2.8527067256399095,4.175152315540292,7.3723174886972735,1.6295751217066081,11.200276971212066,5.9889550918157,1.5774884120348385,1.8485473002434822,13.549926958344727
D_500_Mina_0015,0.95500494229947,9.458844655655163,5.158770795962524,5.040406347010365,2.649319179059896,2.5126196930648605,11.616698170206565,1.18459176925626,0.48506688770303713,20.368042440908976,10.03055111357915,1.3412273854176662,6.743377068800812,1.8906600791494486,5.965641543285783,5.376524377610304,2.3829500412582743,5.996100420730314,12.792488758770503,1.6883800163949323,7.197414255945498,10.498748413848213,0.8046664822019187,9.166938927698604,2.4678339950379633,2.448609427273795,2.485833934562645,2.5446199248144854,11.763725449712554,8.669360156368057,12.140734906725486,12.095698663462706,23.056990999394838,12.17356371766257,12.429431678308037,11.80707334085402,14.535946798220458,12.70489161914728,12.564225504149247,1.7454003022249165,1.7269192461838971,2.8926152183312346,7.258133417048531,2.624814269036451,5.188225301155323,13.927099376769668,7.426293002360574,4.079320464681928,8.214373098795262,8.214710346635885,3.344887582410371,4.634389208999907,6.906613636398444,1.157217941691595,11.37618994766957,5.796895689759697,1.3078947053291077,1.720661354904861,13.162446294839247
D_500_Mina_0016,0.7239639016447873,9.49568321145251,4.674610633868789,4.552694676577577,3.0713555920231173,2.6649257026687745,11.869432293161347,1.4375586566274128,0.7201995933313852,19.939817592042314,9.678334231634024,1.3888226759211275,6.333681219607245,1.5707705725958627,5.7750304053938715,5.239071153148091,2.6527504356988674,5.645646829538189,12.439920532060514,1.4797351619436943,7.334427104577653,10.438016149467071,1.3019448221969696,9.013044494885959,2.9567603556073236,2.9338933588232745,2.977632131410206,3.0340720920423347,11.837878903659023,8.3821298940558,12.402728650801835,12.379131114611653,22.789655750147087,12.467111686196246,12.695545720719709,12.093872246631587,15.005782654306136,12.94764644131953,12.79771412763131,1.579707343636581,1.3566726052744096,2.7561777106324414,7.189864539592196,3.115556843199684,5.3723223066415695,14.209425677977503,7.6835134772505365,3.676703035083293,8.000082132178537,7.973008339702826,3.8396858433125125,5.101745302273101,6.4464055669981475,0.7262033684097984,11.571247986533423,5.643137680014686,1.1988697520859557,1.734589775180093,12.78295969835402
D_500_Mina_0017,0.8004954578112298,9.558809857149177,4.194715247253639,4.0685309687367734,3.5145607985509435,2.8974085021582656,12.137698855130749,1.7984637773864531,1.1430937311439715,19.51512485051106,9.339856849365065,1.6010444489342017,5.938222571395086,1.3655130426712476,5.622958248367949,5.147164662250568,2.983336166270112,5.319588493544488,12.097936622700159,1.4258983532431269,7.502629901839343,10.40121314337803,1.8020018641448652,8.884917707931235,3.4495268953733684,3.4240836909250323,3.472433261151864,3.5271338417456874,11.93273262704904,8.115847880960695,12.679214297117309,12.676135515801473,22.5303472389158,12.773670476359182,12.975652329807552,12.394396912400452,15.47765660671653,13.20505161563522,13.046370143422477,1.5649619377964452,1.0970184330307617,2.707468309008271,7.156283308181707,3.609475819167885,5.595586158711349,14.503655408661269,7.964138394403877,3.30151755538104,7.812252662025172,7.756342352764091,4.336205502066661,5.575179047233319,5.992959433769629,0.4692208066299979,11.784500419512018,5.5308762406825895,1.2917311027092988,1.8871949755618405,12.412200381797842
D_500_Mina_0018,1.1234061446345438,9.647708541566724,3.7207350876102567,3.5893511397440245,3.971854554130313,3.1926005057777593,12.420491422224195,2.215163209875066,1.6122085913543511,19.09419987960318,9.016666359009474,1.9241711958644672,5.56003975027585,1.3291018597463617,5.512615354515637,5.10326621934945,3.3567960176805443,5.022678597207931,11.76745983113617,1.5431578523802643,7.699978872113662,10.388593677412793,2.30302812122859,8.783686203343942,3.944694641634647,3.9173388870902164,3.9691143173381302,4.022477940253393,12.047797669015662,7.8726399958425475,12.96926500924048,12.985780636065538,22.279345717945922,13.092326137840846,13.268865352443981,12.707673538976774,15.951387757984406,13.476267645195568,13.309343439220214,1.7050844921515529,1.0348506757724627,2.751150523175315,7.1578778944775445,4.105424809834784,5.853536831645582,14.809079059147063,8.265784292590208,2.9641986302245686,7.65283327874968,7.56686324635756,4.833916059032614,6.05326452115653,5.547933419703964,0.6461757102989181,12.01497846126141,5.462670241302844,1.5506222694928693,2.14913569739567,12.050973846729574
D_500_Mina_0019,1.5452728169787366,9.761675137514246,3.255254909083373,3.1174541031907745,4.438884694862743,3.534825889418265,12.716840926935356,2.66157891844595,2.096746629964917,18.677297398811152,8.710464480929433,2.312163921573563,5.202901222228298,1.4741021090679023,5.446538452979885,5.1086134976214534,3.7603774449497687,4.760374245723813,11.449486585909026,1.7983507624467883,7.924296668963742,10.400245744325643,2.8045040436422126,8.710287720728402,4.441460460957397,4.412631179551309,4.467048178281021,4.519353888628494,12.182501315277477,7.654705858327719,13.271991419239244,13.30718406259326,22.036935021384608,13.42221709565305,13.574335468172578,13.032782548441292,16.426815405364025,13.760477897710475,13.5858026140633,1.9672560209474277,1.2012323583354354,2.8830276495031013,7.194624853190728,4.602747567224075,6.141805360832686,15.12501849196699,8.586235924923903,2.679087614428541,7.523630102383064,7.406657765633602,5.332483988570199,6.534980809190112,5.113526306109156,1.058061986121293,12.26171077016729,5.440176889281291,1.9091538465530957,2.48608909388809,11.700163026433993
D_500_Mina_0020,2.004562870451095,9.8998438993437,2.8025131548481315,2.656723333669477,4.912875227008628,3.911759635976325,13.02582207217441,3.1250014433614104,2.588059529292843,18.264692835114644,8.423104112091353,2.7375799786420747,4.871437549950241,1.7561380575692627,5.426344797948598,5.163053411724985,4.1853758418666835,4.538679205541975,11.145087093535173,2.1427489868009335,8.173363067203821,10.436088006638927,3.3062249036480824,8.66542950109308,4.939342123956636,4.909343970211099,4.965857914416589,5.017306517859683,12.336200225447772,7.464259496544676,13.586546229021398,13.639514567675757,21.803401671357623,13.762535406386604,13.891254066907566,13.368860705051707,16.903796380915054,14.056894192554507,13.874941540724436,2.310293148250426,1.5230162177483286,3.0918346509104433,7.265990809864136,5.1010422237372985,6.45633197694153,15.450828612202018,8.923467471205594,2.4643717520200994,7.426220372124531,7.27765934091134,5.831689327106705,7.019580402900094,4.692687942009326,1.5251307168386188,12.523736666080026,5.463960691527768,2.321612669572664,2.87177092938918,11.360732814163113
D_500_Mina_0021,2.480575178876904,10.061217744891618,2.3698217563131045,2.214140272753101,5.391990798274799,4.314314003060239,13.34655756508106,3.5988668044452146,3.0829097970620514,17.85668409700707,8.156576833650238,3.185460781867467,4.571237166639989,2.1212360749492514,5.452544128247492,5.265063274316398,4.62589190490876,4.363787046793397,10.855403253084361,2.540326476751249,8.444988585350261,10.495872607767554,3.808093782891072,8.649555554179372,5.438033079465381,5.407085722780515,5.465303637059034,5.516044174423396,12.508194153207029,7.303451502642105,13.912127107899929,13.981992984185274,21.57903386907036,14.112526706109636,14.218855628054486,13.715101630868805,17.38220278805417,14.364760907525518,14.175984348093154,2.7035877729878273,1.9237392671084383,3.363273350127323,7.370970231191957,5.600049272583929,6.793470478463127,15.785898233149332,9.275648883448964,2.339514001443851,7.36186618123496,7.181549780442332,6.331381240154003,7.506504853504761,4.289413820977027,2.009260521607706,12.800116945502902,5.533424880233015,2.7639608426924456,3.289083655723671,11.033733526264145
D_500_Mina_0022,2.9652672750142863,10.244700118132593,1.970433766532101,1.803117882216127,5.874977602984091,4.735960182941682,13.678220530851007,4.0795375091260135,3.579830678000078,17.45359347088283,7.912987990542293,3.6475402594367323,4.308839357010004,2.533740522876162,5.5244763658390506,5.411953741749466,5.0778886012744495,4.2414911906655925,10.581643665302945,2.969801477023143,8.737069418093192,10.579193611751352,4.3100588803418045,8.662825168576461,5.937329338813312,5.905596201687199,5.965225533707376,6.0153715325353545,12.697739656980035,7.174275086792296,14.247978176386484,14.333891912628903,21.364120369480172,14.471489163245852,14.556418860627993,14.0707550870665,17.861920069727056,14.68335778784407,14.488188992702407,3.1282411483343506,2.3635865686764905,3.6835235806398243,7.508153239141485,6.099593807156844,7.150022930727384,16.129650282528193,9.641141946891981,2.3190736345366836,7.33143799447955,7.119661069276186,6.831452896185904,7.995329362116524,3.9091434979175133,2.500561291235801,13.089942375978241,5.646883846036392,3.2239184311978843,3.72741830722997,10.720302719205131
D_500_Mina_0023,2.0399596779756917,9.963577100903711,6.261290759912545,6.137630440433537,2.344411479521162,2.0117398436790594,10.710084122357944,1.717571746170085,0.9737544851726868,21.486325924048536,10.452021419597692,1.402923644876818,7.8566553848515674,2.9784137053896473,6.873675081600363,6.219455293768581,1.6167136899430434,7.073699020732439,13.862775478828818,2.7123393599423866,7.520712386995087,11.176114652178047,0.4142273574263103,10.001516618595382,1.3895539424055308,1.3580397173490328,1.4199695672715653,1.4676364944915545,12.177937251159683,9.679826098330631,11.218068799129671,11.140317420642056,23.206045275131675,11.203094509569269,11.499670149502034,10.847299803293375,13.802612520226798,11.811435889613767,11.686227626702507,2.0885441876693096,2.449943577387076,2.9946378986035915,7.972456234490277,1.5523942122008958,4.459971484172728,12.969979751196718,6.531641348504831,5.192352918547914,9.138280399016773,9.173488219951839,2.286000119660541,3.5158192788646874,8.02651359487648,2.0641022973778944,11.52327091683888,6.657221418333981,2.284199674893583,1.7091363056677595,14.25454625544787
D_500_Mina_0024,1.662627781336421,9.947960190751827,5.782182592649924,5.6553201137356615,2.6270520524997463,1.9561396945083005,10.93766343894254,1.6137457313966526,0.47159791536010653,21.0568791117191,10.064480892912446,1.043524600807285,7.440444644837744,2.5989378174461684,6.633272306047227,6.017746443819362,1.7213977705363355,6.7043362031323035,13.500784614154206,2.3846548031501413,7.585707302262277,11.073607603655098,0.4582192073407205,9.809348814579613,1.8904752769219753,1.8566431013552824,1.9219900132407044,1.9685703510899308,12.208319993499881,9.36974497672474,11.457143417437758,11.403265586494513,22.91844175281079,11.477516251782665,11.743907232949754,11.113483258210445,14.26122965990196,12.030300530787697,11.894556583279705,1.6738822473368489,1.9624843011561794,2.6810377939901042,7.846304924139324,2.0537238607521084,4.563587500115588,13.234609645127229,6.748311949555875,4.777930639478049,8.889564002397684,8.901183818539806,2.787744675261933,3.9877360946235765,7.56773117620418,1.5619044458591422,11.672730537405691,6.445959618620332,1.983701957765543,1.4000304756941697,13.868559524825503
D_500_Mina_0025,1.3681402728469485,9.957687740924593,5.30736216244641,5.176810559027531,2.9683531163470867,2.027423145824644,11.183184970714896,1.6621909529987824,0.03450655703543892,20.630722595459826,9.687485493385982,0.8451454688288292,7.035480528751303,2.267727814150928,6.423222013368032,5.852307817350306,1.9537743727000263,6.353236720560849,13.148019659857992,2.126253562542912,7.683058136371176,10.99311711563144,0.8677123164326556,9.639548982321008,2.3919680749702112,2.356809954727717,2.4241195496013273,2.4700525119092958,12.25922469187213,9.076882662083142,11.712888940311652,11.681901572306149,22.638329679781513,11.76698757129047,12.004201956749245,11.39559880570221,14.722697060397719,12.265839044720144,12.120132019575232,1.321486014102488,1.4849394591462897,2.431593821883472,7.750711701383954,2.55542822425836,4.718674544125183,13.51273370842317,6.99440205371268,4.381928551266051,8.662858508889464,8.64950001419119,3.2896537209367147,4.466281301595646,7.114827904665663,1.0597889526788975,11.841625428400638,6.26791677850973,1.7768399638416732,1.2262144211562453,13.49023321499715
D_500_Mina_0026,1.2181398415565614,9.99268569492382,4.838091972203394,4.70326190366832,3.350435431476481,2.2133645671276123,11.44549408498714,1.850989552676294,0.5334372582949254,20.20806451782944,9.322314603343159,0.918790374008513,6.6438198571644875,2.0088012260943455,6.246586824271758,5.726283866269609,2.275046018264331,6.023594917477296,12.805243086208916,1.96466562923843,7.811555232253104,10.935129335244879,1.3418133085250177,9.493317392077216,2.89373510203361,2.8577193230613136,2.9263018805443504,2.9718052792822984,12.330397147877674,8.802957814080207,11.984238102088073,11.975130326801938,22.36599050876463,12.07042573208154,12.279533187329433,11.692493242974395,15.186754871487855,12.517110161244412,12.362009824658083,1.09331904378617,1.0311762277452994,2.2675779841790056,7.686816658550033,3.057322703644099,4.920367930451878,13.803536263524185,7.266923396569675,4.009807715374699,8.459933570266468,8.420286021218974,3.7916618282079804,4.949532594109053,6.669001615494152,0.55797747072608,12.029136942044742,6.125989896353581,1.6981836589240864,1.2456707099944393,13.120229984216602
D_500_Mina_0027,1.2651090571098222,10.052690082605238,4.376157806166504,4.23633800415717,3.7608900200177016,2.4883922467308635,11.723463949218043,2.143367712283508,1.0356145985772567,19.78912901948796,8.970412363251285,1.2160005925201223,6.267956905589918,1.8527157754443881,6.106267143821229,5.642316176124151,2.653113214045377,5.719122294288332,12.473278355997415,1.9244345098162836,7.96969214708527,10.900003372768088,1.831004887835278,9.371757301791812,3.395654673910817,3.359038923636045,3.4285136884009426,3.473711276276374,12.421488943928399,8.549790778724315,12.270155710110634,12.28190666048386,22.10171155829501,12.386804311300853,12.568912774032665,12.00306992415494,15.653172680936589,12.783186144250623,12.619252580725725,1.0718883808402682,0.6528257526129323,2.2081093806419205,7.655413479369681,3.559326761545709,5.163208635027001,14.106233195080442,7.563019241076602,3.668841866103086,8.28253721650461,8.21542275890992,4.293734156467701,5.436235006902877,6.231771308715314,0.06405765991117901,12.23440908810377,6.022732684889141,1.7649575318210784,1.4506431852777535,12.759273898252875
D_500_Mina_0028,1.4905420991311653,10.137256819697011,3.924151111691384,3.778495494513557,4.1913897330504515,2.826620525744964,12.016007724315479,2.503291119043183,1.5378610964202044,19.37415756559657,8.633401391054875,1.6179354489809388,5.910906012044836,1.826036352244628,6.004809293684915,5.602296021863045,3.0670440994462935,5.4440433754722575,12.153011458455394,2.0128499299619595,8.155744897290036,10.88796045851745,2.3257841004064153,9.275838680054909,3.897667754857603,3.8606088419401585,3.9307435710853995,3.975712368231416,12.532065692038103,8.319276789287843,12.569647620385464,12.601241135220212,21.845785336765452,12.71515736297635,12.871393198487619,12.326294634887631,16.121745633564924,13.0631623386002,12.89094045171771,1.267721964243397,0.5418630213774521,2.2614506554447087,7.656901896758855,4.061399664830133,5.441690651928326,14.420075456995109,7.880032515235844,3.368504888809412,8.13234018708063,8.036772546610457,4.795850451048683,5.925538144307958,5.805079550550799,0.4488266779508714,12.456563830553398,5.9601552225904655,1.9623713947402244,1.7780920648534813,12.40815450001562
D_500_Mina_0029,1.8296197219158201,10.245777685305734,3.4859356742755216,3.3334782538973826,4.636354086965403,3.208121687274453,12.322087405144327,2.905767598830756,2.0401254761161955,18.963410368989788,8.313092901306119,2.0643032635825094,5.576281899090973,1.9341252792857135,5.94420346247558,5.607164413267854,3.5041522389606268,5.2030222261414645,11.845391229152236,2.214556432605905,8.36785157982177,10.899077072063884,2.8232145661665906,9.20636297218435,4.399742243973694,4.362342642840845,4.432985293293447,4.477776481039553,12.661616870881133,8.113346860075183,12.881767057448148,12.932203459625178,21.598508748191602,13.054581329705863,13.186072885021895,12.661198714442278,16.592291119442052,13.356164600320165,13.176179878464074,1.6030809552203993,0.8158589395580302,2.420153959834586,7.691262762132523,4.5635186013135876,5.7506383108957975,14.74435133386786,8.21554210241746,3.120549749875724,8.010872469650305,7.8861170064232144,5.29799813428405,6.416847032019862,5.3914289909832975,0.9504546551796668,12.694714842928207,5.939543353331304,2.256392281773404,2.173345789914615,12.067730403062514
D_500_Mina_0030,2.2311158292091777,10.37750117927123,3.0674277599676154,2.9071818091848645,5.091992429584556,3.6192373021432056,12.64071973109173,3.3354281688421183,2.5423969792926457,18.557167910925603,8.01149044633936,2.5317099293193013,5.268359589079089,2.156814882587223,5.925703170558106,5.656805382748327,3.9567637190413136,5.000985406577829,11.551428038052395,2.5023056217984743,8.604085529571183,10.933282532725743,3.3221054315332808,9.163931578741273,4.901859188814254,4.864189530004951,4.935235157759967,4.979884471823705,12.80956676060985,7.933915456446258,13.205618652648315,13.273923870508098,21.360182173581936,13.404235189523996,13.512099514215256,13.006879993658973,17.064645941801604,13.66135479449165,13.474110221445448,2.0092766351203677,1.2418580730723365,2.665465172937422,7.758059253655516,5.065669801779305,6.08541322239751,15.078387657534,8.567375211295067,2.9382676000693646,7.919456063845871,7.76508568603155,5.800168983448079,6.909733774339023,4.994061148883178,1.452535218959103,12.947979469970205,5.961332324596717,2.614629646531057,2.6057295388499853,11.738932087292927
D_500_Mina_0031,2.6669877170735643,10.53155667789669,2.677883071429677,2.509165955842539,5.555679087916089,4.050960928868389,12.970979635879523,3.783021649954275,3.04467194653926,18.155732557982233,7.730783629229388,3.0103713903304556,4.992082520649646,2.4632168944861546,5.94970113742019,5.750059394776604,4.420118475277091,4.84281444118667,11.272190369850609,2.8501550343448865,8.862517544601333,10.99036122624388,3.821884731459467,9.148920745941028,5.404006679475571,5.366117699524333,5.437490833189498,5.4820242095846785,12.975285974580068,7.782815497992015,13.540360590275059,13.6255929459305,21.131108423222972,13.763339271966128,13.848671687654797,13.362502065786018,17.53866388971601,13.977934591298075,13.783908557568072,2.4513445912721745,1.7097870368461399,2.9760437576981333,7.856464049557652,5.5678444635002196,6.441990037947095,15.421550170196463,8.9336033910466,2.834357354824579,7.859139645622504,7.6750801277688545,6.302357396217797,7.403883202959613,4.617181862869992,1.9547194436382986,13.215488787134914,6.025062072393543,3.014273851670895,3.059541484685489,11.422763487374624
D_500_Mina_0032,3.122874385854133,10.70698022611994,2.3318620787828053,2.1551565187938837,6.0255562463829975,4.4973615974487595,13.312001704723441,4.242876350525519,3.546948791199897,17.75943027060118,7.473327359406428,3.495667228510871,4.752972165075276,2.8262343983853992,6.015688710749243,5.884853409984654,4.8911641476358705,4.732909199946345,11.008798781157347,3.238797656840327,9.141265094627908,11.069959305960493,4.322244194568388,9.161465213970887,5.90617685577246,5.8681062244357,5.939750776769698,5.984187634351276,13.158103113732535,7.661723322696068,13.885205236228487,13.986460242994335,20.91159155700425,14.131173113888085,14.195039274464845,13.727292338110688,18.01421365275532,14.305147810039344,14.104792872078239,2.9129986026668173,2.1929673290866587,3.3336976395722475,7.985308635018214,6.070036696382285,6.816948353298172,15.773243209395917,9.312528433910057,2.817503380899387,7.830641849549056,7.61720016752192,6.804559423931215,7.8990582962993425,4.26622438901535,2.456943601028306,13.49639576743204,6.129424451443774,3.4409273904370328,3.5265186951303815,11.12030187005474
D_500_Mina_0033,2.74257600553791,10.501097344977822,6.894379160785567,6.764276708748734,2.624266333201318,1.7516592471902148,10.044834146439923,2.3788577458427573,1.5631068082115323,22.17442622400587,10.556255710629527,1.6632005505228162,8.551146215071467,3.682230423479157,7.560874710514158,6.891725322467926,1.1859647897035521,7.78075255920234,14.570790892122421,3.420632663187224,7.988072611117812,11.781961226953216,1.1144745752739404,10.664374725867043,0.9604933611341183,0.8964944729052887,1.019305747515261,1.030597348397035,12.66759680249531,10.384668530676647,10.546172069084816,10.456729908973143,23.10105194868514,10.51451574847857,10.824924274663434,10.162402810670464,13.56867942877316,11.150419826281714,11.03161882875484,2.371805890633089,2.8947028344914347,3.04902957227106,8.599538289719721,1.1162683795939448,3.91254152182991,12.284915870613446,5.878793501391177,5.88695867152933,9.826728177828384,9.869675142165343,1.8212745766370029,2.8798365072064316,8.689197068991108,2.6208583531193494,11.879761332269057,7.33300679082385,2.991662591821171,1.8516329448057594,14.959512815515508
D_500_Mina_0034,2.370655182605028,10.462192135474378,6.423217771444715,6.289909911537044,2.790572623960796,1.5307142413487598,10.262585955150612,2.192823024965227,1.1013165103604503,21.746965732374406,10.147854950520095,1.175744226953781,8.139451477222883,3.307225014126304,7.308563534232807,6.672548852768056,1.1186373329447659,7.412583984470683,14.209080541269534,3.086406968240731,8.01788764896751,11.6631570528525,0.880807349685072,10.46027037053931,1.4356083214103783,1.379108890582468,1.4873141166844552,1.509579525636276,12.67692006627964,10.071236757305634,10.776743989118433,10.712907698750353,22.801062678004616,10.783065008769045,11.061253418232655,10.421872423760563,14.016953797960204,11.35981401914062,11.229629268384366,1.8869865934270222,2.392449691235272,2.648033378951806,8.452921426937122,1.5966515066939873,3.9671601465638484,12.543885932581915,6.07725124247454,5.479029244915097,9.569542656454086,9.590831855342055,2.314768134421668,3.365991651513267,8.236696446418849,2.1315052662171894,12.00378969221904,7.106347084440751,2.676366354074087,1.4010257320665824,14.574884581127328
D_500_Mina_0035,2.0549623112953537,10.447318950246647,5.95714473073655,5.820230068491636,3.0318967711821183,1.456859326324799,10.499867292242639,2.1124778346361714,0.6979059893904044,21.322768574947993,9.748228631072614,0.7092894845322003,7.7384640877446635,2.970056568701884,7.082934626214153,6.484946039221661,1.2652128694908338,7.060968724538907,13.856138973375456,2.802796876243271,8.078881574883255,11.564966351197983,0.9023132048906314,10.27668309018937,1.9245708958073164,1.8720999942811436,1.9722577257754494,2.0000269674750046,12.706108289291695,9.773580188607912,11.02539075306131,10.986088797235738,22.508284714845626,11.067904283825206,11.314956164542416,10.698644020209846,14.468776888556496,11.587210645282529,11.446270000981063,1.4144088572467481,1.8902132825845603,2.287391048166074,8.334044103693678,2.087370359786781,4.0832966679199405,12.817314576471043,6.309542216473401,5.088007964397586,9.332325367895397,9.330713481393785,2.811376813992193,3.8562828048677353,7.790300221025586,1.6499427427954796,12.147336906191944,6.9088303186257445,2.4249557520722385,1.0008895697661069,14.197608680414787
D_500_Mina_0036,1.8249149704881686,10.45658029853101,5.497454284389077,5.356470166344346,3.3319784448723664,1.5512473456972682,10.755385637799414,2.1497052609965195,0.5155833794723901,20.902033416818405,9.358500833717908,0.35831063819433046,7.349936669045129,2.6850169940989352,6.886611033695654,6.331723929768756,1.5667654690273662,6.728502328109197,13.512653280225242,2.5865061510404,8.170356092244445,11.487917667412264,1.16494435980905,10.11473009097923,2.4189982065378977,2.3689982470357744,2.4641581031832667,2.49518790048571,12.75502506515371,9.493182781449168,11.290918264140872,11.275037324562362,22.22300305982663,11.367809083871718,11.584891117586322,10.991410611612645,14.92382636105056,11.831571723702215,11.680504417947768,0.9720927955623343,1.3880114808797765,1.989173600131251,8.24410634324053,2.5825396871150397,4.2559178204478405,13.104296742686591,6.57207982063616,4.7181004994820395,9.116635137052866,9.090927443373877,3.3096985498338816,4.34931136069265,7.351120488696016,1.1857009556366926,12.30972011497331,6.743017888208662,2.2588636221378002,0.7384200934334452,13.828286876206842
D_500_Mina_0037,1.7153246998490403,10.489912217886006,5.045891053413007,4.900311179815613,3.6764577697040726,1.7874207580045105,11.027873360741875,2.298800192666499,0.7410516814014791,20.484973554357715,8.9799603849657,0.5081913950303466,6.975951357385237,2.4702180452665288,6.722160809575187,6.215425629139064,1.9527723771652585,6.418161205800243,13.179362779757112,2.4553896591789015,8.29130237391216,11.432438432435475,1.5506771093353757,9.9754650940025,2.9161117962204384,2.8677732536793283,2.959548331808883,2.9927234909594533,12.82344459231902,9.231617294049666,11.572164540866801,11.578572855706883,21.945510042145457,11.68161908992171,11.869950883184654,11.298928891148806,15.381815847612726,12.091868775288466,11.931296335974833,0.6276571931030076,0.8859026822593615,1.7849485633614899,8.184062234868174,3.0800136149788764,4.478496763627897,13.4039618761927,6.861392891454202,4.374665985455776,8.924032955382234,8.873122223285378,3.809060960713271,4.844241499563592,6.920531211758102,0.7707405465686854,12.490204656012118,6.6112956126012765,2.1975212030916,0.7702760528014281,13.46757353069293
D_500_Mina_0038,1.7489830802334103,10.547086461715503,4.604846498002194,4.454088939812237,4.0540327257795,2.1184787460199126,11.316104641942056,2.5401398852352224,1.1563157331909222,20.07181806867806,8.614082226901363,0.9448315719458792,6.618973525220789,2.345041151863767,6.591969763688518,6.138150193849136,2.3825323830154144,6.133304783472055,12.857060327375512,2.42331228724188,8.440453532264137,11.398843556423703,1.9891406969791272,9.859849471780764,3.4147385510551125,3.3675910965225326,3.4569282945948174,3.4916186445625006,12.911056790307997,8.99052748807509,11.868012099005403,11.895578773599196,21.676104770674943,12.008244168242465,12.169072580868407,11.620027694369682,15.842490346518783,12.367095568464187,12.19762446204814,0.589507461356037,0.3842505859227458,1.7087557693677302,8.154572098144618,3.578831108378718,4.744006868166206,13.715478654078815,7.174242809679354,4.064420587759497,8.756042476897232,8.678952810281137,4.309102169796207,5.340544488821038,6.50023970019093,0.5355118497581061,12.688018057094565,6.515731261037588,2.2495140160155156,1.0704961490519078,13.11617886618694
D_500_Mina_0039,1.9183646163666241,10.627718202894043,4.1776532929164665,4.0211127442840455,4.456298729819378,2.5071109280842476,11.61890784980976,2.850388890320867,1.6215889882454373,19.662813057194832,8.262548597665464,1.4253877767831944,6.281903197683049,2.3240133135834364,6.498097333920815,6.101380438910066,2.836225487648549,5.877639464479184,12.546592716792652,2.4940981222487855,8.616344943339474,11.387326694850717,2.452210878152384,9.768722909974723,3.9143001417492314,3.868047434492813,3.955547377911158,3.991363481357914,13.017474113210765,8.771601818212115,12.177396745418038,12.225007190438834,21.415092463982262,12.346667278163757,12.48124520703222,11.953612634227154,16.305622259431114,12.656278110068275,12.478494036651357,0.8975856910275948,0.12267806194881427,1.7771396998297588,8.155967318619306,4.078499126086455,5.04567531546081,14.038058074410303,7.507687713080754,3.7955115857926036,8.614103691772575,8.510037170713565,4.809610378926266,5.8378701329740394,6.092377478918596,0.6957598682558253,12.90236327567819,6.457930163152005,2.407510261405332,1.4843092137120735,12.774871852658098
D_500_Mina_0040,2.192231960718693,10.73127865778409,3.769024144894175,3.6061568323355737,4.877149987419437,2.930500157947205,11.93517390361512,3.2096261587203387,2.1039513052599754,19.258222943173806,7.92726799418398,1.917114634821781,5.968114300013945,2.4098622386120643,6.442131318254751,6.105848123738183,3.304007040460989,5.655125707781652,12.24885986872292,2.6595463088046514,8.817376440689726,11.397954737158045,2.928236861572469,9.702775380448676,4.414479117090175,4.36892276254792,4.454989448624893,4.491674311587806,13.142239722863904,8.576537697637077,12.499313272512182,12.565881103247925,21.16278365032627,12.695944957606198,12.8055142993956,12.298667710157554,16.771007978539316,12.95848208944187,12.77294579013112,1.329802922932273,0.622114884363074,1.9751400604814229,8.188232058533197,4.578739139792469,5.37742011727735,14.37095517118943,7.859106584707932,3.577273000502178,8.499521812412127,8.367904723746452,5.310453469206533,6.33597756051656,5.69961340750837,1.0890209978836318,13.13243081742079,6.4389093206916845,2.652635608997153,1.9403504560642375,12.444482488076849
D_500_Mina_0041,2.536969748361504,10.857111692702881,3.385687280578614,3.2162036098466795,5.312171064354301,3.37559317625798,12.263861256252257,3.603229048901315,2.593886274189587,18.85833186123505,7.610388778851885,2.4131930113812166,5.681465590084675,2.591989886261447,6.425062290087882,6.151463332918386,3.7806510365521278,5.469810786572087,11.964812463827425,2.9035194164480482,9.041871286249355,11.43066587795329,3.4117999173779525,9.662522401810925,4.9150869150710195,4.870087722650289,4.955005570471506,4.992380893550533,13.284836640397685,8.4069961914949,12.832818581007999,12.917294408140732,20.919493229606626,13.05520599816005,13.140984374238531,12.654254624777836,17.238464943534243,13.272818064458027,13.080062458013666,1.798795556660917,1.124090194152762,2.269075516846621,8.251004139756082,5.079382073902375,5.734023328804431,14.713469610852707,8.226196181354707,3.4194203698180408,8.41341458167044,8.253939151950455,5.811544790183778,6.834695786547444,5.325289127651847,1.5467472140882417,13.377409488812994,6.459011286131804,2.963346510051561,2.4148124856301556,12.125903177401748
D_500_Mina_0042,2.9276484742893922,11.00445325377883,3.0372343162160376,2.861493066313902,5.758151248867686,3.8348401188844425,12.603998144050296,4.0211185645849,3.087791242374099,18.4634451142328,7.3143029096796575,2.9113992271286144,5.426259838002146,2.85201047510728,6.447199134122902,6.237323297922544,4.263185828826773,5.325579280148667,11.695447645080415,3.208152104660339,9.28812825855426,11.485271399003873,3.900097441246314,9.648285532797454,5.416004551884144,5.371461170202191,5.455437827611135,5.493374938864348,13.444697481109108,8.264548136242382,13.177032747356762,13.278410325287277,20.68553939072749,13.423648830503941,13.486819590159516,13.01951044333972,17.707829099859254,13.598444716675028,13.398973164019777,2.2820009157313854,1.626254776121224,2.626937575357943,8.343594986348881,5.580319411343188,6.111134741253312,15.064945404993505,8.606951602859246,3.330550707991827,8.356662207317775,8.169319311092645,6.312825166279247,7.333900150332395,4.9735697868252675,2.0257002764128913,13.636495651463688,6.5178740275709055,3.3212867139817916,2.898663721659917,11.820088851266265
D_500_Mina_0043,3.348224963813333,11.172452377845694,2.7370210043719125,2.5567356158782433,6.212730828478526,4.303712199603996,12.954682713242345,4.456467665925158,3.58402518657234,18.073890693704794,7.041633766678746,3.410800867189477,5.20712216268026,3.170818779441567,6.508141734502505,6.3617987121525275,4.74981632908219,5.225833889427344,11.441802403518478,3.557896924803036,9.55446477053288,11.561461043505004,4.391550344275758,9.660179757039886,5.917153270695853,5.872989640622114,5.956181262657776,5.994584306107724,13.621214391766797,8.15061414009821,13.531138508761503,13.648458700695686,20.461242379703055,13.800538046059007,13.84224305002383,13.393644121550302,18.17895269975613,13.934570508865342,13.72885600386176,2.771996243151334,2.128474479574491,3.0261310965590194,8.465026129569484,6.081478334562213,6.5051886346902315,15.424769946854479,8.99963845567487,3.3162144628018506,8.329864656546834,8.114963222189248,6.814252815042284,7.833497660182159,4.649588000411807,2.513776027127916,13.90890094223437,6.6144627566355645,3.712821508180028,3.3878835823899216,11.528055401204538
D_500_Mina_0044,3.7887556196962677,11.360192588745647,2.5024693017881625,2.32168649197061,6.6741528471688705,4.779377402354336,13.31508156386956,4.904629181039766,4.08173866528391,17.6900208518511,6.7952007842400315,3.910939910253932,5.028769889173019,3.5325337507457477,6.606816260460634,6.522679136179038,5.239401367574399,5.173148435648392,11.204944281261225,3.940760838743139,9.839250329810154,11.65881163122538,4.885206340080507,9.698108887680782,6.418478880143628,6.374636480413924,6.457163418640758,6.495959091779166,13.813748846328407,8.066402484473612,13.89437957849756,14.026732564051203,20.246923116250002,14.185200391450024,14.206535098411694,13.775932320658725,18.6517023963598,14.280454062025456,14.068939159109023,3.26572650667763,2.6307175805259138,3.4523481937938714,8.61407793860266,6.582808172777811,6.913288418712945,15.792372549632153,9.402761940740927,3.3773607867607813,8.333310863916271,8.091480765650727,7.315797398346573,8.333417558786605,4.359532076366998,3.006534723271789,14.193858500077393,6.747157411621836,4.128403573757966,3.880441974079059,11.250875952414669
D_500_Mina_0045,3.0788077555180666,10.998017884617026,7.077088898246253,6.938779258466771,3.110718499899783,1.3649420055485366,9.592301162697515,2.8312803572825764,1.7907452274506266,22.438186931463335,10.279470176459663,1.6368206313231128,8.839937439281474,4.015516437548388,7.989572925502098,7.3372965286881815,0.7367948865194626,8.12084051098609,14.917376465627699,3.7905954143876137,8.48725346726973,12.265278540421948,1.5313577604122317,11.118208652422066,1.2455626413781018,1.1662502015604628,1.316640265870572,1.298372882038306,13.166962845730215,10.773619184462332,10.100181657165326,10.025053636545197,22.70518206480681,10.090539474813239,10.382036427512539,9.732662699178915,13.80473523007609,10.694204056007608,10.570338327835655,2.30714765014093,2.9325178500636073,2.7999236338560123,9.074284431464134,1.3726584385027831,3.4137613076662934,11.855236852805314,5.415683842921605,6.181769521852282,10.2533564777253,10.283015663796917,1.9869988933700675,2.7858828949341587,8.911742232866136,2.7659463396986563,12.366595420854303,7.775173197337783,3.375526175660068,1.7230893766534594,15.281392028014219
D_500_Mina_0046,2.7526911941658536,10.96087506398273,6.6189442797184,6.477202978024665,3.2522387406933824,1.0666820822376064,9.820090754842687,2.676868433955418,1.4058207072335214,22.01584788870351,9.85961005267118,1.1381075324607384,8.442335957878408,3.674677962074665,7.751227000554813,7.131824434010572,0.6226323222502655,7.768803883323849,14.564275462703497,3.4919568573206092,8.515318825487231,12.151199433788129,1.3706903007092852,10.922586758309436,1.6400657358716595,1.567910760105466,1.7048830406671103,1.7036540351120448,13.175931412982415,10.471834234060115,10.340701042743794,10.291980061547171,22.399891464044618,10.37007224113002,10.628216435155231,10.003283430763956,14.245581743028794,10.91235427621189,10.776825852619371,1.8050359761401562,2.4380610970914174,2.356913583774148,8.935459026738245,1.7853284032797099,3.476220917315204,12.123387250699244,5.63048543926333,5.794628980504725,10.007139949058791,10.015685241929324,2.4472922955555054,3.2859623559850633,8.47113611742947,2.3075625264523465,12.48578718381772,7.561776771471875,3.099522109400164,1.2261053225294123,14.905071515042547
D_500_Mina_0047,2.4859889597318006,10.946677876265964,6.167677292583883,6.022146022597572,3.461520500242914,0.9576696230485005,10.067804521558418,2.6114519580009845,1.1182460492763984,21.59693228505666,9.44779810116303,0.6449603262159365,8.056436289141708,3.3744222825228256,7.538856104908308,6.956615934923916,0.8585172416451229,7.434054307383355,14.220151656945738,3.243993436565148,8.572772262118184,12.056982595525767,1.3845960270196378,10.746898620922204,2.081533686860047,2.0152236246369646,2.1410951351949485,2.150274285061731,13.204015220451673,10.18588946087093,10.599579735058864,10.576037579743824,22.10179959726896,10.665944579704327,10.892008648444657,10.29131673321408,14.6903730926007,11.148879515447852,11.002384371529333,1.3030570524782565,1.9476144408997944,1.942958551590019,8.82308370984058,2.2349902226377285,3.6081893605006674,12.406085512591746,5.880448211883077,5.426394711339607,9.780540396376049,9.766886922445316,2.9214536829151294,3.7866250024136123,8.037769005179811,1.8718466970819498,12.623853200011117,7.37646285600452,2.885217291161248,0.7363485814736813,14.536367004087065
D_500_Mina_0048,2.2994680413363024,10.955515489971553,5.7249144868441135,5.575204900294983,3.7271665930089592,1.0959138609904522,10.33400973163279,2.6416505816317764,1.0144923619037276,21.181643221395824,9.045133608931955,0.20306689834246333,7.684001619084017,3.1264635441747983,7.3547106528070545,6.814005874721305,1.2613518249848317,7.11903074815832,13.88567247137906,3.0590529498764294,8.659028772216551,11.983096500773328,1.5684382513381079,10.592136151458766,2.5456484622297304,2.4836434998932364,2.601254958959024,2.617154679176369,13.251092701842502,9.917155094474039,10.875506710300641,10.8758839412169,21.811201601310238,10.976835270265603,11.172165545796988,10.59534258634455,15.138761546570848,11.402636334525392,11.245866385173423,0.8014598464082054,1.4652100252329894,1.5810472529921953,8.738178959339969,2.703246517978244,3.802436223861716,12.702360330528741,6.161294128997178,5.081178724615044,9.574950636956764,9.538070989397806,3.403692100024069,4.287666451692245,7.61287719542977,1.4789706119727488,12.780181748920894,7.221393661013868,2.7470894924446765,0.2926791753527863,14.175872739515652
D_500_Mina_0049,2.213491470773628,10.987332284319663,5.292790440985747,5.13849768827282,4.0380683410036955,1.4104956933485306,10.617315544211648,2.764332323937601,1.1456407040751266,20.770198211493994,8.652893660835234,0.4136120995805101,7.3270854515629535,2.9440453405001397,7.200956287007716,6.706074211253517,1.7174224611938895,6.8264646052903935,13.561551513268283,2.9490161884121684,8.773238794445135,11.929918867241682,1.8728236051703568,10.459228247155389,3.0219936488924812,2.9631772927496702,3.07462880976214,3.095140319495267,13.316962391522189,9.667066493381558,11.167218282886363,11.190249980035842,21.528400924190525,11.30150493475562,11.46748776025673,10.914024548104921,15.590436718496388,11.67250092381384,11.506134073836153,0.30215007933884586,1.0025249728768073,1.3148795669196631,8.68155074439222,3.181898492625988,4.05001029341575,13.011284267023251,6.4690020853745365,4.763987532701322,9.391750471050313,9.3307075926587,3.8910054787486468,4.788967724444448,7.197961665766813,1.1728069064123803,12.954111646279625,7.098551510747968,2.6968689398254435,0.3656351264983646,13.82423100222241
D_500_Mina_0050,2.239668267176328,11.041929583939206,4.874135480503267,4.714868857044128,4.384609298668807,1.8117789662211334,10.916390601488862,2.968050996689392,1.4492643040473827,20.36283025196913,8.272561166454555,0.8974906230170788,6.988065960165243,2.839825865675296,7.079573330239198,6.634513565390368,2.193774256939755,6.559361498846191,13.248549004553878,2.9223564446379484,8.914327929893316,11.897727337191856,2.2493364502185265,10.349016908801692,3.5055870030912564,3.449192563925965,3.5559432548215693,3.5797854172435386,13.401347162125221,9.437106100559804,11.473510520310157,11.517946840084395,21.253708801122777,11.638800482902504,11.776834431581742,11.246116717848418,16.045121018924185,11.957382696529654,11.782075061675911,0.2117244011815361,0.6065054863507411,1.2094133685662503,8.65375414151731,3.6668773256192555,4.341798713279902,13.331978017607726,6.799926342751913,4.480776572110099,9.232272811246167,9.146255916153896,4.381700808775049,5.290454884768198,6.794850153868435,1.0335255914932275,13.14494419259225,7.009630866263724,2.739394495029371,0.8284275806846694,13.482134456044967
D_500_Mina_0051,2.3742916470548914,11.11897178103565,4.4727332982337025,4.308178084248982,4.759010225096693,2.253921280743902,11.229975045136754,3.237544987395103,1.841960134606406,19.95978895484684,7.905854781729455,1.3944456598707635,6.669672706707431,2.822480720776083,6.992247796231783,6.600506951217764,2.6796127241738112,6.320950148044516,12.9474712977092,2.981311165392085,9.081043384684493,11.886692381197065,2.6676087350747086,10.262233372598525,3.993796332386724,3.93929095692816,4.042362785182216,4.068710840992002,13.503899890219994,9.228778643474985,11.793247382974021,11.85786933107489,20.98744359919899,11.987656168163586,12.099129855429455,11.590466422477775,16.50256569939319,12.256234493761708,12.07261463971074,0.7091789090055958,0.4849921174946554,1.3042342054433627,8.655066894792133,4.155968579367175,4.66952015635987,13.66361284231373,7.150844382810584,4.238362991622937,9.097765216664593,8.986126901845191,4.874756826964102,5.792079579152273,6.4057714440158575,1.1249224779820501,13.351954634658187,6.955932689709706,2.870547025675613,1.3204052092064704,13.150328025441597
D_500_Mina_0052,2.6005738425503635,11.217996412143096,4.09366208444422,3.923695691150954,5.155204551974057,2.7170483318177525,11.556887807696533,3.557898939118073,2.278122505658756,19.561341740417216,7.554758938713748,1.8942127634448183,6.3749968511704,2.8935724575176534,6.940265322674399,6.604634418545944,3.170579706933619,6.114587532835764,12.659169225077779,3.1210323436645586,9.272002894045901,11.896872836535888,3.1108412257751175,10.199475631417153,4.485114438142081,4.432118066275619,4.532243910980016,4.560540056166718,13.624210288210335,9.04357920645996,12.125365309573976,12.208996305391949,20.729930019618603,12.347092133374863,12.433367074308595,11.946013686492341,16.962547412143962,12.568059756573383,12.376724726236816,1.2106264344412843,0.7792052701480215,1.5633124958966012,8.685475758214496,4.647874109337947,5.026150597936662,14.005411510879078,7.518957276491055,4.044089869833014,8.989348592868948,8.851640616372062,5.369523186751439,6.293808857936898,6.033440881060101,1.4026052630372228,13.574402821014118,6.938274774241874,3.079021816222268,1.8180267353399602,12.8296100893881
D_500_Mina_0053,2.897116426242328,11.3384275023965,3.7437112843436924,3.568607002365986,5.56854243374636,3.1920391131095887,11.896030085869901,3.9166526332983698,2.7370497341502555,19.16777508597441,7.221550790137058,2.395032043065131,6.107472272711333,3.0469168966415157,6.924421870336188,6.646824866243344,3.6646143936306332,5.943612725033748,12.384535005548788,3.3313730277210714,9.485742341210939,11.928214348556056,3.569748444374547,10.161188820696067,4.978620949244641,4.926855027026735,5.024574167066933,5.054425378464772,13.761812603754276,8.88295443969864,12.468874969586775,12.570388845671314,20.48149814721913,12.716211192657964,12.778609042085384,12.311788405304661,17.424865217106028,12.891917094489513,12.693429956989293,1.7125627938260688,1.2180634574536653,1.9213113157406283,8.744677152751827,5.141786189244604,5.405971631283881,14.356648080204428,7.901862240408181,3.905148390696736,8.907975584026238,8.743980282713881,5.865567027551782,6.79561949631605,5.681152261227137,1.7814957647886214,13.811542823082544,6.956931496219486,3.3504159052599105,2.317659449205349,12.520832731218135
D_500_Mina_0054,3.2447122891524147,11.479591317823491,3.431800853549267,3.2525531159240795,5.995479138291858,3.6742953760434225,12.246385863212783,4.304214875712892,3.2089894999597686,18.77939582337762,6.908818899924606,2.896357603057125,5.870811811644021,3.270966161211046,6.9449647152491885,6.726362032847841,4.160624047365583,5.8111500190569645,12.124497420242669,3.5999757676908617,9.72075914876961,11.980550810318128,4.038990965559988,10.147649888518421,5.473723908597117,5.422979083402075,5.518698048102139,5.549817834774599,13.916193873306185,8.748258031035396,12.822860849641655,12.941186927606562,20.24248233847961,13.094194455111664,13.133987938930158,12.68690597787678,17.889337976035883,13.226922700644169,13.021811348441835,2.2146554554266293,1.6925630677595351,2.333130875745273,8.832092063351567,5.637177348239994,5.804432445117195,14.716646785778579,8.297511650671158,3.827568845547132,8.854391778460588,8.664145926159868,6.362589505127053,7.297494654354667,5.352864039714409,2.210141776867773,14.062631381420639,7.011612922051802,3.670800129550124,2.818233744185882,12.224900738819741
D_500_Mina_0055,3.6287196434920883,11.640733588489054,3.169182418179795,2.9879465465183745,6.433307775958016,4.161291777044062,12.607020254740329,4.713484654056256,3.6889508570373177,18.39653247502586,6.6194660010418245,3.3979652454923035,5.668882194425495,3.552367085367412,7.001573530733439,6.8419435228596495,4.657977703938232,5.719875596325483,11.88001497572019,3.914866525006161,9.975549551007129,12.053608712469149,4.515347661821984,10.158957740359,5.97002607371289,5.920141449505649,6.014173410339375,6.046346919069839,14.086802422726851,8.640702578341003,13.186479255671339,13.32060509361471,20.01321994109734,13.480296262669473,13.49870313683291,13.070561994217075,18.35580208139914,13.572251047673312,13.361007982061466,2.7168176122318664,2.17954891960772,2.774911291904833,8.946893508896911,6.1336891540703755,6.217950563647809,15.08478028769032,8.704167730989939,3.8150963292748896,8.829103102295642,8.612911303480448,6.860377861666267,7.7994218246390545,5.053255909512486,2.6646386714930608,14.326935114612343,7.1014868727449345,4.028502834479458,3.319323536127836,11.942769009033379
D_500_Mina_0056,4.038765653769373,11.82103727989114,2.9689650837562565,2.7894665261237823,6.879949167508167,4.651539649745464,12.977076325788667,5.139278421799073,4.174167566749268,18.019536613704286,6.356685428737855,3.899746018065894,5.505506222483397,3.878656803991094,7.09338483750804,6.991781954952344,5.156286388307899,5.671778229945593,11.652066807130925,4.265806907914094,10.24863884601479,12.147014141469649,4.996784226031528,10.195029659849476,6.467251303263628,6.418100775951795,6.510691647927182,6.5437538377957125,14.273056332017108,8.561311007742647,13.558955216508865,13.707927553384556,19.79404984081595,13.873838797627947,13.872018231777009,13.462026429170484,18.824109474520842,13.927134259105227,13.710217130414762,3.219016614163401,2.672203030107022,3.23439876013851,9.088043652061724,6.631069819354783,6.643714929762471,15.460467470728023,9.120358268091406,3.8683605493987385,8.832352555416694,8.590788080502053,7.358776618460215,8.301391523534653,4.787715089439412,3.133758776785304,14.603736493204913,7.225240143570784,4.4144615086006755,3.8207259006795216,11.675437981301387
D_500_Mina_0057,3.454724606287099,11.495149850672528,7.289488414445356,7.143990956454631,3.6007075436159557,1.0754336339165251,9.144644999934037,3.297281149716942,2.113992940811629,22.70986588343159,10.019941123313828,1.7580843518092761,9.146890965992093,4.380485579407353,8.426057824675262,7.78939592160938,0.4218467759792059,8.476716244955286,15.272426675282297,4.18750874277715,8.986454368810278,12.749832351953478,1.986653264806569,11.575792033045323,1.6367763851398964,1.5541263332517579,1.710798274464101,1.6757521365180643,13.666328346104963,11.171352851936376,9.659416958443755,9.599944905405396,22.313465421195854,9.67376213888758,9.944501879855107,9.309874165461116,14.054575437195309,10.242015507631967,10.11267689528637,2.349283046582044,3.0526628272370653,2.6232228618171183,9.551541275059433,1.7381194106316118,2.9151823641463595,11.431223337164889,4.959615732475837,6.50161486804085,10.686289123915664,10.703693708350299,2.2534462035137186,2.779849186288152,9.156139086445966,2.9884363915353775,12.85439045922733,8.223890417883817,3.7864282840545385,1.7344344829711298,15.61260977947116
D_500_Mina_0058,3.167545141851498,11.459616945991707,6.845571618451445,6.696572323324191,3.723647035073427,0.6567109233608315,9.383306245952994,3.165676290063413,1.799582593397335,22.29267411113677,9.588722593555653,1.3064975551700944,8.76322602329166,4.0703205009442796,8.200406369811265,7.59616068222046,0.15075158978662315,8.140083135804154,14.92772561350704,3.9192278894553296,9.012963447445879,12.640125896154778,1.8656080884071018,11.388031819336787,1.953814616207485,1.8744275478863441,2.024816182468853,2.0061842788274853,13.674968102890574,10.880603786466049,9.910637067670155,9.878363086376536,22.002740074598496,9.964991061513603,10.201244244638449,9.59242800939904,14.4878199504381,10.469590251737609,10.328316434183343,1.8585813253552363,2.58131768643135,2.1440002452957474,9.419750462080449,2.079478422687815,2.9880764176535473,11.709086451806153,5.193311842517422,6.134689705039066,10.45027639923414,10.447132139357592,2.6681564867056524,3.2808428686390645,8.727878039728337,2.5700402590300904,12.969098454668853,8.02243681469208,3.5425792551652813,1.241985787897252,15.244467066375753
D_500_Mina_0059,2.9387314357566034,11.446036870014183,6.410276386370476,6.257486546460635,3.907758846186166,0.4588647356019629,9.642245799097697,3.1105513587677316,1.585120582873852,21.879059153212992,9.164745306469078,0.909718992158964,8.39209345253727,3.8014398883500475,7.999966568810252,7.431904932748479,0.609978147190883,7.821238683421421,14.592174653870789,3.700006226730906,9.0672621997768,12.549578933360749,1.8758396128753596,11.219633073540935,2.3367334339856916,2.261907494040889,2.4036446145459136,2.3970778914239474,13.70202778918013,10.605684438029954,10.180455861801134,10.173973455631211,21.69919271981386,10.272535387675823,10.475791790308532,9.892429286214318,14.92539247466199,10.715891048392164,10.563454427782847,1.3762615603779051,2.1242010743453847,1.6783183079415551,9.313218793715782,2.4762832682256826,3.1406186565329226,12.001545950686191,5.463310084313468,5.788127765460187,10.233492435219798,10.208852524899134,3.108806003460609,3.7821783379541243,8.307912648494984,2.187245026259283,13.102070963705323,7.848005947385195,3.356676481046052,0.7624772432751271,14.884171520200534
D_500_Mina_0060,2.7827184492992414,11.454487667161574,5.985483959458951,5.828617071351125,4.144899259821835,0.7031497083029762,9.919875765057359,3.1359420134372464,1.5137022806324367,21.46922771884411,8.749062005119372,0.6729176193239467,8.035229932736092,3.583149707970418,7.826675607582235,7.298585442867797,1.1072469382242691,7.522445130329986,14.26641942284927,3.5389723284056376,9.148855796834006,12.478608511780243,2.0153492304853393,11.071479266014427,2.7582296642866972,2.68766599165105,2.8212958904814065,2.8234315254406694,13.747398605182273,10.347856524477494,10.467435147291805,10.48532198839195,21.403128743087432,10.594974393994379,10.76678249564267,10.208339843632785,15.366923267945209,10.979657718183661,10.816819330230901,0.9156658981839614,1.6928783594941528,1.241508453821336,9.232820615052695,2.905908328355831,3.3619848312242335,12.307561301101495,5.764511683561052,5.465803768375422,10.037183182018197,9.99016306181137,3.5657910995815367,4.283735500413418,7.897566375288885,1.8621366403008022,13.25275819202559,7.702433868859055,3.238713632507645,0.35325728369152043,14.532306782715544
D_500_Mina_0061,2.71209881096975,11.484920669998148,5.5735962005424575,5.41239293870489,4.426553789238388,1.1326325185036585,10.214672227815827,3.239955744573582,1.604543141183184,21.063400638391713,8.342912469444487,0.7632977661572748,7.6946209905568175,3.4251361988308404,7.682370839007607,7.197921360198416,1.6076357028963897,7.246183218121112,13.95114609043983,3.444297261376774,9.257022472974414,12.427549992363245,2.260324650851988,10.944392555196018,3.2031100445740983,3.1361515796161274,3.2628957941422807,3.271410098002891,13.810900058391448,10.108427904470666,10.770203215240347,10.811048997382258,21.11486291409983,10.930990046444238,11.072920046083139,10.538729042962071,15.81208072015582,11.259662835366541,11.087161605846868,0.5360673387202927,1.3130197983401024,0.8777863814034125,9.179242593121728,3.3557715744907997,3.639638614131205,12.626146864424031,6.092290266884972,5.1722509971727195,9.862571288910416,9.79237629495252,4.033563240905348,4.785444565092324,7.498418532812293,1.629614158301816,13.420563415390768,7.587381767962704,3.196221824148551,0.41567459424677183,14.189500029121325
D_500_Mina_0062,2.7334987860963973,11.537161888935191,5.177693663036658,5.0119654966816425,4.744801798752113,1.6049507031181478,10.525192816152101,3.415416766048442,1.8336844711334803,20.661813846941968,7.94775837756398,1.103178998091351,7.372519789774477,3.335975548793719,7.568710340096637,7.131295635204423,2.1089245690308647,6.995122958429846,13.647081101069741,3.421493930039694,9.390843998589746,12.396649380250446,2.5809065185129527,10.839113952871637,3.6628638462597998,3.598877524893691,3.71992499964906,3.733236793128035,13.892283496944808,9.888735092543977,11.08746666028002,11.14989438204563,20.834718897595483,11.279369017523788,11.392983451826325,10.882278199008883,16.260566953206347,11.554725908403169,11.373270628368799,0.49078257012308685,1.0424878616069768,0.7101046395584382,9.152955681389818,3.818727137563874,3.9617630467689637,12.956375371819641,6.44259058920368,4.9126297280121305,9.71082721529086,9.616781975352396,4.508766206988663,5.2872622129751194,7.11235469333777,1.5324191016836524,13.60485320733321,7.50425348060789,3.232178839516946,0.8516775862066797,13.8564235276255
D_500_Mina_0063,2.844842370357161,11.610916926230521,4.801731833277492,4.6314337521459334,5.09278764919637,2.0912794431429322,10.850087541800594,3.6520414665364718,2.1575017780604444,20.264719415937694,7.565322823299005,1.5349132135421648,7.071455779682918,3.3212174965434014,7.487089806057493,7.099666558291307,2.6105949170031866,6.772067767144907,13.354990017266447,3.4719786277692033,9.549241823195192,12.38605751268766,2.9525691347666694,10.756283789769105,4.132529837903337,4.070990763156216,4.187334331629781,4.204350548663526,13.991236850404677,9.690120480581935,11.418017195757681,11.500698644223466,20.56302862325435,11.639001147326889,11.72583239060179,11.237780404783363,16.71211395136172,11.863723435295158,11.673987174178052,0.8360270571716221,0.9767887064945984,0.8617200409122863,9.154194943349165,4.290538972001665,4.318417856311394,13.29737939463334,6.811938971144679,4.692575137357434,9.583037292193652,9.464615331072284,4.989277124286306,5.789160136957061,6.741622965518408,1.5954779994470327,13.804967370488923,7.454117071404593,3.3440549460918336,1.3351022136169397,13.533795672834687
D_500_Mina_0064,3.0362504245809907,11.705779095367951,4.450766741027252,4.276112473924729,5.464833339122882,2.5837191132208432,11.188104193666605,3.9388219017523762,2.54004004385135,19.872386628749872,7.197633377420581,1.999871665418306,6.794226059935381,3.3818361220993474,7.438563943920365,7.103501566054238,3.1124621581743668,6.579866285359741,13.075675270075282,3.592663001793122,9.731015847561244,12.39582641656134,3.358396168779844,10.696423544116099,4.609078764425316,4.549569757475945,4.662002633329829,4.681948628616855,14.107390373173313,9.513904218452248,11.760734488154927,11.862400824920538,20.300131500160326,12.008875442825666,12.070409168190226,11.604137102834027,17.166480161485598,12.185595395491008,11.988211998809431,1.2890261842801052,1.1515319717916896,1.2187889913026462,9.182949190430213,4.768578949927532,4.7017515305147,13.648351248181951,7.197403491512672,4.5178724293784995,9.480170210955084,9.337021800227628,5.473698214505483,6.291119059227884,6.388892897395239,1.8020451492851017,14.020228296719072,7.437639700633633,3.5246281263801755,1.828719273884742,13.222381301156396
D_500_Mina_0065,3.293794223036701,11.821240236156076,4.131174022717859,3.952805989685221,5.856355133295643,3.0793392446790806,11.538089545144741,4.265654014489027,2.958608867368596,19.48510309387874,6.847066003640162,2.4794328789561,6.543860478639975,3.513932517669863,7.423781701280501,7.142743478606422,3.6144441644894685,6.421289579163446,12.809972598948665,3.7768234610551152,9.934883002474319,12.425908037927083,3.787421106005904,10.659920143936931,5.09057789714052,5.0327702288671725,5.141919916925059,5.164232219072928,14.240323154850225,9.361351214666579,12.114585968217774,12.23403433017755,20.046373462958147,12.38807449519964,12.425738119823734,11.980352516100451,17.623447507705954,12.519348792265752,12.314911088858151,1.7688438330782623,1.484085321264641,1.6531495131261913,9.23896147894517,5.251146325280363,5.105758478605918,14.008541717319801,7.596531188850845,4.393934413977014,9.403043913817367,9.235019921169748,5.961076216165521,6.79312539784134,6.057310063408752,2.1103927377686578,14.249949549122746,7.455044499692468,3.7640243191734615,2.326048727086764,12.92299106397362
D_500_Mina_0066,3.6033204860500194,11.956703581088085,3.850772708446663,3.6699849716848862,6.263701884062557,3.5768178702280533,11.898987501407982,4.6240528381710915,3.3999267820892602,19.103175886801495,6.516384616705134,2.966523205127317,6.323550637090105,3.709879161050799,7.442944078101521,7.216814680308775,4.116498852318833,6.298877646541121,12.558745964398883,4.015736397034014,10.159513331057292,12.476155415206154,4.232595551533724,10.647013791219878,5.575744870025014,5.519378458931226,5.625742939865163,5.650001511014182,14.389570147454137,9.233634353392524,12.478624455747225,12.614721418700793,19.802105838111927,12.775767991902356,12.790923166087786,12.365526803806569,18.082818770113786,12.864058848285026,12.653118205435987,2.2584508918055666,1.893030754528052,2.117765505293692,9.321740415357514,5.737098695124756,5.525906127248061,14.377257934135775,8.00727912471094,4.325127240065054,9.352295214412866,9.159464672626822,6.450740883117115,7.295169308201425,5.750533683368869,2.482885739141874,14.493443526825674,7.506095724567736,4.051830401785307,2.825130545525472,12.636479604628214
D_500_Mina_0067,3.952635860938834,12.111497959735518,3.6186846651578235,3.43765626189551,6.683980860496785,4.0754743673319815,12.26983513550147,5.007244610982723,3.856191085614331,18.726932708189835,6.208767370764013,3.4579623245498636,6.136534447533432,3.9602095516987386,7.495790694541606,7.324658549669342,4.618602431328548,6.214767795936312,12.322880734256358,4.300285652362898,10.403561945913419,12.546326229842515,4.6893222768593095,10.657790174574515,6.063699269144906,6.008566497165421,6.112544258897044,6.138428962734907,14.554629460988465,9.131795720761394,12.851984292821184,13.003666942549986,19.56768402062827,13.171205823214143,13.165144113370445,12.758848586825703,18.54441528237037,13.218868406001326,13.001935305736458,2.7526284642852143,2.338630722559729,2.596445273316947,9.430581132871744,6.225643381181924,5.9587811920196145,14.753860679608342,8.427948435815443,4.314089532872488,9.328354582132786,9.11101397849438,6.942208307565735,7.797243480517267,5.472736879914501,2.894867555192361,14.750028136035453,7.590114432765773,4.378510500357803,3.3251756528123217,12.36374226251788
D_500_Mina_0068,4.332125891463763,12.284892625197129,3.444689064541384,3.2666109385651816,7.1149006447077765,4.574923506848793,12.649757373807711,5.40996351069833,4.322671432046344,18.35672304223667,5.9278059530419105,3.9521281759772555,5.985933197582483,4.255336629916291,7.581617155470186,7.464811437875657,5.12074044005941,6.170526436013389,12.10327498438243,4.6220502251888105,10.6656959253492,12.636088536990219,5.1545312840309165,10.69217764833764,6.553818461282131,6.499751817872887,6.6016649937873275,6.62892696929727,14.734969694324551,9.056708281116048,13.233876538286083,13.400151775974148,19.34346595425483,13.573711137541299,13.547652167840091,13.159587302452225,19.008074908208556,13.582986012462655,13.360531367846171,3.2492917358604574,2.8034609113386586,3.0826440700072104,9.564593916647938,6.716214642875788,6.401802334271888,15.137761326392823,8.857125541269788,4.361259838973424,9.331428311177886,9.090101210117327,7.43512095207153,8.29934237344108,5.228540745585179,3.3317212363711537,15.019032444919524,7.706022314049569,4.736027032213641,3.825806246131264,12.105710017654669
D_500_Mina_0069,3.8587454119734668,11.9924668759535,7.529065313814736,7.377349472073456,4.092963198989565,0.9740538403160177,8.702618175689704,3.7718305910339227,2.4959756073447776,22.98918231687698,9.779042487502393,2.000317672132522,9.470240814856773,4.769870451081618,8.869179749918644,8.246949835734606,0.5583679533642848,8.846474536381344,15.635364826366871,4.604408074507738,9.485672058198574,13.235486789648185,2.459116848689122,12.03669718752406,2.0749404106554428,1.992287130039253,2.149150979347326,2.1045779691368955,14.16569329789481,11.576964255108285,9.224626987921578,9.182315832519539,21.92612457911808,9.265155198412977,9.51305921718233,8.895028415469646,14.317478392990227,9.794411899429642,9.65914888620069,2.492802265668272,3.2460084684127772,2.5341186070030712,10.030950373399152,2.157928884975765,2.4169289035657564,11.013529622553778,4.512724402958048,6.842985100249889,11.124790041198244,11.130877289422738,2.5897113623037953,2.8622911425958177,9.420687024112999,3.2725793389273488,13.343040989792227,8.678142250169524,4.216471261872913,1.883141201096306,15.952584346898561
D_500_Mina_0070,3.6039012915518103,11.958410331078943,7.100141338768195,6.94497893159333,4.201519378659641,0.4727156690636703,8.953068180705595,3.6573373343721505,2.2359323090852112,22.57715214733414,9.33670338928124,1.617811514738458,9.100217048992493,4.486701253194634,8.655087118648881,8.064683409906516,0.39561708521880506,8.524454154085252,15.29884259583379,4.361841344692361,9.51078791728176,13.129837608728419,2.3623981011853163,11.856237013951734,2.3331732359618114,2.251075978575682,2.4066293315575367,2.376098377374969,14.174027396070842,11.296658251850813,9.487365095195468,9.473014343080058,21.60983010615502,9.568826210006694,9.781131027125728,9.190343318859908,14.74299749651128,10.032143612947149,9.884685456722003,2.0369648253807937,2.807310290997157,2.0340022878966915,9.905538407231777,2.441268794971233,2.504361071623773,11.301665096819344,4.768369304363732,6.495370505348542,10.898276261536417,10.884388413335127,2.9576355718783316,3.3509762851118072,9.005014741031776,2.895530926194471,13.453581849271524,8.487475516705162,3.9989281756956876,1.4423781410429597,15.592469868237648
D_500_Mina_0071,3.4045370331922147,11.945395848700173,6.681449850940379,6.52263457593558,4.36551960066093,0.05210192836794871,9.22409128304704,3.6097238340163065,2.067237326170682,22.168845117247432,8.900728199778062,1.3183073735350943,8.743398950209937,4.244277647391155,8.465418026515813,7.910160578236048,0.7112147065398258,8.220529841814862,14.971610782575297,4.1659724660583075,9.562258329766887,13.042689569680686,2.3704792109005437,11.694580906369458,2.662065622001217,2.582644853415964,2.733030550258922,2.7142245498961173,14.200134818062802,11.032110533040159,9.768879802099395,9.780881369755946,21.300683955414232,9.888697190314636,10.067140361716595,9.503044430755633,15.173211251099586,10.288919691759565,10.130124286230679,1.6090261992303527,2.3937395690954544,1.535301057036943,9.80428497177221,2.7870245591698852,2.6845251433290187,11.604395446942362,5.061084766990458,6.169101532051992,10.690579307968143,10.655889520319848,3.3605337841441782,3.843168950067446,8.598594174838285,2.56183558860672,13.581810405767973,8.32279483549511,3.8352057596471014,1.057953289954918,15.24040284798047
D_500_Mina_0072,3.270813203637563,11.953492124189413,6.2750393565149745,6.112395011084085,4.579010353428336,0.5352976653184747,9.513929406161571,3.631621474501057,2.012988830914238,21.764470750085508,8.472099390293746,1.1675318738137703,8.401469208917495,4.049923103420982,8.301846578838727,7.785033486945582,1.1660679219117163,7.936780687007747,14.654291739900637,4.023626836196253,9.639661106790996,12.974415458228592,2.4823367142948567,11.552518240777513,3.0387604336744642,2.962657814562508,3.1067061116929735,3.0972184033502272,14.243917806377905,10.784480794737263,10.067596071851483,10.104347683441889,20.999001821518252,10.223247590103181,10.369603055680146,9.831472885577753,15.607731423328232,10.563351385731051,10.394055552043236,1.2382573040098577,2.0207830973425023,1.0400521070561615,9.727944417534314,3.174869123277764,2.9404246486299686,11.920608756118913,5.384828716825204,5.867739888646618,10.502815529554805,10.446561129315812,3.7872604267414474,4.337675220201301,8.202800563477792,2.2905199039530784,13.72723096657191,8.185668682569212,3.7323932109088838,0.8140340007728417,14.89695383833721
D_500_Mina_0073,3.210941219095494,11.982656332141076,5.883455333520091,5.716866661622664,4.835440783759413,1.0367961359103617,9.82091682457457,3.7218034191735327,2.0821513124329947,21.364252335782272,8.051990197658604,1.2218438190029242,8.076318995798534,3.9108107224743422,8.165941157112393,7.690737009245064,1.6486892315402895,7.675444494686228,14.347543165209807,3.940608847424544,9.742378131552023,12.925314333963005,2.6850317679548166,11.430779531595652,3.447624011707939,3.3747893131399618,3.5126008244146,3.5104249708770348,14.305214038263838,10.554959802914611,10.382029178744114,10.441963663245945,20.70510994895061,10.571083753436001,10.68712219280104,10.174105682749605,16.0462081471821,10.854099542575577,10.675107683592609,0.991046118163081,1.7151431020947565,0.557531740140567,9.677106317027482,3.591191540935554,3.254241719551202,12.24926085228543,5.734348165236975,5.595311452568679,10.336071254681421,10.257576916385933,4.2306110714106575,4.833785003451103,7.819247762650237,2.1058342935158243,13.8893035136343,8.077500452060944,3.6955775361217214,0.8429783264607266,14.562732568316841
D_500_Mina_0074,3.229031603047497,12.03273525015683,5.509859753487351,5.3393198033316915,5.128373605512766,1.5388052854650125,10.143496575228461,3.8755056203573157,2.263439752016109,20.96842782675786,7.64180579865748,1.4585089787097845,7.770055041531775,3.8329599558716443,8.05910147828384,7.628414489001617,2.1403763441520702,7.438883761524672,14.05205728884373,3.9206888791663705,9.869619028258693,12.89560517552878,2.9599613121560084,11.330019891866767,3.878496051175759,3.808626835119468,3.9407715278881885,3.944360405210775,14.383799590265678,10.34475293498133,10.710794992863626,10.792401431724391,20.41934469194682,10.930937407503828,11.018396160114706,10.529556242733062,16.488325749265297,11.159888922069097,10.971965045096713,0.9672839639516616,1.518039166857699,0.21106465433455115,9.652173601522428,4.027169387952309,3.610907170622948,12.589377578171918,6.105217761473763,5.356232766528185,10.191378215292248,10.090080027216018,4.685869395497137,5.331050571335019,7.449826604530833,2.0315439183124995,14.067452482073458,7.999464880573597,3.726715059898908,1.1238984215693295,14.238388839290298
D_500_Mina_0075,3.3238115080123,12.10346923927888,5.158162622063917,4.98384254998838,5.451928080477702,2.0409481160794947,10.480228929702392,4.085565210106764,2.53289152698514,20.57725076861584,7.243232457126325,1.8072543345853294,7.484995960798831,3.8201179140570565,7.982494645850238,7.598852623231691,2.6360610236315316,7.229530907196936,13.76855922374495,3.9648179905467678,10.020449578374572,12.885422084729624,3.289060788634628,11.250802950851211,4.324803467946086,4.257540004975648,4.384697150190201,4.392886023175112,14.479392928452587,10.155059612388762,11.052614549628332,11.15445255710768,20.1420519222145,11.301660635783639,11.362221888723143,10.896570238350005,16.933799033286665,11.479517555233368,11.283380197738119,1.1805413637201507,1.4736840453962,0.5318152981009755,9.653346956575593,4.47706409615692,3.998972439959913,12.94005492398623,6.493780455055971,5.1551457961671305,10.06968698960898,9.945156152304483,5.149878307947947,5.8291760741853995,7.096744243738397,2.079513999959506,14.261075377351444,7.952449021093747,3.8241461402675303,1.5232387037083122,13.9246128669582
D_500_Mina_0076,3.489036577477651,12.194498843168638,4.833146722802961,4.655493036637663,5.800982557159985,2.5431452828614964,10.829793783867483,4.343813726814245,2.8657447900589856,20.19099125993295,6.858294760293283,2.2157754555091977,7.2236524875656265,3.872931222418121,7.936996066987812,7.60243353478097,3.1338468124170866,7.049810205800229,13.497804310677443,4.070913718786197,10.193822679044544,12.89481128950316,3.6577376183867343,11.19358605412286,4.782226548637288,4.717226692314431,4.840044455122183,4.851957180319784,14.59165976288028,9.987048761379999,11.406314306678748,11.527022767578785,19.87358626795238,11.682218644803275,11.717494479188963,11.274018382941668,17.382369980629626,11.811861991577398,11.608181530624831,1.5350213439875624,1.5948731316010207,1.0127578658314746,9.680616847388583,4.937072492221699,4.410156266586962,13.300457567359977,6.897046477636565,4.996639433415776,9.971839679385498,9.823804313743066,5.62047088834885,6.327958373192583,6.7625603161194014,2.241910035732296,14.46955099604869,7.937004089100594,3.9830086873313943,1.9702632064771484,13.622134902767764
D_500_Mina_0077,3.715320197828624,12.305373623513649,4.540545177986302,4.360403846015512,6.171211511781426,3.0453697710559204,11.190988647201246,4.642215723053567,3.24253293555204,19.80993693338028,6.489419605994238,2.656638015117977,6.98868562156675,3.988792716674752,7.923141625068134,7.639110562361988,3.6328700016604136,6.902036742967185,13.240574291504513,4.234320594207453,10.388609730098164,12.923730100028369,4.055211584439601,11.158707589646097,5.247859371349539,5.184822067479239,5.303872463126034,5.318843933733361,14.720218579033649,9.841830833927768,11.770823318830088,11.909124818964521,19.614310168131663,12.07168131645675,12.083204251713859,11.660887464999014,17.83380482477511,12.155879283627069,11.945277117683771,1.9553708846216142,1.8493428609352638,1.507680477831425,9.73376390016292,5.404612667008223,4.838568273721321,13.669816282065275,7.312583650639323,4.884860384631129,9.89854336151582,9.72690675617544,6.096122573895648,6.827253458385255,6.450212797020729,2.4965008057893456,14.692247065904748,7.953313962868113,4.1963314723384775,2.4388910818843885,13.331723945827314
D_500_Mina_0078,3.9922933165295484,12.435562743392309,4.2870001898514705,4.105752623589511,6.559030237970803,3.5476098622551304,11.562723645608898,4.9735489992980035,3.6496737636058145,19.4343939477809,6.139502831953062,3.116145284868337,6.782837023377538,4.162440787635443,7.941096894374472,7.708411248338188,4.13268226701958,6.788297143833269,12.99767215162612,4.448727688736199,10.603630645873864,12.972047872454613,4.473813762798945,11.146377222385686,5.719697184044679,5.658365726257049,5.774137737829424,5.791656389304123,14.864646645548696,9.720427383613247,12.145168347429303,12.29987037494877,19.36459272714864,12.469214262866958,12.45843207585236,12.05627057013399,18.28789145955961,12.510606493479706,12.293655631314582,2.4073286866219297,2.1911389695921795,2.006263312929421,9.812367604340508,5.877887542798333,5.280016447966046,14.047424592148817,7.738415366278456,4.823058512339845,9.850346060845611,9.655199719529106,6.575735552623936,7.326956443443673,6.1630225813952055,2.818411725636476,14.928527173072316,8.001184403699629,4.456300231516607,2.9187348547116154,13.054185338627361
D_500_Mina_0079,4.310194970232173,12.584466751186149,4.0797998445901245,3.899469619818839,6.9614995676665234,4.049859650721357,11.944014659789019,5.331677537540656,4.078086391129847,19.0646879776056,5.811969615058346,3.5871392128393826,6.608828077005893,4.387018732530268,7.990647394075272,7.809467088311935,4.633028150253259,6.710322187293818,12.769915495848362,4.707171034902479,10.837681128593397,13.039548929953064,4.908141138733377,11.156669676601087,6.1963225895134615,6.136480694369608,6.24938717333267,6.269053874741831,15.024486296275642,9.623739668963204,12.528467703550234,12.698461518157732,19.124808356812828,12.874069878239686,12.842343651104946,12.459357144286981,18.744437144164124,12.875158403730035,12.652385060555554,2.876031647517882,2.5858620207364917,2.5063227748126495,9.915822545094818,6.355616070321724,5.73148931199032,14.432634968860278,8.172932613120718,4.813159266030785,9.827617019985476,9.609247115204528,7.058502323909666,7.826989151240385,5.904661535560136,3.187309984618243,15.177756894400924,8.080054436989007,4.755270672672154,3.4050560370110374,12.790357030067698
D_500_Mina_0080,4.66065742410083,12.75143000602471,3.9262880854480167,3.74954624106394,7.376221689368743,4.552115837001748,12.33397544795023,5.711563109234652,4.521728554456461,18.70116518261816,5.510812404308994,4.065629547165307,6.469228493298661,4.655161293389381,8.071211189570514,7.941065801115685,5.133751551772122,6.669366358084056,12.55812836306691,5.002830537630793,11.08955632208672,13.125937290586403,5.354368285690304,11.189522488580652,6.676710300247798,6.6181762530043,6.728564673762572,6.750063572506951,15.19925129432299,9.552518172476251,12.919924427829836,13.104182317093006,18.89533519538727,13.285578710721266,13.234183245110767,12.869423328975996,19.203266470976732,13.248723998962165,13.020609871245243,3.3544678231469147,3.01278034709435,3.0071221656756384,10.043360746147853,6.836864651764716,6.190793991974875,14.824854798117828,8.614821192787781,4.855480025863965,9.830532853470286,9.589419154394145,7.54381737684581,8.32729213591913,5.67906557836624,3.588734638515593,15.439309097043974,8.189028373621314,5.086369949228823,3.8954292808751205,12.54110429174802
D_500_Mina_0081,4.05482354210784,12.457248960894123,7.3797622171859265,7.2194259549215385,4.683877520827274,0.7172039816234835,8.530367049294794,4.150837612875269,2.6942563864172593,22.86899640649105,9.105119236700629,2.0065945632230493,9.45158688706166,4.918556073960117,9.11444586662504,8.536703237943614,0.8882734947225704,8.920224634201949,15.67708188116853,4.815568393845872,10.008765310220747,13.620249805689584,2.860084599978608,12.32688776409925,2.7511327260103386,2.6683207666759188,2.825345457950746,2.78668974969791,14.673106924816606,11.719221695853998,9.071835783237693,9.07704149786868,21.221397109305926,9.182731683023572,9.368799444005587,8.79823183011402,15.010454431278662,9.600741142434973,9.446620159545871,2.31146201054086,3.0979848942931874,2.0436058071191465,10.392612922319245,2.845010411011868,2.0282458591092833,10.901894424696993,4.359235985812698,6.87342592541784,11.350563604636449,11.326781214361475,3.2977090942018057,3.4918309367424225,9.300723176391653,3.265244297402678,13.939115084890412,8.956210737903675,4.464494584591325,1.7655340711912864,15.948516434117122
D_500_Mina_0082,3.878702005952949,12.444754742327328,6.977866990073424,6.814111297699133,4.831528638676948,0.5418511686195023,8.814394707572848,4.108942540355172,2.55598536809646,22.465993758110613,8.657488384977388,1.7739811613181955,9.108542253720216,4.698464278220087,8.934531962709844,8.390875510797033,1.0669157390743305,8.630247429922303,15.357910543092894,4.638893532824434,10.057685826425054,13.53625823242636,2.8667571815549397,12.171482941620758,3.035060372905039,2.9534067302383153,3.108075339986572,3.080060915759423,14.698326642445783,11.464427747573046,9.365846571265234,9.397887140267413,20.906507615059322,9.515588190003106,9.66701375917136,9.124378732002933,15.43321279843942,9.868746383269654,9.70314413057423,1.9448815501465893,2.728823381746902,1.5479913435128188,10.29614893549832,3.146706337845493,2.2469085118162324,11.215418919323756,4.677620688693235,6.565967550199374,11.151292491260405,11.107385523397966,3.6633901700082387,3.9665792550662737,8.907803122017631,2.973329895175505,14.062915732592234,8.800304089860763,4.318455249500654,1.4682943732193463,15.60448381953066
D_500_Mina_0083,3.761866913468303,12.452524908684957,6.589760711519126,6.42251472285559,5.025256899062616,0.7598669036641492,9.117264289276436,4.128188794942029,2.512305981197295,22.067064877952085,8.21617834800627,1.6649841158951268,8.780841276268013,4.523662067114658,8.779702938068228,8.27302031172805,1.4114398886063069,8.360413736348557,15.048738417102337,4.51149050087061,10.13130243816066,13.470484706613417,2.9599131654395987,12.03504965364856,3.370315511171852,3.290875543102509,3.4412588865274327,3.422350897703875,14.740628690361795,11.226336779124606,9.677009912707991,9.734086734701043,20.599053041440246,9.862800693533138,9.981606483465734,9.465952306210736,15.860609943572838,10.154537920911539,9.97837362907406,1.651316900930463,2.408323120885085,1.0586803753428549,10.223480229108214,3.4948551075772762,2.5471523048764,11.542291805238891,5.0261217388424155,6.283665903544013,10.971414739280723,10.906724563628034,4.058391837751062,4.4473802758603815,8.52637348134431,2.7430162293627367,14.203409966666026,8.670731080747336,4.227407977154202,1.303549507627591,15.26922545020722
D_500_Mina_0084,3.709923639878754,12.480521578561646,6.218025818495255,6.0473017179300195,5.259973532313059,1.168659832160205,9.437161827536318,4.207737379365307,2.568049276105439,21.672434708439106,7.782264453929808,1.7034992699230578,8.47026495824321,4.399550978121161,8.651305653196825,8.184346099697839,1.8304614393558527,8.112733702877014,14.750194255836643,4.437604999618095,10.229081921228792,13.423197005300638,3.131844621122051,11.918239410118177,3.743131842984243,3.6662905608575804,3.811688255459812,3.8003644841748914,14.799866563901576,11.0060328020181,10.003725317351758,10.08410467572169,20.299371199463295,10.22290648997225,10.311078562339425,9.821343084129092,16.292280777045523,10.456657462992041,10.27080495440264,1.4750273220811692,2.1582722738114684,0.5915274234250277,10.175116599692382,3.8769624401783274,2.9037805463192212,11.88141140503397,5.398910153340544,6.030055148075205,10.811898297490737,10.7258498259023,4.4749563984213285,4.932464239062225,8.15804606739388,2.590783976689787,14.360107794585085,8.568686373583112,4.194934858975091,1.3218050532616656,14.943331869467471
D_500_Mina_0085,3.725587289695026,12.528609124559678,5.86577560512363,5.69171328071793,5.530462200227998,1.6305539395554167,9.772415206130253,4.344276851883049,2.7171027972463637,21.282342359745126,7.3570554215368364,1.8804843298762985,8.178764332383832,4.33049150715999,8.550530863676125,8.125808207606259,2.2833282603448453,7.889294059644426,14.46293619397434,4.419921625252579,10.350339460176961,13.394590884229638,3.3705178050988196,11.82163388016168,4.143382519046506,4.069162617561676,4.209542184342406,4.204477145387026,14.875837913851807,10.804603854235156,10.344519288197931,10.44655204084727,20.00781133740793,10.594590909186282,10.654049633270267,10.189105317318825,16.72789442437892,10.7737314378521,10.579011654827948,1.4591565062711107,2.0052015094986184,0.28909868753129175,10.151405397973123,4.2839510478079585,3.298555264962152,12.231759125131283,5.791297594006803,5.80889428031139,10.673656058387046,10.565777477000458,4.907595959263296,5.420681380204826,7.804676055361509,2.530762847141248,14.53248504761351,8.49516199619559,4.222387443620105,1.5164660864246025,14.627428994705262
D_500_Mina_0086,3.8080235789186876,12.596557424758204,5.536730129848009,5.359656757393165,5.831747409535,2.110975588537791,10.121498609909155,4.532659754230996,2.9453339550434467,20.89704194118119,6.942150903398063,2.162199331171723,7.908448983819326,4.319125065999344,8.478363550977726,8.098060144539504,2.753390334532111,7.692207414339179,14.187649750047267,4.459108974495297,10.494261205395443,13.384786092958107,3.6629091938600298,11.745731574908731,4.563855162562584,4.4921102857397255,4.627752807077727,4.627856783867714,14.968287923518965,10.62312364076675,10.698046423128623,10.820179806104706,19.724733601470362,10.976677775871817,11.009258130466279,10.567947474381933,17.167150719641754,11.104478869412917,10.901655792144572,1.6084598281494737,1.9718268424908953,0.5672948063491804,10.152519312453473,4.70937446587121,3.7193494287648,12.592397796288818,6.199563682513838,5.6240127476165185,10.557523721909787,10.42746553621415,5.352413800140369,5.911255363341401,7.468386840733769,2.56942292025148,14.719990870463228,8.450902329208576,4.308620330108172,1.8321416104869064,14.322177904813191
D_500_Mina_0087,3.953057218366447,12.684047269507536,5.235266517356368,5.055770832835365,6.159311475021448,2.599673122635973,10.483030477453521,4.766743362466902,3.2360330277643725,20.51680340842506,6.539512465468912,2.513675167073477,7.661561565560117,4.365902188573347,8.435537922704228,8.10141823989085,3.233156265133891,7.523545025832341,13.92504491940377,4.553698972963249,10.65992917678468,13.39382389098928,3.9972478506093077,11.690935707690455,4.99945006129265,4.9299692589476,5.061276367286147,5.065674726486671,15.076913432801152,10.46263024025411,11.063086066350346,11.203869455580277,19.450508314341064,11.36811821162416,11.375557713262609,10.956720272128681,17.609777056354094,11.447714622626373,11.23749384193703,1.8840702514470673,2.0639627907851543,1.0318138959078147,10.178450152610914,5.148664951826059,4.158271354450513,12.962468478406063,6.620771565427762,5.479084243758328,10.464237403555712,10.31178961766752,5.80661175881628,6.403644484863034,7.151588344134316,2.7025324165304174,14.922054944224243,8.43636793070169,4.4502177396767335,2.2177439554976206,14.028273927052563
D_500_Mina_0088,4.154136880234489,12.790677633332647,4.966409927240127,4.785425135335129,6.509188223224988,3.0927257494819327,10.855767121086554,5.04016409038912,3.573989331999368,20.141913417765583,6.151549074987856,2.909740743218547,7.440434534963467,4.468997385470364,8.42250152055159,8.13584392613416,3.7188721986809,7.385254531549426,13.67585223188316,4.700347947501084,10.846346921705777,13.421666183677365,4.363902990318957,11.657543877497426,5.44654007556498,5.379099349983229,5.506497239963039,5.514493024555018,15.201367659515293,10.324102411517678,11.438536034292655,11.59662226467512,19.185515052004448,11.767978830329989,11.751911286488095,11.354403650225093,18.055525566622002,11.802349157616192,11.585378426632795,2.2398370420677858,2.266353060107513,1.5205350344414572,10.229009145402223,5.59855914884816,4.610146144334994,13.341186261344879,7.05260276851106,5.377340070981756,10.394412188057116,10.219518369691702,6.26815101704066,6.897459964598522,6.856982502337826,2.9171907258043097,15.138094280283438,8.451712109337521,4.642116031823914,2.6428402693691697,13.746444867175203
D_500_Mina_0089,4.403591523509279,12.915974438404263,4.735717040559182,4.554596005890609,6.8779733548247455,3.5883385807849386,11.238593714614815,5.346890587528116,3.947082625972251,19.772676176065115,5.781215837365284,3.334544972468726,7.247426153670956,4.624645678692152,8.439392344347162,8.200945919050165,4.208478407260184,7.279067131841205,13.440817661050298,4.89437856160174,11.052464517329623,13.46819631978212,4.755405317706266,11.64574016614956,5.902513597350012,5.836899242889235,5.960794862293983,5.971831900330733,15.34126535602848,10.208434368171353,11.82340460036934,11.997548155170039,18.93014149993463,12.17543002984944,12.137383596145426,11.760093638937404,18.504170598845313,12.167385783989824,11.94425696794085,2.643594142614996,2.5529084697578837,2.015932341886085,10.303833720347992,6.05669450399121,5.071512575346218,13.727835476219099,7.493220809763288,5.3212578246248095,10.348522948464664,10.151289990031222,6.735522536239584,7.392415909468361,6.587547401556775,3.1970133143766537,15.367519463178757,8.496772947005976,4.878382754596678,3.0911796092736314,13.477448217808519
D_500_Mina_0090,4.69371450071972,13.059400385929894,4.548997654509422,4.369550440433492,7.262787031365801,4.085579904365269,11.630513912090496,5.681531145594339,4.346273515752022,19.409414272200795,5.43211966724835,3.7784069356691568,7.084834801098645,4.827766685597769,8.486031644057988,8.296002013744435,4.700759389859679,7.206402041401889,13.220696297099376,5.130417677972554,11.277201794786414,13.533221512016125,5.166108868705232,11.655590126229628,6.365461806935327,6.301479583543777,6.422243242016713,6.435875107712837,15.496188236367745,10.11641021637562,12.216801615130715,12.405854719411588,18.684782071567284,12.58973482003067,12.531133128912964,12.172989720604514,18.955506465135457,12.541916233131602,12.313168183480713,3.0765045008811107,2.8987752537094456,2.5140621209727487,10.40240022364149,6.521334317792461,5.539999713926592,14.121764629236809,7.9411631506677685,5.312283795684816,10.326888740626718,10.107591333404013,7.20759178176177,7.888297593143191,6.346489598170366,3.5265220616322392,15.609740259826834,8.571081719821196,5.152918421322426,3.5539762939927995,13.222067179137028
D_500_Mina_0091,4.515950486329313,12.956127539931416,7.681698971517384,7.517061620604736,5.169465747387343,1.1419421408043247,8.116380404361783,4.645590829847941,3.16502264238237,23.16792847640416,8.89556618115487,2.436033058115673,9.815791440596536,5.36214736674005,9.577809463958646,9.011670563738635,1.3857399046336296,9.325943297558435,16.06194025657266,5.277543236950942,10.506873797815727,14.111289391075042,3.3582687787914245,12.79971423027235,3.192568182231425,3.109864121263662,3.266805088534235,3.222446649567642,15.172204632464972,12.147614805630635,8.665162981475172,8.691725974538617,20.83769141076503,8.808031763758065,8.96532314082719,8.417487302524112,15.28954630774725,9.176235252359547,9.014931850738547,2.652398082877631,3.436969198165997,2.1712239613173496,10.880801148372338,3.2752254122585804,1.5666747046733787,10.510647369487847,3.9708014132789566,7.266144360854614,11.806645630500473,11.773731472608862,3.674355532838091,3.695328386005947,9.61328958637362,3.66582434466795,14.425592093383028,9.42809106213977,4.936671151161056,2.1569641931959804,16.31207999969015
D_500_Mina_0092,4.35849873551495,12.944113491224991,7.296451772042089,7.128687749463769,5.303612000964612,1.040778244014724,8.414391514536865,4.608192263073832,3.04817628122116,22.770216791774605,8.436823026667613,2.2482907730630646,9.485925421761692,5.161004258073481,9.406760357014571,8.873649956427558,1.5064926544970163,9.048975203882886,15.750568872471948,5.116841231698029,10.553483854569693,14.030236518707389,3.363948224737294,12.650118093434205,3.440249362744546,3.3576620438055316,3.514190473797255,3.4792616591052847,15.196594863086775,11.901994072965621,8.972507347608534,9.026276153125652,20.516913367753503,9.154520252371187,9.276515069276186,8.75782261055739,15.704791994271488,9.456277256410402,9.283390095655792,2.3398484894405147,3.1083262765457964,1.7129314666772872,10.78870148798601,3.5404437202763543,1.8409920370344752,10.835496623472975,4.317918971182673,6.976013886605247,11.615200406888748,11.562818133068607,4.005795014662825,4.1468399382500545,9.233678294607847,3.408387641361095,14.545251346839251,9.280113694135405,4.80500081362101,1.9212598532402354,15.975877721264425
D_500_Mina_0093,4.25485501596794,12.95158267674743,6.926218189404794,6.755349213567619,5.480675266554606,1.1691792626917397,8.731145379641692,4.625357839262158,3.0116382228343226,22.376711843489137,7.983322614856973,2.1633170545707134,9.171716538308464,5.002387843983204,9.259828857916673,8.762288727849414,1.7672969574098016,8.792000311619741,15.449255839575063,5.001624162056445,10.623663639531706,13.966788243186969,3.4436756426334636,12.518900859498606,3.7393467555234676,3.6580197221286492,3.812037295543608,3.785622185074253,15.237512452276748,11.67283030226541,9.296842874858529,9.375808385061681,20.203530495509558,9.51491562888971,9.603905716310187,9.113143396920785,16.12499090689875,9.754159400098676,9.570696272362763,2.1021753909422807,2.8311134186334215,1.2878776228155953,10.71937082749009,3.853174833063303,2.1974083698827016,11.173487571613723,4.693202693335749,6.710981033971589,11.442616241190825,11.370196130736444,4.369951113511629,4.608870047365448,8.86627745289526,3.2094424657543805,14.681129108638476,9.157330550478834,4.72333797414069,1.798487940133655,15.648577417654105
D_500_Mina_0094,4.208996070127148,12.978501427079182,6.573535434682624,6.399677843231074,5.696655041355272,1.4680985740829433,9.06467734088915,4.6964892171369295,3.058288073963403,21.987639473595305,7.536011440924783,2.193090075750833,8.874827899537456,4.890437724492425,9.138178347131191,8.678613145976618,2.1170095703818954,8.556820045543352,15.158600943426924,4.935078723505602,10.716950086654288,13.921185245563859,3.5925243484822786,12.406645655386482,4.0785642355565175,3.999111863746946,4.14949341977541,4.130518430045658,15.294824729161428,11.46111066647614,9.636454051712942,9.738709598485734,19.897892188514085,9.887697298018102,9.945895522059406,9.48176506549061,16.549765737714935,10.068298304502243,9.87520540885576,1.9667145287027699,2.621695881946927,0.9421763957914859,10.673252842348116,4.202825758824547,2.602407425054114,11.523463872343767,5.090426788150607,6.474128754881234,11.289758105580399,11.19680948277222,4.759319790830704,5.078548610103545,8.51266814385033,3.080342707023866,14.832779642220522,9.060765870784978,4.694293092360018,1.81175386219939,15.330749224901245
D_500_Mina_0095,4.222804819870963,13.024749119993036,6.241379395487283,6.064782660108111,5.947312947018565,1.8569378995489958,9.413204061648587,4.819197297752306,3.1844719029368758,21.603239155590376,7.096059988712769,2.333221119054059,8.59705404511215,4.828400886770463,9.042829130178575,8.623429126292681,2.518867257137066,8.345277159125246,14.879228766587035,4.919180482717376,10.832746224073098,13.893603218377686,3.802385387072493,12.313871041555956,4.448733646675947,4.371413480661159,4.5176914198745575,4.505108477675805,15.36834824907896,11.267818485821593,9.989783032683983,10.11354070973591,19.600360724081913,10.271516710415614,10.30103049207376,9.862196236904568,16.978773025280905,10.397220502238172,10.195376159823784,1.9548309716848715,2.4971883691887635,0.7882487949911257,10.650649035631185,4.5809502415701395,3.0366121667045327,11.884366687968093,5.504843641794146,6.268652089615549,11.157436739478076,11.043564188698998,5.168205616536769,5.553935476128042,8.174640249000023,3.0300290846671762,14.999724529393836,8.99126439520468,4.718837787090394,1.958294709108699,15.02299430712989
D_500_Mina_0096,4.295705794951565,13.090120857174368,5.933198423663016,5.754292209648088,6.228463570625707,2.290348041587233,9.775121741441009,4.989678267162504,3.381297094555486,21.223764729458235,6.66492580118143,2.565690938794379,8.340304998548229,4.818205608430987,8.974619500775608,8.597285281474297,2.9516480030997503,8.159210340285801,14.61178646029639,4.954416947156967,10.970339242539165,13.88414953319304,4.0638173468322965,12.241019922545886,4.8427624192190635,4.767618675225453,4.90971973745926,4.9025905597547235,15.457851666561023,11.093916964322439,10.355425711764209,10.49902401125774,19.31131079378395,10.665182212893983,10.667997871230027,10.253122418612257,17.411699898148786,10.739567731421625,10.529779952191687,2.0686553193752424,2.470462251352636,0.9271177714722004,10.651709067212105,4.98106793255043,3.4891359766491163,12.255230702339402,5.932851473810843,6.097723614670433,11.046390141897117,10.911308877753182,5.592329138119491,6.033681476609788,7.854205744488299,3.0623871912947145,15.18145919264164,8.949456618894573,4.7961492965045665,2.2117767489253106,14.725944209038074
D_500_Mina_0097,4.424779123645222,13.174331927164564,5.652914967021589,5.4723620166303615,6.536173140836655,2.7473150482128177,10.148997858888945,5.203238414345133,3.6373137548189027,20.849485140886724,6.244435389883771,2.868133691774664,8.10657862936345,4.86017806330019,8.934171041956692,8.600446399269625,3.40357602102001,8.000397241380059,14.356940703573004,5.03971558581826,11.128920673983083,13.892861168129375,4.367569205934829,12.188449522039734,5.255286460093112,5.182247670982013,5.320313076370445,5.317833871805798,15.563059255858564,10.940330773778582,10.732123544297746,10.894028746613001,19.031128839650307,11.067643170377604,11.045618365012457,10.653388291460013,17.84826111569605,11.094097195777266,10.8771040932301,2.289514649338527,2.5446002504261096,1.265831404057377,10.676425850361067,5.398290603711748,3.9536935677977034,12.635178779166942,6.371711962951068,5.964314302612789,10.957265123283742,10.800814602879308,6.028475075702285,6.516823906925156,7.553603917396009,3.174890162466259,15.37745924654533,8.935731217802745,4.923742566581777,2.5403869586728485,14.440259542995387
D_500_Mina_0098,4.6053040920119575,13.27702383209751,5.404870785936683,5.223618431725869,6.866872148440991,3.2178183625929893,10.533559100759723,5.454820266435045,3.9410029704303953,20.48068517519961,5.836889476248159,3.220897796603786,7.897919109181496,4.952992113199914,8.921861293019639,8.632880240548436,3.867945557173609,7.870487785132804,14.115373756563454,5.172600265335023,11.307607472563612,13.919703987684562,4.705452351974857,12.156422920996851,5.6822789467837245,5.6112177177607485,5.745492575914737,5.746989668886477,15.683654958492783,10.80792598510314,11.118752921007008,11.297556209212782,18.760212171277963,11.47797437937947,11.43283638635214,11.061980024912911,18.28819638891832,11.459678265577674,11.236150455747648,2.590171965278594,2.7113408183016645,1.6880997278496432,10.724635785043374,5.8289463353276,4.426497659392862,13.023415849901847,6.819330091005446,5.8709823423012395,10.890599856065464,10.712754694977171,6.4742140933635985,7.002659742908538,7.275293477101128,3.3594958165329323,15.587186536562474,8.950217342557329,5.097843427182213,2.91886037524554,14.166627883920256
D_500_Mina_0099,4.831516730958863,13.39777158980009,5.193686983639561,5.013003935388056,7.21740112247244,3.6966929081541005,10.9276774116006,5.739426001062125,4.282234044469828,20.117666174133216,5.44519525623725,3.6092581515286266,7.716360165052736,5.093869321908235,8.937806472669392,8.694259159822938,4.34076541930375,7.770931632029591,13.88777853045495,5.3495259067979735,11.505462895410716,13.964573407299854,5.070648263950103,12.14510260874943,6.1207125228346095,6.05147974254366,6.182249445969174,6.187163556832074,15.819286826417601,10.697489087408327,11.51431340117311,11.708725219995891,18.498967840378988,11.895361379058041,11.828709400391404,11.478008471135022,18.73126796142813,11.835286829011958,11.605831114267573,2.9462984328002717,2.955049697581349,2.1451343056805654,10.796024110175717,6.270267836910958,4.905164130711805,13.419222466480289,7.274089252128909,5.819656188739137,10.846808428310956,10.647685749363376,6.927694677013727,7.490664874907119,7.021925389279791,3.605144697007962,15.810094754329821,8.99277861422077,5.313882525689297,3.330239562311726,13.905760742582128
D_500_Mina_0100,5.097337923066127,13.53609198085067,5.024013895564262,4.845492960812379,7.585011278146474,4.1810632003948,11.330355491846447,6.052398634266578,4.652754295140314,19.76074672096688,5.073025762293819,4.0229187690611,7.56385352075181,5.2789630967454855,8.981856056745185,8.783976361665964,4.819549117001625,7.702905722222249,13.674852621549006,5.56629447097604,11.721516267267901,14.027296412717662,5.457676785269323,12.15454640717681,6.568296448525717,6.500739842665912,6.628295424254126,6.636163360401539,15.969571725733099,10.609706058666594,11.917915702822498,12.126758488835053,18.24781125068399,12.319086978515346,12.23239710663139,11.900693696067238,19.177258429875987,12.219998236337123,11.985162034972175,3.3401987141131295,3.2585025188097636,2.618795490728135,10.890134972499071,6.7201540700514615,5.388130740217426,13.821948327968666,7.7347299368482005,5.811448851975405,10.826168377260412,10.606030890835818,7.387491262643836,7.980441303402845,6.796289745838273,3.9003198795661613,16.045634549886866,9.063019461361318,5.566979406484373,3.763749997060458,13.658389492882833
D_500_Mina_0101,4.842253254608107,13.443472044132484,7.63442941814121,7.46344349520823,5.780281431882795,1.5399879431809516,8.02553112284385,5.107463734361876,3.5423750126682187,23.081234447680544,8.240545717223846,2.731545222795516,9.874145065968078,5.629838907171651,9.881656624340827,9.358165083118596,1.974704380246392,9.475518651620586,16.149121904500372,5.598528178908457,11.049602455529655,14.52458257235697,3.861699457312063,13.130296763883786,3.8675268916923518,3.7846931114654097,3.9417840300546194,3.9015987108556387,15.694932145756987,12.34425125381089,8.590193782317028,8.667512570022158,20.132167190299874,8.806974382700325,8.896912037656955,8.404960479289372,15.987358780889897,9.052565374369488,8.87188781027333,2.7687440643584322,3.5179017830692914,1.9926662110045668,11.281852360968562,3.9580862828956187,1.4928613403368018,10.465614584484076,3.988413733309301,7.397048842092212,12.081934983303046,12.021739878693568,4.3784796504928885,4.376932407087587,9.574518012747284,3.8590473924131103,15.02869873281345,9.761884366898927,5.2939335742515325,2.392763379908287,16.354086285546373
D_500_Mina_0102,4.749174965376025,13.450662580140772,7.28139915679106,7.107708062842713,5.943157198080569,1.6295058032833216,8.357034498784486,5.122953251503843,3.5109788676172244,22.693122901205335,7.775604564817811,2.662035808942017,9.572685898513829,5.484794646502119,9.741888688698955,9.252635333976288,2.1801927867358386,9.230424735843954,15.855383903896257,5.493420092395035,11.116648980440866,14.46330188656187,3.9313409626302716,13.00392446875362,4.135834349067232,4.05352672602198,4.209479536667693,4.177093375959302,15.734552656107772,12.123448914264774,8.928425882768828,9.030938786217552,19.812699228084668,9.181020385006068,9.23776363061949,8.774579530359695,16.400317993657367,9.363297841020708,9.17209080327572,2.5710233386133714,3.2755322289394564,1.6417005058628324,11.215569072487039,4.240120801761388,1.9151896590421371,10.815169190606994,4.39193965770408,7.147642785264022,11.91611125470902,11.836587162897263,4.713928835619186,4.816938857753403,9.220706518432017,3.6845119620994957,15.160242737528998,9.645234367389435,5.219922179274484,2.295343605453712,16.03450716101734
D_500_Mina_0103,4.708129699599106,13.476583106325398,6.946770040415621,6.770569987407535,6.142894847606472,1.8556905314682297,8.704910188499982,5.1872623096737165,3.5510701082429645,22.309568941066242,7.315601797059671,2.686280611872096,9.288620570118066,5.382883588686078,9.626330307608367,9.173431698876538,2.4721641858585066,9.006698056764208,15.572310329556933,5.432898669184856,11.205830468439416,14.419268053849756,4.0623558722581,12.89589067251057,4.444891479553741,4.3638089812712595,4.517338558624059,4.492028338223905,15.790059734357117,11.919734630216611,9.28152506736927,9.407151324983246,19.50093597035747,9.566819340484704,9.592813399968334,9.156838487891573,16.818138817433283,9.690114114175683,9.48939749081812,2.461493850026959,3.0963146451556414,1.3871607363802554,11.17149811491073,4.560194592689883,2.3689314637850307,11.176369610467813,4.814082393495134,6.925737695087281,11.76940300290498,11.670130535487933,5.076981248587281,5.268095791035541,8.881218591631733,3.5726159963566944,15.307145991429055,9.553600774312919,5.193651804098338,2.305745235443784,15.724480638724796
D_500_Mina_0104,4.7204748718902145,13.521125874601388,6.6333274205043,6.454943852184203,6.376031014616464,2.1763401863879053,9.06727391865896,5.298613567663129,3.660300374235244,21.930811676640374,6.861530646833528,2.8018467341972975,9.02359187470338,5.326581976354163,9.535861614504617,9.121239961710826,2.8239196337057737,8.805967303333984,15.300493072198883,5.418458071191918,11.316623586966656,14.392639345408712,4.24907075589669,12.806659448804462,4.786811772863819,4.707350725401154,4.857730908049737,4.838708530684835,15.861286569026158,11.733998399374732,9.647859083670395,9.794676891449559,19.19725277264132,9.963005967701857,9.960543111914534,9.550219647674373,17.24046777035016,10.031442284127856,9.82215035560144,2.4520024014936723,2.9916201525701984,1.287563934821913,11.149902843289931,4.910875394106857,2.8390647608321506,11.548123092524657,5.250353254391801,6.734052751777086,11.642532841117543,11.523180205463596,5.462135464081212,5.727768884409875,8.55775901049824,3.5293223057058007,15.468970890541108,9.487708408091574,5.215843784765445,2.4225796680661578,15.424582710843444
D_500_Mina_0105,4.785797246040089,13.58410766722768,6.344212235197475,6.164134946049637,6.639048112298797,2.556148689435022,9.442457814388518,5.454126475609526,3.8327629122420186,21.557103923663274,6.414650810962512,2.99819255909803,8.779323958799644,5.317338710627325,9.471201561962626,9.096525035631293,3.215900928091292,8.629837239145704,15.04054239987868,5.450464499031934,11.448400871036737,14.383512401404932,4.4845336565048255,12.736625957251652,5.155060135330559,5.077405260938521,5.224301189583793,5.210801590592231,15.948022513873948,11.56710625468428,10.025977253850732,10.192225106168758,18.902039064036785,10.368389525426139,10.339599922261334,9.953404331946766,17.666981531963224,10.385851621603674,10.168833143268177,2.5436689254080527,2.969341818317497,1.3769523117470062,11.150913803567489,5.286075182756061,3.3186304287935346,11.929443058099107,5.697507626578925,6.575231410255445,11.536155267451882,11.396490725074115,5.8650387841942155,6.194062361062589,8.252212716147437,3.5571365202962597,15.645254394659727,9.448095809886823,5.285887694324506,2.6317095059819535,15.13541543600066
D_500_Mina_0106,4.90197931910921,13.665273506234348,6.082894198672276,5.901812910804133,6.928543952897368,2.9725250343542964,9.828993862819305,5.6501556678887,4.060408382618618,21.188712841048975,5.976575563463054,3.260758072706573,8.557594746053201,5.355397385079219,9.432880857136409,9.099510765578307,3.6351182912301145,8.47984085646106,14.79308387307483,5.528111186656575,11.600447187773156,14.391920490903555,4.761518024790857,12.686108112182296,5.544392987461063,5.468592872476422,5.611921851815203,5.603246977462799,16.05001610696022,11.419884362446671,10.414596091506196,10.598668164243364,18.615697762662144,10.781932655734947,10.728783272806027,10.365248559796465,18.0973842031481,10.752048620993351,10.528069793910886,2.7263086094130418,3.031297190423404,1.624421263362248,11.174524823697,5.680937863711944,3.8040627077624114,12.319441180610601,6.153173169395673,6.45170107103942,11.450841384999103,11.290744098488608,6.282277144400973,6.665586910854529,7.966641020518189,3.6544352643655245,15.835513618781873,9.435093943735952,5.401922364914214,2.9133259863135432,14.857605338449675
D_500_Mina_0107,5.0655226872287535,13.764301680694155,5.853097529806566,5.671931533674753,7.241343459117432,3.412108243189114,10.225594742423397,5.882652063652102,4.334550967572411,20.825920551962376,5.5493903557077,3.574982247246608,8.36019769493635,5.439765188038358,9.421220867188618,9.130169931091654,4.0731707449666725,8.357385348443882,14.55875447342265,5.649516542515341,11.771977147035377,14.417832907785591,5.07322745647267,12.65533959241608,5.950673233720603,5.8766947767696385,6.016525626413753,6.012060366529032,16.1669785550951,11.29310200320598,10.812583393692412,11.013021261868882,18.338644454795332,11.202731739251803,11.12703060817537,10.784760277167232,18.531404797273467,11.128869682508594,10.898618952019417,2.9832593008886477,3.172555088518843,1.9713093077385837,11.22059319919054,6.091640898915518,4.293372029696316,12.717319061892983,6.615591369848681,6.365516592018917,11.387064606390558,11.206533165294898,6.711177359365739,7.141306363502308,7.703265656748709,3.8159069373091627,16.039251200955555,9.448812618760035,5.561069603060814,3.2486322611866285,14.591801085106153
D_500_Mina_0108,5.272021530109405,13.880809867214449,5.658663680882679,5.478575899203544,7.5745600782058045,3.866992120073804,10.63113405065508,6.1474794418414715,4.646968721231529,20.46902473714512,5.13581325342877,3.9284885622575016,8.188892558848595,5.568337507228281,9.436320379357802,9.188225470748145,4.524590892288478,8.263695099230882,14.33819789555671,5.8119389239517565,11.962152593488305,14.461155528053757,5.413666971145403,12.644464538107398,6.370659242819059,6.298423918009371,6.434909737566475,6.4341224639766255,16.298587576492803,11.187454058058282,11.218942141190475,11.434424479364809,18.071306308885408,11.62999915825609,11.533402995531256,11.211078742369818,18.968794951861717,11.515271845501056,11.27936572272086,3.2971932084760094,3.383196627053882,2.3744356573277505,11.28884396019684,6.515189292077014,4.785369161233254,13.122359933271383,7.083439821124896,6.318206359597619,11.345188112863925,11.144346095354175,7.149640928978971,7.620435082737026,7.464436467887766,4.0338524225033225,16.25596034713048,9.489135901071686,5.759756729389313,3.622750875467287,14.338670340997838
D_500_Mina_0109,5.207306760024811,13.9747556628253,7.335024264142947,7.157100017907109,6.596753378041019,2.287047404064421,8.3595023740518,5.679532550204438,4.045465885699579,22.63793618037862,7.123434702048412,3.1813969165901304,9.710463028155651,5.876496474220627,10.115576244938927,9.66871699200477,2.870572425524094,9.461541529995486,15.990910795744806,5.930977506711519,11.695596056841,14.917435896140638,4.538497667837848,13.385882424205226,4.835096313005902,4.753049978024792,4.9084744709080566,4.8779275027129465,16.28554626740307,12.381510572895609,8.940408334058178,9.090943825011722,19.10878436661922,9.261762181512545,9.25321743994631,8.848177511725956,17.096887232692108,9.323343069592559,9.114624585214152,2.9578136610209427,3.577675600351774,1.8599619852562883,11.669838374695106,4.942239076846274,2.224831532441193,10.841171036329781,4.575703479819075,7.383499290151002,12.250623244182876,12.145536836368423,5.422091311184959,5.496611096806369,9.262034770519255,4.066617936912617,15.78305399805884,10.047079831402867,5.693010712558872,2.801641294675246,16.124063514672052
D_500_Mina_0110,5.218467810670112,14.017714171932571,7.038889784843474,6.859280761006334,6.814376787451877,2.554098496771296,8.736202498038063,5.7814071840019,4.141673385826029,22.26476523196158,6.656265402972279,3.2795567614703756,9.45726178210482,5.824964909919823,10.029519949198827,9.619211134918467,3.1785335781041835,9.270662695954696,15.726329521586898,5.917749499746143,11.801790588450954,14.891696811908275,4.7063564973066745,13.29993775948078,5.151177011734667,5.070282807249919,5.223436136165043,5.19893449197068,16.35461411836938,12.202803680269367,9.32015757254777,9.491386463501742,18.798766804615347,9.670452521412509,9.633916210180859,9.254685709014215,17.512493727750872,9.67761374414941,9.460566240944463,2.949913710692869,3.4874568803286063,1.7869052778802421,11.649165435677787,5.267543154058374,2.7199799440184744,11.224030281449776,5.032677559924444,7.204002589448491,12.128786457215439,12.00440619342833,5.784308077608184,5.9386190508675005,8.952343536203495,4.028632258742745,15.940046837829035,9.984442987947867,5.713260271443303,2.898549616098216,15.831735809176271
D_500_Mina_0111,5.277626627330971,14.078473223662547,6.767121604401949,6.5863465731257715,7.061082086589249,2.8845835223119587,9.125006627739586,5.924257074203953,4.294845147748831,21.896757315033128,6.194593184117205,3.448807050850317,9.224483110434582,5.816510689141833,9.968060906418916,9.595777031886929,3.5313644836772147,9.103525982001889,15.473533532214462,5.947066417863964,11.928207520865103,14.882874693698398,4.919979071204144,13.232513914709445,5.495058110000326,5.415590652167788,5.565969757202254,5.546912087783565,16.438746101711743,12.042409001760932,9.711041665977172,9.901117694991074,18.497193911915907,10.087597456330055,10.025328263866509,9.67019790428721,17.932537225819743,10.04451321910429,9.820020482440116,3.026531278119607,3.468359934183229,1.8523424542715394,11.650131517969466,5.618973693189374,3.217339369031464,11.615992290462229,5.497561983396271,7.055765164576211,12.026709229499549,11.882847047835806,6.166192989102287,6.389540463149898,8.660727494143348,4.053017039668858,16.111175468068563,9.946807043286663,5.7772735181584425,3.075476668055651,15.550140862281427
D_500_Mina_0112,5.383200948977796,14.156803598630988,6.522766005100134,6.341511312007212,7.333934960955475,3.2592627864027346,9.524432515087344,6.1052066087353785,4.499166883066618,21.534177112912428,5.739744588853242,3.6793502269086416,9.013709343243503,5.851320464770547,9.9316557239951,9.598605597624507,3.916958445386553,8.9614598563603,15.233109548476047,6.018306479392412,12.074211651722571,14.890999581345392,5.173699644298142,13.183895014377446,5.861848907850169,5.783947300668952,5.931300331654892,5.917103808397979,16.53771228795972,11.90106692574904,10.111769357897128,10.319031090415738,18.204485350535602,10.512190509448551,10.426247068591984,10.093602145381505,18.35671312090555,10.42270786603517,10.191557611185521,3.181566103131181,3.521541893639606,2.0430085801411164,11.67273121384437,5.991935391140524,3.716022025103654,12.016166278072197,5.968508568875428,6.940790099048701,11.944898114019516,11.781465186671243,6.564314244268345,6.847614623379373,8.389071765589264,4.13866987961026,16.29599453859128,9.934456102556199,5.883622122546706,3.3196526482225592,15.279872045482207
D_500_Muzdalifah_0001,4.222645776060867,11.536191987747443,8.327366793410611,8.19093791545783,3.4533234771656893,2.255206888933902,8.791736167870152,3.760641506478412,3.0130117507348757,23.6516852013788,11.138686231007888,2.88038563736261,10.03185858125561,5.161720713766957,8.94745521581379,8.243543050693022,1.6279246450095195,9.255454862405529,16.04041300927779,4.888109797323016,8.90322958816369,12.960254082161633,2.5757560184645296,11.98047366192219,1.2850565186969554,1.2261254676910218,1.341040594751298,1.2627050108881057,13.586671115019788,11.82399555060829,9.266970922139,9.133405711541084,23.186612199638912,9.170819308916801,9.534271028200164,8.834716573945533,12.963182718027921,9.907641433185187,9.811225081011157,3.523289192857949,4.18177093017641,3.822673273021645,9.840168932908293,1.26339821374446,3.2123815025977116,10.951445438060471,4.7107732321538665,7.367859450279474,11.211848362331569,11.277878233702019,1.374001354965878,1.5706324791169088,10.148455743318832,4.019705026385202,12.523231539896818,8.69138634670832,4.452765753436553,2.9172283209779324,16.437974036862812
D_500_Muzdalifah_0002,3.836734060288967,11.448127630103004,7.865227866587486,7.725962776784328,3.408440774692464,1.7754579586348425,8.972632809548703,3.476124182511785,2.5766928776171487,23.225396499330024,10.69608774731035,2.3883621465480553,9.620720214967617,4.776377688712267,8.665836637078712,7.985895566634735,1.1342359063094993,8.880384889122187,15.674066514102897,4.528830272874692,8.862065417590392,12.805244562681034,2.2270601124931573,11.747833984308544,1.2574991183393904,1.1803105190804553,1.3277871630428422,1.2659515700776434,13.55084501319573,11.49725325611742,9.464922274250751,9.361294099053335,22.86133035699492,9.413549391413333,9.7399283342257,9.065580309685526,13.386617351797927,10.08297632057554,9.972945292323718,3.023299023908866,3.690966400588562,3.334643778207346,9.649882688788022,1.300356053667419,3.088899000033667,11.187296992625443,4.832771591843951,6.9599092655372,10.9319986338633,10.979781288306945,1.6493936945710883,2.072399603912786,9.701736058834323,3.553020769658202,12.593055319195184,8.429642448514937,4.102623692378708,2.4157948419261643,16.051128255846113
D_500_Muzdalifah_0003,3.480646687060616,11.381569224627974,7.408317373514293,7.265956422142957,3.4371609837741866,1.3126773383718273,9.177484423970068,3.244847641898553,2.1691088176955504,22.802203274170008,10.258987866600426,1.9017112511850218,9.218617933702694,4.414610991284323,8.4048249721149,7.752266869111399,0.6537748842196782,8.518427958028575,15.315432362983046,4.198996671302043,8.84926537329998,12.66826680776774,1.9467035979296845,11.532391323730401,1.4197946625671496,1.336959683226604,1.4940638388830287,1.454448980829608,13.533579054520994,11.183531893673889,9.684901791657035,9.610053078416122,22.542547114624263,9.676283537836667,9.966676927696778,9.317823876987914,13.815336462877498,10.279884670997053,10.15695342305265,2.5242200728638373,3.2037225971283787,2.85156901239736,9.482411970695818,1.5133590726667525,3.0443018350171074,11.440351133291253,5.002454366396673,6.565051908544478,10.668469228723955,10.696973774324414,2.014372852209815,2.5743679965752437,9.260712641734022,3.0974934692000384,12.6824030296675,8.190368438544049,3.7868855493360134,1.9148074563303925,15.67083411715915
D_500_Muzdalifah_0004,3.1644677069102496,11.336895523172407,6.957665387052953,6.811925485619872,3.537691841408155,0.8936273232698327,9.404725752636638,3.078833283327408,1.8097788892674445,22.382281091718674,9.82812021629066,1.4259440469566345,8.826786688208408,4.082692622536146,8.166396304299742,7.544888471049422,0.2700543641825985,8.171326770332634,14.96506501236727,3.906075369434487,8.864952274507862,12.54991122948911,1.7675103147747344,11.335126259208966,1.7189845826445038,1.6390142364614548,1.7905342987922528,1.7699685054011889,13.53494423827094,10.88395743796457,9.925444898150861,9.87810599050925,22.230542023386178,9.957438368474868,10.213112077129342,9.589760293181891,14.248863033327659,10.497152473737286,10.36206214412019,2.026725409886493,2.7219522085222008,2.376472228496197,9.338984229441612,1.8423256176507201,3.0820162223123555,11.709492581799664,5.215169116814946,6.185795082050999,10.422498143255957,10.430699353771628,2.4288833222055892,3.0764390064174867,8.82623936865322,2.658863533774267,12.790865505934061,7.975586866270143,3.514834995867058,1.414739867260332,15.297580218739428
D_500_Muzdalifah_0005,5.32781059445117,12.255299840707524,9.446760367520934,9.309225105768276,4.208120062125395,3.1820121884977284,8.02235718887117,4.795274706409056,4.134799650973424,24.769187584694567,11.832515186989045,3.9713140879119977,11.144393425516915,6.264594253992619,9.950926854369422,9.221500692036477,2.625045362698742,10.346635937612847,17.121012470101846,5.975383464488091,9.556743615422619,13.782435286451937,3.669338547497292,12.916454707014186,2.1903114039568576,2.1581020824432517,2.2227848099492706,2.1397965089191917,14.206340206183052,12.870646970854452,8.46343539830902,8.277996099584236,23.490844596363193,8.289932261815112,8.715465051099892,7.9758714274533,12.432540015294578,9.14125049406614,9.07048200081276,4.586345364741626,5.273763804248975,4.74540332572901,10.724456606477126,2.102829658859187,3.2555255091077306,10.074512401437612,4.124231112047547,8.480002826676621,12.20832733828375,12.295016110720603,1.7974562286812095,0.8097838693080164,11.270322238419409,5.136614168054491,12.942370885653203,9.672655180593285,5.535299062958937,3.9719136727433777,17.534381016572617
D_500_Muzdalifah_0006,4.926069490187836,12.130913325328097,8.986036718850954,8.845988477536531,4.048592562762828,2.6799824890251642,8.158588136402422,4.463908293990659,3.694385119238951,24.341739141346164,11.372563553084207,3.4885235986838405,10.728856998456925,5.865694060811886,9.646320945312647,8.935625018245274,2.1255649670522354,9.962000909301274,16.74817495004564,5.595774841108715,9.465243991184877,13.599720806545813,3.2833106844991917,12.661178521459913,1.9282647328816742,1.88094686130617,1.973881475387027,1.8914929547834625,14.136429847619471,12.53093389334435,8.621402086431386,8.469402419605231,23.148046967318464,8.498517079598736,8.883357644208504,8.169325816242974,12.834183329509276,9.276763816963053,9.190428585109636,4.092938263369734,4.789511231396811,4.2446063851459765,10.502193552312987,1.8728188427991033,2.9683608669294084,10.281444034217397,4.142994170288329,8.06574437303582,11.909537989577899,11.980119770456566,1.7476486269849059,1.2142954480322046,10.82328468945537,4.673493351664746,12.971100910940093,9.384547197916014,5.160885274866305,3.477463412494116,17.142841982192817
D_500_Muzdalifah_0007,4.544374409623469,12.026235247072186,8.530006838538561,8.387248552169526,3.946962339576926,2.1780701869308667,8.322948579032092,4.166878705902476,3.2718459948255294,23.917200468085905,10.916343972389031,3.012115348772139,10.321038199289907,5.483810426544367,9.358774479995134,8.66944649988967,1.627811049481274,9.58825521626971,16.38225433736763,5.2368663151897366,9.399730207424978,13.433312467241226,2.9327110749623624,12.420977181093194,1.772999107717634,1.7097068910117799,1.8320000067050013,1.755375222132307,14.084097044576,12.202444329671241,8.805224337233746,8.68567222142932,22.811158284624565,8.731046606236323,9.075974942067708,8.388433144976814,13.242698094304304,9.437096953909915,9.335891884344676,3.601986151056793,4.309388901611242,3.7442080040817194,10.299648536436429,1.7599966777597,2.743804236217106,10.508327506792163,4.221858805650212,7.6620234380973935,11.624780687676553,11.678343651070698,1.8390982007527685,1.6726789082625768,10.381300888077014,4.219343226523471,13.019160682484864,9.115030619980393,4.80983592972753,2.985629854197745,16.757211631856876
D_500_Muzdalifah_0008,4.188209566687697,11.9417838577633,8.07946550749597,7.933785329202117,3.9077491674157816,1.6763804898917263,8.51380949168116,3.9120150017050044,2.8750742170483856,23.495729275961793,10.464344542339468,2.545674900318012,9.92188868426124,5.122750266314846,9.089906512697487,8.42483226199239,1.1340588578759705,9.22672218819705,16.023724480871657,4.903205576575274,9.360747843839302,13.283823060062474,2.631737098742724,12.196741332321402,1.753118963389421,1.6771444357633485,1.8223115359965993,1.7577024784736088,14.049538192154532,11.886108815460759,9.013320309746153,8.924998173043361,22.48044418361858,8.985662076607724,9.291779408958838,8.631239958437146,13.657467688446163,9.621009083567564,9.505700500599492,3.114650029257824,3.834948299279482,3.244392477646152,10.11800575123307,1.7867023880106006,2.598140080409979,10.753900036536498,4.357562930204526,7.270595556843503,11.355111109945879,11.390730551785172,2.0530142438822536,2.150761024784146,9.945044621510382,3.7774006622370657,13.086337204548226,8.865801075407132,4.487637402262517,2.497958953408899,16.37790731951319
D_500_Muzdalifah_0009,3.8646399065144257,11.877990560496771,7.63538432318586,7.486557650415044,3.932820420652412,1.175198174930701,8.729432776479298,3.7080218600418253,2.5162883805596445,23.077493614966656,10.017136511363669,2.095867733382794,9.532497486740013,4.787227432582324,8.841421203209231,8.203711461129007,0.6534429247059219,8.878893739689113,15.673092564585481,4.6002895155937775,9.348628758755169,13.151829490511432,2.399138587033733,11.989366777330039,1.8729401638022871,1.7908399415922367,1.9467904852537334,1.8979653001783696,14.03288457793591,11.582923158184974,9.244050803215341,9.185578255211695,22.156181142246062,9.260541889198374,9.529195796462659,8.895805823775497,14.07793924735454,9.827176436129177,9.698575717914402,2.6329383833906945,3.3685908448641526,2.745478002880451,9.958409000427444,1.9472033679986152,2.5449510789535785,11.016911891784694,4.545018000856008,6.893555050409638,11.10162876155069,11.118379608257065,2.3562747695582615,2.637852798644139,9.515303665178726,3.3524967999355852,13.172337973631432,8.638614577145088,4.200933153013285,2.017471410211297,16.005378779909208
D_500_Muzdalifah_0010,3.5825081518609454,11.835189375446916,7.19895884690521,7.0467527891471065,4.020973714474353,0.6756526735119339,8.968032440265459,3.563645823911139,2.2140329223671116,22.662672601360683,9.575391191452121,1.6761386079798342,9.154109924666097,4.482979431224557,8.61508237930607,8.008030412312566,0.2691885705974336,8.546443259388415,15.330900471212574,4.334568501279487,9.3634772161379,13.037863114700146,2.256162858369266,11.799742501450718,2.1087819454792474,2.0263216804333988,2.18260046452755,2.1493264501845735,14.034199914535781,11.293946394028344,9.495765980327702,9.465657272716959,21.838656502144815,9.553937063071826,9.786651325240546,9.180249665199739,14.503616837709654,10.054229998601937,9.913171203423603,2.160616253773139,2.914199608294948,2.24806439175228,9.821932980494251,2.212571827133477,2.5899407759049615,11.296144965498378,4.778136956222385,6.53339320701184,10.865466568113773,10.862438835194729,2.7191490009924912,3.129750328728349,9.093001774178914,2.951998228403306,13.27679716057065,8.435252319898094,3.957444953794153,1.550858048394755,15.640110166709997
D_500_Muzdalifah_0011,3.352292903880952,11.81360843617485,6.771669382273276,6.615851199271483,4.168208511445235,0.19104472491084834,9.227826341959444,3.486301319478028,1.9941801926034335,22.251457189571024,9.139900635844691,1.3155976267768268,8.788147403370582,4.2167812066994586,8.412677702390216,7.839694245920699,0.47171301718724923,8.231234206351466,14.997725880468977,4.1132572867165145,9.405165448069363,12.942400133945469,2.220192332518591,11.628736838147447,2.427054715953843,2.3472171208145145,2.498414157484432,2.4782076011549212,14.053479127552606,11.020296309411243,9.766843455957364,9.763557278956714,21.528168405869973,9.8641955632709,10.062607945914769,9.482782839876222,14.934055263516962,10.300788680725466,10.148109097210163,1.7055023266847196,2.478364959890669,1.753429174527957,9.709552643048799,2.5502792024006986,2.7282563567327163,11.590426891673474,5.050600588918779,6.193055435742998,10.647777010040649,10.624094252892482,3.120911432670543,3.624497395417261,8.67922484925263,2.5872632624850764,13.39928304314352,8.257474647735169,3.7655653305160026,1.1156646020075698,15.282622018761964
D_500_Muzdalifah_0012,3.1852707825503694,11.81336400574578,6.355358855223498,6.195710717697849,4.368555069285674,0.34794337281282833,9.507077112706247,3.4804599258662825,1.8857743706969294,21.844050988869103,8.711602869998543,1.0755139182763902,8.436227019943836,3.9962436324471464,8.23597190647807,7.700496430616134,0.9365569353617337,7.935321401682365,14.674182999629764,3.9438391265364268,9.473339086059369,12.865852401665375,2.296261003172688,11.477182012932822,2.799786410465577,2.723500112068468,2.867922230856355,2.857970895693538,14.090648452256307,10.763141960520919,10.055717431253495,10.07769797483851,21.22502563656643,10.189777101692512,10.355586668367245,9.801730452197637,15.368854490570257,10.565487004017283,10.402011101818069,1.285997856483201,2.0728251295787543,1.2648358516240623,9.622112250939365,2.9354641713583667,2.946785325651015,11.898641105812409,5.3564081642609125,5.87598731422392,10.449714583815783,10.404555158054674,3.5483771808504017,4.121067740264769,8.275251729249874,2.2755542018822195,13.53930635440857,8.106964818654125,3.6334795485403073,0.7673529370782229,14.93347308228033
D_500_Muzdalifah_0013,5.630715319913088,12.73725897909139,9.651737586650384,9.50867628809339,4.675482463747916,3.2065598354806304,7.538824377935599,5.1685494003650065,4.384300942462271,25.032811741770853,11.644888560985072,4.128721782421531,11.427244756560894,6.570596860505471,10.346469475196715,9.630065310857708,2.7183243110283315,10.66877903255741,17.455980048252957,6.3035819738255165,10.045773610341383,14.24570107489883,3.9911291786838934,13.344755674956563,2.60545868433889,2.5643544783026067,2.64526025389245,2.5621168640130745,14.69976338353317,13.23801737218543,7.9864745389857665,7.813183316052863,23.131115670009077,7.832562643230984,8.241913620868571,7.511786096282128,12.743304568182818,8.657869956488124,8.583192540492226,4.700435141747639,5.421715301817181,4.735388576411365,11.169896444951448,2.53418655671492,2.8820670129904777,9.61693326508867,3.6250230584507785,8.765299713062966,12.608410492482513,12.683034723812625,2.2856177710954473,1.2188184914903049,11.502138566128579,5.341200400523785,13.441390221020312,10.079812807101941,5.869047815923334,4.083950709683864,17.847981145081974
D_500_Muzdalifah_0014,5.25219197208676,12.617623307008907,9.201281887535856,9.055646869701706,4.532431004458914,2.7090774116993326,7.683630896948571,4.862683413786971,3.971646771995244,24.609942335292892,11.177217699968033,3.6667117807115277,11.022375696821133,6.1914408707257484,10.05385323519207,9.356679341126421,2.2397364759534204,10.296184099977173,17.090450959302824,5.9449646762972534,9.958766461747663,14.069003247869334,3.6393907359014337,13.097828640536484,2.3893771522014786,2.3359019312495755,2.4398370667895053,2.358691717989367,14.632209554085131,12.907975408081983,8.153684778714544,8.015694324478119,22.782905866854303,8.053000489975947,8.419252731301746,7.71688108774931,13.13544729161884,8.800827437615322,8.709850370916417,4.220384056126529,4.9519492926942785,4.2334037520167875,10.956671780584225,2.346833301175675,2.553233079576957,9.833496826464492,3.646351275275086,8.365180022012632,12.319327360557681,12.37801242676717,2.2466512361649196,1.5179747864856914,11.064470002708052,4.897461386949358,13.46905449923621,9.803676111994848,5.51732668505768,3.6048963285163476,17.463473998688826
D_500_Muzdalifah_0015,4.895984956017826,12.517014866257425,8.756467553101892,8.608085802442227,4.4418810723967015,2.2137645094858223,7.857929821082632,4.59152040470669,3.5819606886190263,24.1901108351929,10.712681208113985,3.216797644568146,10.625826934886316,5.8309279501612465,9.778296786543974,9.102819717892737,1.7742971644450196,9.935016683730892,16.732016759395716,5.608444341429706,9.896518567611215,13.908209781870628,3.3265295244736826,12.865780925847934,2.265923858788551,2.2003502567035285,2.3265398361098004,2.250997535938033,14.58165500622546,12.589326683561893,8.347810567714973,8.243873091355567,22.44053591269959,8.298021587206522,8.622242081123765,7.948468000667673,13.534870512520577,8.969670008769167,8.86320246990691,3.7461677534371196,4.489230211695154,3.7314995202890597,10.762681659986308,2.2578155468048617,2.2882882275327385,10.070475554828167,3.7357107926165947,7.976627137340725,12.044261276801198,12.086174128633846,2.3184939107516556,1.9046137610396372,10.63251565995103,4.466141055789436,13.515342315568835,9.545998797742792,5.190438170386937,3.133126453474433,17.085081607706982
D_500_Muzdalifah_0016,4.567318549620128,12.435895432981214,8.318199596785144,8.166892113812557,4.407069934555192,1.7224934853718026,8.059807945877317,4.3615376901239875,3.223582916577303,23.773478170095828,10.251705138515911,2.784847958608541,10.23856523433598,5.492730141039634,9.521281389619137,8.870163056503834,1.3358215015454438,9.586568400013695,16.38114315806381,5.29823307078318,9.859498850065203,13.763878056181737,3.064475901813981,12.649431387053216,2.250394946828133,2.1751375440399534,2.3189111854954048,2.252805333253124,14.548276928059801,12.282957899552503,8.567022362453592,8.495651643304994,22.10427714855671,8.565516496751073,8.8491166324791,8.204303690579529,13.940948433361733,9.162966812531009,9.041890675578683,3.2803175875130566,4.03598244404909,3.2297133282580117,10.5889832277398,2.2786869442065973,2.1114215623866746,10.326464002911013,3.888414055900318,7.601414954376401,11.784193803359122,11.808497333836584,2.4915787149868365,2.3356874961877145,10.207000991274898,4.05120779340421,13.580063205678208,9.308313951799494,4.8933613605131665,2.672501466326975,16.71321927276586
D_500_Muzdalifah_0017,4.272553081007787,12.37464824862461,7.887569278968612,7.733155647238229,4.42931189193827,1.2400770619035035,8.287249972093672,4.179538653385428,2.908111174468761,23.360215478229158,9.794792159113113,2.3806611829666218,9.861684704504881,5.181218984816769,9.284346925045089,8.660418291064863,0.9619171670021114,9.252276355215953,16.03832635170874,5.019211234113158,9.847991778601903,13.636530753872751,2.8671947511742113,12.44959842864704,2.3449353529981947,2.2639530180640195,2.4179513083884494,2.3638637216089915,14.5321936466998,11.989810406015968,8.809447616558822,8.768997353331747,21.77441267998216,8.853448359811974,9.098089675746882,8.482194254823016,14.353116213153859,9.37920598963322,9.244445876781096,2.8269723524140016,3.5957892275048216,2.7281101612621423,10.436589650976718,2.4065899459679394,2.0456080636054703,10.600084986937237,4.097384902638482,7.241617391731918,11.540138971287325,11.54600378789834,2.7468331581758796,2.790679870779477,9.7887657831644,3.6582418165038573,13.662955191995366,9.092189572992014,4.631835915425085,2.229938310224928,16.34833257682084
D_500_Muzdalifah_0018,4.019154284702126,12.333569334103668,7.465898270827299,7.308204209350886,4.507762408423312,0.7830545485506857,8.538213172839667,4.051994053644196,2.6509079405988225,22.95050478882592,9.342538382711512,2.0209638339967526,9.496421362610052,4.901485208053458,9.069067361336607,8.475286601879022,0.7554642743818634,8.933729785900354,15.704093957307695,4.7768473219866,9.862086616709602,13.52664755547066,2.7486683008083053,12.267089217668227,2.5372708366207224,2.4544490695778056,2.6115522443583337,2.570048358816164,14.533462551473253,11.710877079093148,9.073225772013357,9.061958725711971,21.45123747315886,9.159890089844561,9.36739928735569,8.780045770417008,14.770864036849282,9.616840012012542,9.469336563170469,2.3932487630248405,3.1740864385331804,2.2268135223752217,10.306445989598707,2.6259309137586886,2.10130821278341,10.890009452062815,4.354530034591606,6.8996463020187875,11.313133099823158,11.299751626229632,3.0637880013465315,3.2595899969167363,9.378783898278646,3.295111670944524,13.763689941910247,8.89919659577248,4.412188030318453,1.8186706405521302,15.990899020283615
D_500_Muzdalifah_0019,3.8153731038903813,12.312860517822875,7.05479321435933,6.893662559779544,4.639570979900175,0.4394688979081905,8.810687803118824,3.984136992461648,2.470241470973699,22.544539740457736,8.89565441155954,1.733672053413449,9.144167414220991,4.659255822160145,8.877018273364277,8.31641183792406,0.8489659418719478,8.63267185039707,15.379005654445198,4.57696838886732,9.901673992410718,13.434656958660893,2.7192143715304056,12.102687475124766,2.8073726271813615,2.7253868390025535,2.880711380423441,2.8507931653719885,14.55207907518898,11.447196998236409,9.356551028385054,9.372696523441894,21.135058366656107,9.48304739181749,9.65534387489884,9.095897498009995,15.193731618868306,9.874324303691786,9.715011698790944,1.992004905048533,2.7793033526804427,1.7260902649258647,10.19940396120743,2.916149406724952,2.26959286329269,11.194970763487477,4.65186730256088,6.578282331172639,11.104221807675332,11.07082465320774,3.4253579715369757,3.737182586575595,8.978186007255504,2.972770926066512,13.881879000013392,8.73086904425361,4.240929425550326,1.4652908814376007,15.641429536641398
D_500_Muzdalifah_0020,3.669485153031749,12.312624549585037,6.656212078753744,6.4915252150581075,4.820362420125667,0.5269399997869975,9.102742302312393,3.9790222206196906,2.3835792066804964,22.14252633548362,8.45499169476696,1.5593327947485276,8.806484054719766,4.460644804142822,8.709736441111488,8.185323010336619,1.1727465724280668,8.350994138808238,15.063653442923881,4.425334844208831,9.966450095495626,13.360928512181175,2.7816637175944896,11.957140082771437,3.135205623759711,3.0554413779757565,3.206457002934621,3.1864510344011685,14.587976775300548,11.199847508887624,9.657703153659659,9.699502373295465,20.826193983563186,9.821270344351055,9.960307361425608,9.427940456555033,15.62130316413003,10.150148279422721,9.979936414461962,1.6471501348482913,2.4246250379960497,1.2266424316354685,10.116196884717713,3.25836108321584,2.5280779685439647,11.513774120717414,4.982205832839576,6.280689424003012,10.91444414166043,10.860318490659912,3.8188915318157104,4.220511051791032,8.588285303499442,2.7058363841916826,14.017080831087467,8.5886572332209,4.1240927081708385,1.2211336773564412,15.300469817849736
D_500_Muzdalifah_0021,6.336175392863279,13.353645504377258,10.323109189014275,10.17750950804205,5.322832398763323,3.7927715092833587,6.9360335116220755,5.874070103234293,5.079279273358205,25.724820865437398,11.953033608325367,4.788137371096511,12.12678173775022,7.2761588538500845,11.047656826816677,10.326388060350732,3.356176194399537,11.37574588910471,18.16382320296399,7.011488027238741,10.641788668520082,14.897347523792863,4.699092080220564,14.030785246500502,3.2957546336450196,3.2584106815753135,3.3319617637097343,3.248771113494211,15.275169857754653,13.945223839323248,7.364940808924659,7.166886815233587,23.13586575963136,7.174723688050364,7.612332987235964,6.864353815885495,12.691365300413548,8.053722911714067,7.992608183865959,5.332860911410648,6.070744857248225,5.275840581919217,11.842317097861356,3.2156066969085755,2.9672925579620233,8.95913485557495,3.1812822917809958,9.466155039649909,13.308279445899574,13.386516939316987,2.897791654505534,1.581107134328128,12.18434456022529,6.018195029178332,13.931829134816285,10.776775725751376,6.577239335464334,4.718890124568677,18.553360547037816
D_500_Muzdalifah_0022,5.960123450917399,13.220509651204418,9.87772861311003,9.729691913090697,5.148856566296613,3.307201402729149,7.057497420385848,5.561643006769272,4.674007904067622,25.30354502788007,11.47593919790457,4.338211735897562,11.724549669599538,6.8992080480901326,10.750657561735995,10.046838463547664,2.8959352910853644,11.004160150051327,17.79865527298996,6.653105314451517,10.535772681068869,14.711328696858443,4.3465971622687025,13.777841785767913,3.045996418163157,2.998858380623306,3.090753879373693,3.0081364425869075,15.19357427694528,13.613793557266316,7.512426462764751,7.352903242075074,22.776654626835057,7.380639300519837,7.771594968118434,7.052522514443519,13.065767891465327,8.176411417138214,8.097375167056903,4.863367878621227,5.610359910697703,4.777833030000115,11.619721321527523,2.9868107924783316,2.5520398837045675,9.163719263178526,3.1258657915090655,9.069136449786527,13.015356081273572,13.078609971982225,2.7777646506058598,1.6775030364108874,11.750614686467657,5.583078630567412,13.94043374877572,10.49493764631257,6.225000842512993,4.252051099576636,18.169894428469487
D_500_Muzdalifah_0023,5.603892165474456,13.105284983349627,9.438063769343582,9.287448270052616,5.019311255329796,2.8274768215060653,7.211972376945352,5.278601054161519,4.289312652652831,24.885276290839517,11.001087489891868,3.9010874061413787,11.330308186639606,6.5391314177907,10.469343045005118,9.78510215657168,2.4522525404199453,10.643311300078189,17.44030912137029,6.314367755632986,10.452843367372111,14.540289362137287,4.026031367733738,13.538814823433603,2.8633493536218633,2.8060011957059325,2.9168698487186746,2.8368707558948527,15.128224551195547,13.293083704491346,7.689949005142449,7.567738884994853,22.42294076239723,7.6141696341372995,7.959417624994321,7.270581888880381,13.448509517656882,8.327635911194124,8.231509525031687,4.401121353436371,5.157801360397814,4.280824954085881,11.414900931144084,2.8295813612669605,2.1738365148945062,9.390738414426611,3.1505696539882755,8.683027515534855,12.7355124708927,12.783029127484324,2.745785082585217,1.905967082479917,11.322553901996066,5.160178716368694,13.967108297413676,10.230011058262145,5.894554868808521,3.7942763498397096,17.792344871669524
D_500_Muzdalifah_0024,5.271501242689192,13.008447432896183,9.004951859660753,8.851614028450854,4.93769465885706,2.3571692942215967,7.397390569738518,5.029907278135694,3.931238552637664,24.47016883936494,10.528781890008382,3.4815893389866837,10.944920760322189,6.198870129121848,10.20501043127403,9.542644961702123,2.035981770424093,10.294328447610091,17.089213870223222,5.998604256574773,10.393553323021287,14.384763833794352,3.745601502207627,13.31445385543973,2.7611634894494013,2.6941998303052728,2.822778577098503,2.747974785031217,15.079331870357528,12.983888677116573,7.895482590339327,7.8090154975141965,22.074988402410327,7.872857637769106,8.173832298007774,7.515930684474828,13.838898270170743,8.50587447271878,8.393603407378523,3.9486669676419774,4.715323100851137,3.7852099686841587,11.228828632865197,2.7561933032872568,1.8554776169519205,9.638607173622901,3.2535692401120597,8.309349137765077,12.469629221370852,12.500648766278337,2.8048660316709166,2.2262033157473735,10.90083004226805,4.752757385438229,14.011749551380055,9.983342345431103,5.589767553178402,3.34928448935189,17.42109652827859
D_500_Muzdalifah_0025,4.967738377217921,12.930410085622913,8.57938532661707,8.42318410872244,4.906399120005926,1.9032724504404903,7.611490921666041,4.820880265436401,3.6077208386911264,24.05838629319035,10.059380996963245,3.0869117863162843,10.569355925406851,5.881864025351602,9.95901197515045,9.32097142203809,1.667776405457259,9.958459121023397,16.74582557156853,5.7096276701855455,10.358308443950259,14.245260217742628,3.5149270540213506,13.10551209972925,2.748427959583248,2.67364186434746,2.8164882871330557,2.7494496255744028,15.047056630778274,12.687050351510619,8.126902204526333,8.074363064640941,21.733074259642233,8.154309300688254,8.412805956078039,7.785989478219323,14.236305034498272,8.709468690830342,8.582072656452732,3.509793622128615,4.286048148355616,3.2916172783603064,11.062450468649832,2.7733103740889584,1.6323610919391425,9.905760483547105,3.4278137491650145,7.949854332275635,12.21861768676359,12.232383075134807,2.9495404468332307,2.6045782141168545,10.48620765276261,4.365150778741466,14.074186519524048,9.756316404663977,5.315054775529156,2.922919508718484,17.0565608307822
D_500_Muzdalifah_0026,4.698159670191795,12.871514859738816,8.162544374386401,8.003347638178148,4.926383664068398,1.4809527942921734,7.8519274817845455,4.656864416741129,3.3288498756493765,23.650102310031535,9.593311159912787,2.7278493891136426,10.204698205984617,5.592069338817633,9.732737941423304,9.121596875362025,1.3864742388724909,9.637074465318713,16.41062800593492,5.4516992447105155,10.347354399703868,14.12225330009906,3.344319438243681,12.912738043959134,2.826352067094781,2.7463769179526087,2.8985705146998884,2.8411544034930825,15.031505847302787,12.403455884832363,8.38206401847012,8.361490213733806,21.39748777419425,8.45625193349661,8.674309019762713,8.078280416740816,14.640158282631274,8.936685741785663,8.795221828178004,3.0902928177403006,3.8743676146080825,2.801116005096958,10.916666898327223,2.8793187707299728,1.5462797358816494,10.190681757532213,3.663150450969914,7.606554308955372,11.983412404359015,11.979180323266002,3.1681037042598983,3.0193126893670614,10.079563087227724,4.0031186891917745,14.154183673542654,9.550334111627803,5.075302374463092,2.524636171082504,16.699177362940766
D_500_Muzdalifah_0027,4.46895554283264,12.832025296358808,7.755835959115683,7.59353005914196,4.997032996890443,1.1263089017645973,8.116360010015919,4.542737654652463,3.106672058244308,23.245501219420877,9.131082421060764,2.420305197821519,9.852158749624985,5.33392306804149,9.52759371688514,8.946012294281923,1.2520858534641182,9.331671121957413,16.084133247275116,5.229415051480665,10.360768196577618,14.016177386961386,3.2432716088417863,12.736865777808156,2.987850778634482,2.905406680844723,3.0619262486505527,3.0148664825118283,15.03273139535577,12.134033878376055,8.658869315495389,8.668232882753207,21.06853129594731,8.776570876146181,8.956368257734933,8.390480334793066,15.049939037492804,9.18577276245146,9.031303622631796,2.699211976748748,3.486519493782995,2.31567126190699,10.792312497568753,3.0650088365090324,1.6192378558710887,10.491923522884157,3.9486712154803616,7.28173989725875,11.764961374244717,11.742014960192117,3.4465271421130943,3.457346484877304,9.681901573261477,3.6742285865800253,14.251445277936616,9.366783820467864,4.875670339590816,2.1699524884155115,16.34941513047375
D_500_Muzdalifah_0028,4.286607264681338,12.812120801550941,7.36093975326411,7.19544340121345,5.1162486070657,0.9211389123591527,8.402523259981114,4.482312274750251,2.954007140140747,22.844778686187883,8.673308868946842,2.186130930374379,9.51308485832531,5.112221729860323,9.34497090951696,8.795642482193522,1.3106112437131845,9.043868214752173,15.76688192257749,5.04748637396274,10.398455493761336,13.927419311151006,3.2183421278062134,12.578604244186577,3.2203748600002213,3.137636916686437,3.2944877336655054,3.2574924585445157,15.05072914969247,11.879748592941821,8.95531129923185,8.992583957369973,20.746520183549496,9.113328596067163,9.257104808362053,8.720451170150461,15.465176096466024,9.455001409274466,9.288569567889406,2.3507780081579033,3.1313717789263555,1.8392909096779615,10.690135087329104,3.3170253796844,1.8323352740906937,10.808121183741362,4.27433102469701,6.97799294345631,11.564214076826865,11.521877329969197,3.7715769664432277,3.910858429998627,9.294376162911638,3.3881454966971334,14.365620644730962,9.207007193466472,4.721250645412601,1.8836601755312352,16.00777367685539
D_500_Muzdalifah_0029,4.1572849391616185,12.811892625648234,6.97986086745161,6.811144804376513,5.2807422113343625,0.9659170902194614,8.70827516394758,4.477762741515456,2.881923211933968,22.448142401949706,8.220734752119194,2.0506182134686415,9.188967251148059,4.931882585176834,9.18621275711563,8.671799170727132,1.5402137979400758,8.775397569800635,15.459443084033383,4.910400654143382,10.460153887766678,13.85631184100343,3.2712715660608147,12.4386256333794,3.509836332773569,3.4282236916686224,3.58280357249155,3.5549499518089958,15.08543905294438,11.641591922177073,9.269506153213491,9.33270767468888,20.43178280296644,9.464770531560282,9.574758866394145,9.066252740990189,15.885441564902438,9.74270200971892,9.565310484858712,2.0666748001056994,2.8213005353077905,1.3813844616935325,10.610775314505668,3.6215480630969643,2.1441884653932313,11.138001023751926,4.631670803673093,6.698180081445045,11.382107242079094,11.319760865293183,4.1322645950369035,4.375037728989524,8.918308234491251,3.1565299026286633,14.49631010444295,9.072260346389937,4.616582347029014,1.7006565045181434,15.674783977066854
D_500_Muzdalifah_0030,4.08602637048239,12.831341786589622,6.614987652572858,6.443101843291478,5.486442694199164,1.2337210848544284,9.031626464059205,4.529257346062451,2.8964426645521266,22.05581280208817,7.774268116783951,2.033587046020925,8.881443468061322,4.797572191971069,9.052574870013693,8.57563162124446,1.8791988460823654,8.528085118047738,15.162413601599258,4.821983889694498,10.54544190198988,13.803127733508521,3.398423860509955,12.31755323811434,3.843391990428917,3.7636742610769174,3.9145737408340837,3.8946957800888273,15.136746111300793,11.420572879683228,9.59971085930835,9.68694272857536,20.124660407025935,9.82932168941924,9.907703331371728,9.426142895727054,16.31034672432755,10.04728783455351,9.85988663583137,1.876354694048908,2.5726561845287934,0.9685187247505694,10.554747841570773,3.9665019052452912,2.5183735374639302,11.480383627843036,5.013921591676802,6.4454191306993165,11.219548542140934,11.136646758902407,4.520066607353074,4.8468204333344485,8.555208810024311,2.992057527832806,14.643071470914414,8.963672089109975,4.565088736903922,1.655555391871254,15.35100902903375
D_500_Muzdalifah_0031,6.668132418866909,13.833390938459328,10.55835295948987,10.40828659157009,5.786353705091055,3.9420083594592397,6.448389677145553,6.262701101282654,5.377926152781742,25.99793960642755,11.809636683313153,5.019836082384041,12.427418250518976,7.607073665729118,11.448872311893881,10.739359623641656,3.572090716256382,11.712174728603234,18.506866340255193,7.36127589709479,11.127953797058638,15.35945639700757,5.054109043116298,14.4605705177337,3.721617518105432,3.6787548191791117,3.762457444177675,3.679363393941446,15.766775709558123,14.319856259054953,6.884322874697897,6.699432203299551,22.79242262158235,6.715670612782544,7.135470179865505,6.397598695328782,13.034262395239969,7.566783814311787,7.50178970362891,5.522356283363326,6.27963696017459,5.360693522601082,12.287821583951757,3.6520984256389166,2.7404716764214943,8.50018928344355,2.6925021569318695,9.773719794910157,13.712641101560486,13.779994555132909,3.3745939515666468,2.0801826389165026,12.439242474084129,6.273736701394791,14.431193124739417,11.188330256310648,6.93280209989821,4.916092629226849,18.87645512108219
D_500_Muzdalifah_0032,6.311886689756644,13.704915168963012,10.123326134277756,9.970837990264837,5.626725132058291,3.477335941707151,6.578860364074999,5.97064216352165,4.996932239468992,25.581161694254423,11.326502839439579,4.592662231116419,12.035237003676748,7.247352976861223,11.162551935053397,10.47083993264619,3.1436163680464992,11.351605927653434,18.14860150096522,7.020769164543232,11.026611556060233,15.17910074232845,4.728152698134658,14.215275626689968,3.502356345468904,3.4509586989660894,3.5506117445311984,3.4687250467625494,15.687736215372496,13.997298484909127,7.041879326220035,6.898063163500334,22.42771120225707,6.935226888087243,7.305133401650347,6.5990873398120895,13.399085314968724,7.697235435559597,7.613311583825457,5.0704370489007315,5.835752518715516,4.871365462465889,12.073441046644596,3.4523473818486146,2.2843459725147675,8.715551294977702,2.6267879380930435,9.389713351898841,13.428540163745929,13.481076602043816,3.2720988253991963,2.154354181975455,12.014716947857602,5.85763085159008,14.439498897713703,10.917120791675847,6.599566169805358,4.469893952504321,18.49968685116551
D_500_Muzdalifah_0033,5.976656217247619,13.593795865383964,9.694804390751669,9.539778603704471,5.508426634021156,3.024711336120306,6.744304568097447,5.707914927422128,4.63908983679955,25.16750694019997,10.845109100651202,4.182214504179949,11.65151164127208,6.905451758342415,10.891879670367954,10.219966753884238,2.740327318504887,11.002157314366766,17.79730224279646,6.70064174285112,10.947399558286444,15.013390397907699,4.435247257775745,13.983726789654431,3.3447185486520565,3.2847486939666695,3.400320681564117,3.321290569461834,15.624452371990923,13.685577743112704,7.230960720611678,7.1266208430706275,22.06840490063172,7.183249810557573,7.50463713157557,6.831632633799182,13.772565412431279,7.857685033298337,7.755819919738968,4.628911820962264,5.402106563116071,4.384968245133258,11.876446770685414,3.3172520375759973,1.8522587887721598,8.953938471207787,2.6561313126965977,9.017339997528737,13.157486354493372,13.194513785324535,3.2449893382098547,2.3366430829047853,11.596408106410912,5.45605053175623,14.465251891728284,10.662687614095333,6.288830186746315,4.036894410818483,18.12900618380174
D_500_Muzdalifah_0034,5.6661721652583,13.50046157604245,9.273689495871157,9.116014792535136,5.434158002710204,2.590457360840164,6.9422222570167635,5.47874065746833,4.310169023966546,24.75713187830104,10.365697867406727,3.793925256222141,11.277105343844784,6.584146519398932,10.63804998829861,9.988069832479834,2.375087598506487,10.664922004402017,17.45338915411509,6.403950525431803,10.890800656385098,14.862815200379469,4.182342442705438,13.766617603451307,3.2576621577795746,3.189766500432729,3.319954237103483,3.2456843594149953,15.5771161819541,13.385451143989467,7.449166807281648,7.382326105772527,21.71477200910477,7.456899390488151,7.731671698639183,7.092180230807951,14.154017368174086,8.04633821526765,7.927643786662897,4.201058967075999,4.981373617453073,3.9025977701211345,11.697717129240793,3.2548729628176685,1.4656269957484627,9.213563716188004,2.7775210326316966,8.658100785771524,12.900302085021238,12.92112813066042,3.2951265179994413,2.604445404218532,11.185013429396351,5.072446748808076,14.508359170201402,10.426258937793204,6.0040884909293215,3.621830964827191,17.7647941724301
D_500_Muzdalifah_0035,5.3847168144648565,13.425283206840751,8.86103748328242,8.7006125695075,5.405734228174669,2.1855517499966495,7.169924696340824,5.287483914883688,4.017279987215013,24.350202310842658,9.888557446793774,3.435316234011212,10.91297728164276,6.286595944049921,10.402295866217838,9.776499560951393,2.068154955388707,10.3410948981668,17.11730741554651,6.134097044092771,10.857168467845026,14.727839347775028,3.977076480807708,13.56464139831784,3.2468693922094265,3.1724161394903794,3.3146024110276113,3.24692783694371,15.545873298514488,13.097715700006527,7.694019961603762,7.662461540935657,21.367094201284704,7.753462659458327,7.98388874785396,7.377763946693296,14.542813872123515,8.26126299737516,8.126923932234273,3.7915097848747155,4.577115908304614,3.4259552227995345,11.53810089700156,3.2693749250589454,1.170399640415104,9.492684561227732,2.979728622994974,8.313698441356877,12.65783276331677,12.661773175589348,3.419113745183465,2.934441348374475,10.781324401936946,4.711212606420064,14.568666657041252,10.209085679563158,5.749204578310552,3.231621929271647,17.40745682480961
D_500_Muzdalifah_0036,5.13706367704115,13.368567031232656,8.458087053475834,8.294828217321353,5.423876031931423,1.8295844318898218,7.424671989303446,5.13838037513505,3.7688324639472692,23.94689386936472,9.414033083228551,3.116649431428835,10.560190687364772,6.0163255145702355,10.185872429214209,9.586601780446887,1.8488008154097633,10.031974469418442,16.789527297936672,5.8947681544301425,10.846716594462688,14.608895199352814,3.8271222219578185,13.378483553442225,3.313085526037624,3.2339472278624384,3.384620945288573,3.3249346586852058,15.530820819016677,12.823205529012862,7.963062430301834,7.964449650113078,21.025666877482028,8.070413936184346,8.258981445046121,7.685593334873047,14.938381445331348,8.500466821287898,8.351695132671935,3.406871562597041,4.194100054772629,2.9578108791139868,11.398401023996254,3.359762410645367,1.0469862889003074,9.789633538160928,3.2476932545687642,7.986052685083163,12.430939445300982,12.417328076552332,3.609348291489708,3.3080705211386747,10.38623952588012,4.37788889777104,14.64596185075709,10.01242084942782,5.528309717508938,2.876400169983595,17.057426176170726
D_500_Muzdalifah_0037,4.928311104431569,13.330548668598365,8.066292210431994,7.900143865426388,5.488121570829027,1.5565014450545354,7.703781606693444,5.035176120622758,3.574106201234761,23.547392600069195,8.94254119394659,2.8513481351421937,10.219920094301898,5.777165133115055,9.990036051342196,9.419687269706655,1.7502682345388272,9.738961173172317,16.470544415440287,5.689816926961849,10.859511929497717,14.506377085332105,3.7391401413272587,13.20881286111281,3.451881585165638,3.3700416977008807,3.5255219077751017,3.4745383096201823,15.532005788964895,12.562787587060098,8.253929101089133,8.285901399705802,20.69079944572056,8.405447125176536,8.554743208019357,8.013105002375438,15.340196266801389,8.76196139364136,8.599958846395731,3.0565630725196886,3.8386896197300038,2.502937587127192,11.279357517379617,3.5201946474117713,1.151996783316939,10.102838682013008,3.5666242722335424,7.677309134577543,12.22048971018527,12.188689888046788,3.8560377092721345,3.7121811224898504,10.000778544167854,4.079323000237894,14.73997747984691,9.837494456616062,5.345619041882819,2.5707103407171155,16.715161235211003
D_500_Muzdalifah_0038,4.76357593807407,13.311388296539787,7.687358761356129,7.518307794265754,5.596883349710548,1.4151283696147485,8.004705492446867,4.980725087169445,3.442230188464403,23.15189557206102,8.474587889959066,2.6554555807293903,9.893456952799545,5.5731212604249,9.816018946738488,9.27699663347753,1.7925923736918985,9.463551226219042,16.160879669843442,5.523071693858423,10.895472533278701,14.420635305978278,3.717532784476606,13.05627207441921,3.654998270975486,3.5721873498325585,3.7292795102010627,3.68703370001681,15.54942446995797,12.317355702382926,8.564396614195507,8.624640710230942,20.362815521774177,8.756486921979668,8.869106452152812,8.357985441968472,15.747780110121905,9.043813318964348,8.869742583474684,2.7537170426800444,3.5192580759611065,2.070102045688955,11.181630104688807,3.7416723914450367,1.4361696983658647,10.430835692006243,3.92411436153372,7.3898372875496765,12.027346724940926,11.976763879056463,4.1491243854379345,4.137852045708425,9.626097602221389,3.8236655483467823,14.850395956565224,9.68548436331534,5.205156702109863,2.3340952493907134,16.381148750463208
D_500_Muzdalifah_0039,4.647541127793766,13.311167318456652,7.323283409448429,7.151378281511225,5.747634727177565,1.4446636427778576,8.325078393930717,4.97662772865697,3.3805676926533876,22.760611506086097,8.010793267569488,2.5450495720285846,9.582212571648418,5.40816999613063,9.664999704944352,9.15966198709031,1.966700082984088,9.20732437665207,15.86107881453154,5.39807406389884,10.954370232710305,14.351970512428496,3.7634434642423438,12.921467843064763,3.912430515217059,3.8299397008130054,3.9862665436934486,3.952289562990054,15.583022397885182,12.087822709212803,8.892412143617404,8.978711129035991,20.042053029610027,9.121685469694045,9.20016453155847,8.718173587452194,16.16069645988472,9.344180596416205,9.159144871990796,2.5155341846168584,3.246443081382707,1.6764611911823746,11.10578148843538,4.014103689337634,1.8173166800248834,10.772273455156299,4.3105806024341735,7.1262118576633995,11.852356564581136,11.78245183438019,4.479510389070911,4.5790743994547265,9.26350480913403,3.6200188732460106,14.976854462797935,9.557484028537356,5.110405813219092,2.189069221216814,16.055903734727174
D_500_Muzdalifah_0040,4.583906410199305,13.329886645694245,6.976392672261746,6.801768151582816,5.937178011606691,1.6358759575109154,8.662742692765532,5.0230071887089744,3.392948877531532,22.37376142052672,7.5519235168601355,2.5313404199136422,9.287717038845134,5.28597224089237,9.538070742767013,9.068667541869488,2.2420980068756218,8.971924264892083,15.571711559743727,5.31776868988054,11.035837754673057,14.3006286649194,3.874472647498497,12.804960312301892,4.214236133585601,4.132907835632823,4.286920781120316,4.260462592712419,15.632695229283062,11.875110533979147,9.236106208271826,9.346370400558957,19.728864181522642,9.499409894213597,9.54618064903715,9.091850258444177,16.57854685137416,9.661336432332236,9.466366526356241,2.3616606551288717,3.032850640602591,1.3565746157884253,11.052262085315558,4.327876843455298,2.2466119630937267,11.125914573475535,4.718909059001663,6.889170896765953,11.696333981992163,11.606638402955438,4.8395626331343164,5.031758766237296,8.914475283452749,3.477532253859086,15.11895048904996,9.454468635541852,5.063932856280507,2.15421008891191,15.739969674915434
D_500_Muzdalifah_0041,7.019941971424698,14.314477814530665,10.811557469701263,10.657480178387312,6.25539417177154,4.146380540991431,5.962686774548874,6.666098855691246,5.7047196907984645,26.277709807419715,11.685835805215065,5.288664802706753,12.740539016296639,7.955587672425654,11.85754408784491,11.159395991315822,3.841155104713226,12.059900481568386,18.85689384157142,7.727517356769967,11.615238338974269,15.82382858870512,5.4318776523664845,14.89469636503389,4.163844421627598,4.116789893969634,4.2081976940212025,4.12548679374305,16.25885387314664,14.701905177167443,6.40657362686911,6.236926519784498,22.454832931066008,6.2627900107866035,6.661906026145445,5.936153623478882,13.387006951100068,7.081575999646461,7.012178604642494,5.749100710456268,6.520158256501556,5.489836450740012,12.737321573619484,4.10295557185857,2.591191825011544,8.046059611567685,2.208463358849977,10.096624608565332,14.123082765838056,14.180140376527445,3.857109944007163,2.579369293562954,12.70865754728759,6.557407902312779,14.93055654320524,11.606777824153141,7.305212935513015,5.154292988227172,19.207098795664184
D_500_Muzdalifah_0042,6.6824755404879985,14.190357202417795,10.387139407499719,10.230691056583689,6.108033219529883,3.7074083442059806,6.103545924687382,6.39249449469039,5.34705888783428,25.865440066239497,11.197360678823818,4.885052478022126,12.358297426409644,7.612351921289493,11.58133031582232,10.901226235826817,3.446292687520988,11.710042435593799,18.505406193035917,7.403871415622789,11.518182794510258,15.648824851883752,5.129977923595627,14.656667861954267,3.9690843491167134,3.9145632191468964,4.019907051673274,3.938774789754269,16.182216982215163,14.38791408466894,6.575584622170217,6.449813934573574,22.084546901421202,6.4976643783367605,6.843317575484013,6.152769161858148,13.742467011971788,7.220796324102191,7.131358813192945,5.316487844502105,6.093816739442401,5.013126992460409,12.530632471455524,3.926205668315121,2.1029254378556224,8.273249340925533,2.1278449725029387,9.725375053989255,13.847404246286,13.889835515651498,3.7677592337704557,2.639544141721495,12.293438221145246,6.160489960535793,14.938583439710028,11.345574245940035,6.989752135556295,4.730612204202442,18.83694453165131
D_500_Muzdalifah_0043,6.366785307769415,14.083067517464132,9.969961884848848,9.811053958435553,5.999230329922969,3.2866181930739984,6.281518740283828,6.147819076893343,5.0142627341217905,25.45640486124646,10.710162936541886,4.501341928151935,11.984919022808413,7.287592959804885,11.320674006347156,10.660484754757038,3.082851213344347,11.371612711104545,18.161009520172797,7.101033873240483,11.442372809507713,15.488139981218016,4.861340572064534,14.432201411923078,3.830696981353966,3.7688499426961197,3.8877958051396955,3.809570966006365,16.12087330636165,14.08484003084156,6.777684375678568,6.693691973130495,21.719564115501388,6.761753549241324,7.05588856905972,6.401545308821389,14.106857308967873,7.391592827824542,7.283300933661521,4.897193713109818,5.679905050158736,4.541933316486993,12.34093710331452,3.8079543047191153,1.6232343353260972,8.524012944551693,2.1639568195385053,9.366354488817388,13.584709515701663,13.611879771061906,3.744235606108623,2.7903076591638394,11.884942447572886,5.779987485922738,14.96347625299692,11.100964202425388,6.697142377801332,4.3237976574481625,18.47303196087618
D_500_Muzdalifah_0044,6.076266278437924,13.992995883534793,9.560972693761165,9.399526784876256,5.931107792987193,2.891957524923464,6.4935542845499015,5.935651080778147,4.711602910614888,25.050762619712014,10.224425143748965,4.143066365019188,11.621258095556021,6.9838887822413875,11.076673471897665,10.438377429589787,2.763256533741806,11.045661783514603,17.824114839369013,6.82177646035044,11.388232642920933,15.342223857371842,4.631756686129307,14.221939155019648,3.754920229670326,3.6863575923528145,3.817700560950928,3.743833967106544,16.074997902185263,13.79340262534471,7.01001155071427,6.965306089498705,21.360156406925483,7.0517759441374634,7.296896276295314,6.678889201993905,14.47950361632494,7.591834610882228,7.466004947254284,4.494946935639939,5.281346386188725,4.078167660706096,12.169030175652875,3.7537339705155586,1.1627799407810542,8.796334493623416,2.3113338708943316,9.02102306177739,13.335765849589976,13.347044655451095,3.7877655942864865,3.018114611557321,11.483887708265344,5.419359181150595,15.005151016973786,10.87406751891147,6.430503755970496,3.939078377329984,18.115737217973752
D_500_Muzdalifah_0045,5.814692487921531,13.920476500598419,9.161268517726038,8.997222387747884,5.905073606520398,2.535656394987633,6.73643679743798,5.7595840216325795,4.445239205886792,24.648680839272377,9.740365677784377,3.817393895256149,11.268255485519095,6.704101362934136,10.850452377925789,10.23611728632352,2.504351747849115,10.733326547868666,17.495155518079123,6.569107027858472,11.35607219624005,15.211501466549334,4.447278517055529,14.02651985370104,3.7455559615267786,3.671350106832367,3.8130428717475957,3.74490741072312,16.044723426468884,13.514354692908926,7.269668606153639,7.261544535690985,21.00660991476649,7.36466837514281,7.563622804480858,6.981396954722507,14.85978479920407,7.819259774403088,7.67727489767624,4.114749963042384,4.901887030150962,3.624682204129059,12.01567517057655,3.766310972216929,0.7574939161358097,9.088276259937341,2.550762405727482,8.691012664811382,13.101357107328107,13.096126153812476,3.896102231593841,3.307081702780839,11.091081201828265,5.082836956927472,15.063468417843875,10.666014658874127,6.19319155877141,3.5835775215844192,17.765459573140134
D_500_Muzdalifah_0046,5.586131476162546,13.865784741893217,8.772118625552443,8.605434312491948,5.921682841582183,2.23612687817588,7.006959205555934,5.623010015688962,4.222046752864661,24.25033660608941,9.258247748053527,3.5333511118723684,10.926944177576347,6.451343117453663,10.64314445790558,10.054902068285882,2.3264874395627104,10.435829553982495,17.174587516525314,6.346202050065446,11.346078339594548,15.096367483442783,4.31369678694099,13.846571937198192,3.8030946790491096,3.72464320451237,3.874058661686985,3.8127347607129947,16.030138245670457,13.248479090951317,7.553837686107911,7.579520551238835,20.65922553492789,7.697642442621016,7.8534480751207045,7.305943397457069,15.247129573483749,8.071570832217056,7.914823536998145,3.763291559536281,4.546311799818978,3.1858697829133873,11.881590421340949,3.8450297822726673,0.5478215220248053,9.398009918261465,2.8592100422227174,8.378133907544036,12.882276723783214,12.859938868205221,4.064066026150343,3.642682632258935,10.7074306982151,4.77551958560993,15.138236091401312,10.477928149304212,5.988693062656366,3.2668476456374287,17.422622239402905
D_500_Muzdalifah_0047,5.394780764021994,13.829132094845026,8.394990828918463,8.225665322743563,5.9805801533889555,2.018798577660803,7.30205013533266,5.5288564406448,4.0491706225414035,23.855917131675564,8.778391207310078,3.3016995434671523,10.598453709316058,6.228905241884533,10.455874704087138,9.895887936852409,2.2489740428264944,10.154474999310956,16.8628893810207,6.156295412919437,11.358309548555592,14.997180903772092,4.2358293720723985,13.682705804490235,3.9245947749158225,3.8433966313806085,3.9977419221058894,3.943873284056551,16.031285156564415,12.996584226013876,7.859860530605995,7.916615206890672,20.318319312646707,8.048206001787287,8.163912338614239,7.6497239571053655,15.64101313903502,8.346511174366794,8.1763607038576,3.44936739868694,4.22066137129487,2.768715628743277,11.767434640090725,3.985973528288273,0.7286909751326299,9.723835398087537,3.216884065880943,8.084376052954,12.67931924766727,12.63930862796152,4.284650228464085,4.01323524170544,10.333955964531887,4.503389886030248,15.229211725442756,10.310900658414361,5.820467892402181,3.0011888824675097,17.087673033313575
D_500_Muzdalifah_0048,5.244714652229776,13.810662154785751,8.03157877072924,7.859657802097234,6.080536766452816,1.9119114478672568,7.6188553288934155,5.479310449488123,3.9332508977030463,23.465620306261666,8.30118817976414,3.1340779702704937,10.28401267885695,6.040138388307112,10.289737198710935,9.760160021884559,2.2820600734741046,9.890640528532796,16.56056193277831,6.0025198526683985,11.392694205030269,14.91425987598533,4.21676379379113,13.53550551522665,4.104379816081757,4.021815857020363,4.1785314419985475,4.132299732061414,16.048160760802617,12.759498105851314,8.18528632032883,8.270491029598155,19.984222758486506,8.414160770924918,8.492752388080442,8.010262524005661,16.04095380011656,8.64192119019495,8.459661769406825,3.184098414162824,3.9323771350030157,2.3846132063766254,11.673792451270602,4.182856721148262,1.1253633058102313,10.064189874888225,3.60917873192072,7.811896408954544,12.493270437639591,12.435063494776346,4.55020840515307,4.4099375972550305,9.971800367589571,4.27317565464764,15.336106853388754,10.165970201910314,5.691733174746916,2.8011694957720015,16.761084840212533
D_500_Muzdalifah_0049,5.139550654355417,13.810447844462153,7.683828730844278,7.509424158031418,6.219573301489014,1.933865471670129,7.954780796741383,5.475583001253988,3.879396557476342,23.079655265804526,7.827123965556486,3.041092535634968,9.984948447378954,5.888281660816891,10.145770079706038,9.648701030212164,2.4212155609433395,9.64576385386575,16.26812759070513,5.887707003347693,11.449032676120742,14.847876890129024,4.25729003297114,13.4055200517943,4.3352043671513725,4.2523971534901,4.409408498572058,4.370610864090927,16.080715514580135,12.538060795720714,8.527894038293606,8.639086038547175,19.657283067606727,8.793585346967882,8.837917243974651,8.385397746218278,16.4465096546529,8.955775460863144,8.762616018413022,2.980504039136222,3.6902266500677157,2.052205446007508,11.601160574937865,4.428224176341725,1.5831815131631355,10.417649378552428,4.025986255243821,7.562995106063011,12.3248960119326,12.248023165328076,4.853363648031742,4.826345767089472,9.622242016573159,4.0919574322769305,15.458591205683515,10.044093327063669,5.605210426214204,2.6815182700331195,16.4433558273632
D_500_Muzdalifah_0050,5.082076948765066,13.828489983173364,7.353962839636528,7.17727388670824,6.395141297054697,2.0805859069853114,8.30750734988108,5.517766879056998,3.890185984399356,22.69824296883478,7.35680531911235,3.02962313170379,9.702682946892503,5.77624680906789,10.024928512867351,9.56235959357874,2.6497817402895523,9.421323286928075,15.986129262479777,5.814165453710856,11.527003031771182,14.798254482666607,4.355744970840398,13.293254388472132,4.609407014264557,4.527177171343042,4.682970696813598,4.6511450649017965,16.1288544517271,12.333115200198405,8.885696398873945,9.02059602525135,19.33786321945823,9.184810523795539,9.197569141649874,8.773257364333675,16.857275408819497,9.286203999051445,9.083257138513897,2.8518238874491786,3.503787948395469,1.8003573433785223,11.549935353261384,4.714511763902473,2.0618082168065777,10.782925217374899,4.460439989901962,7.340071100561434,12.174929248278943,12.078986869611855,5.18752862876516,5.257779744862339,9.286703485409525,3.9664563538637196,15.596297474105658,9.946117504982594,5.562869568895748,2.653130784343303,16.13500934034092
D_500_Muzdalifah_0051,7.388768693738786,14.796775228498712,11.08149153569403,10.923829911965724,6.728799602619177,4.398208614388945,5.479440810057318,7.081740210240885,6.055104235446491,26.563921275848433,11.582259293146308,5.589268379833825,13.065246406939439,8.319489302640326,12.27292725058165,11.585728715182043,4.153051678670159,12.417974109684334,19.213523944525406,8.107982953262848,12.10350701790708,16.290270488396278,5.8279751574567324,15.332794041848672,4.617736142668033,4.567428645680319,4.664814343715205,4.582607432312173,16.751362670388307,15.090807260913225,5.932386028281842,5.780557638259085,22.123364612911143,5.817523451245238,6.192397228811888,5.481359678052957,13.748840974565633,6.5984812700667375,6.524046593382959,6.008878756527097,6.788947736415345,5.660238486608067,13.190408530425387,4.563922567285689,2.533198289494399,7.597609355088155,1.7331424960923743,10.433445213159345,14.539089465352196,14.586405569005588,4.343435627276645,3.0786127444221503,12.991686593598663,6.865722702942317,15.429919386069386,12.031399163835609,7.692025008022986,5.428096411382139,19.544908400541193
D_500_Muzdalifah_0052,7.0689296973043305,14.676732839279344,10.667817017591714,10.507863281516165,6.592027340140772,3.987055742760833,5.632395193918287,6.8248168629148065,5.71939410668554,26.15616290123654,11.08922168331619,5.20899734405553,12.692786131949184,7.991895877367383,12.006272308486247,11.337270172088301,3.7908135939330387,12.078491169318502,18.868680226280844,7.800137522711019,12.010396396773261,16.12033032805283,5.547669942956401,15.101671346708263,4.4429139320371664,4.386025259893249,4.495685109333588,4.415264801697134,16.67698816187459,14.785076722774035,6.11451516333606,6.00963039823449,21.74743526354947,6.069649571732279,6.387155149835563,5.715235430320918,14.09517739080921,6.747673715256991,6.651975544182796,5.596380862569423,6.380589435271015,5.199173879096084,12.990928991206026,4.405701130764801,2.0310298984233937,7.837806445436444,1.6291602982172457,10.07461381321142,14.271448153370772,14.304347237311275,4.264283227501019,3.1291961710925964,12.58580722871109,6.487692756597774,15.437685434292685,11.779613752655136,7.393085794679037,5.027539798810953,19.181273649222472
D_500_Muzdalifah_0053,6.771278496047952,14.573023251089682,10.262054831383075,10.099747793371936,6.491339260935191,3.599106119134945,5.824778500943301,6.596194892336943,5.409549890597597,25.75174562734722,10.597052439012089,4.850975589407881,12.32954026619235,7.683194608949048,11.755041199340587,11.105983372752215,3.463708147807048,11.750676741087537,18.531035573591172,7.513287248481378,11.937711167295111,15.964390981467735,5.3002423114235615,14.883916587874527,4.319729080559194,4.256478434534121,4.377950935962751,4.3003969129815935,16.61746999184917,14.49031104398372,6.331346748594365,6.270648522232258,21.376697179540766,6.351557066050612,6.614399616494297,5.982231438296985,14.450674784486523,6.930137770126808,6.814612017077187,5.199703092928989,5.9865358332910565,4.746482460823693,12.808051511526031,4.300650372539352,1.5289358093265566,8.102056150315976,1.6760412014993946,9.728488699881929,14.016701910509207,14.034602326664192,4.243508849451395,3.257369577301204,12.187114223932403,6.12753999658349,15.461773514062463,11.544202945500112,7.117075807620097,4.646790327720602,18.824018382130486
D_500_Muzdalifah_0054,6.498864378694564,14.4859972343128,9.86518130430324,9.700474389030827,6.428431077674363,3.2426983030477063,6.052832202398669,6.398908432506882,5.130260198289392,25.35082933862097,10.105878392344016,4.52049253112877,11.976347231668592,7.3957515166460945,11.52024301143385,10.89296214125946,3.1825864826478973,11.435534312573774,18.200990615842972,7.249924583859328,11.885826022493363,15.822866375670154,5.0904885731665175,14.680124621700255,4.252671117676472,4.183608116098178,4.315819902819008,4.242268389070234,16.572968196344195,14.207192697078156,6.579450666967682,6.559799683897197,21.011425136665117,6.659464844146177,6.870908001196107,6.278123443984252,14.81467365400804,7.143324232683518,7.009540501847205,4.822750624277397,5.609802115891916,4.304806510062462,12.642496540946942,4.25271229990553,1.0270246064352633,8.38808554190627,1.86242707056634,9.396474067310015,13.775566116468399,13.777894046484938,4.281962163225652,3.4545070956358694,11.796336221884344,5.788602140167721,15.502107512928339,11.326187773534622,6.866760470708039,4.291123582582619,18.47351269536717
D_500_Muzdalifah_0055,6.25498548970426,14.415956909227539,9.478313010274066,9.31118056838769,6.404416116911231,2.9293676732822895,6.3126915069599425,6.2359322164436355,4.886766536627414,24.953582764897334,9.615852005179782,4.224016830142113,11.634122592249435,7.1321372807753285,11.302901851501685,10.699297488447934,2.960576742620179,11.13413990999328,17.878966205389066,7.012696210424468,11.855014034708475,15.696146401939936,4.923226283968543,14.490884527585981,4.244401054375514,4.1703862390110364,4.311696289827954,4.243211623533321,16.543603931980893,13.936431516940623,6.855432382609915,6.873534296072228,20.65190915226233,6.989937742956644,7.153532939478522,6.599025549209109,15.186562682397737,7.384572736049364,7.2341510308524475,4.470515846423596,5.2541151696782,3.8779115804439352,12.49495262250135,4.263813607120092,0.5258194877928782,8.693745145095455,2.1523763414366797,9.080117852396727,13.548767461436862,13.534964157236258,4.37808273858003,3.7096301695502083,11.414286146869918,5.474820679477728,15.558561057516068,11.12659080093179,6.645044069498906,3.967291187737659,18.130148034659335
D_500_Muzdalifah_0056,6.043097504444326,14.363150736214356,9.10272566930037,8.933171065792,6.419730805934568,2.6742984284985267,6.600600953347257,6.110012330998305,4.68465384514046,24.5601839567467,9.127158084297037,3.969176202553903,11.303862560914945,6.895085472461682,11.104042797598018,10.526057831310256,2.811716043129031,10.847639495465913,17.56540344378069,6.804336078437329,11.845439615225459,15.584592172452435,4.8028967440982315,14.316773331673973,4.295258378825931,4.217373755035312,4.3657443775133,4.3031876773361875,16.52945784892587,13.678761297031635,7.156067150093153,7.208643253336698,20.298455053813136,7.339928423934065,7.459306384500267,6.941469932962302,15.565776331635373,7.651229241142692,7.485772197913982,4.1492983127318634,4.924037954729929,3.471255154389561,12.366064428912159,4.333500493128381,0.05257061263174022,9.017038860768517,2.5102552182287927,8.781112544392462,13.337037351638893,13.306567280798184,4.528199646284203,4.011691153580263,11.041869961302924,5.190759655537846,15.630959468307099,10.946419549013145,6.454874220916774,3.6836982555046687,17.794337767839085
D_500_Muzdalifah_0057,5.866667649852159,14.327769241778947,8.739873718899492,8.567939524710294,6.474095981079306,2.4954203710818224,6.913056741082981,6.02347312966993,4.529464900370013,24.170820774169968,8.640022685030594,3.7644357540623514,10.98664612670084,6.687421335906795,10.924675134162879,10.37426641079093,2.7479179900146433,10.577243377409692,17.26076346203953,6.627567400129776,11.857154176569637,15.4885313525752,4.733080748632086,14.158349155557572,4.403194693861649,4.322607555160519,4.47585721859452,4.419793907325032,16.5305689916001,13.434935247421455,7.478382310133688,7.562285539553586,19.951384996425897,7.70677818869116,7.7855013076196355,7.302426518378914,15.951792211521015,7.940734443232845,7.761777503758994,3.866835454794508,4.625056719154297,3.092830522069473,12.256420490419906,4.459026938050305,0.4833335643848857,9.35613882697151,2.911117623000467,8.50128907844049,13.14110413169083,13.093463931458581,4.7271714444205815,4.350924983233473,10.680095479210864,4.941547015893486,15.719082405976756,10.78664743755521,6.299108676202796,3.4502813210822314,17.466517598087055
D_500_Muzdalifah_0058,5.728972705361386,14.309941646195059,8.391409341822564,8.217189908251306,6.566541741170054,2.409760648269036,7.246884497997829,5.978025039279555,4.4261380766628875,23.785691386108354,8.154725064526266,3.6183100786786886,10.68363517859989,6.511956904926892,10.76577310083866,10.244876583634394,2.775055378242389,10.324216931337551,16.96552690631533,6.484974005353261,11.890094760574037,15.408253693747591,4.716022152661154,14.016143910436167,4.564162180421005,4.481986683003132,4.638043304600561,4.588715077001342,16.546934261774833,13.2057202020972,7.819697378868844,7.931982601326254,19.611037910621935,8.088193319826141,8.129659852687482,7.679285257255488,16.344128338632796,8.250683454794755,8.059662162804523,3.632179918169734,4.363567924210791,2.75429887366119,12.166541067949478,4.635859121291319,0.9843923580224531,9.709389045223466,3.3395204391097626,8.242601217638414,12.961684163438651,12.896412241455394,4.969132835419705,4.719322204931369,10.330080785596694,4.732690987611806,15.822667117892037,10.64819271211633,6.180349228919534,3.2777772384387847,17.147145773281057
D_500_Muzdalifah_0059,5.632853936365809,14.309733529033798,8.059198977282422,7.882855532353654,6.695490856140672,2.427208670578882,7.599268148698179,5.974605790292538,4.37834658336752,23.405004777407957,7.671613945072301,3.538069070728444,10.396071879803289,6.371352970995562,10.628254638068185,10.138746007718183,2.890568025456282,10.089866954045405,16.680193076764812,6.378848114999137,11.944085716727125,15.34400689717647,4.752289030946027,13.8906556986415,4.772798174798254,4.689994267246553,4.847078162891842,4.804436178727738,16.57850846116356,12.991889495678093,8.177633618787722,8.315593361667853,19.277769858749284,8.482209136820773,8.489597578858517,8.069818525400303,16.74234037286965,8.578860647263035,8.377092399272161,3.455085996601408,4.146670361442469,2.4721036535496634,12.09686668545753,4.8583980264707725,1.4862751409785042,10.07530121867751,3.7861264229424227,8.007097677453597,12.799471870471596,12.716158418150883,5.2481411028011715,5.110579877991203,9.99306160312558,4.569728242331231,15.941412177029177,10.531896097342726,6.100757315577404,3.1761264637263675,16.836703040670056
D_500_Muzdalifah_0060,5.580460028349418,14.327145629683258,7.745334340630763,7.567112457985146,6.858884753047165,2.545645037954691,7.967746048632301,6.013287010147107,4.387905315755332,23.028981259052873,7.191129961021459,3.5282106658976273,10.125272440824041,6.267955899445595,10.512958886585487,10.056611056054756,3.084543067833381,9.875523093264473,16.405278665303673,6.311029638725282,12.01884332751035,15.29599293783116,4.8406828883872,13.782341123937838,5.023166403921752,4.940491884561605,5.097201201802871,5.0609762082869025,16.62520491215753,12.794214478567072,8.550103781777121,8.71127985274452,18.95195427514116,8.887149780429583,8.863392295680553,8.47213545409804,17.14601889586557,8.92325502741496,8.71193192493081,3.344709326316021,3.9816578221223025,2.267377866349284,12.047747862823798,5.120687960872887,1.9883578550919112,10.452545622032659,4.245194292554451,7.796879525201077,12.655128937164141,12.55342604836743,5.55862039955726,5.519838878135023,9.670396689462073,4.4576947819641495,16.074981595436284,10.438498179338238,6.061875864475842,3.1521908961927583,16.53569229028846
D_500_Muzdalifah_0061,7.4687867114594795,15.163952184479593,10.964063789286842,10.801021348792345,7.078156387208431,4.306631406895049,5.166547228293924,7.265740436714992,6.109878936147133,26.453117688901646,11.002705073656536,5.558982950330542,13.037823493954198,8.384009613493667,12.436746056187818,11.778343330331502,4.166812371920902,12.456063606753807,19.238057072777487,8.207660943784516,12.503176425916665,16.593465262457656,5.977903566357024,15.54997598864097,4.921794296636493,4.863059871118645,4.976086581950662,4.89631503691019,17.17202459756853,15.188272746327542,5.659947914966917,5.579421733543369,21.416662069692922,5.653351299342011,5.937949031570366,5.288666654850037,14.456533601391508,6.278617257992686,6.175760026735848,5.905305865378565,6.692380962068074,5.424951616913914,13.454011841644107,4.8891753059728496,2.0800470952203227,7.410431722687749,1.1310748317965462,10.436066580041818,14.700223576525385,14.724125855901153,4.76140046012888,3.621500568589824,12.890895331080134,6.835744265220739,15.936803183630214,12.218643956433644,7.8075296853659815,5.354656289255578,19.532300179578474
D_500_Muzdalifah_0062,7.187711019155066,15.06359625422426,10.569679205655241,10.404410178210792,6.9844774130082605,3.950189112419228,5.3756249017135715,7.051426379885213,5.820854789953202,26.05331009527426,10.506482782767245,5.22499487315828,12.68446133240312,8.090282253721572,12.194385669383331,11.555886510350131,3.871601687533326,12.13844917704172,18.907009366699782,7.935553389511762,12.433370921211937,16.442012875034372,5.749019538822826,15.338585961182693,4.810883524426001,4.746547010060666,4.869976743193669,4.792986256576445,17.11422707504459,14.901483909443323,5.893524385627781,5.859631805019828,21.040096102573358,5.9549957533932005,6.181725739462942,5.576121827722551,14.803354079211148,6.474311338363799,6.350601095033257,5.5308264157473745,6.3178020902542835,4.9927704972914775,13.277512977488472,4.794725457959067,1.5934634819877889,7.689379947851572,1.197600425752171,10.102331748169005,14.453035833431434,14.462211687615781,4.742800361128355,3.732803010009709,12.501934551971969,6.4949179238480585,15.960136788801066,11.991853551684315,7.5466906251427925,4.998881595817475,19.18158330384535
D_500_Muzdalifah_0063,6.9316797526409415,14.979419452981618,10.184798722518499,10.017286193437155,6.926047271473992,3.6284279573923293,5.6219248850326276,6.867228227036119,5.562252994543629,25.657106188491916,10.010864908508811,4.919698011849197,12.341428725858911,7.817819230015824,11.968208606601362,11.351310043548894,3.6222713138370684,11.833636883128856,18.58364226666226,7.686670132511309,12.383561266042536,16.30463358027792,5.5562305805019045,15.140913946580447,4.750759735294281,4.68130775054931,4.814196291591681,4.740897606190486,17.07101925873873,14.626325770297326,6.159286631872921,6.168077976499712,20.668876006585904,6.282366666025005,6.455446538811926,5.892439029426257,15.158885095476846,6.702010292369816,6.559330668126968,5.178032595137335,5.962035031875523,4.574930649247158,13.117882996888635,4.751770803983296,1.120815679834474,7.990193379414562,1.446973507224953,9.78301133928158,14.219300445332477,14.21322765252867,4.777232702745879,3.906013886699831,12.121309240467534,6.176171681836282,15.999213257524177,11.782123273995502,7.3110969923649,4.670103550854217,18.837731265063947
D_500_Muzdalifah_0064,6.703563054244678,14.911695750429391,9.810540937446746,9.6407922878713,6.903760949599063,3.3513518936673186,5.9007879503356255,6.715624458938048,5.338496367815175,25.264675493495123,9.515945847897646,4.648748427040292,12.009610807712662,7.568917233678858,11.759148687075081,11.165596750168712,3.428844420667802,11.54264095154522,18.268363616665432,7.46333489393244,12.353989291706409,16.18168579028457,5.403401526116561,14.957503801807132,4.743354468613311,4.669491589649901,4.810496255175778,4.7417379405057964,17.042512092805993,14.363466737167467,6.453259329547114,6.50074220128278,20.303294991332812,6.631655118411727,6.755472491215971,6.233225762419879,15.522528111843881,6.958572972728925,6.798828188016877,4.851657314292106,5.628647931492562,4.1757393180607005,12.97574445568598,4.761705054651278,0.6913037418110964,8.310497955961827,1.8049338252135874,9.479562078110742,13.999691190976945,13.97786470182023,4.863571179641193,4.133357481345672,11.749829450134706,5.883095466131729,16.053917606828048,11.590379244702701,7.103261116867149,4.374413453507334,18.501126803774277
D_500_Muzdalifah_0065,6.506297654428483,14.860650063546563,9.448168240359369,9.27622283651956,6.917967710683997,3.1308470785576548,6.207827263615248,6.598861889042157,5.154125042449653,24.876196565798853,9.02184056289232,4.418469287069771,11.68996256416055,7.345971539703302,11.568133938567568,10.999702062963808,3.301162307882769,11.266531958573392,17.96159932705136,7.267903192986023,12.344800404198178,16.07350064715131,5.2939941641246495,14.788886131306635,4.788912207226214,4.711500403879746,4.858995526460658,4.795479349714381,17.02877938272752,14.113593993109905,6.771769440237026,6.854099051349604,19.943663143487527,6.999580677273747,7.078459436596954,6.594689597867124,15.893726313060572,7.240931850573791,7.065965694977025,4.55737988806602,5.321848352198049,3.801076379860562,12.851677697134294,4.824201401741138,0.4518232840227356,8.648128194839442,2.2195511513958035,9.193555619073933,13.794882705299404,13.756821945604658,4.999127065884156,4.406463009436846,11.388390138246661,5.61970683255111,16.124090749683496,11.417527638169505,6.9256823754378685,4.118943317706883,18.172172644263494
D_500_Muzdalifah_0066,6.342762648581541,14.826454627029163,9.099100672196522,8.925039181537908,6.968444301471483,2.9795000201346253,6.539074957386842,6.518812911819773,5.01348601404802,24.491857433046636,8.528690443975234,4.235499312014251,11.383509176780024,7.151410071763749,11.396071751470782,10.854534672215443,3.2469900249516885,11.006430292314109,17.663792982997315,7.102678661086198,12.356040045862745,15.980377951984783,5.230733784214875,14.635572192253617,4.885951574540043,4.805922855252517,4.95816246554334,4.9003815962767705,17.02985684655551,13.877409008991455,7.1115207326385255,7.225113080347294,19.590308083080625,7.38335765460294,7.421410071442637,6.973615945933942,16.27196263259963,7.546191747351199,7.357733171044986,4.3017925320166714,5.046487684359328,3.45892150974722,12.746210411767155,4.937264158440338,0.6595128682002381,9.001134618505516,2.6645065428255403,8.926668652706333,13.605543376555458,13.55080015167471,5.180037826676302,4.717389132049717,11.037977640412487,5.390359328456229,16.209531763026202,11.2644381584887,6.780738310141619,3.9115814369832815,17.851291695898013
D_500_Muzdalifah_0067,6.21562091447703,14.809226138708418,8.764927980606316,8.588883394337811,7.054412140247724,2.9081281819520566,6.891040814717274,6.476838866680826,4.920330663100297,24.11185604220617,8.036671276530363,4.106167540094688,11.091344382800308,6.987604148284373,11.243832205374531,10.730935765447406,3.2699828996511746,10.763496436580489,17.375405172227907,6.969809821272583,12.387652577926513,15.902582290437456,5.215299835341762,14.498047466354384,5.0314946865624615,4.949760215985751,5.10504514495551,5.053259410370707,17.045741651937014,13.65562199598472,7.469615284360652,7.611202533547768,19.24357555962602,7.7806407569525815,7.781685300970821,7.367310771079821,16.656757594862142,7.871688794098146,7.671320783035785,4.092151086411474,4.8079705610727155,3.1598523910438376,12.659807425668324,5.097529679143978,1.0818220180799158,9.36777908039323,3.1268752306185768,8.680664797192692,13.432327340551026,13.360494187379844,5.401748346552245,5.059167437696954,10.699675352149047,5.199559391660619,16.310000678405327,11.131926122460996,6.670556549156444,3.7602949483752877,17.538927047946725
D_500_Muzdalifah_0068,6.127138350168006,14.80902378810098,8.447417988428828,8.2695882610409,7.174595488000928,2.922596460788509,7.260712441284956,6.473680343731814,4.877380403666387,23.736400708727924,7.546004232824608,4.035634071846975,10.814626256019713,6.8567582867805665,11.11223001471694,10.629657709206295,3.3685610568628843,10.538917631396593,17.096912488233734,6.8711738701740135,12.43948264735815,15.84033946248991,5.248114208796584,14.37676504003168,5.221487076500515,5.138864695259767,5.295674593776311,5.249923239126417,17.07639245279638,13.448945254972053,7.8435410774294025,8.01018775928955,18.90382996523526,8.189464563771242,8.156989837238076,7.77353047114386,17.047667062396414,8.21501777231602,8.004164279126268,3.9358042641925963,4.612016692562481,2.917150698664023,12.592861128364989,5.3007181332553355,1.5525103644063023,9.746522553957414,3.599953787472782,8.457366514739146,13.275865684606654,13.186584461863573,5.659465570784338,5.4259709045346165,10.374667988914387,5.05167661294829,16.42522170772615,11.020733780577197,6.596879071606609,3.6720211766377884,17.235541713058566
D_500_Muzdalifah_0069,7.880006419585902,15.651936389059111,11.274652448183613,11.108899675064988,7.566008734303297,4.657924063687612,4.707576344868887,7.713790294162256,6.515250720705473,26.7560968976474,10.938323847999548,5.930400514018575,13.39259416472333,8.787010436957146,12.872196518576189,12.223901241843208,4.5665199460817725,12.841954950967212,19.613191883925296,8.624845999519312,12.996458380457959,17.0680940931853,6.418157013961155,16.001304269111003,5.404382799848563,5.344174827818444,5.459891035011543,5.380702376390333,17.667303938986414,15.597034199509338,5.213583752138972,5.161682489774423,21.09252548075868,5.2515564936359675,5.4974045771859155,4.875941294382296,14.825903413034565,5.81461091888823,5.703505640767821,6.238951596612247,7.02586114725232,5.685728934966159,13.9196028690694,5.375554604944943,2.2420602217365833,6.992604539841459,0.6349987880414106,10.808507975664428,15.133328283352242,15.148733472242608,5.258942530576728,4.115505383395585,13.207821091942778,7.20162216611955,16.435935195697606,12.662145673385021,8.231405698338248,5.706772527421521,19.889669477719814
D_500_Muzdalifah_0070,7.614124048292044,15.55472806397335,10.891518976807342,10.723680103812539,7.478441063426839,4.3304901412877825,4.936129196440894,7.512267194097957,6.245013240238183,26.36088463595474,10.439040596680346,5.618531759210176,13.048841730711185,8.507207060943943,12.638188275674981,12.009699099817999,4.298842437004873,12.534121727365003,19.28858305385017,8.366316227549284,12.929315036814797,16.9208895196198,6.205529925217563,15.795954375182978,5.303570536501647,5.2383707066598495,5.363358245624385,5.286845949043495,17.611130929810155,15.3178994156446,5.466263610571649,5.4633567059780175,20.710066363640763,5.574979919376612,5.759853666429548,5.186319077186199,15.16427684086279,6.025390956708388,5.8923732684338965,5.885736167482362,6.670034144633507,5.274954116542159,13.749081015863426,5.289792998039222,1.7998142726763962,7.287560998680165,0.7470645012526828,10.486631379778867,14.893329642644002,14.894286902971693,5.242104749876303,4.21377506392615,12.828472179879302,6.878945473258971,16.45856002390831,12.443439808385664,7.984424102099633,5.374355307483941,19.545365638698648
D_500_Muzdalifah_0071,7.372913130101717,15.473222216669248,10.518420299528486,10.348505201231578,7.423897352588445,4.039134562459688,5.203271157345937,7.339641348872672,6.004703673801209,25.969373411767005,9.940059465136502,5.335796522073726,12.715641857435212,8.248525429838422,12.420094524437772,11.812983027719232,4.075728540911942,12.239166352887633,18.971720255263477,8.130627652882534,12.881421857281445,16.787428586910977,6.027357733806943,15.604076395723725,5.24908977037996,5.179326854153348,5.3127572199469615,5.2396658347576075,17.56914416724507,15.050355403216253,5.751798189214914,5.7929378796000535,20.332821431221774,5.923387457872711,6.052679844218496,5.524995062988325,15.511535988829163,6.269412542320659,6.116756529588037,5.55552338499018,6.334079545061748,4.881326024239704,13.594988053284863,5.250886451734114,1.3987137516610055,7.604283815191045,1.10342907127383,10.179371943687658,14.666611705732372,14.65264573483923,5.273274446499948,4.367950279905171,12.457826592545013,6.578829520262238,16.496454701831805,12.241447653752434,7.762125762807495,5.0699815973799645,19.20802636465932
D_500_Muzdalifah_0072,7.158867882743846,15.407668018878903,10.156462324057301,9.984507297318933,7.403107512476424,3.7921821183446065,5.503385513212978,7.197992087521617,5.7980443821990955,25.58173313544267,9.441428311668096,5.087054710725078,12.39384563595138,8.013011354798854,12.218767438364,11.63463997687948,3.904824468136344,11.958041761128674,18.662998009930757,7.919819703311807,12.852994003461424,16.66804140972805,5.886769694610662,15.42617302253482,5.242385104007669,5.16864593306825,5.309401295966966,5.240422803758859,17.541445495911606,14.795030948705485,6.0655493051864635,6.145937979766801,19.961086294245252,6.292630484555905,6.371696272148717,5.88708733744416,15.867097437045368,6.542957409110778,6.372905059932981,5.252653210987537,6.0213244908775305,4.509337110701978,13.457888295841043,5.259874732089624,1.0853752589169243,7.940168671598872,1.5432348121537292,9.888092347065566,14.453799409322219,14.42445350949215,5.351612772237135,4.572379229843184,12.096684339246735,6.304496974978988,16.549514311599733,12.057009223858483,7.566686415010277,4.79899022148293,18.878024995878523
D_500_Muzdalifah_0073,6.974489818214582,15.358269706273662,9.806878648983856,9.632953460187831,7.416355354441804,3.5987853040612503,5.831383604242528,7.089176430811973,5.6287429236010516,25.1981424398167,8.943205630392077,4.87750977753513,12.084364075252497,7.802762894008087,12.035048451422075,11.47552655826547,3.793193700198128,11.691745631188157,18.362826885752774,7.735926622891207,12.844160691543829,16.56303229932547,5.786505802026069,15.262732903441908,5.283638339717737,5.206625510236725,5.353379249324671,5.289096197011766,17.528102628704886,14.552569213862451,6.403370591972499,6.518553428845417,19.595174509317104,6.67925434490349,6.7131701682346065,6.2685393333372,16.23041553142526,6.8424856201088815,6.657153092868738,4.982114655479107,5.735565316549295,4.164789596931205,13.33830572486199,5.316514850213809,0.950919808712563,8.292887498877246,2.0125005502864717,9.614245065008504,14.255515506121416,14.210358108953079,5.475095343628349,4.8206727742260025,11.745921991771754,6.059450698090029,16.6175935654597,11.890941331320926,7.400234338485213,4.5673269426799665,18.555753013444335
D_500_Muzdalifah_0074,6.822184679056551,15.325183480925697,9.471039566560306,9.295255686306698,7.463459572710005,3.467915589715985,6.182829273109257,7.014722477845616,5.500250005404694,24.81878907601765,8.445463664364059,4.712393416384863,11.788167092432666,7.619871677161696,11.86975516713043,11.336452460649655,3.746138716810707,11.441313369986954,18.07163296945753,7.580907265027694,12.85496228319331,16.47267620281261,5.728683645950172,15.11422522100961,5.371744612471668,5.292217976888512,5.443543906318568,5.3843866412669845,17.529148324550775,14.323623382460093,6.761655218071527,6.907610579840505,19.235418387797218,7.080412327499688,7.073849973756679,6.666028337462671,16.60098098472917,7.164739089656441,6.966061643738716,4.749435895266961,5.481025952945062,3.85504819255851,13.23671507717805,5.419312832847661,1.0653761938490234,8.660383659733256,2.4946561364403697,9.35936034522338,14.072374108648475,14.011005739357348,5.640758091519923,5.106436267791398,11.406497135246646,5.8473736846246505,16.70050875829174,11.744023280270483,7.264762241639316,4.381234683259415,18.241620061409215
D_500_Muzdalifah_0075,6.704138666560647,15.308515082319657,9.150458514870165,8.972978484272796,7.543785931276804,3.4067863188280723,6.553951520554014,6.975730513682684,5.415471125336192,24.443870310323273,7.948292673678598,4.596495954304801,11.506280620661943,7.46634830065387,11.723666934760304,11.21816296844568,3.766080698478591,11.207808399697347,17.789857074890957,7.456562616724718,12.885349367972221,16.397215331411402,5.714591619556048,14.981094030669238,5.504454468341093,5.423169340879794,5.5776557733187015,5.523882068948196,17.544579987461656,14.108851412997913,7.137322089437468,7.310484812243468,18.882169757264318,7.493770611013583,7.450947040479675,7.076852532754095,16.97831924127549,7.50679166666686,7.296499205462601,4.5604155062031,5.26223866804324,3.589135397876962,13.153533207563168,5.565711604610669,1.3676156234383552,9.040855264433262,2.9834585958467574,9.125027296125172,13.904973523033284,13.82703406245354,5.8450155624113975,5.423750279017261,11.079451772010977,5.6719652703716505,16.79804017651536,11.61698161304206,7.16202827262037,4.246708393192637,17.936053764361738
D_500_Muzdalifah_0076,6.622184066130688,15.308318113386576,8.846794317982457,8.66784202487088,7.656288792806037,3.4191399948344543,6.941595066316562,6.972795417008733,5.376474518445493,24.07359331816321,7.451806887897034,4.533593591924713,11.239781370471366,7.34403470010513,11.59750949222878,11.12132127748491,3.8519791352030213,10.992309474007934,17.51795365072776,7.364446563640699,12.935183885531272,16.336856067182886,5.744551485616725,14.863752481807964,5.67864153889898,5.596296288066741,5.7526419642680215,5.7043403293741894,17.57435969828262,13.908909881242382,7.527769263454083,7.7250146143158025,18.53580065178295,7.917418488235704,7.84209333908174,7.498820472701535,17.361988691299953,7.8660608539376335,7.64567485442285,4.420657238876705,5.08382135736723,3.377419219485643,13.089111055359776,5.75238312301339,1.7636002508870776,9.432732297146954,3.4761049339825405,8.912867025010991,13.753888482840418,13.659064542574527,6.083981709390748,5.767409503189223,10.765914110676137,5.536711570055109,16.909934891947234,11.510474442918628,7.093454948095375,4.168743104068794,17.63949930133978
D_500_Muzdalifah_0077,7.821139807530722,15.967370160946073,10.864755960662949,10.692792582358502,7.921937110596054,4.467935340042456,4.80007811318628,7.815405436220371,6.455462136654563,26.287417495369088,9.893981714872455,5.765131300486145,13.098203912430916,8.686585142413351,12.875487929850117,12.277605926761563,4.538832000096952,12.651408481755094,19.364898300194692,8.580677686658253,13.379393733961075,17.27116514850733,6.502699521372298,16.06940671341044,5.747598271632418,5.677581199933767,5.811455037892354,5.738536670570051,18.067336761819192,15.478879130923625,5.3598769686668915,5.437812078519861,20.00358869093507,5.586021339839377,5.6653159539436375,5.179674740559585,15.8720637541373,5.847465634850929,5.683601955582139,5.950998013460245,6.722647087230871,5.217606464876302,14.073636860407928,5.750044205384128,1.7763149701794718,7.232275134606437,0.9165713149298492,10.584452275944399,15.117182319746673,15.095791555426985,5.769888338171661,4.837329114993515,12.804978076982296,6.993970014775807,16.993819878856524,12.70379325570847,8.218744972343003,5.486189794913447,19.584053264677056
D_500_Muzdalifah_0078,7.619694014930802,15.903851817043837,10.514725677106835,10.340919294490835,7.902455362314505,4.245992260826014,5.123859222230373,7.68253105720683,6.263689882242131,25.90453663341665,9.392903575017296,5.535712009637342,12.786038492883808,8.463268223172463,12.681391407240666,12.106108157277259,4.386006503356076,12.37964771597265,19.06254408965832,8.38119535036456,13.35202479807833,17.15514378424247,6.372604129160019,15.896710821645346,5.741472667679887,5.667836165744618,5.808384180551966,5.739224727365191,18.040401994754493,15.230739107533696,5.695256675764865,5.8124164871721495,19.625618093820073,5.976142093093496,6.004943478891225,5.564280563359834,16.21972227084977,6.139835036312397,5.958397596049474,5.6692919583921455,6.428820861861293,4.871361555783674,13.94124380372294,5.758250270478341,1.5417198577310856,7.584649608238674,1.4156570415601857,10.304627970057588,14.910801106369185,14.874398312451062,5.841567477257564,5.022686278538347,12.453905656565764,6.736562119887266,17.04533016906892,12.526163106495053,8.034418665492629,5.236777617762823,19.26049506376968
D_500_Muzdalifah_0079,7.446732357284981,15.855998277610787,10.177454004017067,10.00189933122177,7.914865146745272,4.0741903482940955,5.474639477691341,7.580671578152889,6.107307563913239,25.525797041887134,8.891961107805196,5.343786138195354,12.486280391543442,8.26448029863235,12.50446999388382,11.953270873334048,4.286919978378226,12.122615286258581,18.768763380345504,8.207643956953246,13.343520464076763,17.053133406780795,6.280098795780452,15.738156969499565,5.779161242087887,5.702488844908391,5.848608188631041,5.783698776861035,18.027427392342798,14.995323095285533,6.053773704755682,6.205089105012264,19.25333138155998,6.381964772453229,6.366117115470004,5.966403147862332,16.575311387341053,6.458084340416267,6.261487998402315,5.41958851521684,6.1619856234729395,4.554281806735263,13.825841295947706,5.810030781309801,1.4501980883546413,7.953148650709117,1.916411475227881,10.042144464120573,14.718673987113867,14.666871294442931,5.954895719609603,5.249721262951754,12.113490450799162,6.507802826517326,17.111435715080045,12.366395765433303,7.877853456731443,5.025333329917391,18.944729836576265
D_500_Muzdalifah_0080,7.304278529347515,15.823951634331372,9.854251016091157,9.67708362708782,7.959017237266933,3.95906245642372,5.84756199815372,7.5110888498783925,5.989087977435661,25.1513857880215,8.39117856323049,5.193511972541409,12.199844176957193,8.092029250415694,12.3454620825044,11.819817936225189,4.2453368148252775,11.88126706961204,18.48396495168468,8.06169834572794,13.35391674281792,16.96538673202435,6.226858978988467,15.594176504572307,5.859818587854041,5.7807407951811705,5.931246218850596,5.870963763790614,18.028443072326116,14.773239361990097,6.431559896403033,6.612611853780422,18.88706464419455,6.800678915679776,6.745376703544687,6.382732534596624,16.93833162183699,6.79858005471105,6.588969608312048,5.206494179034417,5.925788596906765,4.272864906837853,13.7278578045563,5.90423932918103,1.5276836014245123,8.335633998035483,2.417797843062213,9.798395413468102,14.541365939629848,14.473806931899471,6.107554988748198,5.513287568255756,11.784656004108104,6.310808272682524,17.191968131560188,12.225191550241444,7.750731803263337,4.85681824121093,18.637153669442792
D_500_Arafat_0001,11.187321930609059,18.333750170764933,14.751924314679762,14.587729837243714,10.368062882115945,8.097446308293945,2.507046810463642,10.867532936475284,9.846944492701706,30.238513421445546,13.782137395546599,9.339139178659297,16.82259724449783,12.115848174012651,16.05900920669681,15.35802439496763,7.924457913587361,16.209159593486902,23.001413400143395,11.908457056886878,15.587190840315943,19.936438015017938,9.625794932175644,19.08175324143151,8.342439820086781,8.30029576581934,8.382035105797385,8.298858711746933,20.148458549381747,18.891223210249667,2.683767774311029,2.2797817966970766,22.2949846093621,2.201729421806917,2.8371734974277927,1.9870798475580158,14.788338359343586,3.466360978310441,3.534788652334839,9.697157147900617,10.484266830007305,9.173826637517404,16.898247536140854,8.268977694581679,5.712801725464529,3.9562858890492936,3.265770152299874,14.20831581174746,18.324488111186643,18.380313073165972,7.929274251498215,6.470429090325818,16.681060594167203,10.617626527124486,18.54744432785014,15.806145306662943,11.492357291891052,9.144505175766827,23.313636378234673
D_500_Arafat_0002,10.86924182710922,18.17131381730876,14.360728851119513,14.194907192668301,10.162832882244166,7.728480363497888,2.3650188239774743,10.589557466648095,9.519342630165998,29.8408952085971,13.2807335042083,8.984522573994203,16.462512481260013,11.792313395891108,15.780556612185684,15.092443673212808,7.584711950949637,15.875424329293475,22.6614424410229,11.598382880445795,15.437732625676988,19.737325584268003,9.331433782030114,18.83315033764749,8.100659004405522,8.054756398111257,8.143560689196159,8.060626838257045,20.027043403782674,18.583667677238022,2.6467201155367057,2.3466225259300306,21.8673866308778,2.3351870344795818,2.8474457339711416,2.043408458719921,15.031521548449902,3.4081133085325686,3.433476273819221,9.3196624964254,10.106946012575541,8.761313296728929,16.671426785722048,8.035246206920384,5.287012510867209,4.119243517474147,2.814968166827214,13.860941010790134,18.046726193036754,18.09130692759209,7.733074522442417,6.307839655595947,16.29370428699923,10.26130564242197,18.48934040399898,15.538575239703357,11.188079500467271,8.777374124461675,22.957609343027713
D_500_Arafat_0003,10.565474209782757,18.021417451445238,13.976636926700573,13.809181832374293,9.978687156619882,7.375280191271689,2.325061179169726,10.32854122864255,9.207498688832963,29.446476209567763,12.779398635824233,8.644556089642961,16.11004171183267,11.481642566551955,15.51337310374376,14.83911674381947,7.26383196293372,15.550753290611917,22.32759556815883,11.302132711675961,15.303308340810016,19.549093952572726,9.055383177379666,18.594794651192025,7.8835035838869185,7.833764720803781,7.929768422694158,7.84735193445601,19.917558722597814,18.284739134748303,2.7041097851622107,2.514047365678242,21.4430273161191,2.5618643866470694,2.9446400546835427,2.215200889757359,15.287344687103905,3.4233576848036416,3.4040199202291164,8.95443690457366,9.740915988791693,8.358630503302365,16.45681504286798,7.826809651318742,4.875804821740741,4.334593229920018,2.3848286245878243,13.523302775748471,17.778818255719575,17.811778533856717,7.565188087490089,6.1818933632052815,15.91277483755235,9.917629466784796,18.444736805267755,15.282833475457474,10.898465564200528,8.424203022316734,22.607136208410004
D_500_Arafat_0004,10.277288227471171,17.884376361717518,13.600250369385746,13.431165213985299,9.816812244627327,7.040218989149767,2.39229372022107,10.085800961226337,8.913066756879925,29.055386696071942,12.278141212255267,8.321035518410739,15.765695592720322,11.184907624135674,15.258050664644545,14.598681503017698,6.9644260805788205,15.235725933665393,22.000151559358553,11.020821377543397,15.184317242980226,19.372060276473096,8.799366536612379,18.367085108776493,7.693059124509768,7.639451301696868,7.742703101537228,7.661118533034274,19.820202194139902,17.994867496885114,2.8502378380870996,2.763836981459011,21.022102776997595,2.859678929887713,3.12064515321011,2.4785633067434225,15.55518412551667,3.5111368759217063,3.448261429560931,8.603043044786613,9.387497533891805,7.9672689162830945,16.254895872640834,7.645737010703787,4.483192707256293,4.594974554897481,1.9888034693425942,13.196148459824228,17.52121629838933,17.54218094843417,7.427535057519215,6.094862188735662,15.538744886554813,9.587957786539725,18.413731615384528,15.039523407296507,10.624714657229912,8.086821020532469,22.262479259064094
D_500_Arafat_0005,10.00603024090715,17.760488104184326,13.232226695089537,13.061526624908723,9.678325640773778,6.726008062893422,2.558279205830336,9.862686139152471,8.637827505838496,28.66776291816009,11.776971087750692,8.015952308026188,15.4300180518056,10.903246398074128,15.01519434653498,14.371784958233086,6.689378304747451,14.930952658262433,21.67940052293754,10.755621071725914,15.081124616331094,19.20653418430275,8.5651804700604,18.15042238204691,7.53135215618618,7.473897195565436,7.584342564013491,7.503940204605415,19.73515328871558,17.714497354972984,3.0724688064711327,3.075990665650103,20.60482349628049,3.2088846990407647,3.3631101314260268,2.807846250452098,15.834430082462182,3.666244465426231,3.5634567932223433,8.267244782371677,9.048168534711387,7.588980178611406,16.066147817208144,7.494012019547376,4.114502770554592,4.893203900960155,1.6516173830234262,12.88027691935539,17.274381363417117,17.282978886781937,7.321820774301294,6.048426154311074,15.172124684303183,9.273784206153472,18.39639356843844,14.809257763546636,10.368083322206047,7.767285798684993,21.92391277985843
D_500_Arafat_0006,9.75311273792641,17.650029623202425,12.873283130919742,12.700997534457064,9.564243317902534,6.435701999568381,2.8055442300293576,9.660556591023475,8.383671410288606,28.283747353731002,11.275899866601785,7.731489319106142,15.10358705124198,10.637856249402562,14.785418417516098,14.159077960836969,6.441809403338535,14.637073982363065,21.36564387610313,10.507751682814787,14.994056623677258,19.052815582109513,8.354660902335645,17.945206576355105,7.400266736109404,7.339048860997586,7.456515865560771,7.377674147116288,19.662571693252826,17.44408683020444,3.3557168259007906,3.433541100421748,20.191415455742625,3.5945348253674645,3.658846128134206,3.1826541863783744,16.12448992498133,3.8806154126318186,3.743060658773367,7.949018772680755,8.724573063407755,7.225817710027963,15.89104018319777,7.373446523935289,3.7767473362454496,5.222801683347598,1.415948083721444,12.576538283180914,17.038781367765207,17.034646871782755,7.249442547293305,6.04352101624868,14.813464367858582,8.976736065230108,18.392761292595544,14.592654035204019,10.129872730041216,7.467888532174158,21.59172325658685
D_500_Arafat_0007,11.893205871548524,18.975207040735974,15.455735623854553,15.291127692222954,11.037172800349733,8.804644204800342,2.325960446951114,11.564778113647856,10.554113943308794,30.940946844622623,14.320224261601451,10.047360758409743,17.530733739534075,12.822383578342079,16.75538845604256,16.05039040123166,8.632595507348906,16.916605900309886,23.709241394864076,12.612976381640586,16.221610439205946,20.598604353390353,10.327551225826593,19.767237981792505,9.02883939951185,8.988119424419368,9.067145930862276,8.983940284009092,20.761940311171706,19.59470370403082,2.3476190112076076,1.834658688353951,22.475230085203656,1.6808846422963069,2.4327266150242295,1.5783034897477082,15.007467459054403,3.1256240335138643,3.248914357726015,10.403373698150274,11.190567480538263,9.870141626711348,17.574829884501167,8.952322289720003,6.4019272515213865,3.359023891890303,3.93638209465409,14.916561915498475,19.020386561977684,19.079447656941507,8.596313481917468,7.122563970664921,17.385820918373994,11.325822246333642,19.112368620018056,16.499105419849283,12.195845277874957,9.85196766115996,24.021912091862365
D_500_Arafat_0008,11.572725757976542,18.80489591057823,15.06606841501666,14.899916319717654,10.821322211550259,8.436701061256898,2.052686732959254,11.281619407680823,10.22449413104422,30.544212406251845,13.820086792968102,9.692624804376837,17.170805259807636,12.496951154967093,16.47339118420254,15.780473985066385,8.291436528863684,16.581893300910995,23.368771181848178,12.300150325563036,16.062350244902962,20.393585737754663,10.02863064195652,19.51443883186661,8.777226471542045,8.733033334513275,8.818593588564218,8.735514957196976,20.63190793542461,19.285284216255842,2.1929964741284946,1.7806191282402237,22.03968361842416,1.710631054319107,2.339220646251366,1.4877745447709343,15.230598898487875,2.977331913521802,3.056938837056788,10.027304196411945,10.814559620707257,9.461321568852082,17.34231034783052,8.707964930330917,5.9830148010789825,3.4777020924078186,3.499898830521443,14.568756162239925,18.739475699227228,18.787766869008784,8.38564522132265,6.938926129745206,16.99968165982058,10.96950507097299,19.042742068029447,16.227413683824047,11.888350505473706,9.485619699215583,23.665879051402825
D_500_Arafat_0009,11.265531443680946,18.646563463334097,14.683244055826185,14.51554377367451,10.6248494817831,8.083233720529664,1.8765710630984767,11.014098313952523,9.909380367895835,30.15062574840458,13.320110775944961,9.351420855241235,16.81817674198751,12.183539652616682,16.202060976821233,15.522122070359762,7.9673528656688895,16.255811369380027,23.0342223886083,12.000200227260335,15.917353202800482,20.198979431184547,9.746441950741138,19.27141770205544,8.547750971285824,8.50000177041318,8.592242372655436,8.50951459037894,20.51335363241398,18.984113160877275,2.1474907898424678,1.8654225481828226,21.60703366654129,1.8792841257368373,2.3516615310723665,1.5622002171559612,15.466828543291324,2.909303843716572,2.9391953960750747,9.66271461494683,10.449171216390594,9.061903432933551,17.121372613139172,8.486330803284517,5.577887908297589,3.6620137298080717,3.0835126954219825,14.230181932218825,18.467955619197788,18.505124579041304,8.200369753734272,6.787565858353199,16.619752437065454,10.624990070130666,18.986153024273428,15.966903827255031,11.594468319450895,9.132210794368639,23.315231018664182
D_500_Arafat_0010,10.972738801600427,18.50051723005401,14.307811796822703,14.13856779947361,10.448847731927371,7.7462240163521034,1.8259462152962238,10.763380864495305,9.610199656372616,29.76031174798381,12.82031506810207,9.025283742756113,16.47331695797211,11.883100214564179,15.941942474714429,15.275921390896817,7.662511357412211,15.938889794348283,22.70585673792196,11.714115194070034,15.787012295139,20.0150891316985,9.482478998051485,19.038549014822063,8.342239896601235,8.290884548748682,8.389889322824692,8.307769448121661,20.406477433643563,18.691589232761896,2.217828595561263,2.072091238265911,21.17745773627689,2.154465834289417,2.4684477196822994,1.7810194720169283,15.715565718850575,2.9271411617846916,2.9047249885392796,9.310953567619972,10.095555342962063,8.673186203152293,16.912470562549206,8.289242751351862,5.189775904966106,3.9026707309470177,2.6965495246598623,13.901513719531108,18.206246454636986,18.231941129966973,8.042242201441454,6.670680628348611,16.246468902381483,10.29346230419208,18.942718311512724,15.718131814290595,11.315259380082104,8.793301128007878,22.970214589151194
D_500_Arafat_0011,10.69553060652981,18.367050273704525,13.940368858266387,13.769595878117281,10.294366946851614,7.427912316153624,1.9108123636777843,10.530667288501176,9.328485080759432,29.373400852766704,12.320721579470971,8.715904925007568,16.13672396978546,11.596641069046823,15.69359315792408,15.042468570739427,7.379297036190736,15.631685719358224,22.383946327735597,11.442935159975807,15.671693183868312,19.842212757037736,9.23830414566211,18.816209691062095,8.162503488243257,8.107532295313025,8.21330832512095,8.1320848908556,20.3114636657896,18.40812464954503,2.3938198935213713,2.3689419823371964,20.75114671778025,2.5012597642250154,2.675951976895212,2.09956062219554,15.976226213353096,3.029327332550216,2.956441659892986,8.973529765925324,9.754992296108592,8.296674049077286,16.71605541092259,8.118488595724655,4.82278825738712,4.1899754009606776,2.3535669523131384,13.583470576880165,17.954777200295855,17.968647922252313,7.912890214752664,6.590105030467045,15.880299679256776,9.976216584538715,18.912528539586962,15.48166346879405,11.051835802773738,8.470631173081523,22.63108731187021
D_500_Arafat_0012,10.435148889059652,18.24643861445159,13.581563667859514,13.409288717601802,10.16238856921142,7.130802981609042,2.1149210541689083,10.317175901241681,9.065864981482155,28.990029306116284,11.821355914251907,8.425130697644748,15.808925793677531,11.325223078545198,15.457580279653019,14.822365932496043,7.120291020075167,15.33478314556585,22.068773623278705,11.187743989198463,15.571729585915724,19.680640530373164,9.015525303825072,18.604777211220426,8.010276896793858,7.951727437506933,8.06419249274162,7.984181370526162,20.228479464014473,18.134144228311055,2.654533083014484,2.7266779269906594,20.328306000459342,2.8940352697532266,2.9551253199494245,2.47968587618039,16.248236176381262,3.2078114286249004,3.0900208495485435,8.652120738969376,9.428896506992082,7.934104681761566,16.5325721913118,7.97575982297319,4.482116754372969,4.5150314310002395,2.076473912596328,13.276816059106986,17.713983938569648,17.715685909247778,7.813742960764673,6.547179718745952,15.521748244892946,9.674657956687158,18.89564717181975,15.258070818578997,10.80535210516629,8.16612615672031,22.298117870780178
D_500_Arafat_0013,10.19288321034845,18.138938668749553,13.232098884124522,13.058363542323235,10.05379877942432,6.857652299173949,2.4081404228078513,10.124122773308578,8.824044339394703,28.61033937341352,11.322248180927316,8.15495135827726,15.490480741535217,11.069952618676323,15.234477173190221,14.616216573830595,6.8882245808184575,15.048791783452044,21.760631366949102,10.94965960402633,15.487418814513642,19.530652982102335,8.815764639757395,18.404627450728924,7.887153097419661,7.825115574211477,7.9440885433903015,7.865626157260146,20.157673377015698,17.870084179249076,2.9777977574213326,3.1244552311471745,19.909156677169698,3.3164953521145466,3.2877611459576013,2.8972558155334216,16.53103534321807,3.450774520146448,3.2955228920747346,8.348576285238124,9.118820142811526,7.587477088922663,16.362455927995775,7.862582756439775,4.174209530327349,4.870285711030745,1.8944070463830154,12.982357187525558,17.48430773993993,17.4735037641973,7.745960323393909,6.542645726515361,15.171354685980555,9.39029781777093,18.89210986256594,15.04792779586718,10.576992603795736,7.881891633728725,21.971586206834743
D_500_Arafat_0014,9.97005424011094,18.044784750626576,12.892734028785041,12.71759699425024,9.969361836113503,6.611430423481659,2.762236551605472,9.952697261710084,8.604776871712764,28.234479568833088,10.823434024533954,7.907478169353267,15.18197734900823,10.831971329070628,15.024858911446671,14.424618718612269,6.685903449086775,14.774345253725803,21.459822393221355,10.729820776261464,15.419017613114002,19.392518891234396,8.640618711257643,18.21613229771429,7.794511302091112,7.729131428175383,7.854327438142816,7.777761369660919,20.099174089456856,17.616390587775257,3.3455303995756505,3.5488349106931443,19.493936840311402,3.7586438283145496,3.659308849690351,3.3382482892353735,16.824079625086757,3.745690210841572,3.5605158782183386,8.0649137486296,8.82645162316124,7.25907527751716,16.20612754151159,7.780247091808118,3.9068209034668184,5.249610966440327,1.8358592071154105,12.70094219069189,17.26619222661065,17.24255569884415,7.710369482786205,6.576582394995037,14.82969724506139,9.124744166877042,18.901924081927127,14.851805293712768,10.367954912638291,7.620196166248839,21.651783568578256
D_500_Arafat_0015,12.599359790548636,19.621261962278773,16.159938003980148,15.994957030490788,11.710891993699963,9.512004553885992,2.3533496521673296,12.263289230716943,11.2614241752153,31.643640922895404,14.872581050043282,10.755591257079,18.238881891593334,13.529102356203836,17.45272625306751,16.7440884404406,9.340756204831505,17.624119773973394,24.417095900158525,13.317895630138423,16.8619134584755,21.26374357314543,11.030142793360175,20.45427666537117,9.718381126074402,9.678895791418462,9.755568168419444,9.672365911536577,21.381283945816545,20.29851851365775,2.1962184807528686,1.5930775350343649,22.676174978397547,1.344057491433067,2.1886341696748937,1.4272188079001376,15.256361939951208,2.9200594427928257,3.1015338198016895,11.109854097240905,11.897104499923584,10.568048148774507,18.25381794412426,9.639269110674212,7.094828455711211,2.8137594464492754,4.618257832131467,15.624811797464004,19.717167384214694,19.779233568602777,9.26947541131679,7.784519081194713,18.090856626794782,12.034028926066243,19.686567392039013,17.193314875591962,12.899858744599856,10.559540987832657,24.730188306362418
D_500_Arafat_0016,12.276762297431983,19.443634601774193,15.771672135274182,15.60522228772889,11.485739381130015,9.14493243474471,1.9588481516472445,11.975579108345396,10.930051443762343,31.247753805517107,14.374110345161991,10.400752518414125,17.87909755348305,13.2019796831178,17.16748709373894,16.4702219007069,8.998407277144947,17.28851108609768,24.076156157409873,13.00262503741142,16.69365015727995,21.053218429678655,10.727281030583322,20.197585008014286,9.45843988044075,9.415731194654823,9.498471316739765,9.415311489952584,21.24316682700411,19.987371316675898,1.9017610040111983,1.355702003306915,22.233218971746155,1.1843882469938465,1.959416966589576,1.1201715361524465,15.459593061838277,2.667794761138958,2.8114666654538665,10.735031263306846,11.522256177554887,10.16247738193652,18.016057666914612,9.385919099676611,6.681600138154878,2.8677541652305547,4.192599449115342,15.276615130492628,19.433345493866266,19.485079550528848,9.04660177818387,7.583660435644921,17.705843438849477,11.677715351722169,19.606113860346795,16.917858491988998,12.589518672394977,10.193871344796221,24.374149620431915
D_500_Arafat_0017,11.966557556910363,19.277461531593417,15.390005604460157,15.222084600164218,11.278475442434669,8.791241402596112,1.6249563286920152,11.7023633928916,10.612113588200488,30.85496437809758,13.875914585542088,10.058486060837502,17.52632403104616,12.886136252093197,16.892369898052184,16.20729800563001,8.671650259818323,16.961138556463755,23.740948046054267,12.699399771437262,16.538935072419658,20.85266925023335,10.439810663832858,19.950239057746614,9.218558289662019,9.172542873369787,9.26150005056868,9.178567275920054,21.116097256797644,19.684124614037536,1.7072138251813245,1.2816102458203247,21.792836058069877,1.2262240750055537,1.842030029491212,0.9885243713949494,15.676288940889753,2.492403381412732,2.5872266507321724,10.370993863973045,11.157430691214739,9.765901366588551,17.789305428360922,9.153142866432544,6.281364821672062,3.005885600013863,3.7857688729796637,14.937194554764375,19.158489906205627,19.199561468165896,8.84666102496469,7.411453987722369,17.326836915180227,11.332466643404997,19.538245979230894,16.65299923337215,12.29187485912849,9.8402590895388,24.023337017224225
D_500_Arafat_0018,11.66973384807388,19.123041335104297,15.015441624163751,14.846054707248388,11.090103155449448,8.452611330745377,1.3958670205940598,11.444680158958382,10.308853688862769,30.465392442847172,13.378024457647308,9.7301186599745,17.180993160650765,12.58242145274342,16.627877069218666,15.955857684352177,8.36231306369328,16.642488205421905,23.411717745913187,12.409102839313455,16.39815166220441,20.66238649739542,10.169037043499332,19.71259059604245,9.000340371502121,8.950959134633207,9.046236066521882,8.963742626337416,21.000275758066643,19.389149080043516,1.6483407377373656,1.3970275304350885,21.355185404592156,1.4522532887434982,1.8577938683707096,1.0973336775280003,15.905899244962816,2.4107226138153544,2.4469781397204438,10.018917594069435,10.803643426822914,9.379461058777933,17.573987311439254,8.942547128096884,5.896768678995317,3.217334964502054,3.4045222936450945,14.607161834493013,18.8929919295924,18.923070210396254,8.671239603481734,7.269936061581612,16.954239867713877,10.999324731325162,19.483095251745013,16.39925053574557,12.007871429519987,9.500050680193338,23.677982769408736
D_500_Arafat_0019,11.387337558056338,18.980660845205136,14.648525015182434,14.477686425163643,10.921600038322186,8.13092412663483,1.3270155519424849,11.203601164456662,10.021604285698798,30.079163001123963,12.880475372257708,9.41710433413548,16.84356269766288,12.291734339048242,16.374523427279247,15.71645208200623,8.072398488207682,16.333070512612448,23.08872096004257,12.132662247691014,16.27166151877647,20.48265627694722,9.916327978768475,19.48499443113538,8.805396853520683,8.752620928344612,8.8542626963341,8.772447978632057,20.895889349247675,19.102827854012673,1.738976288372849,1.6629523156997001,20.92043846734361,1.7941619503081645,2.003567897308031,1.3912820555567162,16.14787305875379,2.4322119129698168,2.4054572995174563,9.680107618313547,10.462014223019843,9.00446147636682,17.37052849634582,8.755732462077713,5.531074948441978,3.4887965316325724,3.058442020478375,14.287167532768075,18.6372514595904,18.656007105788863,8.521851784156674,7.160926278922658,16.58848417092811,10.679422642962825,19.440769887602272,16.15713585833925,11.73849844469758,9.174737277577439,23.33832917462779
D_500_Arafat_0020,11.120467826435796,18.850592853779712,14.289844839893593,14.117579478312338,10.773898351491253,7.828268717869644,1.441547385457997,10.980220102552222,9.751780259947573,29.69640645628709,12.383308404901662,9.121023831328808,16.51451689636269,12.015020475914588,16.132833752457458,15.48963920298728,7.804071382763843,16.03341998533793,22.772222917025516,11.871046018009654,16.159800260264028,20.31375866801582,9.683097874910768,19.267806765983586,8.635304103627908,8.579140575081613,8.687124101045804,8.606252461163242,20.803110149423265,18.825555793237278,1.9584719203953729,2.020816037942653,20.48878006730789,2.198535225193961,2.2542698599317643,1.7809416874796673,16.40166316982098,2.554268507569989,2.4676525969990615,9.35600524529267,10.133772729974163,8.642391964492761,17.179350321534205,8.59424976062399,5.188282076472888,3.8074556232171903,2.760784631321715,13.977901062223621,18.39167551972328,18.39878269311374,8.399886617562657,7.085925055835499,16.230032330975092,10.373985238895067,19.411353760984564,15.927185742813878,11.484785376512107,8.865958588636564,23.00462871980051
D_500_Arafat_0021,10.87026822690509,18.7330938060365,13.940036859328156,13.76638216312599,10.647863732166691,7.546935099347552,1.7028533976515425,10.775637636472295,9.500866323803619,29.317258817828588,11.886571468832328,8.843578088032544,16.19436683183859,11.753266810815065,15.9033398145767,15.275979949204995,7.559630767874864,15.744094290357522,22.46249830357165,11.625254986412514,16.06287348930446,20.1559659689938,9.470785880627174,19.061383369631194,8.491555548426803,8.432052436490663,8.546277430072935,8.46663420258215,20.722094046710286,18.557738492290195,2.2697461462563973,2.4303387154662293,20.06040956197886,2.636789505904991,2.57948484983987,2.216394142399943,16.666729769830408,2.7635993133399306,2.6262053921459954,9.048191028441522,9.820261447703857,8.294945816929552,17.000867062962847,8.459549770906019,4.873225061461328,4.162486601899039,2.528707930599858,13.680089986328737,18.156676529673867,18.151815219045424,8.306552083622835,7.04601842889197,15.879378948986691,10.084326897790366,19.39490558907822,15.70993433929648,11.247791946865386,8.575500851945545,22.67714419484817
D_500_Arafat_0022,10.637915011231673,18.62840151832193,13.599785681447576,13.42479370481953,10.544273123133383,7.2893923727293455,2.0557047330446556,10.59094316645923,9.27039803025635,28.941861905557058,11.390320790088529,8.58657360238592,15.883650393696342,11.507494224085058,15.686576866160612,15.076033548063535,7.341462942567355,15.465672870893771,22.159831116779287,11.396313097473813,15.981152918783907,20.009540877017738,9.280827656733129,18.86607755594087,8.375507682774014,8.31275755426615,8.43304010287269,8.354925649550916,20.65297945231239,18.29979104468583,2.640538512146143,2.869487067142999,19.63554211875658,3.0945632286554208,2.9547101334591117,2.6753717582896637,16.94254357999169,3.0422417135394566,2.865163219230941,8.758382436311589,9.522935275695302,7.964037128233674,16.835482461066725,8.35292824519497,4.5916167148113916,4.545374526905582,2.381462330645455,13.394498388619631,17.932670289068138,17.9155288448957,8.242820755523868,7.041803019727264,15.537052014447342,9.811845132694977,19.39145834986541,15.505915390861704,11.02859603618191,8.305286436860102,22.35614874582101
D_500_Arafat_0023,10.424601539118733,18.536732961114307,13.269826432960025,13.093566129235326,10.463793087784577,7.058245222094599,2.461035314109963,10.427193521502188,9.061935424326027,28.570363552315673,10.894622778715894,8.351897593267822,15.582931872480314,11.278747448044395,15.483079591328469,14.890352387600206,7.15197257441704,15.198754968439987,21.864514424718877,11.18525497688741,15.914872769786944,19.874734622291427,9.114620893569093,18.68223797906148,8.28832408180654,8.222465675587433,8.348535603803716,8.2722575080323,20.59588616219905,18.05213652463652,3.049212955181391,3.326548649126717,19.21441009616493,3.5643434676611627,3.363248642910157,3.1475999796602805,17.228588425628963,3.373061996395465,3.16637411858401,8.488423845281899,9.243356155689956,7.6518116728558425,16.68358603747178,8.275470497992613,4.349958018155228,4.949658790787374,2.335150545212349,13.121924113415158,17.720073670539207,17.690351548601836,8.209382062217122,7.073342582412438,15.203613949781646,9.55800903446696,19.40101895252411,15.315657686286404,10.828278481786189,8.057352213458678,22.04192585636172
D_500_Arafat_0024,10.231518699632826,18.45828215093764,12.950945747898627,12.773505428783722,10.40695976311931,6.856163791433176,2.8968996329318126,10.285389073728416,8.8770288990741,28.202917803535787,10.399556425103256,8.141481076761165,15.292801051822856,11.068082126139632,15.293377521164231,14.719476303482192,6.993491062213783,14.943956970427552,21.576850023552073,10.993110694092715,15.864226546367407,19.751785081914615,8.97348541546235,18.51020626112099,8.230921955694322,8.162139325478055,8.293642212677028,8.219506001914922,20.550914347366888,17.81520416975171,3.482458153379948,3.7950566685101594,18.797264538233993,4.041945870759833,3.7943549728752,3.627908066775403,17.52436329642443,3.742247735564338,3.5138651518860873,8.240266349033547,8.983181193504263,7.3606473073496135,16.5455492564478,8.228000157626463,4.155224879333417,5.370509432336967,2.395633255302762,12.863194676565655,17.519302022873514,17.47671271422688,8.206606254189156,7.140163264580779,14.87966231120709,9.324341454112137,19.42356816808237,15.139680013012107,10.647904766473363,7.8338138686361996,21.734769245553586
D_500_Arafat_0025,13.305740621062657,20.27147526471199,16.864482399273193,16.699163227028784,12.388468402604866,10.219493515851406,2.58258966018244,12.962861557670658,11.96885013850741,32.34657863181399,15.437676038863962,11.463828926411336,18.947040334193645,14.235977120667743,18.150912058139344,17.43895949077358,10.048935013714635,18.331693330234,25.12497462964987,14.023154413915918,17.507454322403397,21.931585141891794,11.73341949576968,21.14271775270597,10.410440549182823,10.372034829677153,10.446647080979826,10.363469094201529,22.00599447453339,21.002633976111788,2.2668897507738635,1.6471713729822344,22.897274274435,1.3382684450568598,2.15996147855747,1.6081725905325828,15.533591012472387,2.878770740547234,3.112383540063114,11.816550928038774,12.603838050382572,11.267250366037437,18.93495285970122,10.329099369761208,7.790497817234866,2.356861917652241,5.307057261611154,16.33306489805027,20.414740174158418,20.479603986293334,9.947517015792346,8.453987811227712,18.79613667062312,12.742244652641133,20.269252408670354,17.888628161930793,13.604316032131882,11.267204176575524,25.438464934526095
D_500_Arafat_0026,12.981261449782675,20.087037925877514,16.477506008712513,16.31078652045764,12.155112266819314,9.85317207184488,2.1128184271909065,12.671124682934156,11.63594065462769,31.95150455881507,14.94117223962247,11.108900744821145,18.58738935730832,13.907339471871294,17.862697243176612,17.161480257470032,9.70557029014201,17.995260092573805,24.783592506273095,13.705698185451205,17.33090208324211,21.715916283644525,11.427118251414967,20.88240649748965,10.143363124607776,10.101953603720403,10.182223331744046,10.099025177577548,21.860283637042002,20.689881020554566,1.8513534007740498,1.2282530330962165,22.44744331254269,0.9394930254676702,1.7916556489738844,1.1399340154167514,15.717196395948763,2.524500924185568,2.7326116612110134,11.442827762062379,12.230021193865385,10.864558464233687,18.69235902318889,10.06805104356165,7.382035086931773,2.3145132108548303,4.889768767631575,15.984512025022417,20.128219664696054,20.18315653259452,9.714232512186847,8.238839014462503,18.412168345259882,12.385934534773575,20.178620670348458,17.609720654970847,13.291441934998256,10.902127778151613,25.08242093132061
D_500_Arafat_0027,12.668391621018767,19.91356490247808,16.096901163154783,15.928780437823269,11.938339106124973,9.499291015211975,1.6621671802891658,12.392885203920693,11.315539604280556,31.559479400533572,14.445068042083607,10.765712112501658,18.23448208936577,13.589323786046116,17.584108890804803,16.89438039037363,9.37654905913112,17.66670255725192,24.4477639223827,13.399554053522891,17.167235219084535,21.509816516482246,11.135057715284306,20.63104167401768,9.894591322360888,9.850096728550282,9.936170675250972,9.853106427385638,21.725211199147022,20.38470777176359,1.4902331012780372,0.8992233808036143,21.999882202329886,0.6920238614623148,1.503060538352048,0.7191979136256719,15.91454224585866,2.2278808374974,2.398325669607458,11.07927425823113,11.865693560592348,10.47047796098888,18.46024706137858,9.825761480553332,6.985814342533539,2.3798545009400165,4.489921123555875,15.644322477561753,19.850275276547784,19.894974917553377,9.501795106684634,8.049323153579392,18.0340156379415,12.040038652712122,20.100135859000698,17.340879267152083,12.990459010508667,10.548339644665798,24.731453196661974
D_500_Arafat_0028,12.368012167297112,19.751345069746147,15.723130545511768,15.553614359126255,11.739067583560239,9.159292366285095,1.2514641932224475,12.129072008701964,11.008739150321365,31.170618180517366,13.949406052171382,10.43542128687997,17.88871763026748,13.282692991121499,17.315611620070193,16.63815974649905,9.063433505116826,17.346468225057777,24.117720854006325,13.105514761050658,17.016825502541145,21.31356341927163,10.85838701760114,20.38895415278911,9.665538655047065,9.617895952117125,9.70988576413925,9.627132545575092,21.60097671096399,20.087459670380984,1.2323328178934494,0.7830480476186218,21.55473231861805,0.7613877185020755,1.3464456276858252,0.4894961760949594,16.125124060558374,2.0145382829335374,2.1310394335088687,10.726924429366505,11.511756104198778,10.08601825921262,18.23901713725161,9.603650532414942,6.604039327476185,2.5446031936514792,4.112604436355351,15.313053629616272,19.581272191046246,19.61542343861277,9.311631694426007,7.8872881190718065,17.66205207485857,11.705480227349693,20.033940714974612,17.08257923556107,12.702212550051879,10.20701360088291,24.385780892600785
D_500_Arafat_0029,12.081054760901718,19.60065781141029,15.356693157695936,15.185795214344909,11.558202920954304,8.834778980995981,0.9349275738471282,11.880646121406189,10.716707401849117,30.785040781681566,13.454235113378708,10.119291248996355,17.550518125466375,12.988253415169542,17.057681931299882,16.39332842168784,8.767927792496717,17.035026471856746,23.793704038400083,12.824412925930302,16.8800272972501,21.127431372261224,10.598311451506632,20.156478188974447,9.457637909749806,9.406806937046218,9.504780521376304,9.42253856806444,21.487768137697227,19.798493655821865,1.149372452797127,0.9603589792887046,21.112146164974643,1.0886179453488103,1.367919475159123,0.6830310013162394,16.34843035139898,1.9125476478091161,1.9583806644794886,10.386918467597612,11.16919658597073,9.712321894954432,18.029069824504152,9.403148176600576,6.239362262568651,2.791212011389704,3.7645993745171973,14.991296838852227,19.32158384432899,19.34487621891354,9.145131829431742,7.754456745693669,17.2966769282074,11.383258903737513,19.98015736693201,16.835305743514436,12.427588784150608,9.87944135297205,24.045632379584763
D_500_Arafat_0030,11.808497912409472,19.461770989299815,14.998126483311845,14.82586980257708,11.396621468297367,8.527518862767009,0.8286010779027763,11.648592029694909,10.440683660300126,30.402872129853453,12.95961148189059,9.81868984735977,17.22032927402632,12.706852528863319,16.810806225404477,16.160404046187242,8.491870469090312,16.732868238168315,23.475962983833927,12.557117394077837,16.75717393746575,20.95169010001572,10.35608132969972,19.933950044004593,9.27231193623449,9.218280065405054,9.32225297315673,9.240744640247735,21.385760562819286,19.518177558863236,1.2759437552182935,1.3175648932642914,20.672288388003032,1.5149354872966918,1.5601454276139008,1.0945407040074242,16.583947088668673,1.9395551675764586,1.9062377826011077,10.060507934197297,10.839093789696916,9.350679371954607,17.830803643309345,9.225663342377265,5.89495710159637,3.1002070689586914,3.4547750266559283,14.679677561541101,19.071590721363112,19.083716197450023,9.003608361739673,7.6523499044697845,16.93831653408124,11.074451575412818,19.938886233839636,16.59955154094919,12.16751011730986,9.56703573951686,23.71124536551255
D_500_Arafat_0031,11.551360984404687,19.33493887890818,14.648008504510226,14.474426971485387,11.255153722069895,8.239442382441936,1.001814527460183,11.433906550953559,10.18196985557253,30.02424237824572,12.465600275262943,9.535085811450152,16.89862062843587,12.439375206356011,16.575478400353386,15.939908579456466,8.237217063840795,16.440505369592696,23.164755920014574,12.304527922719812,16.648574107550733,20.786603132475417,10.13297648589638,19.721706436177048,9.110938377127882,9.053724845212493,9.163652325766654,9.083119814017252,21.295114932466937,19.24688930024474,1.5619121788155734,1.7476347066811155,20.235336889515924,1.9772536366369822,1.8712202460494587,1.5601505391658097,16.831161677373387,2.0905671261176,1.984134880553053,9.749058458391765,10.52262007330835,9.002543412284885,17.644612345087637,9.072546950166844,5.574582314768662,3.454889684673903,3.1942605622134095,14.378854886661056,18.831678920812152,18.832333891549023,8.888254387739737,7.58220891157719,16.58742552153894,10.780211028549008,19.910205103758305,16.375814122528208,11.922928384191431,9.27133000269697,23.382867011515657
D_500_Arafat_0032,11.310695657512062,19.22040010146512,14.30695947234726,14.132099551344579,11.134566322763353,7.972629258039926,1.351016860799507,11.237585135339405,9.941917383472276,29.64928709174338,11.972277271135194,9.270039261416116,16.585885631268525,12.186738241482598,16.352197002666827,15.732364592922515,8.006010219850827,16.158469546319058,22.860349680205882,12.067567962883963,16.554508300613602,20.632426197529924,9.930286032090919,19.520082821634286,8.974809325307556,8.91446883237143,9.030239326964953,8.950940978576899,21.215976860292596,18.98501587507181,1.9379545364116317,2.2084016879973696,19.801484045032478,2.455319827644857,2.2524291861572068,2.0432037567274164,17.089566444196816,2.3417146866657537,2.178164418652001,9.454048721729121,10.221041465485705,8.669541239142307,17.470881965442018,8.945050418310766,5.282611749293848,3.8426293429521037,2.9959468955172466,14.089520350969075,18.60223847930294,18.59112591550944,8.80009903086877,7.544925272160262,16.244487902606615,10.501761701173242,19.894168408785188,16.164592451084033,11.694815884574984,8.993971434629742,23.0607539860705
D_500_Arafat_0033,11.087574537683718,19.11837558618646,13.975643304770486,13.79956591052475,11.035543744826532,7.729281769949732,1.775224370259496,11.060605654084629,9.721908652173646,29.278147429703754,11.479731157649011,9.025185257646873,16.282641326956306,11.94988287402353,16.141461921876644,15.538291045432052,7.800335076202891,15.887310737761128,22.56301950555868,11.847175353179251,16.475225441203545,20.489405561470154,9.749283273157378,19.329411511218343,8.865087747495016,8.801712874338218,8.923143770346062,8.845348903876843,21.148475512085977,18.73295210395507,2.361424579632561,2.6841030674675666,19.370938037305834,2.9414654942911107,2.6739426003147604,2.5337431201365432,17.358661634684083,2.6648346532449594,2.4610096914563853,9.177064253013572,9.935714351000993,8.353482873945177,17.309987674145287,8.844281755056222,5.02399991492923,4.254397214488923,2.8727445858593303,13.812395885725687,18.383661447686336,18.36049324235464,8.739965297059607,7.540986301396267,15.910017962027991,10.240391784866022,19.890806711706862,15.966383226945728,11.48415402196793,8.736707530417139,22.745172458231885
D_500_Arafat_0034,10.883076697064093,19.029066598757336,13.654768458368192,13.47755096853064,10.958670546088769,7.511680779925465,2.2320744954625122,10.903909917364707,9.523332876186183,28.910970325750796,10.988066371968877,8.802209023778216,15.989427680729762,11.729765126405312,15.943770629042566,15.358198575742138,7.6222586629806734,15.627595118609756,22.273048761723448,11.644290812159536,16.410939759539417,20.357776336609913,9.591196100259577,19.150019633444487,8.782763365460397,8.716485394704998,8.843321800426825,8.767304216816301,21.092722589080854,18.491099133907642,2.8109684488867592,3.168018313975942,18.943924313573522,3.4322590991615076,3.119464660578512,3.0281325454548425,17.63795793411756,3.0370410370970733,2.805939381130488,8.919784371000981,9.668077651242397,8.056362675618116,17.162290461389453,8.771162162418248,4.8041369594204815,4.683860383609679,2.834464797813947,13.548230740192537,18.17633971707127,18.140839199950225,8.708433646161101,7.570443994316795,15.584560873575152,9.997440884782451,19.900126415579667,15.781676719618153,11.291919478978471,8.501362721403336,22.436398019996684
D_500_Arafat_0035,10.698270105010913,18.952652873492102,13.345088090329087,13.166826469853062,10.904415140822824,7.322122018456978,2.7050786882542424,10.768383398303481,9.347556051423027,28.54790866279889,10.49740671178772,8.602811830146463,15.706806431778494,11.52734383135098,15.759613976522806,15.192584359130613,7.473753963014616,15.379902386073299,21.990728557511723,11.459844228120591,16.361828003605133,20.23776077806339,9.457173718694301,18.982226959026217,8.72861136152025,8.659599187661092,8.791516288294586,8.717546764130432,21.048811427882782,18.25986267517778,3.275869304028424,3.656887950709243,18.520687174968025,3.9259577749655192,3.580043106016387,3.524752235167882,17.926978536566068,3.4424483228133793,3.192895355000641,8.683960570093282,9.4196393372036,7.780350557080869,17.028133709922827,8.726386647526578,4.6285479817113755,5.126573588325547,2.8844903692362176,13.29779722974908,17.980662598727438,17.93256719827877,8.705814819219436,7.6329116442028155,15.268692957003498,9.774282532555574,19.922109702634426,15.610952196926906,11.11906801485162,8.289803996464771,22.134715527071126
D_500_Arafat_0036,10.534191134196533,18.889290886906384,13.04739929755759,12.868210288897828,10.87311607622723,7.1628321218977655,3.1870524343839057,10.654833888989069,9.195885613631892,28.18912144130466,10.007899973146682,8.428667224477934,15.435359404734397,11.343566350399914,15.58947159509838,15.04192660037614,7.356611992627178,15.144822425723756,21.716357255293296,11.29473889380642,16.328027070334098,20.12956659406479,9.348251165979118,18.826343607950157,8.703157579704817,8.63161456929269,8.768223792571801,8.69656204951828,21.016816233468415,18.039650964608295,3.75042043779775,4.148960930335332,18.101491505852053,4.421588427338812,4.050545004367503,4.0227761811808564,18.22526079448014,3.870638125358893,3.608382282872547,8.471384855123464,9.19195616660014,7.527768660205553,16.907839712724567,8.710392280311378,4.502415775302983,5.579383553247746,3.0184338061300564,13.061885170704539,17.797014169417835,17.736078191534375,8.732134783121209,7.727588710267014,14.963021476899867,9.572301052433206,19.956714703868617,15.454673007629578,10.966516164401591,8.103894384500071,21.840418846714254
D_500_Arafat_0037,14.012313967276416,20.92545926097846,17.56932759991758,17.40370047024517,13.06930202677171,10.927086008387214,2.967260380787383,13.663332010784877,12.676372370403962,33.04974438927324,16.014160726625853,12.172072423987416,19.655207897121663,14.942985660580696,18.84985158316995,18.13486865300049,10.757128255036452,19.03931985560155,25.83287554700378,14.728703883532031,18.15767433249831,22.601889464274258,12.4372650204933,21.832428526942515,11.104546855862642,11.067092522898683,11.139888149894386,11.056747662384428,22.63562749781937,21.707020782051487,2.5411716732429275,1.9727652869253003,23.137950161235413,1.6669693258102845,2.35459101277043,2.0344130473382718,15.837666740932363,3.0085287015696562,3.27989331579547,12.52342746235599,13.310736743931907,11.967521084994527,19.618010960124533,11.021271551452774,8.488254627475216,2.048342506672325,6.000396316521256,17.041320749945942,21.11302637891051,21.180500873596717,10.629504431000111,9.129317232040815,19.501634481933188,13.450467914462685,20.859712478543294,18.584921327147185,14.30915151371063,11.974941203841423,26.146741898107727
D_500_Arafat_0038,13.686151695069492,20.734671599449847,17.183541608071597,17.016576825901403,12.828665070674608,10.56141820623881,2.4686570376372283,13.368008509675184,12.34210472729781,32.655451093865416,15.519843288916524,11.81706570275243,19.295680666381514,14.612982476178322,18.55889635562344,17.854073554179,10.412886291506828,18.7021253835914,25.491075905840336,14.409282094563746,17.973472884958852,22.38140697977638,12.12793675899081,21.56874367214636,10.831292345752873,10.791028083347635,10.869118390083617,10.785911025552222,22.482775950251487,21.392771641807332,2.0595326913829233,1.4773744066999523,22.68177038762609,1.16870499555914,1.8931710061341251,1.5321445249784165,16.002027231233956,2.575350710783901,2.8343143728385267,12.15068146816569,12.937843348692885,11.567396244141323,19.37094685260679,10.753565663043974,8.083838740722568,1.8690323946734257,5.589734792395095,16.692441953486206,20.823997613167087,20.881921110317062,10.387250469769178,8.902156019537305,19.118638239528956,13.094161091098528,20.759506681993194,18.30283938118026,13.994006590686208,11.610388028209176,25.790692877833937
D_500_Arafat_0039,13.370906327109688,20.554390257863787,16.803913752438323,16.635611463821295,12.603460686056982,10.207373725510969,1.9719195793108562,13.08530639974226,12.019536690880006,32.26415922326788,15.026054181499692,11.473069169835357,18.94264964937475,14.293014959034215,18.27711552199524,17.58314567264484,10.081923010759274,18.372476027281618,25.154662366577792,14.100520774929963,17.801542237202877,22.170113734194274,11.831851900401757,21.313635642375985,10.574847799985342,10.531695795374423,10.615222104590854,10.532077833601953,22.340174348905723,21.085805595329127,1.5907110138527116,0.9889553944037723,22.227578408481225,0.676403242704892,1.4589924264735905,1.0298849574023932,16.180316528858135,2.1721376492221918,2.411128424428775,11.78755549778711,12.573959162961152,11.175523670498439,19.133880938766872,10.503071044168019,7.690969078141123,1.8153291920266978,5.195198321785986,16.351550673647917,20.54318528654494,20.59126593097207,10.164062122074391,8.698097906834946,18.741277876069983,12.747690119692793,20.6710237128027,18.03033961086375,13.690040418628378,11.256446274294955,25.439578661208746
D_500_Arafat_0040,13.067367954913864,20.384893967770996,16.430870856735226,16.261237190219248,12.394530082377004,9.866203898057439,1.4789290477016677,12.816060900523187,11.709635141731308,31.875979296444584,14.532847230506764,11.141102698595125,18.59648479544985,13.98377198578918,18.004939808073964,17.322547966503873,9.765588538748984,18.05078514304954,24.82385389163596,13.803135303519191,17.642241121310303,21.968274859929835,11.550028937914085,21.06741599427389,10.336464405335128,10.29036072206288,10.379437578029757,10.296505649152975,22.208020126490975,20.786445287186957,1.1504836062996049,0.5272522813749566,21.775498589410752,0.23180996684419655,1.0852581954712257,0.5276591462743244,16.372079567913822,1.818927207561841,2.024427399388754,11.434966025773106,12.219889009468977,10.792802251057637,18.907189284943673,10.271046999542703,7.311507063069677,1.897925225366407,4.820747535703488,16.019156821687154,20.27093084782085,20.308875561984454,9.961220966087033,8.518803232427357,18.369900694822338,12.411878682543199,20.594414651587936,17.767862874686895,13.398013839400194,10.91414832705041,25.09360637888143
D_500_Arafat_0041,12.776370971075053,20.226453844873408,16.064871630937137,15.893919736931606,12.202709157271054,9.539290155567839,0.9952686367309918,12.561137328871595,11.4134318657655,31.491026380576056,14.040283757124714,10.822273351997,18.257576635263746,13.685980528666322,17.74281122569748,17.072753456459147,9.465349642103316,17.73748572301588,24.49887752114727,13.517876457402318,17.4959144948898,21.776153232037466,11.28353652178936,20.830399898279154,10.117418855437723,10.068317072613926,10.16302543952354,10.080474746190106,22.08650080058258,20.49502397964734,0.7883064698007655,0.28726453478847036,21.325665237986396,0.3930828101907073,0.8552631154052226,0.027376632541860707,16.576848732728326,1.5502816287420644,1.6993043283031888,11.093917681330495,11.876510633133796,10.420240324410884,18.69124933726173,10.058771743149972,6.947649853781457,2.100804973411227,4.471431296307476,15.69580023743061,20.00758363572926,20.035099458252734,9.779993070068835,8.365864266845186,18.00487691296403,12.087615190550336,20.529812405033997,17.51585974347144,13.118724182601433,10.58462386150884,24.752991621673655
D_500_Arafat_0042,12.498791339972025,20.079331593571556,15.70640846312981,15.534159678126626,12.028816437799774,9.228147674474904,0.5463072465555758,12.32142462254894,11.13202034030291,31.109420257500524,13.548433913907779,10.517775851264538,17.926336727350595,13.400404025561109,17.491181466304422,16.83424303414716,9.182785187492987,17.433030173836446,24.179968388182502,13.245527714772887,17.362890367112907,21.59400819593227,11.033485509854755,20.60290497049025,9.918992330925494,9.86686729246617,9.967247587054018,9.885266322003593,21.975792776447875,20.211885056552322,0.6510026132360972,0.6257873386552166,20.878223539600917,0.8716967583032134,0.88866586782707,0.477114376730007,16.794148259118767,1.4152073982842044,1.4769990455206548,10.765507341953032,11.54477806044979,10.058966769087206,18.486437849394004,9.867519854960575,6.6019779930390134,2.393575440198285,4.153595778802542,15.382050840744345,19.753499877638095,19.77029546965884,9.621599760680999,8.24074848781261,17.64660077624595,11.775853611066651,20.477330591544437,17.274788563933882,12.85300174536922,10.269102573638358,24.41795857604522
D_500_Arafat_0043,12.23554223422042,19.9437776657775,15.356009090094636,15.182494230161659,11.873639606375233,8.93442426990893,0.33302576489880104,12.09782697001254,10.866549776591349,30.731285590799057,13.057378313815475,10.228890144306252,17.60319793516899,13.12783962385742,17.250509945195482,16.607502855107246,8.919575020846127,17.13788981384135,23.86736968317732,12.986901284384487,17.2434765819795,21.42209421721718,10.801017814390084,20.38524995593294,9.742444728282777,9.687296189063074,9.793341552045257,9.71213597594404,21.87606017416157,19.937381365262354,0.8548354528587456,1.097843702790973,20.43333058966672,1.3673911202461855,1.1629877995005005,0.9793310506639299,17.023498291734107,1.451486110311376,1.4071170608907726,10.450926448239663,11.22572374190242,9.71024159056979,18.293128588614575,9.69853509431476,6.277496277176409,2.7476507970526676,3.8749949881589774,15.078508327656316,19.509041494913212,19.51482881673527,9.487184768658363,8.14473816792622,17.295491598714836,11.477612706523354,20.437062566254678,17.045113154454608,12.601704769197545,9.968914134802308,24.088740122367188
D_500_Arafat_0044,11.987567759701257,19.820029398009982,15.014238069222145,14.839498853455213,11.73792093120799,8.659892519984046,0.6541578580366145,11.89125343197679,10.618215844117765,30.35675209252972,12.567210028487734,9.956975136708403,17.28861449125778,12.869114097040386,17.021261475707313,16.39302130241176,8.677480469173947,16.852554039378163,23.561332560023043,12.742832679095056,17.137957620386096,21.26065946363069,10.587291703614168,20.177753262890377,9.588984552670203,9.530840452137856,9.642490764914852,9.562282947620613,21.787453696373174,19.67187437962682,1.241871178498313,1.5885443358913147,19.991156531881682,1.8666073486543162,1.555607590162319,1.481587729933018,17.264418557016715,1.647838632822914,1.5109570194298692,10.15146071252663,10.920458928068152,9.375465079803499,18.11168983212723,9.552999153697295,5.977656392426751,3.142375736067212,3.644637405576276,14.785801305328517,19.274574704293126,19.26907086125871,9.37777917618093,8.078871002317669,16.951994687757463,11.19397318636654,20.409080604413493,16.827300119119272,12.365712718522142,9.685484270507843,23.765577888937784
D_500_Arafat_0045,11.75583451870973,19.708309153743603,14.681697955983752,14.505788555310518,11.622342059010833,8.406432831923532,1.1178102806444243,11.70260553370403,10.388247544185718,29.98595468846275,12.078037055633672,9.703457575042307,16.98306179985256,12.625078241109035,16.803903559581002,16.191285518346874,8.45831479714938,16.577529109177643,23.262115975829836,12.514173675518983,17.046591488675308,21.10994433162918,10.39346338113488,19.98073135115262,9.459735432389028,9.398654486802133,9.515791708403231,9.436816163783655,21.710109553485992,19.415733167677033,1.69065215416921,2.0847651938697123,19.551885812997924,2.367118074731379,1.9979612782440925,1.983853824987083,17.5164316287443,1.9566532295645425,1.757999841142795,9.868486227940464,10.630171619615073,9.056184229288409,17.942481673206235,9.431997499968553,5.706344006038334,3.5642704255448288,3.4721382547241713,14.50458575123317,19.050468407536147,19.033397659748797,9.294266160866492,8.043887453836144,16.616582106479886,10.926072223117067,20.393435259495764,16.621815775299755,12.145917704911374,9.4203257075574,23.448722254017
D_500_Arafat_0046,11.541320819811123,19.608822500430637,14.359030070887906,14.182018770441037,11.527508756742085,8.176005119944941,1.6048792188820884,11.53276293283848,10.17788982132037,29.619033680477855,11.589985386914902,9.469815092383003,16.687035924419426,12.39659958339656,16.59890328913943,16.002777515645494,8.263902436713881,16.313336495179286,22.969986455980283,12.301783547036198,16.96960676535575,20.970179932616496,10.220664916051579,19.794496980713674,9.355700805848967,9.291774101631349,9.414219510948737,9.336718739357494,21.64414846300256,19.169333149147484,2.1630822649451487,2.5833270024077026,19.11571856513318,2.8682455646070375,2.4634006357797698,2.4861234654099635,17.779065778384407,2.3337031125417513,2.0982598957214003,9.603460850787078,10.356121334985954,8.754094637978698,17.785853164832382,9.336484037839313,5.467807294023291,4.004757082270755,3.3664034324613055,14.23554267658761,18.83709236540604,18.80818829093879,9.237347974207907,8.040190613670681,16.289753216407252,10.675094763553695,20.39015490919197,16.42912270154463,11.943213966484265,9.175022662669164,23.138432287499796
D_500_Arafat_0047,11.34500344132213,19.521756452379545,14.04691471833291,13.868885672253748,11.453936291684649,7.970607124640982,2.0991269948128846,11.382567422718717,9.988381722071367,29.256134904593573,11.10320285063648,9.257552591233534,16.401052702500298,12.184553284391146,16.40672386854524,15.827969896480402,8.096026760511242,16.060510750131304,22.68521777581837,12.106518527029024,16.907199879092538,20.8415865562247,10.069978928356983,19.619357331537316,9.277728886477464,9.211080191314492,9.338594049728886,9.26281311930353,21.589674739336445,18.933054630158495,2.6465267324500106,3.0830941854655465,18.682872127185284,3.3697145424335795,2.9409852821046902,2.9883947273573988,18.051857415234792,2.751073684224456,2.493869231985241,9.357909671998243,10.099629880039254,8.471035654329922,17.64213933696062,9.267246843863674,5.266501609258759,4.458328309719984,3.333791390425759,13.979374874212255,18.63481515677538,18.593822952340243,9.207517789620491,8.067823440108521,15.972034933944286,10.442261098153677,20.39924549870221,16.24967592627187,11.758485407903,8.951207628746634,22.834975623245874
D_500_Arafat_0048,11.167841997054806,19.44727781165877,13.746070698201414,13.567125743978739,11.402036196860257,7.792218348201215,2.5964571070739058,11.252805706441535,9.820930244040788,28.897409882859275,10.617863962431848,9.068171501667898,16.125646427554607,11.989811187335851,16.227820775317195,15.667321226334009,7.956367630028253,15.81959684703879,22.40809055018631,11.929219554901955,16.859532689562148,20.72437213027104,9.942410830144915,19.455612009464957,9.226480412609023,9.157265004014135,9.289548993349472,9.215729417201553,21.546775489530678,18.707281105548212,3.135895482029531,3.5835623567389465,18.253582717101427,3.8713922045323867,3.425639161789872,3.4906667942454717,18.334353131575295,3.1929922709388108,2.922435644476621,9.133403471191267,9.862067312460237,8.208976084752235,17.511658131974833,9.224877541432923,5.106831590013701,4.921367588374074,3.376421499217401,13.73680263860629,18.444001929254302,18.39068082610413,9.205038913763033,8.12646629389749,15.663981624332244,10.228810258518152,20.420690486753365,16.08391879343982,11.592591332263835,8.750529531417879,22.538628252544544
D_500_Arafat_0049,11.010761136941912,19.385531639162327,13.457253931277043,13.277514416504971,11.372105165903982,7.642730235952003,3.0953840793118967,11.144191556760793,9.676680458642132,28.543015967128916,10.134176098866758,8.903132049047564,15.861368036791681,11.813229072561056,16.062637599099805,15.521271130205502,7.846431822260348,15.591146953795443,22.13889172208342,11.770698477817865,16.826730438005562,20.61873069887378,9.838859842778055,19.303550957967122,9.202401822045113,9.130803761470077,9.267506310163846,9.19587958966604,21.51551992893051,18.492397323495037,3.6287923964433526,4.084473749641962,17.82810726680892,4.373206639975525,3.9147374866872346,3.9929392603333045,18.626111375619125,3.6505546266124136,3.3714140690938543,8.931529326703883,9.644832407898692,7.969987580061245,17.394707310747297,9.209746909811695,4.99279329193095,5.391435925747355,3.4915387112945284,13.508558363433108,18.265011954193895,18.199137720452114,9.229933339717697,8.215455093006964,15.36617454759428,10.035979014796254,20.454450995442688,15.932278558452373,11.446350648242351,8.574612950366184,22.249674228781263
D_500_Arafat_0050,10.874631032846208,19.336639886997474,13.181255004109934,13.000863562057475,11.364316748904399,7.523865571755396,3.5952430508419355,11.057348139554662,9.55668300891609,28.193116472444306,9.652387422988493,8.763809494897618,15.608782746034386,11.65563230223262,15.911601611954739,15.390235199461284,7.767481440242616,15.375716618666468,21.877913941999427,11.631723020746794,16.80888012647327,20.524840941721653,9.76009039276125,19.16345230016928,9.205706270958881,9.131934209512323,9.27265852594162,9.203439806868468,21.495958829141887,18.288787112301762,4.123952506742727,4.585683033368244,17.40672543094351,4.875115529578127,4.406800583606247,4.4952119012045255,18.926703780526264,4.1185499778866745,3.8336394091383506,8.753853097579515,9.449327193129651,7.756203017066555,17.291561388640176,9.221988978304712,4.927555812751444,5.866843930702126,3.6723324355050635,13.295379950903252,18.09819600609682,18.019563499997613,9.281980779292091,8.333817740058201,15.079220762920928,9.864976556999386,20.500466160786715,15.795161785355472,11.320525004207163,8.425009062553402,21.968405273088713
D_500_Arafat_0051,14.391375488540035,21.3861512528699,17.88975498550797,17.722566129922065,13.505772349696938,11.269669514493849,2.95429881971223,14.066031604975606,13.04849895131278,33.3595809799952,16.108872379991688,12.5252444653377,20.003971475864347,15.318869485053908,19.255977105006725,18.547852187314135,11.120325989023941,19.409094195414802,26.19860249968359,15.113305357074257,18.620811876803597,23.049448563266573,12.82957565891479,22.256456260972996,11.521689024635775,11.482441081281266,11.558596063525439,11.475399321989869,23.110209342278537,22.096006776826595,2.461542046128442,1.9646919993701053,22.935583999671433,1.688918602647211,2.2274452149464925,2.0973397399925253,16.31265933140197,2.809823097377391,3.0988477012360316,12.858582847033558,13.645713668277743,12.270860607080577,20.051588963471314,11.441854880770022,8.786683019516554,1.6226348603450338,6.291563979295253,17.40040081878165,21.52059162708953,21.58130644161866,11.064672548744483,9.571919551517423,19.825237563633355,13.802393804569663,21.34808785575,18.997077072675296,14.697120582487946,12.318651346194615,26.498965364618964
D_500_Arafat_0052,14.073999672087183,21.199509337005928,17.51102913173035,17.34256108278336,13.273049689860224,10.91548299104405,2.45305568591548,13.779340566864976,12.724009972172228,32.96899324198889,15.617552428317184,12.180534318117411,19.6508256255632,14.997138801870536,18.971250814953834,18.27340349564584,10.787678806527973,19.07843566013093,25.861636562819513,14.802184440031846,18.441236238339346,22.833287583346504,12.529935023699831,21.99785415503176,11.258562093773659,11.2166025545775,11.297864352339271,11.214676398410509,22.96051667609198,21.78736834792995,1.960427862316022,1.466565012952184,22.47529701796519,1.1997901132919846,1.7324769108211069,1.6147539923398713,16.472279658413914,2.340140870660605,2.6226822870557625,12.495837349697597,13.282226976914295,11.880954886069071,19.809932357874885,11.184219248755813,8.396651226682913,1.3894185858680164,5.901196955416629,17.05886660531763,21.237109801187,21.28834834617147,10.832153748369562,9.355509603692436,19.448614459172497,13.45540842479045,21.25018430820209,18.72120560747379,14.390473564352593,11.96457425602429,26.147712611636976
D_500_Arafat_0053,13.767636934496162,21.023213782283985,17.13865612502133,16.968915229579174,13.055511882236067,10.573299590168348,1.9523442578965717,13.50525043729274,12.411370374937682,32.58146696083795,15.126952579347131,11.84709511402635,19.304289900930826,14.685542718845596,18.695685297165316,18.008784442995413,10.468569883019686,18.755400944616206,25.530106032123477,14.501789965992526,18.273706261749815,22.6262139479351,12.243574303162418,21.747779690111503,11.012070711344366,10.96733654903279,11.053818952720448,10.970766713780908,22.820899827420998,21.48603999751538,1.4601130488063165,0.97271576618941,22.016845863269886,0.7287738317728665,1.2433842900788072,1.1491701677718889,16.645531501784514,1.8873199151086009,2.1583863322699552,12.143036211165722,12.928038732432755,11.49977112134974,19.578181972930427,10.943585139778351,8.01911958667839,1.3162774788210905,5.5289279738377095,16.725444569484775,20.961831796000947,21.00331768246901,10.618319502495348,9.161552930535795,19.077781614408092,13.118480763827652,21.163752059575213,18.45488361597854,14.095058977194839,11.621423401617372,25.80145693091987
D_500_Arafat_0054,13.473038544094745,20.857526924731157,16.773059058743893,16.60205791140081,12.853929876214368,10.244322136715056,1.452714153900638,13.244543519844049,12.111497781286676,32.19711266775212,14.63714521357081,11.525905049158427,18.964726637477426,14.38473981695597,18.429691456910188,17.754434526316306,10.164274365565968,18.440390688415945,25.204225380626998,14.212802048408632,18.11855606185086,22.428479340348705,11.971446480370687,21.506530323496598,10.783355691293025,10.735797441734013,10.827588175322678,10.744815284042152,22.691544763014914,21.192333529115118,0.9618453971576983,0.49608760657965684,21.560347626111056,0.35677749283030596,0.7714247285063245,0.7337015935622907,16.831993914705798,1.4670570977950186,1.715623444789805,11.801071311060387,12.5839340711744,11.128205593995864,19.356693601252744,10.721097370244022,7.655937502479396,1.4280232003312874,5.178661370752013,16.40062945161253,20.69508496664486,20.726541486789763,10.424319665320148,8.99150263031082,18.713083243535856,12.792405518251105,21.088932135225146,18.1985303291016,13.811597557738306,11.290195057315126,25.460402184492857
D_500_Arafat_0055,13.190992703712176,20.702703455305315,16.414690666889275,16.242449094051835,12.669065297934106,9.929863219977634,0.9558620822051799,12.998025106549498,11.825363450074846,31.816045307972615,14.148212609219662,11.218016275031431,18.63251702051449,14.095421078984367,18.17368955580177,17.510801215464735,9.87616156049238,18.133823062725288,24.88421656339416,13.935930285883568,17.976106165211927,22.24033283833315,11.714543449565701,21.27440626507909,10.573570610098793,10.523155384457777,10.620310488679706,10.53797729683047,22.572627884605637,20.906570154377032,0.47215034544660034,0.22492883126922777,21.105929006087045,0.4775271170942518,0.3856815920627307,0.5104973110386527,17.03123298046319,1.1167357253953663,1.3163047903034422,11.470911787955735,12.250762685452951,10.767254055193268,19.145823373107756,10.517907525917861,7.309244235855965,1.688334911103972,4.855161362211155,16.084942652451645,20.43720334327107,20.458354760214334,10.25128032485995,8.846737335749278,18.354884990847683,12.478033468586114,21.025848482636142,17.952572772864393,13.540839972951607,10.971969010773028,25.12476015653696
D_500_Arafat_0056,12.922321333407469,20.558988782290136,16.064034719345816,15.890580867126186,12.501659748871399,9.631344973103987,0.47066868400618334,12.76651712197971,11.553988074779323,31.438384392433345,13.660248666242168,10.9245534307937,18.30806133985083,13.818307838217324,17.92810761178136,17.27833782158249,9.605687687740462,17.836133386124747,24.570308992952594,13.67191076633472,17.84666066852992,22.0620197290168,11.473887880863952,21.05170935496365,10.38386281613637,10.330577320437419,10.43311555440263,10.351398530462582,22.46431494115548,20.629079950271365,0.15895736618469947,0.5997043820938099,20.65372724980636,0.9128726029769287,0.4549353974584591,0.698183134969474,17.242805781934198,0.9200554904412207,1.0131703885935874,11.15360601277675,11.929440626357213,10.418019748087321,18.945925813671916,10.335153825820033,6.98149660927907,2.0411416222723187,4.564122972448548,15.778932042612697,20.18852663233121,20.19909961686629,10.100278792514196,8.728515171360987,18.00357481608484,12.176271089206224,20.974606977442633,17.71744387727169,13.283563038079526,10.667908871499002,24.794750644615572
D_500_Arafat_0057,12.667875402030852,20.4266173601797,15.721607255618947,15.546978781959401,12.352423054180262,9.350294246625007,0.18424893345124388,12.550850190415078,11.298435148760632,31.06425414895859,13.173360996906093,10.646709441687983,17.99177907084211,13.554148705932551,17.693379490399646,17.05750100525648,9.354382872327758,17.54777347190604,24.262739464688728,13.421501945142897,17.73050437572534,21.8937802583047,11.250522415969789,20.838741810525136,10.215350887992907,10.159204274022567,10.2671018680127,10.186192260070309,22.366759966403087,20.36020116603509,0.5763421219045365,1.0831709008392205,20.203891190695792,1.3939878375378212,0.8773500297560637,1.1040261642102294,17.466264097591377,0.974918453170372,0.9082570105277441,10.850281692181174,11.620950810608791,10.081720372884478,18.75735171256714,10.17393756851982,6.675485678733914,2.446753460747542,4.312123924875756,15.483171329379072,19.949399044449688,19.94912425905456,9.97231617202062,8.637925999024555,17.65956378455434,11.888078621662991,20.935294555397842,17.49358026432985,13.040564624467853,10.379259644660822,24.47060151283185
D_500_Arafat_0058,12.428528608376126,20.30581100650759,15.387957583254309,15.21220295080693,12.222020749816595,9.08833165532442,0.5923913275458802,12.351854074871913,11.05980149231167,30.69378367197235,12.687673475355064,10.385737872410564,17.68410874311154,13.303715325935906,17.469942673434502,16.848747917801642,9.12383117221442,17.269210665773695,23.96175202543616,13.185479267088182,17.627899967093153,21.73584832421651,11.045496005506017,20.635804843975958,10.069099015061342,10.010125351648911,10.123311506260325,10.043413182947205,22.280104256077685,20.100279365911938,1.0694080264066113,1.578427612924165,19.75658240198912,1.8861676595369827,1.3553892627490562,1.5667957540912265,17.701157784184826,1.2485950190129234,1.0620297407137889,10.562143417346258,11.326341766739825,9.759693114684488,18.580445818571206,10.035296759189746,6.394332874601904,2.8829679299327386,4.106357722786589,15.198258892013802,19.72016794129143,19.70878176843146,9.868288703235356,8.575845502242336,17.323286724006373,11.614466215087749,20.90797848647204,17.281419707685078,12.812657123920738,10.107341708014664,24.152548700396654
D_500_Arafat_0059,12.205169246446692,20.196777230431994,15.063668952287038,14.88684881335325,12.111061198831264,8.847152904407702,1.0828054501951638,12.170346517942729,10.839204598810918,30.32710706953807,12.203329365319767,10.142941117118703,17.385507554392536,13.06779681858674,17.258235697550237,16.65253297921249,8.915642666246704,17.000926532034565,23.667597778151848,12.964628429218157,17.539085258392205,21.588450125793724,10.859847347719475,20.443197154357282,9.946089171225422,9.884349305012941,10.002702865334244,9.924029299435414,22.20447539941572,19.849666394703092,1.568329202383932,2.077057562685011,19.311976475256525,2.3825647150985403,1.8463413386548624,2.0482637446507383,17.94703782078293,1.6346473275378173,1.3912018335722414,10.290466878719599,11.04672408762448,9.453396569803028,18.415544378812026,9.920177920818531,6.141453059732008,3.3378081236726906,3.9540486474346115,14.92481599196412,19.50118229661501,19.478428704513625,9.78895945237065,8.54289516641595,16.9952027034133,11.356487716923505,20.892705804976384,17.08139826469952,12.600659376570698,9.853540265887405,23.84083617854551
D_500_Arafat_0060,11.998690148668967,20.09970759879341,14.749358801227803,14.57154745932017,12.020082818129195,8.628500935596596,1.5806857150626723,12.007120617724782,10.637766582048897,29.96436360638484,11.720495180921302,9.919653783033928,17.096450683642487,12.847192805605607,17.058695264164335,16.469304308611747,8.731417112253682,16.74341514729882,23.380534615329637,12.759737225545493,17.464270610539288,21.451802781292066,10.694585594743842,20.261213301097154,9.847192362899554,9.78277494125434,9.90612266393119,9.82889309452639,22.139986379535493,19.608719154716873,2.0688736810209036,2.5771033264096275,18.87026443789974,2.880999795660193,2.3420997238926975,2.53780993285062,18.203459001858356,2.0711620574782073,1.802092144747574,10.03658891391078,10.783264008769281,9.164408104364384,18.262972548553854,9.82940749189657,5.920470129528429,3.804599668830239,3.8615272634419084,14.66348426322767,19.292790970230804,19.258423504893734,9.734932188283487,8.53941215711795,16.675795281545692,11.115231707498264,20.889502906847568,16.893947091897942,12.405387029808963,9.619289374208304,23.535715848241026
D_500_Arafat_0061,11.809976689390238,20.014776166682857,14.445678454156067,14.266965378325454,11.949541965024023,8.43412788073422,2.0806791515075655,11.862930993597079,10.456594703522795,29.605697841383357,11.239365483295076,9.717220814141777,16.817430255197714,12.642704953366135,16.87175303192206,16.299499837174533,8.57269947877746,16.49718096364746,23.100826873656878,12.571585976372257,17.40363655122782,21.326112931351307,10.550668750214763,20.090141969817367,9.77314059304421,9.706162055378043,9.834278819577735,9.758713713009431,22.086734756780668,19.377798184969947,2.5700930286437753,3.077874790187927,18.431654324032262,3.3805714352337723,2.840148512503721,3.031523178848929,18.4699822783095,2.5321749260834605,2.250374863332191,9.80189257693082,10.537173522717717,8.894414903277053,18.123041704616092,9.763664538200786,5.735072336674843,4.279433371339223,3.8331252567356353,14.414922392000166,19.095340797830325,19.04912468523651,9.70662937211683,8.565432374305237,16.365572465852303,10.891809426735447,20.89837532208269,16.71948896646154,12.22764137790968,9.406049780277533,23.237447370639657
D_500_Arafat_0062,11.639892949738504,19.94213800018148,14.153312133612644,13.97380349152705,11.899802065815049,8.265746659514292,2.5815580632660904,11.738479128230686,10.296758729814895,29.251259757728633,10.760168880123794,9.536970232643451,16.548953904745105,12.455127038242553,16.697832115051227,16.143543149119076,8.440928742402226,16.262736208646125,22.82874490241819,12.400936625239163,17.357331668047898,21.211575344614896,10.428980472819424,19.930264144841125,9.724501418917018,9.655104828626222,9.78771601566793,9.714032032516814,22.0448019483182,19.157266036531087,3.07165676410794,3.5790672404638273,17.996372914048386,3.8808406339071406,3.33946296489608,3.527654197810831,18.746176754526207,3.006437066553203,2.7176082333009397,9.587786551496077,10.309696491640652,8.64519679344193,17.99604670222154,9.723456683975607,5.588802137121969,4.759902969092993,3.87025440700091,14.179801905141566,18.909174504597033,18.850888841725485,9.704276042947896,8.620688622109002,16.065066315026055,10.687339354673826,20.919307666880236,16.558434549533263,12.068196834367424,9.21528014608223,22.94629792192695
D_500_Arafat_0063,11.489266290864174,19.88192781877151,13.87297514183206,13.692795305794245,11.871124556497154,8.124973339887397,3.082890757551727,11.63439840172261,10.159265705711856,28.90120488388061,10.2831755823784,9.380180859884574,16.291542898812203,12.285233623072767,16.53734332409324,16.00183911281285,8.337382623878762,16.040597797947285,22.564564538338068,12.248520682799295,17.325470828419746,21.10837154477961,10.330306292969489,19.78185120675763,9.701657023587176,9.630009706992995,9.766795796236826,9.6952005465856,22.014252616083635,18.947485441776596,3.573419762006808,4.080525456808893,17.56466765886254,4.381568372098987,3.8395492267712403,4.025308995244815,19.03162135683544,3.4885488946827046,3.195490218484403,9.395678518087289,10.102090356696786,8.418598961038576,17.88226312130224,9.709101134485476,5.484790752959626,5.244459620582763,3.97107690878302,13.958802005527554,18.734628456089307,18.664068463995964,9.727890991715855,8.70462410771896,15.774832112331966,10.502928390627533,20.952263776450717,16.41117844107968,11.927787307144259,9.04840175700618,22.66254186388015
D_500_Arafat_0064,11.358870747264806,19.834258783883147,13.605411055555237,13.424704022529431,11.863662143308366,8.013263011931265,3.5844867253193735,11.551239445320235,10.0450331008645,28.555694403055647,9.808706991317186,9.24804599763003,16.045729762848257,12.133767536431746,16.390681199568714,15.874769380461995,8.26312219970679,15.831283747828268,22.308566479918323,12.115026304086818,17.308133774861183,21.016668479172576,10.255310501152849,19.64516297726174,9.704789524127095,9.631079594008094,9.771682815824146,9.70236973360244,21.995134173601866,18.748817280021488,4.075308321880907,4.582162097221626,17.1368088050914,4.8826134943182495,4.3401404206766525,4.5239846455235035,19.32590619401468,3.9756556324867764,3.679874439599342,9.226942551592433,9.915603285195234,8.216493063719227,17.781944553569332,9.72071238458668,5.425469078368142,5.732066858934791,4.130931655354039,13.752603420265887,18.572030265936416,18.489009572635112,9.777286016082368,8.816419713034923,15.495447031947771,10.339649832780413,20.997187015820945,16.27809509024839,11.807091872563056,8.90675755880619,22.386460321387617
D_500_Arafat_0065,14.777588987906608,21.84854175127861,18.218235268759337,18.04961529603018,13.946462591230357,11.623613862321873,3.024870852564189,14.47475561401613,13.4288844219223,33.67397173763255,16.21841259692018,12.88808966992939,20.359009082825526,15.701637034732377,19.666395202127646,18.964990830898774,11.493746009952861,19.78456146953107,26.568680419581767,15.504450354482318,19.08577550874028,23.499094470610117,13.22910295534995,22.683550155612714,11.945140371771359,11.904246005930684,11.983483686124654,11.900277884977688,23.585813695986683,22.48935246742466,2.481842088096812,2.0801300495447212,22.74238371275739,1.8506268600957354,2.2085381717461816,2.2710230663637354,16.789065350195838,2.6902941918199783,2.991108514126333,13.2041196300445,13.99049658572634,12.586706700286719,20.488161948810685,11.868545108658218,9.102738005121534,1.2525562228555815,6.607685616649939,17.766259729343467,21.93195247200509,21.98614683560795,11.505055239621376,10.019858246673786,20.156017502604627,14.163183468821178,21.8369593750991,19.413327129335748,15.091639781029944,12.672719921846424,26.855854332537056
D_500_Arafat_0066,14.468686436482232,21.665882783912494,17.846480936967538,17.67664178142881,13.721215294314998,11.2805447127343,2.5375995310088806,14.196320039484098,13.113810038899437,33.28707309057016,15.730513787493543,12.553345972110728,20.01212886332966,15.387910476433532,19.387696542459665,18.696665603193818,11.172221459495494,19.460283105055275,26.236467612345354,15.201336090424572,18.910614856264306,23.287107060745562,12.938716943616551,22.429872123788023,11.691546096676625,11.648036826256238,11.732196996079674,11.649066913636489,23.439157954826328,22.186186130097596,1.9858486282373176,1.6179323444884564,22.278105210782442,1.4183918424573823,1.7080898971864382,1.8346956288850664,16.944197021293753,2.1951772495638786,2.49445438765423,12.851130172500692,13.636202570280133,12.206892655929853,20.25171479170394,11.620372157419787,8.726841551125617,0.9308071723006015,6.237132856378851,17.43189437469369,21.65385607126343,21.698654696116794,11.281615149495341,9.813329834842184,19.7856913082461,13.825255168123872,21.741256577716406,19.143454377741424,14.793172060497502,12.328814579367467,26.50933049620594
D_500_Arafat_0067,14.170858095288969,21.493412182456034,17.481254287220086,17.310207996077327,13.510894123426477,10.949774222530577,2.0575576952339927,13.930435606918381,12.810685772459749,32.9032931238328,15.243549331862935,12.230074130588271,19.67195820694748,15.084387764826007,19.11813384264142,18.438121346301177,10.864411817974975,19.14369221213252,25.909733330253445,14.908985180112484,18.747278965429203,23.084104096639823,12.661603633942226,22.184667466799556,11.454374694243933,11.408200061999166,11.497373151654813,11.414441905101645,23.30240836650706,21.890347786009244,1.4940593409793843,1.1887107397404482,21.815510286329268,1.0504356896559726,1.2091587510583381,1.4419552160836262,17.112670411235243,1.7042554233380982,2.0006095268880344,12.508353077718965,13.29144934886408,11.836209203895637,20.02507709460548,11.388955744756343,8.364225061938528,0.8175992481527948,5.886145897843309,17.10574414003215,21.383942959216387,21.41908421819169,11.076459817557804,9.628598086006688,19.421295166208026,13.497561812063324,21.65678346114292,18.883087882537218,14.505959792551405,11.996086263472279,26.167859860845113
D_500_Arafat_0068,13.884816576466486,21.331377057313567,17.122973000004357,16.950738040524683,13.316206313388388,10.632450231877934,1.5913012695214919,13.677834253946218,12.520379574049812,32.522742229768674,14.757611696873767,11.91920756428597,19.338851159855484,14.791697028574681,18.858098860761956,18.189775114439712,10.571515121338603,18.835176417590844,25.588687419250558,14.62804294780544,18.596079400096148,22.89032459761644,12.398652971154275,21.948220160625077,11.234666270309043,11.185788859248284,11.280040316592931,11.197445470597119,23.175740269384026,21.602138486077354,1.0126178735634321,0.8443486629309048,21.354708331842872,0.8363959114067491,0.7149275547448145,1.1388262988104074,17.294095588991823,1.2225924091081517,1.5123282354088932,12.176650787939355,12.956998482299547,11.475541153338321,19.808585541369446,11.175336854928275,8.016690755075919,0.9874694396925284,5.558432349480807,16.78828779953266,21.122526828164645,21.147749554956103,10.89062258919301,9.466939021365164,19.063169120506455,13.180866753732033,21.583671857479942,18.632626138563662,14.230684457999894,11.675490547731567,25.83164280758089
D_500_Arafat_0069,13.61130497053606,21.180016896662753,16.772082152643858,16.59868433371291,13.137846857050828,10.329811974599325,1.1556378111083128,13.439264968402176,12.243803211290578,32.145535076892024,14.272805733115119,11.621741756113531,19.01317896334644,14.510493728854591,18.60799101090244,17.952050124273516,10.294804270021174,18.53513893187098,25.273546639679157,14.359179024858634,18.45731439756855,22.706004694038906,12.150784422531947,21.720816179367663,11.03346405375335,10.981861970566838,11.081227639978605,10.999120979971106,23.0593197836005,21.321867580613667,0.5684530692121039,0.7192903335215786,20.895817945872686,0.8945745096776108,0.25444027552829873,1.0095438171623918,17.48806944164249,0.7678146238936231,1.0374953093404504,11.856952769661872,12.63366816709452,11.125862520809587,19.602576277289057,10.980554214597793,7.686284666423782,1.3365190871252617,5.258345311471971,16.480027750146707,20.869926959949264,20.88497168513536,10.725107665638749,9.329552059552965,18.711673166387577,12.8759815229392,21.522037535303983,18.392473765651275,13.96805178682366,11.368053913870927,25.50088711928683
D_500_Arafat_0070,13.351093335785654,21.039562071899972,16.42905526105817,16.254528739114622,12.976489031226716,10.043187103878545,0.8020722638687314,13.215487672555808,11.981907458489186,31.771790747283116,13.789250774416532,11.338731405364575,18.695330144490963,14.24145832550967,18.368215789007987,17.72537370043911,10.035618183751378,18.24399803570339,24.964534607258017,14.103084189060116,18.33126632131598,22.53137652422896,11.918938942779418,21.50274242128442,10.851797421818128,10.797466723847723,10.901948356641627,10.82049513596152,22.95330282142499,21.04985214297504,0.3541811731800774,0.9090622462725372,20.438967863093374,1.1855507678826744,0.3505986423644948,1.1162410903718876,17.69417925345495,0.4346343618752176,0.6084547164301545,11.550255824707214,12.322333790273017,10.788241919607852,19.407383092629424,10.805626463056772,7.375309078708099,1.7612580291283435,4.990870506300616,16.181489547908768,20.62646723974142,20.631077555066486,10.58086874765466,9.217522545780106,18.367187929215515,12.583764518473394,21.47197931092854,18.16303967868211,13.718787862612748,11.074872261282787,25.175808032350563
D_500_Arafat_0071,13.10497391562715,20.910232319412792,16.09439513166807,15.918783498359112,12.832774149907907,9.773984471005312,0.6750573421672926,13.007265802749512,11.73567516875698,31.401632872530964,13.307083168643025,11.071285086181145,18.385710433069843,13.985293029425518,18.139182926996327,17.51017490971307,9.7953480419997,17.962186313989108,24.661881685205927,13.860466218622843,18.218199108551506,22.366667076350314,11.704068737107994,21.294285520335002,10.690662288580178,10.633619211108407,10.743180377180765,10.662557958580342,22.857834123341913,20.786416254542683,0.6575031401080728,1.2806133696107842,19.984297990448532,1.5859881830926716,0.8280454443673039,1.4061902022103205,17.912006068566598,0.5411419233215299,0.41060656785311883,11.257622551027248,12.023927183150574,10.463846549021424,19.223335447539377,10.65153182440886,7.086322455915757,2.218633544712666,4.761506941999084,15.893221022121185,20.3924750148119,20.386399064318287,10.458786096576121,9.131783745323853,18.03011523338563,12.305118260261384,21.43357827363556,17.944734978667945,13.48363409583956,10.797106842237019,24.85662825002924
D_500_Arafat_0072,12.873754945366333,20.79223521782542,15.768634454914583,15.591991899966867,12.70730080076837,9.523681553132958,0.8790025218022043,12.815357575881459,11.506111951144646,31.035189767177155,12.826459343694276,10.820556887814316,18.08474247069708,13.742717529200117,17.92130426647498,17.306881882570973,9.575417847105808,17.690149602714133,24.36582482146544,13.632044671168941,18.118355758871424,22.212096984212593,11.507124737032461,21.095730545339627,10.550999330169205,10.491282149968113,10.605844857114983,10.526240697280077,22.773046332534648,20.531890139751464,1.115229261601449,1.719914845250473,19.53196056219183,2.0321777532769456,1.3239934252483356,1.7925702341001313,18.14112779907444,0.9493793452758092,0.6866859095678439,10.980177404069995,11.73943419181417,10.153943996085976,19.050756351593094,10.51918584722406,6.822119684417551,2.6920619120590192,4.575988903572696,15.615790893828866,20.16827979312714,20.151271886801556,10.359643000743704,9.073080969924488,17.70087852564335,12.040984893030481,21.40689713870312,17.737970562135835,13.263340979553478,10.535976967167459,24.543577911417593
D_500_Arafat_0073,12.658252945811995,20.685764681757565,15.452336060082756,15.274728597954093,12.600613895377,9.29380546646836,1.2625958012304976,12.640506003061372,11.294234247078744,30.672594558468383,12.347559541145227,10.587734544216719,17.792865275364104,13.514463597561804,17.714991349600986,17.11591882993611,9.377258798030336,17.428345615060802,24.076607324757767,13.418544525703838,18.031955913558523,22.067879287758867,11.329041832417687,20.907359591385713,10.433670809511705,10.37134117217033,10.490783512556435,10.412392480363351,22.69905912058139,20.28660914100065,1.5999128944682857,2.186504692752154,19.08212142798803,2.4997386906599175,1.8234079606343632,2.225714455265959,18.38112205239926,1.4192835851679215,1.1309445976268737,10.719099765074029,11.469890145102296,9.859900867940643,18.889960116650826,10.409418066925133,6.585684194615817,3.1743686977640033,4.439815971193123,15.349786823333396,19.954211779268597,19.926034121446857,10.284102883022147,9.041940765948594,17.379923111623807,11.792339633380655,21.391979740091962,17.54315445358395,13.058660579656678,10.29274881947257,24.236894509625806
D_500_Arafat_0074,12.459283456784416,20.59099949457184,15.14609273920195,14.967599481960962,12.513193927472912,9.085906712891695,1.7088621282382104,12.483427794370112,11.101054717465074,30.31398531107386,11.870592387269355,10.374023659861956,17.510533422583254,13.3012685121785,17.520652732149085,16.937702773478605,9.202277397810118,17.177242214639207,23.794478573050387,13.220688665839283,17.95919357699064,21.93421817070761,11.170722070248953,20.729450270914523,10.339437046718754,10.274580594424219,10.398735717651066,10.321756790912401,22.63597837700802,20.050912524895683,2.0929081339921747,2.666093936480029,18.63496148983093,2.9786236763064124,2.3240551728699375,2.6830692215370395,18.631568662738072,1.9057722920353872,1.6096867314299326,10.475613420439952,11.216372786374356,9.583177089995575,18.741250007353173,10.322948716508147,6.38010369068626,3.66204749624589,4.357616525402593,15.095812813194547,19.750600248369498,19.711024769314268,10.232688445249412,9.038647970910972,17.067716158748645,11.560181879637259,21.388850672226432,17.360688874547446,12.870337765637528,10.06871978821836,23.93682275237254
D_500_Arafat_0075,12.27765024054252,20.50810190361997,14.85052653652941,14.671240988051295,12.44544687852552,8.901525248659357,2.1796397563689904,12.344801393128568,10.927565019514907,29.959505145253637,11.395800519948171,10.180627824393452,17.23821590325028,13.103867268250099,17.338691032798888,16.772640019786095,9.05181784815873,16.93731530735039,23.519693648009316,13.039189236135677,17.900235031793958,21.811307689504034,11.033016228141644,20.562274115014155,10.268933815010751,10.201659981687413,10.330316634755066,10.254949081314578,22.583895474973136,19.82514211353477,2.5894719643785735,3.1527557122347316,18.190678304993664,3.464139439642994,2.825279692885078,3.1541201726820565,18.89205192124815,2.398776089837605,2.0994532135296984,10.250971919493669,10.979992256706293,9.325314573792577,18.604915819291822,10.260366816529643,6.208443971969348,4.153206259084637,4.332463664603679,14.854485899365729,19.557771762597824,19.506582037487753,10.205764273981282,9.06323289198969,16.764746413107673,11.34552376776063,21.397515087696803,17.190967072845638,12.699100256607199,9.86519789857602,23.64361435789307
D_500_Arafat_0076,12.114133082656567,20.437216301802447,14.566287390529212,14.38631872854093,12.397695227155992,8.74214916975829,2.661955376377764,12.225254476505585,10.774716268233327,29.609302346753758,10.92346755414463,10.008724692760126,16.976394618559905,12.922983617137342,17.169499742678585,16.621122421523705,8.927120078808986,16.709046329020996,23.25251288906738,12.874737969559297,17.855216997492523,21.699330509108464,10.916704383008346,20.40609489858436,10.22265207807636,10.153092970499188,10.285997746435042,10.212436955989219,22.54288662452404,19.609640737376317,3.087883133580025,3.6436571004832587,17.749487873879946,3.9538439352179537,3.326820473993818,3.6335443950310835,19.16216250772985,2.8949682522023172,2.594006965329433,10.046439430925986,10.761877789234267,9.087918936587206,18.48123142026786,10.22211106848177,6.073581797008157,4.646741537064046,4.3653435044744064,14.62643207480006,19.376048238984044,19.31304147414056,10.203524199520723,9.115469924147526,16.47152357292565,11.149376065009822,21.417958654703252,17.03436994641275,12.545647639653401,9.683476217781601,23.357527778785215
D_500_Arafat_0077,11.969474432426725,20.378468019062566,14.294051008907136,14.113525311849552,12.370170502882562,8.609167267683723,3.150514217376842,12.125351352521912,10.643397730145107,29.263530466554048,10.45392675312034,9.859438488657846,16.725562474375092,12.759320035728598,17.01345983026524,16.4835234820418,8.829275628731699,16.49291931409911,22.99320136106822,12.727995660456497,17.82424507866295,21.59845666242405,10.82247629905633,20.26116690637738,10.200921481224787,10.129229834212708,10.2660911406303,10.194524324160895,22.513012323887096,19.404750509840948,3.5873716311584016,4.137289150927782,17.31162663306213,4.446353293538988,3.8285531211750956,4.118418635110244,19.441499133347182,3.392950127989788,3.091050886056328,9.863266981883257,10.563160911800193,8.872633116384492,18.3704522950373,10.20845491980137,5.978008043288241,5.141968990145664,4.454971210818904,14.412281408246024,19.20574488225505,19.130733943922014,10.225984403759167,9.194887752372342,16.188577257295147,10.972731451159152,21.45014767510619,16.891262507583622,12.410639608855032,9.524802549490492,23.078827846353494
D_500_Arafat_0078,11.844365248834352,20.331962246352827,14.034515855700848,13.8535772211775,12.36300777185077,8.50381783368286,3.6428050836222305,12.045580759852804,10.534414562999507,28.92234840832484,9.987571883929212,9.733809844729201,16.48622104155747,12.613546812301093,16.870936188123768,16.360194372767985,8.75918439251632,16.28941754130828,22.74202822982695,12.599581039274131,17.807392542688476,21.508842350940764,10.750912624020442,20.127733160031635,10.203898840787325,10.1302451139095,10.27073872534414,10.201340730203812,22.494316917799832,19.21081092793762,4.087542435247721,4.632778985004506,16.877353675136785,4.940828724353822,4.330410850589373,4.607022335439036,19.729669908990726,3.892034697169292,3.589550572614718,9.702664346987055,10.384955167838138,8.68110215043422,18.27281313791897,10.219496947269533,5.923624625259262,5.638442689773508,4.598029395547658,14.212662346513625,19.047168001378246,18.959983457941654,10.272982838930247,9.300790082683243,15.916455506435707,10.81654544351789,21.494029360770725,16.761990244968676,12.294683766614849,9.39034528669965,22.807785327962815
D_500_Arafat_0079,15.17040817872615,22.312525115524203,18.55434070427234,18.38441117992628,14.390985013670587,11.987912724036544,3.173408068847447,14.889007845253555,13.816846613713908,33.99279027198965,16.342483144082536,13.25981389160443,20.719998156464744,16.090797007023944,20.0808426285672,19.386016312203605,11.87642404479209,20.16540363518,26.942929980645552,15.901655954060063,19.55243490320851,23.950709612895963,13.635212484707807,23.113540198194773,12.374253129242067,12.331844725526214,12.413916422674284,12.330739611278233,24.062379886199118,22.886833027372454,2.5997315860419556,2.3005608266963895,22.5585847615959,2.120355170132027,2.3005397150171265,2.532779090749367,17.26676774741023,2.660634150572425,2.9646783133301633,13.559244101051819,14.3443783530115,12.914141689029808,20.927542433252448,12.300706659844685,9.43464820914352,1.0017807976003503,6.94535454602281,18.138487238547818,22.346899262770915,22.394803194677436,11.950075936403794,10.472448488692642,20.49362673732606,14.532176674264,22.326294400261332,19.83341366343798,15.492208644781439,13.036302873028209,27.217225235233673
D_500_Arafat_0080,14.86966736561723,22.133694819758798,18.189456341464037,18.018368522356177,14.17280313848995,11.65557003637639,2.712941805979669,14.618463605705886,13.51082155391702,33.60956177615303,15.858401379825223,12.934692743139422,20.379262794576405,15.784806133477858,19.807975443928093,19.1235987356352,11.565541661351897,19.847348079212075,26.615388594700768,15.606257486981118,19.38149133324245,23.742754191141056,13.353659477598468,22.864632728252275,12.129632355642832,12.084703235134294,12.171518185499993,12.088476100523405,23.918645681100475,22.589001371339933,2.1313435082290626,1.8929631977684664,22.09044348385189,1.7558151390560113,1.8254805233257436,2.150232023851262,17.41764393358879,2.158717444692129,2.4626930460187197,13.215742322615586,13.999042460182698,12.544244571811069,20.69611499608934,12.061427741244085,9.072512429856848,0.5486658233160706,6.593802805645206,17.81111033371211,22.074030550764395,22.112624182127465,11.735110866563748,10.275019580566292,20.129512032699196,14.203029483387333,22.232697295139534,19.569334321634727,15.201606794489637,12.702244040154067,26.87536088579019
D_500_Arafat_0081,14.580031250313318,21.964897118093592,17.831255382207598,17.659026508577057,13.969281579350506,11.33574657251066,2.2702756791473475,14.360396307477448,13.216804699429456,33.22950640024093,15.37548724626161,12.621191150075447,20.04532282433564,15.489062029536814,19.544209590579516,18.870903920587324,11.268479752768238,19.5370298196033,26.293363012125138,15.321633882541361,19.222156180997636,23.54367970325591,13.0853353819431,22.624139979174668,11.901193171952498,11.853703531854816,11.945332404157483,11.8625438550551,23.784652366022367,22.298507346453253,1.682619760144047,1.542271922593175,21.623834117668807,1.4745951969699063,1.3699774484990022,1.826633368775516,17.581579846188717,1.6570185153726171,1.9608567447420902,12.882669271644039,13.663446420378689,12.18382800343958,20.474396392569084,11.838634683185314,8.72427356752742,0.32103675957457245,6.262834077399486,17.492031531433227,21.80931756052396,21.83835332364143,11.538020453694982,10.098735182307703,19.771453115424084,13.88425415408578,22.15009763561307,19.314708918763074,14.9222568842605,12.379555407430136,26.538600006211695
D_500_Arafat_0082,14.302174470515919,21.806364972670018,17.48014867445179,17.30680249758583,13.781069841405193,11.029531409667761,1.8581746981601475,14.115490269671858,12.935614857359582,32.85273425638501,14.893854293368099,12.32019613032971,19.718523475060106,15.20416262604662,19.289918399543136,18.62832751967632,10.98635942128693,19.234823319748138,25.97705834870391,15.048396509636962,19.074720330064583,23.353713244682314,12.83107012426161,22.392333055755866,11.689884224977824,11.639806653962653,11.736296436880172,11.653892713994454,23.660565416720466,22.015641393958553,1.2745021884098173,1.2955532987677572,21.15885799235869,1.3306155763108505,0.9622158659767976,1.5982003104763949,17.758213781274492,1.1558206319969544,1.4593228197974992,12.5608545511118,13.338325395790509,11.833758218429026,20.262705313199394,11.63327466937595,8.39166184324952,0.6400431232382864,5.9558806805878755,17.181713122446457,21.55306077910178,21.572292236131986,11.359735071354999,9.944719766783015,19.419784934435675,13.576581263624018,22.07861883325558,19.069916130044582,14.65480235411145,12.06914897891274,26.207139320018396
D_500_Arafat_0083,14.036796526515634,21.658323787876345,17.13657225680037,16.96213989374856,13.608803120827776,10.738088765816245,1.5020110114426752,13.884441930276541,12.668106175540801,32.47935959229273,14.413630925913179,12.032646237479284,19.399225601881113,14.930728705346443,19.045481364272238,18.39626978467035,10.720360315472721,18.941116832835792,25.666686095584595,14.787176538461633,18.93946165440505,23.17307879425784,12.591715373954647,22.169484401621254,11.496650081756206,11.443971602130288,11.545341811873996,11.463466301647092,23.546541431912388,21.740701241342013,0.9602416624603943,1.217733901719247,20.69562517246586,1.3679204803633855,0.6924173728280579,1.5087946344535215,17.947170802785575,0.6562721328649784,0.9585655862026118,12.25118536307674,13.024463821369647,11.49498052759399,20.06135917697905,11.44628601155992,8.076608112856837,1.1049005242564665,5.676839492906366,16.880638219093374,21.305565315659027,21.314748337871396,11.20115266133097,9.814021777067458,19.074860934641173,13.280782426929168,22.018369175659892,18.83533930543903,14.39990600235643,11.771996339281866,25.881182451302962
D_500_Arafat_0084,13.784618125754395,21.52099004538416,16.800988089642534,16.625508944768498,13.453093928676918,10.462653163551543,1.2505288701880883,13.667954045187852,12.415163013866918,32.109500914950715,13.934962845922643,11.759527779374773,19.087805637852497,14.669401394830247,18.811282606874162,18.17513360055059,10.471710987492207,18.656311788765436,25.3624640306831,14.538621716771676,18.81664273188854,23.00199618788054,12.368136796635604,21.955866775114917,11.322416165744691,11.267140181723759,11.37337926603873,11.292186620824317,23.442727231648952,21.47399130347137,0.8510776171299601,1.338601653397828,20.23425536935756,1.5736696183899928,0.7332016998783534,1.5821629816467788,18.14806596976401,0.1732769007845897,0.4611214942091281,11.954605555559281,12.722694984976735,11.168522519904469,19.870672436591022,11.278582451934131,7.781245325786871,1.5926436181748123,5.430015258606391,16.589310078182912,21.067139935457,21.066033993926123,11.063120506001747,9.707583019075384,18.73705355204053,12.997668321426405,21.96944102995595,18.61136471182351,14.158246085703254,11.489125879883586,25.560939941529945
D_500_Arafat_0085,13.546376423629864,21.39456992340927,16.473884578204817,16.297407326646923,13.31452315247755,10.204520808876692,1.1731020951906332,13.466728813595148,12.177692995128345,31.74328111198993,13.458015977344893,11.501868814666942,18.78465537537414,14.420838851352663,18.587709105887644,17.96532225122203,10.241675139200982,18.380821945253246,25.064616082743942,14.30339229098865,18.706508564665075,22.840680046124906,12.16120450472648,21.751752124968515,11.168071747817548,11.110219784571573,11.221281939684259,11.14093675002069,23.349258981480624,21.215821956360074,1.015461567566002,1.6141230219310938,19.77487896167276,1.893733318174255,1.0489458055702157,1.7984934733708844,18.360507393401896,0.36594512711370797,0.10477321850458562,11.672112911003143,12.43389935181998,10.855495686664632,19.69095474984853,11.131035653530256,7.5078977292493425,2.0872901006519666,5.219979991324676,16.30825102726286,20.838095955634614,20.82646552077756,10.946415999861069,9.626208200596686,18.40675458890096,12.72808539264024,21.93191014960369,18.39837953328768,13.930511450241994,11.221617676510052,25.246629228031026
D_500_Arafat_0086,13.322819068329354,21.279257917277047,16.15577682512725,15.978360449587948,13.193630779303911,9.96503641156159,1.3011819537770233,13.281459948928955,11.956618055707946,31.38082756966605,12.98297998319345,11.260730552290216,18.490181547237945,14.185712056223108,18.375148681099063,17.767236919535094,10.031533304272424,18.11507227512933,24.773372142691674,14.082156013426543,18.609284346442553,22.689338664199504,11.971781688715168,21.557410368586282,11.034451435914123,10.974064542271194,11.089867179643175,11.01054212113352,23.26626135355813,20.96650867455484,1.3574057946644813,1.9807804704925835,19.31763813867811,2.280476937982556,1.4722597310658312,2.1143504097710384,18.58409908795687,0.8616061479154101,0.5602502604874043,11.404754247344357,12.159001326293053,10.55709479420316,19.522509030601352,11.004456389600664,7.259052711893569,2.5848797194934954,5.051324778555826,16.038000934211833,20.618745999591642,20.596362044279275,10.851727229542757,9.570536629390473,18.084375436151355,12.472911006028516,21.905835096319674,18.19676963039206,13.717395641662765,10.97059553447876,24.938474578756665
D_500_Arafat_0087,13.114696992694608,21.175235479859197,15.847206541142862,15.66892140892037,13.090906558706042,9.745574772302739,1.5857299564900558,13.11282377203941,11.752863386736841,31.022272286256758,12.510072513677226,11.037195830702887,18.204805175849646,13.964699658993988,18.173987736461875,17.581273932195305,9.842559754750111,17.859497562841725,24.488967816760248,13.875582203285935,18.525173319214197,22.548172874142946,11.800711520777492,21.373108078014905,10.922315816643543,10.859455502496766,10.979877603718057,10.901751064216375,23.19384673588603,20.726371024316588,1.7772161335479615,2.3971124295517936,18.862688182356372,2.7054542700070563,1.9337445946074698,2.49217485973322,18.818443589524826,1.3621204150055695,1.0589338978699476,11.15361789202878,11.898964129396445,10.274594207873248,19.365629396881374,10.899575149664772,7.037309989650756,3.0839880805040982,4.928299668364472,15.779115160554731,20.409402609232476,20.376044207187565,10.779634334435235,9.541018206597416,17.770347105741102,12.23304682353369,21.89125678726254,18.00691706582865,13.519589978401601,10.73721574622028,24.636706977500907
D_500_Arafat_0088,12.922755946225308,21.08266970159938,15.54874153383926,15.369670495612295,13.006780928765782,9.547516692934643,1.9597353816863397,12.961469470328565,11.567344260545195,30.667751979557636,12.03954435991066,10.83235445868307,17.92896065814295,13.758481836126073,17.984608768881067,17.40782176922458,9.675994786938238,17.614540685528887,24.2116441158569,13.684334865008323,18.45435476322395,22.417374890622874,11.648802555434143,21.199107081139825,10.8323320975572,10.76708068820487,10.891962263425828,10.815215497118912,23.132114500794355,20.495731506424566,2.2313676217271565,2.841366308483686,18.41019890605357,3.153244090425127,2.4115855393482475,2.907911894900336,19.063144325950397,1.8635814001149629,1.5599226104640533,10.919823117212077,11.654782476633235,10.009340273865767,19.22059903878387,10.817023062948135,6.8453038171163785,3.5839806221161488,4.854375047779793,15.532161942499473,20.21037671725709,20.165832725129,10.730592713715458,9.537895713412459,17.465120031418014,12.009410219346192,21.888198175562906,17.829197411548776,13.337775617944839,10.522652197225435,24.341563953556612
D_500_Arafat_0089,12.74772682562339,21.00171205055505,15.260974686958667,15.081214172554114,12.941616557736275,9.372219158146988,2.381416275431334,12.828008739580262,11.40095087616677,30.31740818699021,11.571685733796334,10.647285367537224,17.663094553584266,13.567733168669402,17.807387658311722,17.247257867625343,9.53301302812408,17.38065055788468,23.94164707566463,13.50906491308255,18.39698216374909,22.297127153045977,11.516813002106911,21.035662988269102,10.765055749869317,10.697516065480176,10.8266588804839,10.75147277988605,23.081150343276498,20.274914244574457,2.7026029140941885,3.302292227452692,17.960356269620366,3.6153797464073567,2.897702170856466,3.3474654609635834,19.317807729554485,2.3653868964325913,2.0615363669346025,10.704506206197543,11.427472778989072,9.762738828078538,19.08768803322657,10.757314168533936,6.685596670089921,4.084532556752051,4.831805010000974,15.297719151126735,20.02197598504871,19.966046792993833,10.704919143145572,9.5611949684486,17.169163592410452,11.802923614105232,21.896664069990493,17.663976860874406,13.172614703554196,10.328077624442107,24.053289349536783
D_500_Arafat_0090,12.590314941321733,20.932497193045666,14.984522337199104,14.804183416520647,12.89570086155276,9.220980298660871,2.829537208234028,12.713005098730894,11.254531526903731,29.971387356632366,11.10683395333555,10.483035759231983,17.40766404375844,13.393114591311354,17.642690763108575,17.099945259421784,9.41468897758658,17.15827972564049,23.679227302126844,13.35040160636303,18.35318159644929,22.187601177815953,11.405434399133672,20.883023656940203,10.720914227002366,10.651208535727228,10.784378196177675,10.71092981560543,23.041025699113007,20.06424351797609,3.183344077403134,3.7737861035371587,17.51336419326893,4.086997583028516,3.388534567506986,3.8025853032943355,19.582045091596807,2.8673558927586313,2.5634081045820767,10.508802971309372,11.218060667952372,9.536236964581912,18.967151137059478,10.720830105822191,6.560547731412797,4.585460608140817,4.861304810209274,15.076370395187086,19.84450301543681,19.777002347332242,10.702781750140435,9.610723768732758,16.882965311188464,11.6145017045431,21.916641097023057,17.511609178106635,13.024740744116805,10.154641087968713,23.77213302093102
D_500_Arafat_0091,12.451188446685283,20.875141915212417,14.720021953344485,14.53923132304555,12.869239840196153,9.09500034897919,3.2933226321788354,12.616963234840032,11.128874581741199,29.629840927378204,10.645382887282853,10.340597729314712,17.163135034792724,13.235264522507652,17.490871853742934,16.966229095001577,9.321961582946203,16.947881600155863,23.424639437360703,13.208943355163983,18.323050369680452,22.08895643558767,11.31527536050255,20.741427610582797,10.700193809115643,10.628462054002505,10.765391438559515,10.693850437037383,23.01179725181711,19.864042140047406,3.6698571716839825,4.25233400427011,17.069446594750517,4.565159699094523,3.882294415915177,4.268294823883081,19.855474163486267,3.36941519529841,3.0654109825080265,10.33382777151649,11.027565772644204,9.331298407110307,18.859225593934138,10.707808237097376,6.472166147265147,5.086653578744867,4.9419419967959195,14.868700447348257,19.67825345378742,19.599010194487644,10.724194569437307,9.686079714124418,16.6070296743945,11.445036697895983,21.948097806044515,17.37243252748876,12.894748450064476,10.003442061457035,23.498350461025883
D_500_Arafat_0092,12.330966249503234,20.82974416478869,14.468129024902836,14.287029873631568,12.862353531714229,8.995340581280418,3.7669911206347644,12.540318787637014,11.02468996230491,29.292925396167963,10.187794607181107,10.220883175847327,16.929979878366044,13.094789349073288,17.352268927254308,16.846433112830905,9.255600153853223,16.74990733617419,23.1781415414652,13.085248126734953,18.306655957108525,22.00133926895418,11.246846174132719,20.611102429236105,10.703030484553215,10.629427841726674,10.769821769268416,10.700346961062403,22.993506536181492,19.674629688766927,4.160117562404311,4.735797918703643,16.628849676806528,5.048006675888083,4.377991241016686,4.74147459574127,20.137720514581613,3.8715295663384994,3.567489526384192,10.18064938347793,10.85698385653601,9.149372227919965,18.76412899338558,10.718334038457787,6.42196592376297,5.588040114079298,5.071277705487002,14.675289997590042,19.523513995119913,19.43237401858366,10.769017084350189,9.78666618511005,16.341876525412328,11.295381823584803,21.990984915722397,17.24676623236622,12.783183317597436,9.875501959745488,23.232202344859942
D_500_Arafat_0093,15.569333015336282,22.778003962743618,18.897664392040284,18.7265382430875,14.838995160432015,12.361650610293545,3.389676226792568,15.30833945111627,14.211764968775684,34.315913142673196,16.480755804992604,13.639691135722524,21.0866329968915,16.485896657385155,20.499074944247184,19.810680768403614,12.267493648666505,20.551321835802952,27.321179715508396,16.304479161296552,20.020671431910745,24.40418462330262,14.047333310704738,23.546267682822954,12.808458223127761,12.764654924334987,12.849336951664554,12.766219664451185,24.53985183499912,23.288236694703087,2.8029234507235077,2.599409558183386,22.384418690296872,2.4628647908817594,2.491191818742208,2.858514397855993,17.74566177445976,2.7237800379787553,3.0216911279912537,13.923222581694152,14.706702092379482,13.252306520927853,21.3695571955604,12.737782584732425,9.780799532276287,0.9679592142106186,7.301581820646516,18.516699227753968,22.765235871102906,22.807070353102024,12.399235183093012,10.929112322600725,20.837733282253694,14.908764253101893,22.816063064816674,20.25709794784775,15.898369844160708,13.408626185876665,27.582901879998445
D_500_Arafat_0094,15.276446770102483,22.60285607681631,18.53953774481348,18.367314489933573,14.627496199350366,12.03962784172285,2.963006227280031,15.04533652292801,13.914427182063108,33.936333581036315,16.00085725401814,13.323841718080896,20.75191791185495,16.187375260070908,20.231848590734963,19.553962388957814,11.966773869379233,20.239331189821613,26.99822726635141,16.016510971162326,19.853759044188244,24.200125698444207,13.774205808052125,23.301982412482108,12.57228743442788,12.526054528526492,12.615306684197147,12.532375999874118,24.398929910451916,22.995603958239457,2.3749456096621295,2.246691977856286,21.912556647057542,2.156999903228281,2.0605578124119805,2.5257865482008706,17.892498921871166,2.236074901331588,2.5310321100441953,13.58892359294734,14.37007513268858,12.8921145576353,21.142967857274186,12.506867253737706,9.431961879736217,0.4841267530884148,6.96802347262533,18.19612753816069,22.49744111492445,22.53005484045806,12.192190651948142,10.74007973947494,20.479736932071773,14.588115438985279,22.724482512013594,19.998613408314707,15.615327598900794,13.084075793181693,27.24562590536817
D_500_Arafat_0095,14.994669090022601,22.437587442092962,18.188231991332206,18.014933560931095,14.43038779927922,11.730279058386254,2.5638779588377507,14.79471612261471,13.629118905747427,33.55997882808277,15.522375073285986,13.019712712800281,20.42407131101443,15.899120351082223,19.973680367847784,19.3069004020292,11.679919898112553,19.935115013436533,26.680822396197804,15.739307082973706,19.698243512265034,24.004843921226374,13.514233096858751,23.066049445114814,12.352036158022878,12.303342852135872,12.397219126435562,12.314589253004248,24.267587939352996,22.71031095884911,1.9821493541088095,1.9603271306058967,21.442076359967853,1.9349824246124674,1.6704258691951248,2.2566909502099373,18.052121782534286,1.756600700697065,2.0460185153342842,13.265222916556745,14.04334754945192,12.541697788210763,20.925983665296688,12.292149054851913,9.097490984454035,0.19071638053888684,6.655687348764314,17.883918687568407,22.237768282151315,22.260927049594194,12.002606750796659,10.57155162240756,20.127908645747784,14.27793932056678,22.64367605714303,19.749522657782137,15.3435109628505,12.771037517709377,26.91349809181396
D_500_Arafat_0096,14.724637697711309,22.282417864573205,17.844149971347644,17.66980482789816,14.248267174843287,11.434632904473187,2.2072827106183213,14.557117782041537,13.356611012594685,33.18695858404063,15.045444368618906,12.728144265835224,20.1034292105859,15.621700232992431,19.724925928213153,19.06987010367103,11.407977715802016,19.63903457784893,26.369165418560637,15.473446002666384,19.554396733820024,23.818555159833412,13.268188421588846,22.83872761205901,12.148570244557446,12.097397421832007,12.19592953745566,12.11372545968486,24.14598223574001,22.432637715326265,1.6498567505589963,1.7727667881972278,20.973070799004468,1.827628892450163,1.3562109436316978,2.076119655294541,18.224194373059113,1.2945354590011344,1.5718845789059444,12.952915119009566,13.72722618917318,12.201898386867065,20.718906379485396,12.094490647223722,8.779029024474385,0.5855990965002406,6.367697007511529,17.58051820040847,21.98650512947893,21.999976437702646,11.83132283709938,10.42452243665604,19.78257749801228,13.978933016664536,22.573759385428506,19.510185476355506,15.083526803369857,12.470378307473364,26.5867113611059
D_500_Arafat_0097,14.467010324747141,22.13755968996179,17.507717574483966,17.33236149848386,14.081715825635039,11.153779017545292,1.9171033932601524,14.3331890795555,13.097702461767218,32.81738654227736,14.570217467569192,12.450018847392425,19.790341773996325,15.355702123057831,19.485945778844396,18.843250043655672,11.152038210221383,19.35146330003179,26.063462512032142,15.219522138131268,19.4224779530749,23.641471986049382,13.036860366434512,22.6202765089136,11.962746161936181,11.909088057982336,12.012282362858306,11.93063935910231,24.034260570403656,22.162870609441054,1.4211613357130846,1.716706995823241,20.505641134566567,1.854955235169708,1.1801924855192665,2.0080969123054904,18.408367552347716,0.8778144737420792,1.1225020366219705,12.652843821282785,13.422460425312757,11.873627897694556,20.52203587869511,11.91474106212031,8.478380109986672,1.0742618824635706,6.107497326022609,17.28638985696854,21.743943175547873,21.747497344718987,11.679144055327052,10.299912862687961,19.444089642745794,13.691828306579271,22.51483392915217,19.280965063445432,14.835997158647308,12.183014655978583,26.265465054821846
D_500_Arafat_0098,14.222461022243815,22.003216556096607,17.17938420206841,17.003061129308527,13.931292134957735,10.888862020962812,1.7271464160230492,14.12358019577072,12.853215062392982,32.451380499904865,14.096866655858516,12.186256884576128,19.485173148447892,15.101729559676508,19.257103798139777,18.627420155029895,10.91322729753736,19.07278605485783,25.763925606548685,14.978142588004747,19.302731705588688,23.473802720594893,12.821045513257339,22.410955521749706,11.795397690637007,11.73926345634849,11.84709804565994,11.766160829705509,23.932561348374357,21.901301773793527,1.3497896070260536,1.804445654050891,20.03989761984967,2.0114797633436248,1.20455813855662,2.063781575169946,18.604281932489958,0.6081560620174169,0.744150542935943,12.365899816431186,13.129840998404795,11.557868671464751,20.33566858211285,11.753721932167988,8.1975043415739,1.5715307173300694,5.878779507293967,17.002014853774128,21.510376760926093,21.503788149822274,11.546825770301062,10.198544686973046,19.11280864630876,13.417389191147043,22.4669861522667,19.06222635910912,14.60155541183444,11.909908958304287,25.949964920368238
D_500_Arafat_0099,13.99167552135931,21.87958213591793,16.85962301093751,16.68238591456497,13.797523565469026,10.641072223482851,1.6719282631807133,13.928937589629635,12.623986688782677,32.089062465284215,13.62558743025908,11.93781044868166,19.18830113619151,14.860399098326672,19.038765544275712,18.422759652974772,10.692692652832234,18.803398269021233,25.47077222407392,14.749923193206532,19.195385778661038,23.315750440084525,12.621539632524906,22.21102276573268,11.64732119460058,11.58873625307108,11.701158493288448,11.621079948109916,23.841012811934874,21.648228363142596,1.4590146700704674,2.017306347290555,19.57596058311985,2.2706391824336376,1.4190226669258645,2.2339417074418297,18.811570656829282,0.6882643952641972,0.5933531336647199,12.093017563057955,12.850197677823303,11.255673669427393,20.160095758071698,11.612212418267545,7.938500754039718,2.07121609173442,5.6853442367649905,16.727890595802414,21.286101985167026,21.269150301525215,11.435057401541773,10.121116217047344,18.789115694962156,13.15640826599178,22.430286928720648,18.854334156201077,14.380841640037632,11.652063773461528,25.640423059183323
D_500_Arafat_0100,13.775345586258803,21.766838886191604,16.548930883338805,16.370842690839062,13.680898645605001,10.411632505078046,1.7641464597968701,13.749896831093494,12.410862838637211,31.730558761358548,13.156602379029463,11.705654737900772,18.900116674873185,14.632336241462319,18.83129635357548,18.229644708354765,10.491586809914097,18.543704774052614,25.184225268941585,14.535483815718045,19.10064922210045,23.167511953404595,12.439127434356172,22.02073393947898,11.519259868219994,11.458266967424851,11.575191605183349,11.496131095872894,23.759732278973438,21.403951702115453,1.7146644573952787,2.321117066681089,19.113961544940903,2.6019439821762673,1.755234613863266,2.495266695660562,19.029862011798585,1.0402498175846067,0.8092797667667588,11.835169727734238,12.584395504100808,10.968164076892506,19.995601733206243,11.490933283638192,7.703575718569677,2.571909735586502,5.530894553290566,16.464529072103513,21.071415519295517,21.04388721732341,11.344446318465117,10.068179746414117,18.473409646508205,12.909701732742223,22.404791024685494,18.657651006718233,14.174497111768094,11.410513645412342,25.33705783217308
D_500_Arafat_0101,13.574162334885004,21.665156818415138,16.247828060434188,16.068962591640652,13.581858980685434,10.201780989843247,1.9833405587582054,13.58707467422736,12.214686490851188,31.37600012365202,12.690165827182113,11.49077715590618,18.62102310036643,14.41817056514669,18.635059232488235,18.048445908272054,10.311046605493553,18.294118397262896,24.90451276307031,14.335442833346834,19.018710445954117,23.029276756620295,12.274570996094354,21.840341100480302,11.411887511327814,11.348547375982038,11.469855409950394,11.391976689610496,23.68882542654791,21.1687763034456,2.0630032359582446,2.6851819156352286,18.654044477564614,2.9814393492790088,2.1569954003013265,2.822547531409319,19.2587818473282,1.4815830715127338,1.2092793788114866,11.593359459991616,12.33332937061003,10.696524099390722,19.842462018704296,11.390530711587724,7.494993696226034,3.073118733442204,5.418764996687187,16.212454768424656,20.866613294348575,20.82830305088281,11.275502562825936,10.040122643679993,18.166106892920226,12.678102894143182,22.39053669338889,18.472534931552932,13.983157937994886,11.186314182787964,25.04009371721902
D_500_Arafat_0102,13.38880854671934,21.574692309193757,15.956857370984034,15.77730027855787,13.500791554052345,10.01274932692859,2.293387107466418,13.441060507805458,12.036286309169325,31.025521791639843,12.226569416301379,11.294163887013758,18.351435165189976,14.218530030766738,18.450412552661025,17.879525523658007,10.152169240448506,18.055058272079304,24.631867521276405,14.150410870565741,18.94973544253775,22.901225976720227,12.128597087550252,21.67009136904999,11.325792518653845,11.260184016000428,11.385722487264117,11.309191240593195,23.628385629330662,20.94300875248168,2.4650451200857506,3.0882643237644074,18.19636722613537,3.392993634547524,2.5940251226802347,3.1955830128788505,19.49795578841475,1.9525914084760962,1.6656337391103766,11.36861012702076,12.097916722602271,10.441992277011623,19.700941374301685,11.31156058735061,7.3150084328538005,3.574626200069218,5.351616285392681,15.972202075119887,20.67198906920397,20.62270132712975,11.22862521764331,10.037153508213864,17.86764099756814,12.462454017836599,22.387545389469995,18.2993369493953,13.807447921496445,10.98052819309402,24.74976111339916
D_500_Arafat_0103,13.219950031229832,21.495586967877717,15.676582982208718,15.496432670778281,13.438021602228956,9.84573673042838,2.6627365389277413,13.312407376829436,11.876463350914669,30.679263592018444,11.766148828648626,11.116784013807825,18.091777786174415,14.034034503321113,18.277707565178027,17.723234612270016,10.015985599761073,17.826947853167344,24.366526762006497,13.980983823633713,18.893866169674453,22.783531315607835,12.001883728673945,21.51022557048514,11.261462867281793,11.19368262329369,11.323265437963133,11.248246539746868,23.578493362207627,20.726956455716937,2.8985287069401826,3.516974191458592,17.741103113996587,3.826275905408787,3.0512062002189233,3.600178293347207,19.747011227663688,2.4361225956498855,2.142631638318753,11.161952321427787,11.879088196472562,10.205848672075758,19.571291834459416,11.25447404388347,7.1657750199790895,4.076321875794312,5.331148288706064,15.744312156579166,20.48783288388434,20.427383448405138,11.204091224229403,10.059294514739577,17.578462067934645,12.263596514550931,22.3958216078094,18.138398447643457,13.647970695893395,10.794208819947858,24.466296086413532
D_500_Arafat_0104,13.06822619420116,21.427966579321073,15.407588597465613,15.226957091913023,13.393806350154334,9.701880363830778,3.0700591706122413,13.201622823195866,11.735976571387573,30.337370012288762,11.309291914496496,10.959571412327328,17.84248449677716,13.865288538143464,18.1172857572347,17.57990999412865,9.903431881459525,17.610212627165613,24.108731649068066,13.827735281935896,18.85121913032341,22.676354006695508,11.895046426892383,21.360976827442585,11.219272924931527,11.149434358818727,11.282844197102476,11.209498793017568,23.539215675668522,20.520926253563225,3.351275160311957,3.9630031410172104,17.288442757456142,4.274684114634119,3.5206969708040274,4.026831584254046,20.00557909493271,2.9259746857096913,2.6290605842979873,10.974408092099997,11.677776098562457,9.98939738962157,19.45375072467906,11.21960508784623,7.049246731774485,4.578143797449472,5.3578959401697865,15.529329260176139,20.314429407804685,20.24264707805599,11.202047352072544,10.106380590825237,17.299035822829012,12.082359461464247,22.415352849636797,17.990048425669702,13.505301297592398,10.628379845037458,24.18994004969071
D_500_Arafat_0105,12.934240008240959,21.371940139240902,15.150475026106186,14.969488753577147,13.368329875582663,9.582223163631614,3.5021301969469865,13.109159841823544,11.615527554878948,29.99999026288676,10.856448541153718,10.823404884311003,17.6039955825146,13.71287354418754,17.969476082047084,17.449871145020854,9.815320981053624,17.405277516837526,23.858726760294562,13.69120849464768,18.821884180760225,22.579843797206834,11.808624639738957,21.2225691168071,11.199472867970941,11.127704651542189,11.264695945100383,11.193178485913831,23.510605751795534,20.32522290048072,3.816435016508421,4.421112418389487,16.83859611858857,4.733921832524781,3.9981632251154213,4.469229975063076,20.273295405689126,3.4194321276022737,3.1205131939691912,10.80697253836084,11.49490073463626,9.793944106993527,19.348538698959782,11.207161062269066,6.967064740924965,5.080054472236271,5.4311616198129125,15.32779645860711,20.152056195931845,20.068784411375855,11.222505852789338,10.17806549744634,17.02984231230372,11.919546609918514,22.446109716521292,17.85460064832952,13.379977367674606,10.484013584065485,23.920939375706705
D_500_Arafat_0106,12.818547663375021,21.32759899876043,14.905857055811943,14.724657500260339,13.361699334989956,9.48768071983583,3.9508382499406123,13.035408283989428,11.515745038581747,29.66727832593506,10.408142552967279,10.709087227171308,17.37675588265023,13.577339481844973,17.834592100361746,17.33341706174023,9.75231539234421,17.212563985019578,23.616759479599875,13.571908079288663,18.80592359515602,22.494137969774727,11.743069078206494,21.09521580749461,11.202181384262337,11.12862537458555,11.268928256173401,11.199383629705077,23.492702547592916,20.140147418869443,4.289972139276069,4.88790650583657,16.391794828207,5.201121167533955,4.481056181864593,4.923130590945285,20.549802594146744,3.915131814912104,3.614941028085982,10.660593146290365,11.331354748602655,9.620768638359383,19.255857831768143,11.217216563634507,6.920452707681538,5.582029886404837,5.549103005567931,15.140250839623093,20.00098186945473,19.90608034760279,11.265344094168514,10.273834298400674,16.7713742492273,11.775922144264602,22.488046130591012,17.732350754816046,13.272490232214533,10.36200710944064,23.659544932242284
D_500_Arafat_0107,15.97390600424458,23.244888408601334,19.2478200285962,19.07560197689171,15.290186394006371,12.743997028895512,3.661693628872143,15.732344215782765,14.613075460157889,34.643219878984716,16.63287633021298,14.027058954164218,21.458624174860148,16.886519014706316,20.920865109840094,20.23875508468621,12.666177496816072,20.942035403574877,27.70326573780671,16.712513717179583,20.490376926486704,24.85941768057265,14.464951571378306,23.981584383506636,13.247254854789864,13.20216399019573,13.289254935672512,13.206221536254006,25.018177642653164,23.693364036785105,3.0745511720482126,2.952962737342817,22.22011197245349,2.8520534129319226,2.760126818685038,3.2289236272136823,18.225653443814267,2.8736199792848205,3.1576300556162784,14.295378716844697,15.07685912456525,13.60040077711101,21.814046056484383,13.17928387942869,10.139733489711652,1.170058129420613,7.673783241058128,18.90053638821331,23.186778776929373,23.222755964006918,12.85209900489029,11.389359673439225,21.18802053215103,15.292385098586625,23.306237987239292,20.684158851874454,16.30970552583049,13.788981799078252,27.95271524858081
D_500_Arafat_0108,15.688573558528434,23.073284208251366,18.89633015288955,18.72307599721419,15.085013621596666,12.431880958065303,3.2706983144953914,15.476547398838594,14.324069464025564,34.26726594475674,16.15749602267293,13.720128951738815,21.12980204759688,16.59520491831032,20.659094700980894,19.987534920778025,12.375148449842907,20.63595212841908,27.38481928360642,16.431697106050585,20.3273209718559,24.659125591854483,14.199857984717529,23.74177805344483,13.019045238742628,12.971612438806325,13.063107126134213,12.980305825039864,24.87996447490096,23.405796468977876,2.6901333380454284,2.6477629615767406,21.74468455589409,2.5925120755063897,2.3786818357226864,2.9384359690940545,18.368652730163756,2.416342513501275,2.691858152297032,13.969987208052023,14.748682216959633,13.249674110741848,21.592121054892175,12.956238464856904,9.80367435519831,0.816353898231053,7.3571170559833785,18.58658542373383,22.92390840676234,22.950757771831565,12.65246600292996,11.208090684304464,20.83604302565875,14.979949104507906,23.21659029269897,20.43107733113011,16.033925230764236,13.473595440812533,27.619955214441106
D_500_Arafat_0109,15.414330565139883,22.91140850466688,18.551781393788165,18.377517264970045,14.893960206393322,12.132536539208933,2.914017391597405,15.233022134690213,14.047082795284155,33.89458579747902,15.68379271365872,13.424979348985692,20.807909627610677,16.31415668746168,20.40633177184454,19.745897848731715,12.097980032565255,20.337668962035107,27.071947011274133,16.161615172935214,20.17545524323107,24.46750688282113,13.947820153712666,23.510258403988896,12.806478543313077,12.756680620310494,12.852618990011278,12.77015925200444,24.751174564336942,23.12556390867662,2.3506024407599018,2.409537435622925,21.270491231948075,2.4109316056112173,2.050003931087796,2.710613710856492,18.524171762958357,1.980982494290438,2.24190418275168,13.655321642422939,14.43052843029715,12.9089659600112,21.37969515224749,12.74908948417779,9.482322381774107,0.6843910095942533,7.062008341997367,18.281045434881108,22.669120662788092,22.686620691528834,12.469880456860581,11.046703283008236,20.49033304820731,14.678054584801542,23.137501770939835,20.18732274891227,15.769324715376133,13.169817966546102,27.29238273641844
D_500_Arafat_0110,15.151779157265404,22.759468861445065,18.214567630040285,18.039326152869645,14.717575994325736,11.846931907441402,2.6057799410883753,15.002366000538712,13.782840082297291,33.5252886033092,15.21192304384127,13.142403824893128,20.493273437078546,16.043913800849243,20.16291505927967,19.51419984256684,11.835646019831104,20.047534055879527,26.764844387454207,15.902814831785967,20.03503418797941,24.28476684926814,13.70955812244299,23.287272574977436,12.610345817270648,12.558170518420456,12.658571691687062,12.57657228668657,24.63195570540223,22.852936174793786,2.078077830836376,2.259569422332134,20.797616394593945,2.3256450488723837,1.8031821228531344,2.562227392861375,18.691898025274867,1.5856962108499026,1.819540852297527,13.3521403355664,14.12307513158101,12.579090381806001,21.177054186174278,12.558623543773692,9.17722262438355,0.8802881993939727,6.791267905134737,17.984345091931708,22.42269105584213,22.430622417849737,12.30510121772138,10.906080087004236,20.1512131554758,14.387365111575354,23.06908100572898,19.95323690963559,15.516475906176405,12.878470862298226,26.97018682003033
D_500_Arafat_0111,14.901537305477966,22.617665505186917,17.885103735634594,17.708924746060735,14.556394220707883,11.576084034600031,2.365003568746202,14.785181275542694,13.53208787393097,33.159487378057385,14.742063062247643,12.873230401406527,20.186232760152148,15.785031211456365,19.9291870122054,19.292798975951293,11.589153802519865,19.765906206685763,26.46371226216315,15.655855540367842,19.906299982821213,24.111107351798637,13.485802037357121,23.073067971206996,12.431424896944893,12.376872279112344,12.481732014824944,12.400320478969629,24.522447474421753,22.588188609982698,1.9015897226109126,2.2158514954335957,20.326152045311847,2.3471725773694456,1.6748060827549325,2.5074195303775437,18.87150601194541,1.268515991614855,1.4490973552214896,13.061243008567033,13.827036107160403,12.260921713290214,20.984481609997836,12.385610290239544,8.89004848620923,1.2593576355062928,6.547919087271094,17.696928984495944,22.184898095659307,22.1830447063047,12.158852217731827,10.787033155548215,19.819021615314693,14.108573270871748,23.011423136179648,19.729163953609604,15.27596233294167,12.600416371205336,26.653562431032515
D_500_Arafat_0112,14.664235174976314,22.486190184277728,17.56382581119994,17.386757111328787,14.410924970197797,11.321052068267345,2.2138100374598695,14.582069872040204,13.295589446350775,32.79729908533436,14.27441119597565,12.618316754687257,19.887139384520566,15.538076731159725,19.705492366584625,19.08205365081856,11.359534652041063,19.49315411488823,26.16875673392509,15.421306156290319,19.789480683855214,23.94672592795295,13.277285274565473,22.867891338688185,12.270468690287423,12.213552372963452,12.322840765776276,12.24215254787972,24.422780478280856,22.331601462840275,1.8488480272467835,2.2844915116988256,19.856198635549262,2.4727258314792753,1.6920532628703748,2.552225762385462,19.062659856503185,1.0992687902922538,1.1805067754344296,12.78346825044614,13.543159859300514,11.955394624256614,20.802257024159537,12.230790354889091,8.622591136556752,1.703412240532354,6.335119166365069,17.41925666237873,21.956022381092527,21.94417254668099,12.031809158162465,10.690283294384718,19.494112600147286,13.842397922302858,22.964609212822307,19.515448761572095,15.048375431189939,12.336553302666307,26.342710454552837
D_500_Arafat_0113,14.440510670308651,22.365225023219995,17.25119119401289,17.073289337368124,14.281648353740193,11.082927856650768,2.1709968432797164,14.393627548627283,13.074118303574764,32.43884473091002,13.809191752645024,12.3785438459324,19.596357184732806,15.303627795617142,19.49217653833087,18.882320628085896,11.147831217386946,19.229655442446493,25.880188971240894,15.199741160854675,19.684788398467646,23.791814872479247,13.084736379236102,22.671987764446083,12.128192427195032,12.06894065018971,12.182600207138874,12.102777480501986,24.3330756281152,22.0834591638607,1.9300241765162078,2.4560871345887847,19.387866018235975,2.687765962499888,1.8508569484442776,2.6916759318423797,19.26501585545138,1.1455168339619282,1.0917267999923304,12.519689511806176,13.272226819840348,11.663502566034332,20.630654613175235,12.094862373420368,8.376739326725199,2.172970621498236,6.156036905518461,17.151801337932785,21.73634558121764,21.714293223349518,11.924585873847754,10.61644007645575,19.176856250753552,13.589580403406433,22.928705638822187,19.312435178685625,14.834310145607596,12.08781100628936,26.037837617166897
D_500_Arafat_0114,14.231004135712775,22.254941386105294,16.947678197344004,16.769009293835648,14.169007569527379,10.862823325139145,2.242779146851423,14.220437451233572,12.868450314037608,32.084249452247604,13.346659062391542,12.154807700126725,19.314261525401783,15.082267573018363,19.28958383508314,18.69395286773787,10.955082157009766,18.975795651945703,25.598224986236996,14.991736232371041,19.592417509343544,23.646560293007152,12.908869870505752,22.485599603543506,12.005260229191311,11.943716638989926,12.061660875757987,11.982851012137761,24.253443446708776,21.844049489693333,2.129860451295549,2.7111592858738147,18.92127452413044,2.9729374007891276,2.1196358647315794,2.9122054919789564,19.47822485913458,1.3858509437683693,1.2225775265746837,12.270809386577255,13.015045295511356,11.386294169100053,20.469941500514278,11.978469469379139,8.15444742414957,2.654532919868639,6.013685238726615,16.895048211475423,21.526149306915254,21.493695259838592,11.837720911244705,10.565983741896533,18.86763858464144,13.350879552699174,22.903763705152976,19.120464063196234,14.634359826067417,11.855141269410897,25.73915636748309
D_500_Arafat_0115,14.036352208752493,22.155498763728094,16.65378552517709,16.47442605171758,14.07340204427241,10.661854494960748,2.418976455545418,14.063063067038797,12.679354483561994,31.733642602059767,12.8871023887685,11.948009221320318,19.04123846200028,14.874580397526778,19.098055492233392,18.51729719148875,10.782303990531911,18.73196661062812,25.323085356324878,14.797863172265494,19.512542982077488,23.511141149443624,12.75037603789454,22.308965338722285,11.902271460719549,11.838495552979461,11.960608243306302,11.88296196669525,24.18398341825596,21.613662611444163,2.4191268826664825,3.028689920651763,18.456556181254836,3.310163890734643,2.462640391356667,3.1970799247002377,19.701934505197944,1.7416983447510557,1.5172609008681899,12.03775196148525,12.772445968663076,11.12486710936052,20.320376037005126,11.882185694668223,7.9576900059617035,3.1425854880647597,5.910718513328523,16.64949238426133,21.325713874540696,21.282667246974434,11.771664926184137,10.539250149413435,18.566861219670336,13.127065448778827,22.889819227188788,18.93987116998964,14.449110435361018,11.639507951724584,25.446884710620918
D_500_Arafat_0116,13.857180862592033,22.067043699547288,16.37003130459033,16.19006890334465,13.995180873061265,10.481122129717797,2.679065667840078,13.922040718391548,12.50758244056669,31.387157824629007,12.4308517649222,11.759042023463033,18.777683717231586,14.68114653114024,18.91792754372577,18.35269178782577,10.630470491481715,18.498564945807864,25.054994889800202,14.618684214257353,19.44531878833663,23.385728286456395,12.609909937149434,22.142318379938807,11.819747416921023,11.753814573178598,11.879949764107376,11.803619025435124,24.12478338898706,21.3925900243211,2.76994593909435,3.3911793059501862,17.99385609845826,3.685182443090374,2.8532253896359197,3.530758581448532,19.935791277212683,2.156617458065614,1.9010578872177575,11.821453062652473,12.54527480284265,10.880358963827383,20.182206041646666,11.806503003841796,7.788402483683031,3.6345145603459508,5.849216968838407,16.415636328803096,21.135316965656504,21.081496556095743,11.726769535330481,10.536419833939597,18.27494088140948,12.918911801118323,22.886892288684194,18.77098488490663,14.279134121026065,11.441874262213428,25.16124599186926
D_500_Arafat_0117,13.694097717215477,21.989708770014392,16.096951675761908,15.916485917702591,13.934636787574687,10.32168926381638,3.0013155062383423,13.797871767129012,12.353856799991796,31.04493312347464,11.978284943330436,11.588778377556531,18.524001411995744,14.502536286106034,18.749528543758867,18.200463586156083,10.500490218623497,18.27599014196394,24.794182231444097,14.454745778495477,19.390876475928277,23.270483469285093,12.488079879072517,21.98588581296067,11.758118964461906,11.69012003903816,11.820102910371464,11.745238548132086,24.07591902674423,21.181123357774986,3.161895257789175,3.785734698616995,17.533334037368864,4.087604425698255,3.2744079870776064,3.9007368996337686,20.17944237715101,2.6025063368565844,2.33034682876249,11.62284831128571,12.33438424892844,10.653934626907128,20.055667016774773,11.75181938708443,7.648409052230755,4.12893470852708,5.830492839458739,16.193986894302174,20.955232189372737,20.890467941324555,11.703278231334092,10.557511981314445,17.992308661019443,12.727186983109906,22.89498709737622,18.614123831637336,14.124982241562124,11.263187716026216,24.882468624725778
D_500_Arafat_0118,13.547683750546529,21.92361163478578,15.835098879423734,15.65424196633375,13.892000881146028,10.184556197511322,3.367929931658231,13.691014740575676,12.21885867369165,30.707110918837873,11.529835684524079,11.438053525965746,18.28060253206693,14.339303573468275,18.593177161577337,18.060925533889712,10.393183074208151,18.064642374904373,24.54087940448373,14.30657176775335,19.34932391552013,23.16555843390257,12.385435786572316,21.8398871081546,11.717715769669436,11.647756207248856,11.781384807323496,11.70813408075251,24.037453347041296,20.979553067547446,3.5814965318260907,4.203335840841807,17.075166200689655,4.510100339870499,3.715797963871455,4.297650035755457,20.43253740593239,3.065882161602385,2.7841633541388915,11.442859019350594,12.14062271768232,10.446769976670913,19.940980362375626,11.718428787579242,7.5393416665168935,4.625047021303207,5.854956476115271,15.9850518360201,20.78572755668711,20.70986203770444,11.701319891203752,10.602383781661736,17.7194089895985,12.552643770017422,22.9140919546252,18.4695943792178,13.987177978217256,11.104362981600415,24.610785758571424
D_500_Arafat_0119,13.41848459377408,21.86885417191339,15.585038784290708,15.403916157847007,13.867438303308477,10.07063390897801,3.765974483188784,13.6018776249554,12.10321469910336,30.37383809330518,11.086003652078027,11.307648784428029,18.04790311483412,14.191978980462343,18.449179677746024,17.93437381718094,10.309257044237054,17.864920084705503,24.29532128565005,14.174656539657962,19.32074425106465,23.07109396311931,12.302457863401072,21.704532802485453,11.698757712455441,11.6269562059801,11.76400404127164,11.692508139172697,24.009436312376124,20.788167013606028,4.020100378091384,4.637761444759788,16.61954726895832,4.947530113964671,4.170984876156766,4.7147001765848815,20.694729851091957,3.539884268232964,3.25225583201747,11.282376110885917,11.964822379953064,10.260031681296967,19.838351616715588,11.706513374801597,7.462556374097933,5.122359772688556,5.922072618019949,15.789335871665369,20.62706387918911,20.539953765063153,11.720905273459847,10.67073521164144,17.456698295140995,12.396007932116799,22.944179339596065,18.337688084260886,13.86620870469341,10.966263033531233,24.346434881352664
D_500_Arafat_0120,13.307001647268415,21.825521712312945,15.347347803400579,15.166098625795529,13.861045105996073,9.980717189160606,4.186493676568044,13.530810595859144,12.007484054356766,30.045266023756295,10.647366226238937,11.198274026723654,17.826322145056725,14.061062518368713,18.317827416466468,17.82108507241642,10.249286472132539,17.677217296702946,24.057745010613093,14.059457725008517,19.305195077301452,22.987219000612715,12.239546062844287,21.58002316955779,11.701348992156825,11.627835721656586,11.76805512020231,11.698446757310471,23.991904510666274,20.6072489308617,4.472119154726999,5.0847009230193905,16.166692722540983,5.3962632056895545,4.635906366371833,5.146994591158136,20.965678384735746,4.020756151503278,3.7292523072266204,11.142242438827157,11.807785474787872,10.094853326712444,19.74796875228861,11.716138635533882,7.419055521595444,5.620554250909296,6.030417249612344,15.607336285326973,20.479493107569265,20.381010650715158,11.761926723340563,10.762118877398827,17.20464330989878,12.257965932310375,22.985206106588617,18.21867910783516,13.762518325291092,10.84967924838942,24.089657352906872
D_500_Arafat_0121,16.105637172541563,23.54490323449138,19.259460542444064,19.08527185830608,15.545105967062971,12.831577754977218,3.621358311298496,15.911743497009642,14.739245018308404,34.60223946459489,16.327909448964895,14.122953493102356,21.512639603428234,17.007916630307697,21.089508732541695,20.424111924412063,12.78998119259501,21.036948530767987,27.77500788535157,16.85145124483824,20.802088679052037,25.119664566811903,14.630170296491269,24.18388616694862,13.469497462771956,13.420957937030426,13.51452064003681,13.431862335279042,25.36170663947652,23.819393396337535,3.054828215535936,3.077723075811872,21.587060808183494,3.0476705416639502,2.751193117108879,3.3745993270393355,18.846006859567467,2.6788243015895805,2.9299804516655574,14.358305530630295,15.134295202969996,13.616159838374559,22.043433929916105,13.40914602638661,10.186307365042818,1.2638026779109184,7.758846195788374,18.982148200894674,23.353264921771622,23.374556247491522,13.115600415877791,11.678697588045605,21.198123623752608,15.378014627232446,23.709000508710762,20.866528023456233,16.457027496185688,13.870155223288236,27.998185761502388
D_500_Arafat_0122,15.838616298189041,23.386291534099122,18.921524681266586,18.74639016214253,15.359775442334026,12.541775658307554,3.3027611574340856,15.67497989637397,14.470206744434625,34.23320604167762,15.859296454764229,13.836398312950708,21.19656122105575,16.733800585354846,20.84196567872579,20.18770043699417,12.521997049462984,20.744431465015783,27.46658024204369,16.588204106796454,20.653713386269803,24.93158510945674,14.385672477162817,23.956638900871482,13.264150302328822,13.213336096107653,13.311171352625816,13.228889647287795,25.235374772132563,23.54408364336898,2.76051710161657,2.8753374338582645,21.109326752935118,2.8947766331263436,2.4725324877704926,3.1781921728536986,18.99761732010749,2.2938276573229452,2.522852566097568,14.052337029743661,14.824418614798622,13.284852995082923,21.83539839236912,13.209100350191463,9.877410286072749,1.1828430370695207,7.479602393436629,18.683077605615654,23.103212131649506,23.115261836188584,12.939550355602675,11.523901226375479,20.858415141922837,15.084088202644006,23.631559231025747,20.62791900041569,16.199338519742188,13.575253518993827,27.675090170509222
D_500_Arafat_0123,15.583214094495258,23.23745644822581,18.591018071910927,18.414973985680856,15.188800511640936,12.265702549775321,3.034268892304076,15.450921851370628,14.2138312480238,33.86760123944416,15.392807187516208,13.562396405543396,20.88777959640172,16.47044367402089,20.603695598107308,19.96113056297988,12.268731589017742,20.46006485474889,27.163939130131396,16.336162360283666,20.51656510057034,24.752270872465672,14.154781465261578,23.737846001400616,13.07488352372413,13.021788054601092,13.12390460418909,13.042112226597844,25.118453476058498,23.27635785082901,2.532487797158892,2.7508747896353474,20.632758336180395,2.8241332257956944,2.2720762313524445,3.0526138784309294,19.16119851207552,1.9625877526999107,2.156233879226888,13.757906434993732,14.525304105943038,12.964544087189216,21.637025024746784,13.025361471428065,9.584893322597837,1.3059848149358693,7.224526039123192,18.3928629747879,22.86146159070116,22.864062777305893,12.780826523836282,11.38917002135612,20.525377035028868,14.801374143907404,23.564572232936243,20.398889105864093,15.953305651705978,13.292794475712098,27.35740151478997
D_500_Arafat_0124,15.340010878166254,23.098586946073137,18.268343921473686,18.09143359272,15.032670978415814,12.004305644164003,2.830177476639519,15.240129731032226,13.970815633289593,33.50553728297438,14.928640707643103,13.301723516730702,20.5866230476249,16.218370006182575,20.375023794019285,19.744741080713926,12.0311143367696,20.184193167817753,26.867280078910238,16.09585237766166,20.390870340671754,24.581913655340344,13.93817345348356,23.527743313000332,12.902404769489165,12.847032777488394,12.953417894911503,12.872235045811285,25.011074712442145,23.016480650600723,2.3897895172861015,2.715072516089669,20.157438213131737,2.841880553730594,2.1715900277823326,3.0067520374636163,19.336446609218427,1.7165124300801196,1.8543093186795632,13.475770008738044,14.23762995686344,12.65606814121872,21.44858189985168,12.85862840836126,9.31030048179093,1.5863897551416124,6.996260933922183,18.111929998883298,22.62827937524075,22.621228740774534,12.640081611212636,11.275223254583613,20.199339220583134,14.530526900000135,23.508128866519037,20.17976447678664,15.719476181371743,13.02358766667697,27.045310318264423
D_500_Arafat_0125,15.109595696474901,22.96986375822829,17.953924515299843,17.77619900143669,14.89185375011547,11.758563718736186,2.705102764310574,15.043161184529707,13.741868670248707,33.14713018952531,14.467020564920285,13.055178061806139,20.293431028225953,15.978113584933995,20.156276924645706,19.538870210370845,11.810089814955784,19.917169375198174,26.576803395070975,15.867807157325371,20.276842086525228,24.42070089292516,13.736524104657573,23.326565637982537,12.747395477522874,12.68976402919626,12.800381684437596,12.719935208863193,24.91336185272038,22.764720820004392,2.3480315879038196,2.7713687094251007,19.683456795541623,2.9464216868031845,2.184910669359228,3.0442114983215505,19.523047410263192,1.595505316569095,1.6529185640940174,13.206715668482584,13.962103305367059,12.360311100779017,21.270332929232513,12.709570429307188,9.055262465203644,1.9576070066019275,6.797508576511321,17.84071712769978,22.403933008520827,22.387031918433145,12.517922036404393,11.182696260668822,19.880646090485453,14.272222056281386,23.46230520914929,19.97087114351923,15.498402442335522,12.768471306571824,26.73901256298616
D_500_Arafat_0126,14.892562096842193,22.851458331347065,17.64820103414072,17.469719819669276,14.766786863706567,11.529477803182488,2.670171557456002,14.860565866063608,13.527704654065426,32.79249985049339,14.008198465322149,12.823574875135558,20.00855364170045,15.750215180542549,19.947781482046906,19.343853773219077,11.606605953046994,19.659353989943924,26.292713968675976,15.652562745593642,20.174678137915812,24.26881480337901,13.550501219213958,23.13454579532207,12.61049984021169,12.550639151794076,12.665428518932645,12.585850803481122,24.825429015744472,22.521350568015524,2.412461156607036,2.914431087340615,19.210913150210864,3.129069300627998,2.310070072701244,3.162032285208649,19.720678632895353,1.6277029064291346,1.5907149082461285,12.951558706220755,13.699457081253271,12.078207305503778,21.102536419260428,12.578815862714784,8.821475440664388,2.3774721312202534,6.630923242931185,17.579674218694503,22.188690487494164,22.161746117934992,12.414896404464539,11.112124082070338,19.56965645326618,14.02715249193177,23.427163560180247,19.77253336369095,15.290637689376485,12.528306172275292,26.438709588908328
D_500_Arafat_0127,14.689503191792666,22.743531794462633,17.351633108790374,17.172464806914938,14.657873461805197,11.318059296769897,2.7288476099339243,14.69287962632034,13.329036147389049,32.44177010798844,13.552458567355565,12.607737416405909,19.73235098763282,15.53521864493256,19.749862115261532,19.16002318990702,11.421600251607334,19.411113908486815,26.015221033884025,15.450654112977524,20.084559525592553,24.126431516555545,13.38075651257499,22.9519136166958,12.492313328666938,12.430267349437084,12.54914177344249,12.470569371566766,24.747380436969408,22.28664472080529,2.575119920814986,3.132393664919279,18.73991601991723,3.3771742719646856,2.5305275652490966,3.351750375540726,19.929012101275838,1.804924574170495,1.6832007174941273,12.711136024500304,13.450445821980704,11.810735100008202,20.945443559865698,12.466940593546749,8.610670482480797,2.8243720132059082,6.498978909036839,17.3292608465144,21.982819213426033,21.94564575415185,12.331484265785756,11.063926811869178,19.26674332385353,13.796023521409838,23.402752022705997,19.58507180706079,15.09673138972791,12.303967775374735,26.144607953625695
D_500_Arafat_0128,14.501006031927425,22.646233949767907,17.064698066190513,16.88492111402715,14.565475884225146,11.125315429585529,2.8754059796678653,14.54061825275396,13.14656563401866,32.09506882489176,13.10012252391148,12.408488383394763,19.465192320747068,15.333666660568069,19.56283980405393,18.98770333133931,11.255983844104003,19.1728210419466,25.744537880830894,15.262610497924593,20.006649002125073,23.99372019040854,13.22791662868044,22.77889488512093,12.393371167355923,12.32919786860199,12.452044390349286,12.374616394661905,24.679309877307777,22.060879803666555,2.8190553111846115,3.410927767842913,18.270584985597083,3.6775119398927583,2.8240523848803294,3.6020230502564274,20.14771580456627,2.0906085961193983,1.9080123621587473,12.486298741944443,13.215840244325845,11.558910215004445,20.79929686040397,12.374456652676411,8.42457293418124,3.2872990404481586,6.403817100270629,17.08994424716029,21.786584828707824,21.739004738415503,12.268085656991072,11.03839750571048,18.972293535250486,13.579546955805107,23.38910417686305,19.408801602015465,14.91722395651843,12.096336681293328,25.85691924800145
D_500_Arafat_0129,14.327645331461257,22.55970230126697,16.787889818953072,16.607593149268677,14.489910054922458,10.952232150963475,3.0973966716483763,14.40427087438931,12.980976174692843,31.75252794720531,12.65155540620156,12.226638759874856,19.207455005122654,15.146095937734227,19.387029894346906,18.82721024130368,11.110623785804767,18.944850727941382,25.48088151523491,15.088950254048726,19.941089639904074,23.87084212392713,13.092573579636845,22.61571022321401,12.314137207997232,12.247908532445418,12.374588053855495,12.298444252263444,24.62130007913401,21.84433301788105,3.1252933848197944,3.736512042707323,17.803051791759554,4.01838747370119,3.170414684105855,3.901213373147805,20.376455809434077,2.447057557358913,2.225401685524967,12.277903071241928,12.996420475215402,11.323776585997058,20.66432854985315,12.301801362098358,8.264851906316624,3.760338556283775,6.34709240684081,16.86219687573785,21.600249964339962,21.54209526795062,12.22501191778439,11.035693443948213,18.686707145125663,13.378434055737946,23.386238849835724,19.244030259312698,14.75264097986127,11.906286952798027,25.575859863572678
D_500_Arafat_0130,14.16997662760292,22.48406113483108,16.521717349547668,16.341001018479876,14.431440351056784,10.799754741393215,3.3799893853715575,14.28429317997564,12.832921227848791,31.414283557298674,12.207172669019998,12.062975427255505,18.959523247083492,14.97303189823313,19.22274001110057,18.678848755703413,10.986324104399877,18.72757991700174,25.224472262408643,14.930175262835116,19.888003562974905,23.75794987576398,12.975274865836925,22.46257393964826,12.254993690108014,12.186795131326075,12.317143274580248,12.242422144757173,24.57342227648252,21.63728111272981,3.4774127557235612,4.0979472033683235,17.337461860773942,4.3903686304716905,3.554200491594294,4.238975931837044,20.614898014661723,2.847822161773972,2.601704884269317,12.086799447381946,12.792967889116168,11.1063943394068,20.54075896098904,12.249327526851442,8.133061482268019,4.240107272760805,6.329838208687868,16.646493564374506,21.424072904739663,21.35518651998988,12.202478252049378,11.055831337751107,18.410396609373226,13.193387395451346,23.394159986174696,19.091055493590964,14.603487041646297,11.734672807096072,25.3016507075461
D_500_Arafat_0131,14.028528995317664,22.419420663189914,16.266702741865352,16.08567848854196,14.39027513771914,10.66876669306626,3.7093591151145957,14.181100628824499,12.70301387595295,31.080475916617342,11.767448340817186,11.918247586350605,18.72178659261019,14.814982911070693,19.070267869537062,18.542910049128913,10.883806353327149,18.521385132446678,24.97553331273422,14.786765002098841,19.847490837965182,23.65518639841432,12.87651359021927,22.319692844109447,12.216232380716226,12.14616218114301,12.279990859815943,12.206827472134181,24.535735766043892,21.43999915495097,3.8628867742663906,4.486577151031771,16.873976025959227,4.786208282319835,3.964556299784788,4.606834351700866,20.862709740827093,3.2766819522576527,3.0149423358913916,11.913819984489784,12.60625556143279,10.907824792484305,20.428794920534234,12.217295157186518,8.030576843080608,4.724555539625303,6.352376076821796,16.443308277095852,21.25830617904696,21.178543257597113,12.200598435268919,11.098686815118937,18.143785694691054,13.025091717895759,23.412856620533958,18.950162968350913,14.470239232297722,11.582313713387594,25.034516861358533
D_500_Arafat_0132,13.90379748009244,22.365876248936036,16.02337871678912,15.842170427397795,14.36656313755045,10.560067665754184,4.074176693054198,14.095061858290492,12.59181577500393,30.751249496259682,11.332924645949136,11.793152363286412,18.494638178354016,14.672434175380197,18.929899010702176,18.419669145008893,10.803690588185994,18.326640208200867,24.7342902060278,14.659170389229503,19.819628546957905,23.56268419822064,12.796718927507415,22.18726504260053,12.198047551498425,12.126215529930136,12.263315208397538,12.191839119020091,24.508287544854003,21.252759200203872,4.272697297756938,4.895930063083588,16.412772518382358,5.200461143526706,4.394044266273696,4.99814789180929,21.119561152259166,3.723942873916053,3.4518746789836507,11.759764463539828,12.437037426959217,10.729112488892916,20.328628169112164,12.205865157035156,7.9585301591596025,5.21237866341685,6.414286509544226,16.25311047102269,21.103195090604068,21.012424356822237,12.219381966234799,11.163998223240656,17.887308103119768,12.874203930710246,23.4423029532556,18.821623995044945,14.353340519202359,11.449978313770911,24.7746871789186
D_500_Arafat_0133,16.267164397684162,23.862173084836886,19.297105770604787,19.12118822342178,15.827635422665224,12.95733484107645,3.718019631558647,16.120288996976324,14.898051036096676,34.57572161822775,16.048424110828837,14.253436792952474,21.589766105551004,17.157713914417744,21.28039887624633,20.632127916507116,12.95138581663714,21.15515971535896,27.864572979558307,17.018751920522174,21.132946849741785,25.397000977731373,14.827412146210902,24.405071738909594,13.724728301756487,13.672976792877762,13.772561262118046,13.690462681245187,25.720153869414716,23.96569897491854,3.1959791370849797,3.3508155205297014,20.95882327098274,3.383131198784091,2.919421693363706,3.654187805282527,19.47235660748795,2.664151862048432,2.86393819204984,14.455699138082148,15.224497294996617,13.668647785241795,22.292971196868137,13.671871655513845,10.28157229619137,1.6818295440476083,7.906683411243304,19.08970522302372,23.53989111423881,23.546689473114494,13.411364629494129,12.002901311363201,21.231860631393964,15.495574877805073,24.125834157606366,21.071135962507324,16.633226571271383,13.986765380353516,28.06146395052424
D_500_Arafat_0134,16.018595537511125,23.716323952807937,18.97314215440378,18.79638096009287,15.661767748058045,12.690304092183247,3.481693678680312,15.902505383096225,14.649164133184511,34.21377692315504,15.58759524654772,13.987605526701394,21.28668844422814,16.900963004760477,21.04709211963077,20.41049135436202,12.706680443135891,20.876387943268597,27.566301253080283,16.773180153685754,20.998927959180588,25.220995323674533,14.60350592352966,24.190334501950453,13.54189903931607,13.487956646970853,13.591651837127557,13.510066805167945,25.605445622793525,23.702735323437164,3.0012141366240193,3.2446378173977646,20.478752487979325,3.322880707756241,2.751708579179711,3.5455038759669764,19.63198126597204,2.384905612887362,2.546893421714301,14.169651439144253,14.933397519166943,13.357544233205932,22.098705013797588,13.49443405548461,10.000882130286431,1.7705907090055713,7.665828945927199,18.80576609097469,23.302670692701632,23.30014152596636,13.258289107514292,11.873605130448217,20.904772250453117,15.220504964902124,24.06022254594168,20.84697522541597,16.39370576919361,13.712784284246213,27.74819887065945
D_500_Arafat_0135,15.782102039205503,23.58027406514969,18.65707733470532,18.479518783192535,15.510398792783148,12.437832675804943,3.305339847430633,15.697777352362746,14.413489150497599,33.85541513189547,15.129405317202277,13.735003821223033,20.991255129196475,16.655405477896334,20.823289360656975,20.198915670080726,12.477404908471367,20.606090042424132,27.27401863513601,16.53922021465791,20.87613686828849,25.05382484384251,14.39365117395271,23.984195352330243,13.3754426228666,13.31931783955322,13.427104259525423,13.346146066111396,25.500116931452784,23.447583717785804,2.8818134940966593,3.214334105524036,19.999772286635412,3.337971678127161,2.6693324796776507,3.5060899342182252,19.803062360749077,2.1868705131201254,2.296899784806003,13.895876366419998,14.653736033237612,13.05835426436345,21.914231581375024,13.333566643843364,9.738024761659874,1.9864513796915593,7.451093187602967,18.531093078826864,23.073947098418508,23.061899111593156,13.12266480338869,11.764349894156904,20.584743902102257,14.957248314872,24.004943844272532,20.63260923517988,16.166246576079516,13.451983983292784,27.44055233316926
D_500_Arafat_0136,15.55823454230863,23.454193931520653,18.349319461381377,18.171017309105874,15.373956790994182,12.20082442005489,3.198892163271196,15.506621990892075,14.19168428810718,33.50075121287683,14.674101494648113,13.496374490709902,20.703793387025488,16.421543453380856,20.609300202487134,19.997720177872516,12.264424562806713,20.344603746601887,26.987919699822616,16.31737156048088,20.764772742975264,24.89566750296126,14.19847092886043,23.786877809343697,13.22597722076093,13.167689742978983,13.27952673514987,13.199314255958507,25.404284445376714,23.20050188494734,2.847274134031508,3.26201952279619,19.52196292008163,3.427408944538031,2.6801734193212776,3.5382614912144383,19.98530566051526,2.093224285015067,2.137612854219308,13.635113164559895,14.386179891551972,12.771915123400886,21.739800171987948,13.189875687668422,9.494481380974616,2.293805283205124,7.264792532429323,18.266104181595505,22.85397542491259,22.832222205492112,13.005037672513883,11.675698180088732,20.272109931493755,14.706439313434323,23.96006955346413,20.42834631941129,15.951364953946866,13.205145427981147,27.138715400443946
D_500_Arafat_0137,15.347545539094448,23.338245113788652,18.05029341775442,17.87130949743651,15.252842301742863,11.980197064842752,3.169401955365816,15.329547023279304,13.984409508940239,33.14990384237531,14.221960941705762,13.272471165213146,20.424639782635367,16.199883423969226,20.405433369462845,19.807221175884017,12.068602110092742,20.09227306839381,26.70820315196807,16.10813458029764,20.66502030470183,24.746696095448875,14.018578110730648,23.598603139966453,13.094084658258636,13.03366602559128,13.149490613290546,13.070147294347654,25.31805598225479,22.961750315108564,2.9006289696142558,3.3843990054861837,19.0454124885715,3.5856333934262543,2.7831421636742615,3.640120902030743,20.178408709684177,2.1178597139238087,2.0898769264380874,13.388122129442523,14.131416669033317,12.499103432116193,21.575654326620654,13.063927942849073,9.271774041466761,2.6611372429110682,7.109162760968355,18.011226812363876,22.64301072441331,22.611371805815406,12.905899783033966,11.608122012707407,19.967217650679167,14.468725270563468,23.92565819925716,20.23449242553891,15.749575697158269,12.973065561992733,26.842884037760818
D_500_Arafat_0138,15.150584806082978,23.232579284622503,17.760440230306695,17.580845058241668,15.147422965953647,11.776871248712546,3.218984892938851,15.167045595729581,13.792319885352505,32.80299546895884,13.773295157530717,13.064050997677008,20.15413952516686,15.990932790087408,20.211995138110062,19.627730093618617,11.890785236552798,19.849447155271267,26.435071578222832,15.912006772832937,20.577048406158852,24.607077440456422,13.854568195773336,23.419589420163057,12.980300586856526,12.917794610374475,13.037520746729813,12.95917336908629,25.241529952076924,22.73159147200013,3.037249327348148,3.573807313242131,18.570217891181205,3.804071291046695,2.968667598501598,3.806077142801122,20.382062829411637,2.2569066017953374,2.161096565980383,13.155678948862313,13.890150270038045,12.240830337152738,21.4220304663416,12.956240834134597,9.071437427039617,3.066971554382935,6.986253842027193,17.766896122397473,22.441306996655907,22.39960897248633,12.825679855958093,11.561990902391894,19.670427031659774,14.244761751811486,23.901754955146476,20.051349434864168,15.561388105990858,12.75654989324197,26.55325895577563
D_500_Arafat_0139,14.967894271934503,23.1373373109222,17.480216188742542,17.300089556460932,15.058028399534876,11.591757407954232,3.3441254787453087,15.019590715044927,13.61605808003243,32.460152371011134,13.328455021874493,12.871866084450357,19.892645602048358,15.795195922151965,20.029287641494875,19.4595515172469,11.73179265900918,19.616478958741393,26.168731152444884,15.729478487065013,20.5010086825335,24.476971568508596,13.707011302202497,23.25005054743233,12.885104714103857,12.820567652864796,12.944085946622979,12.86686319025119,25.17479481885764,22.510288910864304,3.2466404716399007,3.8202875291040623,18.096485914110314,4.073046270961188,3.222522267658952,4.028215817611962,20.5959550133286,2.491280798690421,2.3404372028541562,12.938567677896025,13.663095674498464,11.99803472720281,21.27915646218835,12.867272811726085,8.894983149539307,3.4979324082804735,6.897815050857072,17.533552999128,22.249116096302085,22.19719377684586,12.764734534007372,11.537562050729607,19.38211022972015,14.035207005932381,23.88839134806026,19.87921336101051,15.387301209613744,12.5564035563625,26.270045411033436
D_500_Arafat_0140,14.80000237060428,23.05264837382785,17.210091636795116,17.02952317122761,14.984945371388601,11.425740723800828,3.536812459098195,14.887629447270292,13.456246057399595,32.121504706118934,12.88783665072835,12.696653657422848,19.640517726986648,15.613169771167525,19.85760705802257,19.30298111097426,11.592398907684581,19.393723710225476,25.909391292423116,15.561028264639372,20.43703430187608,24.356530907382073,13.576443874427154,23.090195211216592,12.80891145761484,12.742411910262442,12.86958988826068,12.793620727624567,25.117928606020534,22.298106303509616,3.5158242607448895,4.113593331025938,17.624334477895278,4.383264608974901,3.5299953052276436,4.297834075033129,20.819769701596094,2.7971211593721113,2.605668542423962,12.737572303605667,13.45097256407543,11.771674295112929,21.147250178993918,12.797414256808128,8.743857145237635,3.9457952891940105,6.845182505979442,17.311641728067983,22.066686563657303,22.00438416469796,12.72334076666346,11.534973306887846,19.10265091406017,13.840715485205667,23.885585051253713,19.718372447714316,15.22779859394161,12.37342089064035,25.993452960854803
D_500_Arafat_0141,14.647417958644787,22.97862913723704,16.95054939482824,16.76963906834047,14.9284134188065,11.279664420686156,3.78674852436391,14.771577005343879,13.313476178740666,31.787186551072576,12.451888189385569,12.539125187113635,19.398121089249404,15.445339068347765,19.697241699920486,19.158303457494135,11.473318310368859,19.181537200818312,25.657264265273596,15.407117844002107,20.385238837454512,24.24589947552759,13.463360181921827,22.940225829265223,12.752061410545089,12.68367990094153,12.814362844213639,12.739774821141838,25.070998451691565,22.09530637156004,3.8322213275819643,4.44446372043611,17.15389406989643,4.726612496707402,3.878355033325848,4.606602608508902,21.053190421327926,3.153703676971032,2.9335855724703617,12.553466919321123,13.254497811611678,11.5627142883861,21.026518010825672,12.746979323956394,8.619391731227882,4.405408232533281,6.829184074582084,17.101607312011755,21.894262385405966,21.82143473765143,12.701689674082775,11.554239315581505,18.8324433825602,13.66193049615245,23.893339767596892,19.569105185174354,15.083342914577642,12.208373649487967,25.723695169070794
D_500_Arafat_0142,14.510623907272132,22.91538297658945,16.702082777633198,16.520941346591446,14.88862104848315,11.154311904306475,4.08343488393563,14.671810877685528,13.188301893688703,31.457335931060666,12.021117680668713,12.399954627623831,19.16582489388121,15.292171176928894,19.54847002082644,19.025789845243274,11.37518879090725,18.980273866279788,25.412564739095806,15.268186908723916,20.345715283557766,24.145212091790007,13.368203894432519,22.80033745938063,12.714814003654272,12.644642254494546,12.77865461671127,12.705572047575414,25.034060219640743,21.902149730766265,4.185137244030499,4.805145054886998,16.68530939313401,5.096398365161709,4.257576972904388,4.9471963199092395,21.295901285549764,3.545752319272671,3.3055850859597222,12.387004611959595,13.074376870526804,11.372113898284288,20.917153427478418,12.716199096924779,8.522754985154236,4.873447856681401,6.850076380231969,16.903892449958114,21.732081694131303,21.648595459741372,12.699882198114919,11.595251104388657,18.571891437941133,13.499476067749859,23.911645205037452,19.431678268335148,14.954370200216196,12.06199806592598,25.46098925914638
D_500_Arafat_0143,16.45761021743914,24.196019089003826,19.360603883377596,19.183203511352783,16.13632440113951,13.120170363860879,3.9416109209859935,16.356865770021738,15.088462874087405,34.56369955278337,15.795772792552459,14.417569581515139,21.689757018220376,17.335174503102703,21.492942675145574,20.862125140819554,13.149006577156115,21.2962808676178,27.97178972043268,17.213588614497723,21.482066674362155,25.690873363561497,15.05541838361847,24.644632549962566,14.01114452625849,13.956420597464449,14.061572390277206,13.980193479969667,26.092904425232504,24.131911876390088,3.4784739604198327,3.739884946700011,20.33584536071152,3.821785724266413,3.23730952323719,4.039980941633157,20.104142105162534,2.8324023077139464,2.970301611915277,14.586868987316036,15.346887484735335,13.75744404004477,22.561989186696255,13.965605979400546,10.42419317103858,2.2501312752945366,8.11386397584376,19.222771807243053,23.74618239198242,23.73871322016876,13.737307751694932,12.359227157673537,21.289119072078616,15.644345859676964,24.556022269602586,21.297341595381177,16.83739604079246,14.137935256759961,28.142429600733195
D_500_Arafat_0144,16.22751506447374,24.06268083771824,19.050967659171448,18.87283626577984,15.989447538967495,12.876129178223287,3.7867322086996618,16.15789472999017,14.859755729211443,34.209003442251685,15.343799953139222,14.172632195218334,21.399888345748042,17.09585406671049,21.2738301326096,20.655175429115996,12.927576999293306,21.031379535176736,27.683788137778027,16.985695020609956,21.36205207483692,25.526779599329213,14.851949343113823,24.442324509839974,13.850327524734052,13.793509161844517,13.902586558112251,13.821848111585364,25.989550665755818,23.881345536445288,3.375989747558002,3.7136196411970483,19.853417431167394,3.834908956020737,3.167581317008048,4.0054309633755425,20.271237537682296,2.667788231896737,2.7589378272917595,14.32107101198415,15.074897822186562,13.467140200356306,22.38133390268492,13.810226825601635,10.172278688393776,2.4236438715814304,7.9112963743253415,18.954142046206947,23.5217712582275,23.504915934236422,13.60645767542073,12.254300848633932,20.97495519607493,15.388340821232116,24.501861381891086,21.087553599665164,16.61601077335918,13.885121636785005,27.83913961730639
D_500_Arafat_0145,16.00987605058014,23.939140808882158,18.749675536046432,18.570869074262145,15.857126927075845,12.647335899565723,3.6941769407065794,15.972245965577217,14.644710372088877,33.858043376869325,14.895050351974374,13.941494404780912,21.11798910944378,16.86809869174955,21.064417710928996,20.458466686199216,12.72213389282309,20.775246144957265,27.40196744798111,16.769752936286935,21.253233398590105,25.371570025485603,14.66286973915026,24.248734535850176,13.706040487278438,13.647149362706555,13.760108272595117,13.6801217956438,25.895528810091278,23.638797409320617,3.346548978641225,3.754964722115694,19.371998267386598,3.912999495739993,3.1767164003404145,4.0336170626649706,20.449307696344466,2.59157134254567,2.62780157650717,14.068190193162021,14.814948750251899,13.189580542115033,22.2105704801246,13.671545310955677,9.939379813795346,2.6813361953042545,7.736084020423264,18.695149736954413,23.306026091448494,23.279609637870166,13.493047390744975,12.169217391937845,20.668223928381835,15.144671763186137,24.45789803061538,20.887739362626288,16.407019778239764,13.646119016292674,27.54167086930459
D_500_Arafat_0146,15.805207724615512,23.82555140288598,18.457136120903503,18.277718252592805,15.739729657970278,12.434632193616038,3.668665041376557,15.8003890535711,14.443936988982387,33.51093672755218,14.449824263971871,13.724853387851285,20.844382628076236,16.65238288814995,20.864997459688716,20.27229700865323,12.533463379934165,20.52820887639676,27.12652027888646,16.566229710148857,21.155783392010456,25.22540861723047,14.488742905570126,24.064073016589766,13.57881033126205,13.517878800717545,13.634655011307396,13.555535780494708,25.81094082304438,23.404516764529347,3.392053972537088,3.8617491212992427,18.89166496764238,4.052303094169386,3.264052573262358,4.123252770942582,20.638068485752047,2.61150262097048,2.5891118987969577,13.828935142758988,14.567684820392937,12.925586052674513,22.04992872132289,13.550074103260458,9.726862523956164,3.0016049824558504,7.590121524154837,18.446200803393033,23.099189694310112,23.063043164020403,13.397519759249175,12.104395195638292,20.36926102445212,14.913943318834685,24.42418726565805,20.698187717882156,16.210902398429482,13.421665192041567,27.250213979787468
D_500_Arafat_0147,15.614020127592127,23.7220555440964,18.17377206784683,17.993814685771525,15.637591814666374,12.238856936152521,3.7115791459649654,15.642778540607443,14.258038472979432,33.16780446223248,14.008457624066725,13.523405834571948,20.579399645163026,16.449180301594897,20.675858487024186,20.096959266641242,12.36233338765018,20.290599946981356,26.857642713150316,16.375588365501613,21.069859779769914,25.088453498459554,14.330113902783784,23.888546990234218,13.469120396289869,13.406191808765815,13.526700447788958,13.448566401833553,25.735879709933226,23.178754278118777,3.5095906058540103,4.028772599763242,18.412502492020234,4.24680018691153,3.4236102180188728,4.27047032579758,20.837229354773488,2.7254733505147204,2.6469255785740953,13.604024762271308,14.333762492723377,12.676004265847164,21.899631347107928,13.446279604577777,9.536089519952123,3.3666385071880547,7.475122463907483,18.207707188745886,22.90150343071807,22.85546493827235,13.320259497907792,12.060160937376695,20.07841347444285,14.696764947632268,24.400771563620275,20.519183058229096,16.028131173382462,13.212501618421836,26.964963875986754
D_500_Arafat_0148,15.436814124742058,23.62878584716908,17.900019107810017,17.719602835137863,15.551014042068497,12.060834485337153,3.8206141088259784,15.499849000900545,14.087603669012926,32.82877119173443,13.571326958419643,13.337840153905352,20.32337745167356,16.258960080036875,20.497285386988562,19.93273929020959,12.209481456950185,20.062754326796178,26.595533989887844,16.198283713159466,20.995604056809547,24.96085619243982,14.187502550603426,23.722359226013722,13.377402129628946,13.31253092174495,13.436666329148292,13.359636800272689,25.6704290256616,22.96176118809763,3.692286210082069,4.248937091198874,17.93460466156929,4.48932273529481,3.645919561141078,4.469583421966236,21.046495041409607,2.922502069297383,2.7952610064228063,13.394181652778887,14.11384512364454,12.441702539929652,21.759892688410975,13.360573766803581,9.36838922054007,3.763433283675453,7.392531938020302,17.98008492333977,22.71320620086596,22.657121987499064,13.261585849814365,12.036741563586471,19.796038958504205,14.493745748679975,24.38768056209467,20.351003675138557,15.859167513140873,13.019365225020662,26.686119577942684
D_500_Arafat_0149,15.274076330044286,23.545863818530858,17.636324776736398,17.45553942952771,15.480257388558538,11.901361481549282,3.990353318628671,15.37200992621392,13.933200028820801,32.49396520724173,13.138855036428819,13.168827719982518,20.07665884046662,16.082182871426383,20.329556570678204,19.77991397183615,12.07560166051454,19.84500828336789,26.340396161192103,16.034758146078445,20.93314037190071,24.842760873924504,14.06139618388821,23.565707270629662,13.304027197171651,13.237278747704377,13.364914798601308,13.28910911215771,25.614662424272023,22.753788367869667,3.9310664008928486,4.514474354244164,17.458075308636996,4.772554864579508,3.920319623627005,4.714020586131404,21.265567216559635,3.1872221773255105,3.0208122810478604,13.200124378767134,13.908597022793785,12.223559539876799,21.630917359604993,13.293306432619675,9.225019973503688,4.182960361345316,7.343443453217305,17.763751901115096,22.534533350579903,22.468258873531834,13.221746229871293,12.034258562038469,19.522505122483466,14.305488534424743,24.38493087278782,20.193920016103366,15.704457063341613,12.84297906449604,26.413883944184054
D_500_Arafat_0150,15.12627369758014,23.473399103497247,17.38314681157738,17.20209180754793,15.425539542809782,11.761192464440896,4.213466655814233,15.25964055998036,13.795365816368825,32.16351850814424,12.711517335097499,13.017013297816781,19.839590882938808,15.919296493829469,20.17294251557219,19.6387493063373,11.961331030507496,19.637697756208,26.092433701334485,15.885437172352127,20.88257452240483,24.734303630164217,13.952242318136028,23.418782467123886,13.249300329149959,13.180750559276605,13.31174146344651,13.237277444015184,25.568643254469112,22.555085319374477,4.21641342611887,4.817887993415859,16.98302960464509,5.089704800368409,4.236701031015513,4.997135014305775,21.49414601491769,3.5043265769911747,3.307821403056767,13.022558631891837,13.718676586657608,12.022454846368847,21.512898929402592,13.244758510100032,9.10713090336659,4.619029761294608,7.328530202200317,17.559125363173713,22.365715521534586,22.289116556887556,13.200911128527878,12.052724838389922,19.258188654966144,14.132583212429084,24.39252597624605,20.04819287760819,15.564424834579633,12.684041917672774,26.14846337142153
D_500_Arafat_0151,16.675983716278747,24.54576479090289,19.449701536277786,19.271065621669152,16.469701891616083,13.318724219487821,4.272248886026109,16.620276685643784,15.309301093633943,34.566188317851754,15.571261562977469,14.614217961690082,21.81229777919675,17.53945858779317,21.726504521116805,21.113385128558615,13.381238793841225,21.459859895880932,28.096455936975715,17.435038050420864,21.848572633307246,26.000720934375074,15.312814657386799,24.902038181204432,14.326875737096612,14.26941663288641,14.379686567681688,14.299162362738391,26.47935416625811,24.31762378963509,3.8714939333793095,4.212920378395457,19.718625458298146,4.3324010048026755,3.666129818347083,4.504773867137185,20.740866490277735,3.154439286347514,3.2320936018234026,14.75091387503075,15.500703165979594,13.88185167949043,22.84979973318928,14.288436552911104,10.612260619237986,2.881112999555883,8.375985135128845,19.380822384444034,23.97163095624363,23.950148956064375,14.091335562213574,12.74498097346359,21.36970975026567,15.823447102945014,24.998875321986183,21.5444645140853,17.06853205131952,14.322570406844553,28.240930491018897
D_500_Arafat_0152,16.464273058447635,24.424667614441205,19.154681608389925,18.975436050338818,16.341269442967153,13.097663349514603,4.190426662192732,16.439849246831646,15.100657912578953,34.21889165617904,15.129259499364084,14.390173652915255,21.535796969420822,17.31753746833284,21.52149654216888,20.920984383437286,13.182866237392139,21.20890110823325,27.818815710334295,17.22472927710206,21.742188285306103,25.848356726304974,15.129494680250296,24.712049174896627,14.18743481538821,14.127986650445495,14.241980808681571,14.16221226581638,26.38707693631365,24.079470046042562,3.845843289948545,4.249405684293012,19.233832467538612,4.401669882207592,3.6740203160260125,4.529849708674497,20.914937410620265,3.0902423246310122,3.1208965176350065,14.505527555100485,15.24801398575446,13.612749369237147,22.682562674274873,14.154439942774095,10.389228051389788,3.1010138021521043,8.210692855985124,19.127607554299317,23.75997033995772,23.729069897857926,13.981857501121764,12.663193336624111,21.068725751415574,15.586580671322489,24.955786761026967,21.34892641786389,16.865148637888144,14.090988354532044,27.947738242008185
D_500_Arafat_0153,16.26532247535415,24.313345919151985,18.868421812153382,18.688631642446246,16.22737398759929,12.89239018396687,4.167948835386271,16.272930367974258,14.906025979005822,33.87548244925871,14.691132256439827,14.180387852190417,21.267565622035907,17.10748885510887,21.32635008636352,20.738966286935202,13.000882353435799,20.96697319888721,27.547536482920307,17.02664441238029,21.646938724115866,25.7049058875219,14.96079869179078,24.530874975535884,14.064558832055198,14.003154384917353,14.12080802323213,14.04190294955187,26.30406900246893,23.849518060120918,3.885500236592465,4.3440482916125145,18.749959662519803,4.525953308067984,3.749786459523555,4.609842288018533,21.099531795864646,3.10697012013207,3.0883841327113704,14.273603960172634,15.007885733079783,13.35711998593924,22.52528650773022,14.03714683359287,10.186098812820052,3.3817621048630326,8.073313437143224,18.88435971886749,23.557119371870368,23.51664227900015,13.889690788457655,12.600911030138622,20.775526313255693,15.362489645699437,24.922748651853844,21.16350506966251,16.67441947191573,13.873732479171078,27.660559974543425
D_500_Arafat_0154,16.079605584254224,24.211934525820084,18.591326782280163,18.411064811191267,16.128323476508736,12.703670034172683,4.205766919402686,16.119939664949,14.72596083265373,33.53608010772915,14.257237031830705,13.985502188030429,21.007920476202273,16.909755161498914,21.141338218478154,20.567606472555823,12.835984187024595,20.734392266243333,27.28280798714075,16.841214767212445,21.562971487612895,25.57051841481887,14.807226498174094,24.35871225442995,13.958685220015083,13.89536714260527,14.016596969094616,13.938665287990478,26.230418349317105,23.628007278801764,3.9885171299552713,4.493174598402662,18.267080144986245,4.700889749565858,3.8894635439754466,4.741973153896649,21.294375954626755,3.2033550388979806,3.137003772677023,14.05580948988735,14.780930580626963,13.115751294757509,22.37818123491797,13.936978930750962,10.00408532549912,3.7095682094989333,7.96529121927205,18.6514688216687,23.363307503956012,23.313102577482763,13.815181872331475,12.558424229453548,20.490445588409067,15.151740846472288,24.89980098426079,20.988468579216402,16.496783444541933,13.67148574714227,27.379584912322816
D_500_Arafat_0155,15.907585865994124,24.12055841720307,18.32381227361926,18.143159507994163,16.04439282375481,12.532250693657256,4.302291070526887,15.981277125671806,14.561002865665866,33.200807502709516,13.827972179737124,13.806147630192223,20.75718372121283,16.724773159501147,20.966729205760878,20.407173416156514,12.688837837442088,20.511476250846805,27.024822716708787,16.668862664434524,21.49041880398161,25.445337894911326,14.66925307173145,24.195753356654812,13.870203301360672,13.805024153614204,13.929728304487043,13.852880933106805,26.166203975939823,23.415177250813457,4.150178335860079,4.691591957076367,17.785274797123687,4.921080187376085,4.086503269624504,4.922045101906152,21.49919119299118,3.372574290496468,3.263130799721698,13.852810547009563,14.567764195418823,12.889444429387101,22.241448649808667,13.854307660270972,9.844358852492668,4.0730860399146644,7.8878323652556706,18.429327485855904,23.17876146420762,23.118685527819054,13.758617600191275,12.535934176587006,20.213827060512656,14.954898324765676,24.886971654370615,20.824078797967704,16.33266774404219,13.484923466105805,27.105005951468417
D_500_Arafat_0156,15.7497121062727,24.039332012274368,18.06630385575598,17.885349876537468,15.975820306955535,12.378850882734598,4.453705862117514,15.85731860200325,14.411670815724163,32.869790992310925,13.403782549302855,13.642936693802682,20.515681967219685,16.552970336448777,20.802784980669674,20.257926703368124,12.560067197297188,20.298543551836588,26.77377558515876,16.50999764396411,21.429396591994113,25.32950081671737,14.547322228706012,24.042185417683186,13.799447596759714,13.732469678707307,13.860528075939524,13.784875699105354,26.11149548501822,23.21126674800315,4.363971269988475,4.933356474649851,17.304633318613398,5.1807576523139955,4.3330871923438306,5.145026810947211,21.713695336299036,3.6043840018381035,3.4582951835229268,13.66526648495002,14.369000237877282,12.679005896466116,22.115281129117736,13.78944768662329,9.708019481929094,4.4635988711866075,7.841842556727425,18.218328910862972,23.003704239933164,22.933623122033083,13.720219885028158,12.533548485334768,19.94602278256011,14.772517963345164,24.88427629566072,20.670589722361683,16.1824837023154,13.31470492153875,26.837019399834706
