hajj_zone,grid_size_m,cell_seq,demand_point_id,cell_area_m2,centroid_lat,centroid_lon,camp_accommodation_count,accommodation_count,place_of_worship_count,transport_count,pedestrian_count,support_amenity_count,building_count,dist_nearest_medical_km,dist_nearest_hospital_km,dist_nearest_seasonal_center_km,dist_nearest_ambulance_km,osm_activity_index_raw,exploratory_osm_activity_index,osm_activity_proxy_0_1,demand_weight_uniform,proxy_demand_weight
Haram_Makkah,250,1,D_250_Haram_Makkah_0001,62500.0,21.41683379057088,39.787440323423624,0,0,1,14,0,1,1,0.7691057420259491,1.2704810307436385,20.54050206480005,10.158573825735909,45.25,27.889060092449924,0.27889060092449924,1.0,2.115562403697997
Haram_Makkah,250,2,D_250_Haram_Makkah_0002,62500.0,21.419092376623585,39.787452429535584,0,0,0,4,0,0,1,0.5209877193152469,1.264762142252273,20.637911741815664,10.160893669764844,12.25,7.550077041602465,0.07550077041602465,1.0,1.3020030816640986
Haram_Makkah,250,3,D_250_Haram_Makkah_0003,62500.0,21.421350962061336,39.78746453723641,0,0,1,0,0,1,0,0.2762838484915813,1.261433337788362,20.737877833854903,10.169360754915125,3.0,1.8489984591679507,0.01848998459167951,1.0,1.073959938366718
Haram_Makkah,250,4,D_250_Haram_Makkah_0004,62500.0,21.423609546884077,39.787476646526216,0,0,1,0,0,1,0,0.07897674466154996,1.0346340438406463,20.84036355347018,10.183959748494125,3.0,1.8489984591679507,0.01848998459167951,1.0,1.073959938366718
Haram_Makkah,250,5,D_250_Haram_Makkah_0005,62500.0,21.42586813109177,39.78748875740511,0,2,0,0,0,0,10,0.24726885662645082,0.8214141121652394,20.94533191500497,10.20466433324924,6.5,4.006163328197227,0.040061633281972264,1.0,1.160246533127889
Haram_Makkah,250,6,D_250_Haram_Makkah_0006,62500.0,21.428126714684364,39.78750086987319,0,0,1,0,0,0,51,0.10876242649675084,0.6355900271829075,21.052745783356706,10.231437442980816,14.75,9.090909090909092,0.09090909090909091,1.0,1.3636363636363638
Haram_Makkah,250,7,D_250_Haram_Makkah_0007,62500.0,21.4303852976618,39.78751298393058,0,0,0,0,0,0,0,0.22505833761028576,0.5081616097704839,21.162567920920214,10.264231590575616,0.0,0.0,0.0,1.0,1.0
Haram_Makkah,250,8,D_250_Haram_Makkah_0008,62500.0,21.432643880024024,39.7875250995774,0,0,1,0,0,0,0,0.46311256216858293,0.48732100368718967,21.274761032652727,10.302989281772113,2.0,1.2326656394453004,0.012326656394453003,1.0,1.049306625577812
Haram_Makkah,250,9,D_250_Haram_Makkah_0009,62500.0,21.410046680052403,39.789815927189494,0,0,0,0,0,0,0,0.3814254855044886,1.1927126589595467,20.03023648410454,9.93923762191195,0.0,0.0,0.0,1.0,1.0
Haram_Makkah,250,10,D_250_Haram_Makkah_0010,62500.0,21.412305266637325,39.789828065594,0,0,2,2,1,0,0,0.5225902535706605,1.417382734035795,20.120798930412043,9.922730596976345,12.0,7.395993836671803,0.07395993836671803,1.0,1.2958397534668722
Haram_Makkah,250,11,D_250_Haram_Makkah_0011,62500.0,21.414563852607426,39.789840205591915,0,0,1,0,0,1,1,0.7250625802382574,1.5641858848517634,20.214047728918324,9.912503240630551,3.25,2.0030816640986133,0.020030816640986132,1.0,1.0801232665639446
Haram_Makkah,250,12,D_250_Haram_Makkah_0012,62500.0,21.416822437962637,39.78985234718334,0,0,0,2,1,1,1,0.8323308557879817,1.518939995314046,20.30994587821213,9.908574997992991,9.25,5.701078582434515,0.05701078582434515,1.0,1.2280431432973806
Haram_Makkah,250,13,D_250_Haram_Makkah_0013,62500.0,21.419081022702915,39.78986449036838,0,0,0,0,0,0,1,0.6104745815812241,1.4350624070743947,20.4084560308913,9.910953359096816,0.25,0.15408320493066255,0.0015408320493066254,1.0,1.0061633281972264
Haram_Makkah,250,14,D_250_Haram_Makkah_0014,62500.0,21.42133960682821,39.78987663514716,0,0,0,1,0,1,0,0.42140690077025,1.1889733601676349,20.509540549552575,9.919633787672462,4.0,2.4653312788906008,0.024653312788906007,1.0,1.0986132511556241
Haram_Makkah,250,15,D_250_Haram_Makkah_0015,62500.0,21.423598190338463,39.78988878151978,0,0,0,0,0,2,0,0.3278541402465492,0.9449397812445387,20.613161561067216,9.934599764302218,2.0,1.2326656394453004,0.012326656394453003,1.0,1.049306625577812
Haram_Makkah,250,16,D_250_Haram_Makkah_0016,62500.0,21.425856773233626,39.78990092948635,0,0,1,4,2,0,3,0.33399325978038175,0.7050990917372091,20.719281009040266,9.955822942992423,18.75,11.556240369799692,0.11556240369799692,1.0,1.4622496147919877
Haram_Makkah,250,17,D_250_Haram_Makkah_0017,62500.0,21.428115355513643,39.78991307904698,0,0,0,0,0,0,6,0.1592905756445427,0.4758342864472857,20.827860704366504,9.983263417718424,1.5,0.9244992295839753,0.009244992295839754,1.0,1.036979969183359
Haram_Makkah,250,18,D_250_Haram_Makkah_0018,62500.0,21.430373937178466,39.789925230201796,0,0,0,4,6,0,0,0.25336826438923643,0.28402782812421384,20.938862373811336,10.016870093142646,24.0,14.791987673343606,0.14791987673343607,1.0,1.5916795069337444
Haram_Makkah,250,19,D_250_Haram_Makkah_0019,62500.0,21.43263251822804,39.78993738295089,0,0,0,0,0,0,0,0.2447965402923792,0.2447965402923792,21.052247706559264,10.056581151576127,0.0,0.0,0.0,1.0,1.0
Haram_Makkah,250,20,D_250_Haram_Makkah_0020,62500.0,21.43489109866231,39.789949537294376,0,0,0,4,2,0,0,0.37663461435350754,0.4051899371026863,21.167978398686245,10.102324606424844,16.0,9.861325115562403,0.09861325115562403,1.0,1.394453004622496
Haram_Makkah,250,21,D_250_Haram_Makkah_0021,62500.0,21.437149678481234,39.789961693232364,0,0,1,0,0,0,0,0.12792804025158722,0.6272419183372866,21.286016195525296,10.154018930892214,2.0,1.2326656394453004,0.012326656394453003,1.0,1.049306625577812
Haram_Makkah,250,22,D_250_Haram_Makkah_0022,62500.0,21.439408257684747,39.78997385076498,0,0,1,0,0,0,2,0.11746977080333679,0.8646883618446588,21.406322931906892,10.21157374963615,2.5,1.5408320493066257,0.015408320493066256,1.0,1.061633281972265
Haram_Makkah,250,23,D_250_Haram_Makkah_0023,62500.0,21.4055181242983,39.79220349203442,0,0,1,0,0,0,0,0.3853606354342793,0.985964876287797,19.621918818840527,9.74306957955622,2.0,1.2326656394453004,0.012326656394453003,1.0,1.049306625577812
Haram_Makkah,250,24,D_250_Haram_Makkah_0024,62500.0,21.407776710796487,39.79221566430111,0,0,0,0,0,0,0,0.16161061684500758,1.143913049656155,19.708015479040142,9.713369282973568,0.0,0.0,0.0,1.0,1.0
Haram_Makkah,250,25,D_250_Haram_Makkah_0025,62500.0,21.410035296679915,39.79222783816585,0,0,0,0,0,0,1,0.16950859450699304,1.330393698524643,19.796894961357033,9.690029970168052,0.25,0.15408320493066255,0.0015408320493066254,1.0,1.0061633281972264
Haram_Makkah,250,26,D_250_Haram_Makkah_0026,62500.0,21.41229388194853,39.79224001362874,0,0,1,0,0,0,0,0.39540907393033925,1.5084975961865186,19.888519957501142,9.673097684717948,2.0,1.2326656394453004,0.012326656394453003,1.0,1.049306625577812
Haram_Makkah,250,27,D_250_Haram_Makkah_0027,62500.0,21.414552466602274,39.7922521906899,0,0,1,0,0,0,8,0.6395025472045915,1.4716298787803914,19.98285270147481,9.662606108780196,4.0,2.4653312788906008,0.024653312788906007,1.0,1.0986132511556241
Haram_Makkah,250,28,D_250_Haram_Makkah_0028,62500.0,21.416811050641094,39.79226436934943,0,0,0,3,1,3,3,0.8868927105438815,1.4691688247477437,20.079855031293345,9.658576230934711,14.75,9.090909090909092,0.09090909090909091,1.0,1.3636363636363638
Haram_Makkah,250,29,D_250_Haram_Makkah_0029,62500.0,21.419069634064943,39.79227654960745,0,0,0,0,0,0,1,0.7739058249142715,1.4166325203462555,20.179488449083003,9.661016137245483,0.25,0.15408320493066255,0.0015408320493066254,1.0,1.0061633281972264
Haram_Makkah,250,30,D_250_Haram_Makkah_0030,62500.0,21.42132821687377,39.79228873146407,0,0,0,1,0,0,0,0.6354799659283176,1.1666624347654058,20.28171417941768,9.669920930362267,3.0,1.8489984591679507,0.01848998459167951,1.0,1.073959938366718
Haram_Makkah,250,31,D_250_Haram_Makkah_0031,62500.0,21.423586799067515,39.79230091491939,0,0,0,2,1,0,0,0.5777017815069226,0.9167086645619235,20.386493225773524,9.685272778543661,8.0,4.9306625577812015,0.04930662557781201,1.0,1.197226502311248
Haram_Makkah,250,32,D_250_Haram_Makkah_0032,62500.0,21.42584538064613,39.792313099973526,0,0,1,2,1,0,1,0.5000957104899363,0.6667895580114206,20.493786424997882,9.707041093460946,10.25,6.317411402157165,0.06317411402157165,1.0,1.2526964560862865
Haram_Makkah,250,33,D_250_Haram_Makkah_0033,62500.0,21.428103961609562,39.7923252866266,0,0,1,0,0,0,0,0.4048675210002384,0.41696744916507095,20.60355449970575,9.735182832668325,2.0,1.2326656394453004,0.012326656394453003,1.0,1.049306625577812
Haram_Makkah,250,34,D_250_Haram_Makkah_0034,62500.0,21.430362541957763,39.792337474878714,0,0,0,0,0,0,0,0.16767645229246253,0.16767645229246253,20.715758108533294,9.76964291982162,0.0,0.0,0.0,1.0,1.0
Haram_Makkah,250,35,D_250_Haram_Makkah_0035,62500.0,21.432621121690673,39.792349664729976,0,0,2,0,0,0,0,0.08584248157845227,0.08584248157845227,20.830357894193288,9.810354773205777,4.0,2.4653312788906008,0.024653312788906007,1.0,1.0986132511556241
Haram_Makkah,250,36,D_250_Haram_Makkah_0036,62500.0,21.434879700808242,39.792361856180506,0,0,1,0,0,0,0,0.3340994921183021,0.3340994921183021,20.947314529292253,9.85724093098581,2.0,1.2326656394453004,0.012326656394453003,1.0,1.049306625577812
Haram_Makkah,250,37,D_250_Haram_Makkah_0037,62500.0,21.437138279310417,39.7923740492304,0,1,1,0,0,0,1,0.29999448256830125,0.5838458783136761,21.0665887598827,9.910213759896536,4.25,2.6194144838212634,0.026194144838212634,1.0,1.1047765793528506
Haram_Makkah,250,38,D_250_Haram_Makkah_0038,62500.0,21.439396857197146,39.79238624387979,0,2,2,4,2,0,1,0.2991799463948397,0.8337442945016345,21.188141446736985,9.969176232878183,24.25,14.946070878274268,0.14946070878274267,1.0,1.5978428351309706
Haram_Makkah,250,39,D_250_Haram_Makkah_0039,62500.0,21.44165543446838,39.792398440128764,0,0,0,0,0,0,1,0.37837935607128975,1.083689571604428,21.311933604341288,10.034022760464712,0.25,0.15408320493066255,0.0015408320493066254,1.0,1.0061633281972264
Haram_Makkah,250,40,D_250_Haram_Makkah_0040,62500.0,21.44391401112407,39.792410637977454,0,0,0,0,0,0,0,0.5354956633972127,1.3336553627509429,21.43792643761913,10.10464006052984,0.0,0.0,0.0,1.0,1.0
Haram_Makkah,250,41,D_250_Haram_Makkah_0041,62500.0,21.40324812307249,39.794603119598236,0,0,1,0,0,0,0,0.6357164539533332,1.1104505011951251,19.302595645303796,9.532234950663899,2.0,1.2326656394453004,0.012326656394453003,1.0,1.049306625577812
Haram_Makkah,250,42,D_250_Haram_Makkah_0042,62500.0,21.405506708865182,39.79461532731067,0,0,1,0,0,0,0,0.39591739285072186,1.2018779653130092,19.386886666894682,9.495295737890366,2.0,1.2326656394453004,0.012326656394453003,1.0,1.049306625577812
Haram_Makkah,250,43,D_250_Haram_Makkah_0043,62500.0,21.407765294043124,39.79462753662592,0,0,0,0,0,0,0,0.18538002615283336,1.3345115104057261,19.474022456183434,9.464817966835897,0.0,0.0,0.0,1.0,1.0
Haram_Makkah,250,44,D_250_Haram_Makkah_0044,62500.0,21.410023878606268,39.79463974754406,0,0,1,0,0,0,0,0.19230425432407236,1.3559671657498902,19.56396500234179,9.440864215773905,2.0,1.2326656394453004,0.012326656394453003,1.0,1.049306625577812
Haram_Makkah,250,45,D_250_Haram_Makkah_0045,62500.0,21.412282462554558,39.79465196006522,0,0,0,0,0,0,0,0.40570444706195896,1.266402959965932,19.656675776991694,9.423484235463064,0.0,0.0,0.0,1.0,1.0
Haram_Makkah,250,46,D_250_Haram_Makkah_0046,62500.0,21.414541045887937,39.794664174189506,0,0,0,0,0,0,0,0.6459189349295793,1.2222544577252146,19.75211580035642,9.412714440126265,0.0,0.0,0.0,1.0,1.0
Haram_Makkah,250,47,D_250_Haram_Makkah_0047,62500.0,21.416799628606352,39.794676389917036,0,0,1,0,0,1,2,0.8828934200668829,1.2199142965740006,19.85024570577421,9.408577529398487,3.5,2.157164869029276,0.02157164869029276,1.0,1.086286594761171
Haram_Makkah,250,48,D_250_Haram_Makkah_0048,62500.0,21.41905821070976,39.79468860724792,0,0,0,0,0,0,0,0.6614954217753489,1.265837243734254,19.951025802412396,9.411082250306963,0.0,0.0,0.0,1.0,1.0
Haram_Makkah,250,49,D_250_Haram_Makkah_0049,62500.0,21.42131679219811,39.79470082618226,0,0,0,0,0,0,0,0.4697356648819593,1.19730732153327,20.054416136039535,9.420223305069971,0.0,0.0,0.0,1.0,1.0
Haram_Makkah,250,50,D_250_Haram_Makkah_0050,62500.0,21.423575373071326,39.794713046720176,0,0,1,2,3,0,0,0.3587854466034624,0.9554048153465281,20.160376547732447,9.435981406972143,14.0,8.628659476117104,0.08628659476117104,1.0,1.3451463790446843
Haram_Makkah,250,51,D_250_Haram_Makkah_0051,62500.0,21.425833953329388,39.794725268861775,0,0,0,0,0,0,0,0.40224668864615354,0.7190632101404535,20.26886673041387,9.458323482946893,0.0,0.0,0.0,1.0,1.0
Haram_Makkah,250,52,D_250_Haram_Makkah_0052,62500.0,21.42809253297222,39.794737492607176,0,0,1,0,0,0,0,0.4962916875866999,0.4962916875866999,20.37984628313462,9.487203017929218,2.0,1.2326656394453004,0.012326656394453003,1.0,1.049306625577812
Haram_Makkah,250,53,D_250_Haram_Makkah_0053,62500.0,21.43035111199978,39.79474971795648,0,0,0,0,0,0,0,0.31711035643418356,0.31711035643418356,20.49327476303174,9.522560532690033,0.0,0.0,0.0,1.0,1.0
Haram_Makkah,250,54,D_250_Haram_Makkah_0054,62500.0,21.43260969041201,39.7947619449098,0,0,0,0,0,0,0,0.28251109207954195,0.28251109207954195,20.609111734910634,9.56432418386613,0.0,0.0,0.0,1.0,1.0
Haram_Makkah,250,55,D_250_Haram_Makkah_0055,62500.0,21.434868268208866,39.79477417346726,0,0,1,0,0,0,2,0.42902920196431366,0.42902920196431366,20.727316818414995,9.612410472375135,2.5,1.5408320493066257,0.015408320493066256,1.0,1.061633281972265
Haram_Makkah,250,56,D_250_Haram_Makkah_0056,62500.0,21.437126845390285,39.794786403628954,0,0,0,4,2,0,9,0.3500983194777828,0.6428993662528345,20.84784973276301,9.666725044438152,18.25,11.248073959938367,0.11248073959938366,1.0,1.4499229583975346
Haram_Makkah,250,57,D_250_Haram_Makkah_0057,62500.0,21.439385421956224,39.794798635395004,0,1,0,2,1,0,1,0.1270964268477472,0.8761125122485449,20.970670339042204,9.727163568076175,10.25,6.317411402157165,0.06317411402157165,1.0,1.2526964560862865
Haram_Makkah,250,58,D_250_Haram_Makkah_0058,62500.0,21.441643997906617,39.79481086876551,0,0,2,0,0,0,1,0.18638178594959814,1.1068210173325315,21.095738680067644,9.793612667215763,4.25,2.6194144838212634,0.026194144838212634,1.0,1.1047765793528506
Haram_Makkah,250,59,D_250_Haram_Makkah_0059,62500.0,21.44390257324143,39.7948231037406,0,0,0,0,0,0,0,0.4222828892461295,1.22200137217063,21.223015017820156,9.865950895417514,0.0,0.0,0.0,1.0,1.0
Haram_Makkah,250,60,D_250_Haram_Makkah_0060,62500.0,21.446161147960595,39.79483534032037,0,0,0,0,0,0,0,0.6685114112461775,1.3117113403932006,21.35245986849144,9.944049731680263,0.0,0.0,0.0,1.0,1.0
Haram_Makkah,250,61,D_250_Haram_Makkah_0061,62500.0,21.40097808918734,39.79700267307966,0,0,1,0,0,0,0,0.45150386684550753,1.3206338985259305,18.984485749133007,9.330037592488194,2.0,1.2326656394453004,0.012326656394453003,1.0,1.049306625577812
Haram_Makkah,250,62,D_250_Haram_Makkah_0062,62500.0,21.40323667427055,39.79701491622812,0,0,0,0,0,0,1,0.6837097126245179,1.3529538875498426,19.06690523257385,9.285566190199901,0.25,0.15408320493066255,0.0015408320493066254,1.0,1.0061633281972264
Haram_Makkah,250,63,D_250_Haram_Makkah_0063,62500.0,21.40549525873903,39.797027160984136,0,0,0,0,0,0,0,0.5385149436934078,1.4289487568617238,19.152233580887366,9.247641724673603,0.0,0.0,0.0,1.0,1.0
Haram_Makkah,250,64,D_250_Haram_Makkah_0064,62500.0,21.40775384259271,39.7970394073478,0,0,1,0,0,0,0,0.40940629784582755,1.2851960595500886,19.240432093011513,9.216345016505446,2.0,1.2326656394453004,0.012326656394453003,1.0,1.049306625577812
Haram_Makkah,250,65,D_250_Haram_Makkah_0065,62500.0,21.41001242583156,39.797051655319244,0,0,0,0,0,0,0,0.4125877953242665,1.1365994958215313,19.331461484189578,9.191743765935025,0.0,0.0,0.0,1.0,1.0
Haram_Makkah,250,66,D_250_Haram_Makkah_0066,62500.0,21.41227100845551,39.797063904898565,0,0,0,0,0,0,0,0.5457507315480677,1.0280991763056924,19.425281956862886,9.17389183792495,0.0,0.0,0.0,1.0,1.0
Haram_Makkah,250,67,D_250_Haram_Makkah_0067,62500.0,21.414529590464518,39.79707615608588,0,0,0,0,0,0,0,0.7419292642293897,0.9731995780615231,19.521853269926513,9.162828681651025,0.0,0.0,0.0,1.0,1.0
Haram_Makkah,250,68,D_250_Haram_Makkah_0068,62500.0,21.416788171858517,39.797088408881294,0,0,0,0,0,0,0,0.8075530172520164,0.9710431228120671,19.621134806158846,9.15857889874992,0.0,0.0,0.0,1.0,1.0
Haram_Makkah,250,69,D_250_Haram_Makkah_0069,62500.0,21.419046752637474,39.79710066328493,0,0,0,0,0,0,0,0.56843036805334,1.0281428806346449,19.72308563765761,9.161151971229813,0.0,0.0,0.0,1.0,1.0
Haram_Makkah,250,70,D_250_Haram_Makkah_0070,62500.0,21.42130533280132,39.797112919296886,0,0,0,0,0,0,0,0.32586574713769034,1.1385213303398405,19.827664589136404,9.170542156018287,0.0,0.0,0.0,1.0,1.0
Haram_Makkah,250,71,D_250_Haram_Makkah_0071,62500.0,21.42356391235001,39.797125176917284,0,0,0,2,4,0,2,0.11943151589909062,1.0536801918474894,19.934830298956932,9.186728548871418,14.5,8.936825885978429,0.08936825885978429,1.0,1.357473035439137
Haram_Makkah,250,72,D_250_Haram_Makkah_0072,62500.0,21.425822491283494,39.79713743614624,0,0,1,0,0,0,0,0.21757593805911613,0.8452783480498732,20.04454127779254,9.209675315991861,2.0,1.2326656394453004,0.012326656394453003,1.0,1.049306625577812
Haram_Makkah,250,73,D_250_Haram_Makkah_0073,62500.0,21.428081069601713,39.797149696983844,0,0,0,0,0,0,0,0.45322697476502205,0.6661448976552196,20.156755964838357,9.239332087403852,0.0,0.0,0.0,1.0,1.0
Haram_Makkah,250,74,D_250_Haram_Makkah_0074,62500.0,21.430339647304628,39.79716195943023,0,1,1,0,0,0,0,0.3536764366004759,0.54589611068613,20.27143278150226,9.275634502106637,4.0,2.4653312788906008,0.024653312788906007,1.0,1.0986132511556241
Haram_Makkah,250,75,D_250_Haram_Makkah_0075,62500.0,21.432598224392166,39.797174223485506,0,0,2,0,0,0,0,0.22549704300157147,0.5265511396364116,20.38853018252866,9.31850489145183,4.0,2.4653312788906008,0.024653312788906007,1.0,1.0986132511556241
Haram_Makkah,250,76,D_250_Haram_Makkah_0076,62500.0,21.434856800864285,39.79718648914977,0,0,0,0,0,0,2,0.3187645071184913,0.6176646676333075,20.508006704523964,9.367853084210507,0.5,0.3081664098613251,0.003081664098613251,1.0,1.012326656394453
Haram_Makkah,250,77,D_250_Haram_Makkah_0077,62500.0,21.437115376720936,39.79719875642315,0,0,1,0,0,1,1,0.3730094721773238,0.7815133912049906,20.629821011868174,9.423577314517717,3.25,2.0030816640986133,0.020030816640986132,1.0,1.0801232665639446
Haram_Makkah,250,78,D_250_Haram_Makkah_0078,62500.0,21.43937395196206,39.79721102530575,0,0,0,2,1,0,6,0.18088873583035162,0.794084818159517,20.753931940011636,9.485565212365238,9.5,5.855161787365177,0.058551617873651776,1.0,1.234206471494607
Haram_Makkah,250,79,D_250_Haram_Makkah_0079,62500.0,21.441632526587608,39.79722329579768,0,0,1,0,0,0,11,0.22650696052571936,0.8796620303328521,20.88029853616928,9.553694855571544,4.75,2.9275808936825887,0.029275808936825888,1.0,1.1171032357473036
Haram_Makkah,250,80,D_250_Haram_Makkah_0080,62500.0,21.443891100597533,39.79723556789905,0,0,0,0,0,0,0,0.44146355634740325,1.0008997376832323,21.00888009743667,9.62783586216107,0.0,0.0,0.0,1.0,1.0
Haram_Makkah,250,81,D_250_Haram_Makkah_0081,62500.0,21.446149673991766,39.79724784160998,0,0,0,0,0,0,0,0.6807897913447248,1.081033368297889,21.139636206363352,9.707850502766071,0.0,0.0,0.0,1.0,1.0
Haram_Makkah,250,82,D_250_Haram_Makkah_0082,62500.0,21.448408246770278,39.79726011693058,0,0,0,0,0,0,0,0.9257750312119521,1.1670701534625527,21.272526764028438,9.793594813927932,0.0,0.0,0.0,1.0,1.0
Haram_Makkah,250,83,D_250_Haram_Makkah_0083,62500.0,21.39870802265492,39.79940215248865,0,0,0,0,0,0,10,0.158677367670313,1.40199573822176,18.667651155728386,9.1370509356043,2.5,1.5408320493066257,0.015408320493066256,1.0,1.061633281972265
Haram_Makkah,250,84,D_250_Haram_Makkah_0084,62500.0,21.400966607024667,39.79941443106342,0,0,1,0,0,0,0,0.40469956309765726,1.5704960363425073,18.74812992436539,9.084758543581003,2.0,1.2326656394453004,0.012326656394453003,1.0,1.049306625577812
Haram_Makkah,250,85,D_250_Haram_Makkah_0085,62500.0,21.403225190779686,39.79942671125047,0,0,1,0,0,0,7,0.6537468667091947,1.5246905803984216,18.83158388584993,9.039080472620467,3.75,2.3112480739599386,0.023112480739599386,1.0,1.0924499229583975
Haram_Makkah,250,86,D_250_Haram_Makkah_0086,62500.0,21.405483773919933,39.79943899304994,0,0,0,0,0,0,21,0.7404364302224165,1.309507872589684,18.91797366629736,9.000117431781058,5.25,3.235747303543914,0.03235747303543914,1.0,1.1294298921417565
Haram_Makkah,250,87,D_250_Haram_Makkah_0087,62500.0,21.40774235644535,39.79945127646193,0,0,0,0,0,0,14,0.6525804772863099,1.1090267673924934,19.007259235030126,8.96795694577031,3.5,2.157164869029276,0.02157164869029276,1.0,1.086286594761171
Haram_Makkah,250,88,D_250_Haram_Makkah_0088,62500.0,21.410000938355886,39.79946356148655,0,0,0,0,0,0,1,0.6545811267291016,0.9327753605299228,19.0993999805375,8.942672406866448,0.25,0.15408320493066255,0.0015408320493066254,1.0,1.0061633281972264
Haram_Makkah,250,89,D_250_Haram_Makkah_0089,62500.0,21.412259519651485,39.79947584812392,0,0,0,0,0,0,2,0.7457155111734316,0.7969939621041123,19.194354784818206,8.924322258405462,0.5,0.3081664098613251,0.003081664098613251,1.0,1.012326656394453
Haram_Makkah,250,90,D_250_Haram_Makkah_0090,62500.0,21.414518100332103,39.799488136374144,0,0,0,0,0,0,0,0.7247957491935885,0.7247957491935885,19.29208209588564,8.912949330452395,0.0,0.0,0.0,1.0,1.0
Haram_Makkah,250,91,D_250_Haram_Makkah_0091,62500.0,21.41677668039768,39.79950042623734,0,0,0,0,0,0,0,0.7124486829109872,0.7229513135305747,19.392539998239243,8.908580344956903,0.0,0.0,0.0,1.0,1.0
Haram_Makkah,250,92,D_250_Haram_Makkah_0092,62500.0,21.419035259848165,39.799512717713604,0,0,0,0,0,0,0,0.4726933572537346,0.7980047859346945,19.495686281129647,8.911225603579625,0.0,0.0,0.0,1.0,1.0
Haram_Makkah,250,93,D_250_Haram_Makkah_0093,62500.0,21.421293838683503,39.799525010803066,0,0,0,0,0,0,0,0.25356437881140437,0.9359298451346512,19.60147850446859,8.920878866638292,0.0,0.0,0.0,1.0,1.0
Haram_Makkah,250,94,D_250_Haram_Makkah_0094,62500.0,21.42355241690365,39.79953730550584,0,1,0,4,2,0,2,0.15748262534471388,1.1136057254041334,19.709874062257782,8.93751742647668,18.5,11.40215716486903,0.1140215716486903,1.0,1.4560862865947612
Haram_Makkah,250,95,D_250_Haram_Makkah_0095,62500.0,21.425810994508545,39.79954960182203,0,0,0,0,0,0,0,0.24057468511423458,1.0183020530207876,19.820830243432784,8.961102373252688,0.0,0.0,0.0,1.0,1.0
Haram_Makkah,250,96,D_250_Haram_Makkah_0096,62500.0,21.42806957149814,39.799561899751744,0,0,1,0,0,0,0,0.4647059080215816,0.8753242885791023,19.934304290039755,8.991579045932676,2.0,1.2326656394453004,0.012326656394453003,1.0,1.049306625577812
Haram_Makkah,250,97,D_250_Haram_Makkah_0097,62500.0,21.430328147872387,39.799574199295094,0,0,0,0,0,0,0,0.2746837902336782,0.7876840414574057,20.050253452682714,9.028877656419773,0.0,0.0,0.0,1.0,1.0
Haram_Makkah,250,98,D_250_Haram_Makkah_0098,62500.0,21.432586723631218,39.7995865004522,0,0,2,4,2,0,5,0.034829286716518644,0.774402794517706,20.168635043198456,9.072914070459218,21.25,13.097072419106317,0.13097072419106318,1.0,1.5238828967642526
Haram_Makkah,250,99,D_250_Haram_Makkah_0099,62500.0,21.434845298774594,39.799598803223176,0,0,1,0,0,0,0,0.2279802048626669,0.6227238443423325,20.289406484534005,9.12359072543686,2.0,1.2326656394453004,0.012326656394453003,1.0,1.049306625577812
Haram_Makkah,250,100,D_250_Haram_Makkah_0100,62500.0,21.437103873302462,39.79961110760812,0,1,0,0,0,1,1,0.4772178416669537,0.5348643524544463,20.412525357818133,9.180797662546436,3.25,2.0030816640986133,0.020030816640986132,1.0,1.0801232665639446
Haram_Makkah,250,101,D_250_Haram_Makkah_0101,62500.0,21.439362447214766,39.79962341360716,0,1,1,3,2,0,0,0.4174781045553655,0.551654984235372,20.537949446633807,9.244413649115812,17.0,10.477657935285054,0.10477657935285054,1.0,1.4191063174114023
Haram_Makkah,250,102,D_250_Haram_Makkah_0102,62500.0,21.441621020511448,39.7996357212204,0,0,0,1,1,0,1,0.4391726724187626,0.6689976164453884,20.665636778512383,9.314307366159834,5.25,3.235747303543914,0.03235747303543914,1.0,1.1294298921417565
Haram_Makkah,250,103,D_250_Haram_Makkah_0103,62500.0,21.443879593192467,39.79964803044795,0,0,1,0,0,0,1,0.5800493984271813,0.7581865125097622,20.79554566368292,9.39033863641988,2.25,1.386748844375963,0.01386748844375963,1.0,1.0554699537750385
Haram_Makkah,250,104,D_250_Haram_Makkah_0104,62500.0,21.44613816525776,39.79966034128992,0,0,2,0,0,0,0,0.7778444401241369,0.861208247888298,20.927634731121408,9.472359669162726,4.0,2.4653312788906008,0.024653312788906007,1.0,1.0986132511556241
Haram_Makkah,250,105,D_250_Haram_Makkah_0105,62500.0,21.448396736707288,39.799672653746434,0,0,3,0,0,0,0,0.9242742029944363,0.9242742029944363,21.061862961954642,9.56021629971421,6.0,3.6979969183359014,0.03697996918335902,1.0,1.147919876733436
Haram_Makkah,250,106,D_250_Haram_Makkah_0106,62500.0,21.450655307540984,39.7996849678176,0,0,0,0,0,0,0,0.89054359041036,0.89054359041036,21.19818972028212,9.653749203944644,0.0,0.0,0.0,1.0,1.0
Haram_Makkah,250,107,D_250_Haram_Makkah_0107,62500.0,21.396437923487294,39.80180155783516,0,0,0,2,1,0,0,0.31064653908439677,1.0504623827974748,18.35215791630239,8.953870566543385,8.0,4.9306625577812015,0.04930662557781201,1.0,1.197226502311248
Haram_Makkah,250,108,D_250_Haram_Makkah_0108,62500.0,21.39869650713959,39.80181387182649,0,0,1,0,0,0,0,0.3318199837348085,1.2571101689252548,18.43062332569949,8.893477166876439,2.0,1.2326656394453004,0.012326656394453003,1.0,1.049306625577812
Haram_Makkah,250,109,D_250_Haram_Makkah_0109,62500.0,21.40095509017717,39.80182618743487,0,0,1,0,0,0,8,0.49870605667710066,1.4772206118105775,18.512132566582807,8.839744007214982,4.0,2.4653312788906008,0.024653312788906007,1.0,1.0986132511556241
Haram_Makkah,250,110,D_250_Haram_Makkah_0110,62500.0,21.403213672599986,39.80183850466042,0,0,0,0,0,0,17,0.7157590099517285,1.4240410195165183,18.59664561558491,8.792793191496877,4.25,2.6194144838212634,0.026194144838212634,1.0,1.1047765793528506
Haram_Makkah,250,111,D_250_Haram_Makkah_0111,62500.0,21.40547225440799,39.80185082350322,0,0,2,0,0,0,22,0.9491649960295278,1.1908074267841666,18.684121711778992,8.752733864557658,9.5,5.855161787365177,0.058551617873651776,1.0,1.234206471494607
Haram_Makkah,250,112,D_250_Haram_Makkah_0112,62500.0,21.40773083560112,39.801863143963416,0,0,0,0,0,0,19,0.8995048871210367,0.9659978416658147,18.774519438043917,8.71966100826833,4.75,2.9275808936825887,0.029275808936825888,1.0,1.1171032357473036
Haram_Makkah,250,113,D_250_Haram_Makkah_0113,62500.0,21.40998941617934,39.80187546604111,0,0,0,0,0,0,0,0.7571534405400904,0.7571534405400904,18.867796800856386,8.693654357889766,0.0,0.0,0.0,1.0,1.0
Haram_Makkah,250,114,D_250_Haram_Makkah_0114,62500.0,21.41224799614258,39.80188778973641,0,0,2,0,0,0,2,0.5817308956385073,0.5817308956385073,18.96391130825401,8.674777466298275,4.5,2.773497688751926,0.02773497688751926,1.0,1.110939907550077
Haram_Makkah,250,115,D_250_Haram_Makkah_0115,62500.0,21.414506575490794,39.80190011504944,0,0,0,0,0,0,0,0.47805892665974126,0.47805892665974126,19.06282004573935,8.663076940968317,0.0,0.0,0.0,1.0,1.0
Haram_Makkah,250,116,D_250_Haram_Makkah_0116,62500.0,21.416765154223924,39.80191244198029,0,0,1,0,0,0,0,0.47685685180204307,0.47685685180204307,19.16447974992172,8.65858187467657,2.0,1.2326656394453004,0.012326656394453003,1.0,1.049306625577812
Haram_Makkah,250,117,D_250_Haram_Makkah_0117,62500.0,21.41902373234193,39.8019247705291,0,0,0,0,0,0,0,0.45153101787205197,0.584418936850655,19.26884687971954,8.661303485955115,0.0,0.0,0.0,1.0,1.0
Haram_Makkah,250,118,D_250_Haram_Makkah_0118,62500.0,21.421282309844756,39.80193710069595,0,0,0,1,0,0,0,0.21150920620809363,0.7620357802549329,19.37587768497198,8.671234979583868,3.0,1.8489984591679507,0.01848998459167951,1.0,1.073959938366718
Haram_Makkah,250,119,D_250_Haram_Makkah_0119,62500.0,21.423540886732336,39.80194943248098,0,0,2,0,0,0,0,0.10291758120449801,0.9720347560801716,19.48552827233362,8.688351631149574,4.0,2.4653312788906008,0.024653312788906007,1.0,1.0986132511556241
Haram_Makkah,250,120,D_250_Haram_Makkah_0120,62500.0,21.425799463004637,39.801961765884286,0,0,0,0,0,0,0,0.31850888956384094,1.1974993125955993,19.597754668349907,8.712611093228029,0.0,0.0,0.0,1.0,1.0
Haram_Makkah,250,121,D_250_Haram_Makkah_0121,62500.0,21.42805803866159,39.801974100905994,0,0,0,0,0,0,0,0.5121650014569522,1.1016515763529502,19.7125128796343,8.743953914401697,0.0,0.0,0.0,1.0,1.0
Haram_Makkah,250,122,D_250_Haram_Makkah_0122,62500.0,21.43031661370316,39.80198643754621,0,0,0,0,0,0,0,0.3883495170949337,0.8740758880985159,19.829758950089786,8.782304256430733,0.0,0.0,0.0,1.0,1.0
Haram_Makkah,250,123,D_250_Haram_Makkah_0123,62500.0,21.432575188129274,39.80199877580504,0,0,0,0,0,0,1,0.2767259330527414,0.6421513656602161,19.949449015137827,8.827570789739497,0.25,0.15408320493066255,0.0015408320493066254,1.0,1.0061633281972264
Haram_Makkah,250,124,D_250_Haram_Makkah_0124,62500.0,21.434833761939895,39.8020111156826,0,0,1,0,0,0,1,0.3568460965457692,0.43093862055210574,20.071539352937066,8.879647743193567,2.25,1.386748844375963,0.01386748844375963,1.0,1.0554699537750385
Haram_Makkah,250,125,D_250_Haram_Makkah_0125,62500.0,21.43709233513496,39.80202345717901,0,0,0,0,0,0,0,0.2899272545784944,0.2899272545784944,20.19598643259148,8.938416081081884,0.0,0.0,0.0,1.0,1.0
Haram_Makkah,250,126,D_250_Haram_Makkah_0126,62500.0,21.439350907714427,39.80203580029438,0,0,0,0,0,0,0,0.321054115114608,0.321054115114608,20.32274695936395,9.003744778362162,0.0,0.0,0.0,1.0,1.0
Haram_Makkah,250,127,D_250_Haram_Makkah_0127,62500.0,21.441609479678235,39.8020481450288,0,0,1,0,0,0,0,0.31596181204881746,0.47993142327320926,20.451777916925813,9.075492164572923,2.0,1.2326656394453004,0.012326656394453003,1.0,1.049306625577812
Haram_Makkah,250,128,D_250_Haram_Makkah_0128,62500.0,21.443868051026335,39.80206049138242,0,0,1,0,0,0,0,0.42542406131829,0.5223918937053564,20.58303660668591,9.153507307287471,2.0,1.2326656394453004,0.012326656394453003,1.0,1.049306625577812
Haram_Makkah,250,129,D_250_Haram_Makkah_0129,62500.0,21.446126621758676,39.802072839355326,0,0,1,0,0,0,0,0.6222052693636756,0.6631185030506874,20.7164806842545,9.237631407449951,2.0,1.2326656394453004,0.012326656394453003,1.0,1.049306625577812
Haram_Makkah,250,130,D_250_Haram_Makkah_0130,62500.0,21.4483851918752,39.802085188947636,0,0,2,0,0,0,0,0.6866679412488217,0.6866679412488217,20.85206819310755,9.327699181215397,4.0,2.4653312788906008,0.024653312788906007,1.0,1.0986132511556241
Haram_Makkah,250,131,D_250_Haram_Makkah_0131,62500.0,21.450643761375865,39.802097540159465,0,0,0,0,0,0,0,0.64054503794727,0.64054503794727,20.989757595525614,9.423540205813683,0.0,0.0,0.0,1.0,1.0
Haram_Makkah,250,132,D_250_Haram_Makkah_0132,62500.0,21.45290233026061,39.802109892990934,0,0,0,0,0,0,0,0.688536876092228,0.688536876092228,21.12950780088933,9.524980210264356,0.0,0.0,0.0,1.0,1.0
Haram_Makkah,250,133,D_250_Haram_Makkah_0133,62500.0,21.39416779169653,39.80420088912912,0,0,0,0,0,0,0,0.6463930982609944,0.700963897325047,18.03807641346032,8.781110205719802,0.0,0.0,0.0,1.0,1.0
Haram_Makkah,250,134,D_250_Haram_Makkah_0134,62500.0,21.39642637462739,39.804213238527296,0,0,0,0,0,0,0,0.553558729350466,0.9182620238776364,18.11445214978226,8.712349536166297,0.0,0.0,0.0,1.0,1.0
Haram_Makkah,250,135,D_250_Haram_Makkah_0135,62500.0,21.398684956943544,39.80422558954728,0,0,0,0,0,0,0,0.5657123793950044,1.1489385987243126,18.19394274685036,8.65027007877082,0.0,0.0,0.0,1.0,1.0
Haram_Makkah,250,136,D_250_Haram_Makkah_0136,62500.0,21.40094353864495,39.80423794218916,0,0,1,0,0,0,0,0.6772250184107291,1.38633136831759,18.276507562020335,8.595016604464378,2.0,1.2326656394453004,0.012326656394453003,1.0,1.049306625577812
Haram_Makkah,250,137,D_250_Haram_Makkah_0137,62500.0,21.40320211973155,39.80425029645308,0,0,1,0,0,0,0,0.8498452535150546,1.3623891824936123,18.36210512587008,8.546721501626163,2.0,1.2326656394453004,0.012326656394453003,1.0,1.049306625577812
Haram_Makkah,250,138,D_250_Haram_Makkah_0138,62500.0,21.405460700203303,39.80426265233912,0,0,1,0,0,0,2,1.0539640336760654,1.1163484164875666,18.450693229318567,8.505503302080342,2.5,1.5408320493066257,0.015408320493066256,1.0,1.061633281972265
Haram_Makkah,250,139,D_250_Haram_Makkah_0139,62500.0,21.40771928006014,39.80427500984741,0,0,0,0,0,0,0,0.8725613384817029,0.8725613384817029,18.542229009246423,8.471465305190137,0.0,0.0,0.0,1.0,1.0
Haram_Makkah,250,140,D_250_Haram_Makkah_0140,62500.0,21.409977859302018,39.804287368978066,0,0,0,0,0,0,0,0.6336345885695199,0.6336345885695199,18.63666903232059,8.444694335047354,0.0,0.0,0.0,1.0,1.0
Haram_Makkah,250,141,D_250_Haram_Makkah_0141,62500.0,21.41223643792889,39.80429972973119,0,0,1,0,0,0,7,0.4081939419569436,0.4081939419569436,18.73396937675449,8.425259664112524,3.75,2.3112480739599386,0.023112480739599386,1.0,1.0924499229583975
Haram_Makkah,250,142,D_250_Haram_Makkah_0142,62500.0,21.41449501594069,39.8043120921069,0,0,1,0,0,0,12,0.23822635594961464,0.23822635594961464,18.83408571176453,8.41321213348755,5.0,3.0816640986132513,0.030816640986132512,1.0,1.12326656394453
Haram_Makkah,250,143,D_250_Haram_Makkah_0143,62500.0,21.416753593337365,39.804324456105306,0,0,1,0,0,0,7,0.2390111137280608,0.2390111137280608,18.936973374512903,8.40858349535775,3.75,2.3112480739599386,0.023112480739599386,1.0,1.0924499229583975
Haram_Makkah,250,144,D_250_Haram_Makkah_0144,62500.0,21.41901217011888,39.80433682172652,0,0,1,0,0,0,0,0.24048654573800096,0.41385909332117177,19.042587444355565,8.411385997191152,2.0,1.2326656394453004,0.012326656394453003,1.0,1.049306625577812
Haram_Makkah,250,145,D_250_Haram_Makkah_0145,62500.0,21.42127074628517,39.80434918897067,0,0,0,1,0,0,0,0.38752728216158205,0.6406499713288971,19.15088281424243,8.421612220298677,3.0,1.8489984591679507,0.01848998459167951,1.0,1.073959938366718
Haram_Makkah,250,146,D_250_Haram_Makkah_0146,62500.0,21.42352932183618,39.80436155783784,0,0,1,0,0,0,0,0.34063657852577867,0.8801053473322448,19.26181425914401,8.439235177693806,2.0,1.2326656394453004,0.012326656394453003,1.0,1.049306625577812
Haram_Makkah,250,147,D_250_Haram_Makkah_0147,62500.0,21.42578789677187,39.80437392832816,0,0,0,0,0,0,0,0.4548507039017919,1.1241612246657084,19.375336501405112,8.464208668255129,0.0,0.0,0.0,1.0,1.0
Haram_Makkah,250,148,D_250_Haram_Makkah_0148,62500.0,21.428046471092173,39.80438630044175,0,1,0,0,0,0,1,0.29620481848545205,1.075296300359601,19.491404272950653,8.496467876424054,2.25,1.386748844375963,0.01386748844375963,1.0,1.0554699537750385
Haram_Makkah,250,149,D_250_Haram_Makkah_0149,62500.0,21.430305044797038,39.8043986741787,0,0,0,0,0,0,0,0.23113019664457404,0.8258525980139106,19.609972374292546,8.535930199483037,0.0,0.0,0.0,1.0,1.0
Haram_Makkah,250,150,D_250_Haram_Makkah_0150,62500.0,21.43256361788643,39.80441104953915,0,0,1,2,1,0,0,0.3796116978017397,0.5768907121159141,19.73099573030805,8.582496278227397,10.0,6.163328197226503,0.061633281972265024,1.0,1.2465331278890601
Haram_Makkah,250,151,D_250_Haram_Makkah_0151,62500.0,21.434822190360276,39.804423426523186,0,0,2,0,0,0,1,0.3295045884428425,0.3295045884428425,19.854429442780575,8.636051201858857,4.25,2.6194144838212634,0.026194144838212634,1.0,1.1047765793528506
Haram_Makkah,250,152,D_250_Haram_Makkah_0152,62500.0,21.437080762218535,39.80443580513094,0,0,0,4,2,0,0,0.08355190792723617,0.08355190792723617,19.980228839712268,8.69646585438409,16.0,9.861325115562403,0.09861325115562403,1.0,1.394453004622496
Haram_Makkah,250,153,D_250_Haram_Makkah_0153,62500.0,21.439339333461145,39.80444818536252,0,0,0,0,0,0,0,0.16290444348760866,0.16290444348760866,20.108349521434807,8.76359836778301,0.0,0.0,0.0,1.0,1.0
Haram_Makkah,250,154,D_250_Haram_Makkah_0154,62500.0,21.441597904088063,39.80446056721803,0,0,0,2,1,0,2,0.07386547123280428,0.23004393667351514,20.238747403559966,8.837295646698127,8.5,5.238828967642527,0.05238828967642527,1.0,1.2095531587057011
Haram_Makkah,250,155,D_250_Haram_Makkah_0155,62500.0,21.443856474099235,39.804472950697594,0,0,0,0,0,0,0,0.29429555401979857,0.30974149458285544,20.371378756825052,8.917394930274776,0.0,0.0,0.0,1.0,1.0
Haram_Makkah,250,156,D_250_Haram_Makkah_0156,62500.0,21.4461150434946,39.80448533580132,0,0,1,0,0,0,0,0.4716114180171684,0.5126135502945052,20.506200243900395,9.003725358862903,2.0,1.2326656394453004,0.012326656394453003,1.0,1.049306625577812
Haram_Makkah,250,157,D_250_Haram_Makkah_0157,62500.0,21.448373612274118,39.80449772252933,0,0,1,0,0,0,1,0.46232339412665413,0.46232339412665413,20.643168953236284,9.096109516335625,2.25,1.386748844375963,0.01386748844375963,1.0,1.0554699537750385
Haram_Makkah,250,158,D_250_Haram_Makkah_0158,62500.0,21.45063218043773,39.804510110881715,0,0,0,0,0,0,0,0.39054833869415456,0.39054833869415456,20.782242430035698,9.1943649225225,0.0,0.0,0.0,1.0,1.0
Haram_Makkah,250,159,D_250_Haram_Makkah_0159,62500.0,21.452890747985386,39.8045225008586,0,0,2,0,0,0,0,0.46509470966324545,0.46509470966324545,20.9233787044467,9.298305454428393,4.0,2.4653312788906008,0.024653312788906007,1.0,1.0986132511556241
Haram_Makkah,250,160,D_250_Haram_Makkah_0160,62500.0,21.45514931491702,39.804534892460104,0,0,0,0,0,0,0,0.6364732304321314,0.6364732304321314,21.066536317074327,9.407742679261238,0.0,0.0,0.0,1.0,1.0
Haram_Makkah,250,161,D_250_Haram_Makkah_0161,62500.0,21.39415620950012,39.806612531175794,0,0,0,0,0,0,0,0.5967280051886483,0.5967280051886483,17.799687559046767,8.542021585252616,0.0,0.0,0.0,1.0,1.0
Haram_Makkah,250,162,D_250_Haram_Makkah_0162,62500.0,21.39641479109087,39.806624917597645,0,0,1,0,0,0,0,0.8008453417702394,0.8413911523893971,17.877081786147368,8.471320484922186,2.0,1.2326656394453004,0.012326656394453003,1.0,1.049306625577812
Haram_Makkah,250,163,D_250_Haram_Makkah_0163,62500.0,21.39867337206688,39.80663730564616,0,0,0,0,0,0,0,0.809293822289375,1.088482351929461,17.95762314944602,8.407461492840921,0.0,0.0,0.0,1.0,1.0
Haram_Makkah,250,164,D_250_Haram_Makkah_0164,62500.0,21.400931952428103,39.80664969532144,0,0,0,0,0,0,0,0.8908196900363178,1.3366557483528156,18.041269499856085,8.350601580062571,0.0,0.0,0.0,1.0,1.0
Haram_Makkah,250,165,D_250_Haram_Makkah_0165,62500.0,21.403190532174477,39.80666208662361,0,0,0,0,0,0,0,1.028184297447231,1.3451080788864447,18.127977856213167,8.300884576012615,0.0,0.0,0.0,1.0,1.0
Haram_Makkah,250,166,D_250_Haram_Makkah_0166,62500.0,21.40544911130596,39.80667447955277,0,0,0,0,0,0,0,1.0951918764783939,1.0951918764783939,18.217704497116884,8.258439485739709,0.0,0.0,0.0,1.0,1.0
Haram_Makkah,250,167,D_250_Haram_Makkah_0167,62500.0,21.407707689822495,39.80668687410905,0,0,0,0,0,0,0,0.8453252325128771,0.8453252325128771,18.310405051041073,8.223378912282067,0.0,0.0,0.0,1.0,1.0
Haram_Makkah,250,168,D_250_Haram_Makkah_0168,62500.0,21.409966267724023,39.80669927029255,0,0,0,0,0,0,0,0.595570525749582,0.595570525749582,18.406034584399436,8.195797626241513,0.0,0.0,0.0,1.0,1.0
Haram_Makkah,250,169,D_250_Haram_Makkah_0169,62500.0,21.412224845010506,39.80671166810338,0,0,0,4,2,0,9,0.3461233804820591,0.3461233804820591,18.504547687285573,8.175771322979053,18.25,11.248073959938367,0.11248073959938366,1.0,1.4499229583975346
Haram_Makkah,250,170,D_250_Haram_Makkah_0170,62500.0,21.414483421681886,39.806724067541666,0,0,0,2,1,0,15,0.09681670899169253,0.09681670899169253,18.605898556639062,8.163355604222279,11.75,7.24191063174114,0.0724191063174114,1.0,1.2896764252696455
Haram_Makkah,250,171,D_250_Haram_Makkah_0171,62500.0,21.416741997738093,39.80673646860751,0,0,2,2,1,0,8,0.10159462987617819,0.10159462987617819,18.710041076621433,8.158585215362276,14.0,8.628659476117104,0.08628659476117104,1.0,1.3451463790446843
Haram_Makkah,250,172,D_250_Haram_Makkah_0172,62500.0,21.419000573179105,39.80674887130103,0,0,1,0,0,0,3,0.06468696938354136,0.3511597400130404,18.81692889601752,8.161473562517282,2.75,1.694915254237288,0.01694915254237288,1.0,1.0677966101694916
Haram_Makkah,250,173,D_250_Haram_Makkah_0173,62500.0,21.421259148004843,39.80676127562234,0,0,0,0,0,0,0,0.3127193065158211,0.6010863974441399,18.926515502508554,8.172012524893066,0.0,0.0,0.0,1.0,1.0
Haram_Makkah,250,174,D_250_Haram_Makkah_0174,62500.0,21.423517722215273,39.80677368157155,0,3,0,2,1,0,4,0.562496511391355,0.8510561387938653,19.038754293693017,8.19017256853296,15.0,9.244992295839754,0.09244992295839755,1.0,1.3697996918335902
Haram_Makkah,250,175,D_250_Haram_Makkah_0175,62500.0,21.42577629581033,39.80678608914877,0,2,2,4,2,1,0,0.4443846610355037,1.1010396203430064,19.153598644759477,8.21590315775998,25.0,15.408320493066256,0.15408320493066255,1.0,1.61633281972265
Haram_Makkah,250,176,D_250_Haram_Makkah_0176,62500.0,21.428034868789968,39.80679849835412,0,2,1,0,0,0,5,0.19534994310365028,1.0896549861303724,19.271001972742614,8.249133451037814,7.25,4.4684129429892145,0.044684129429892146,1.0,1.1787365177195686
Haram_Makkah,250,177,D_250_Haram_Makkah_0177,62500.0,21.430293441154138,39.80681090918771,0,0,1,4,2,0,6,0.06201188255132449,0.8444633614776088,19.390917797318604,8.289773259165274,19.5,12.01848998459168,0.12018489984591679,1.0,1.4807395993836672
Haram_Makkah,250,178,D_250_Haram_Makkah_0178,62500.0,21.43255201290278,39.80682332164965,0,0,1,0,0,0,0,0.30745625198476473,0.6023349927678775,19.513299798119363,8.337714236150836,2.0,1.2326656394453004,0.012326656394453003,1.0,1.049306625577812
Haram_Makkah,250,179,D_250_Haram_Makkah_0179,62500.0,21.434810584035834,39.80683573574006,0,0,2,0,0,0,5,0.36944252664583427,0.36944252664583427,19.6381018685667,8.39283126716205,5.25,3.235747303543914,0.03235747303543914,1.0,1.1294298921417565
Haram_Makkah,250,180,D_250_Haram_Makkah_0180,62500.0,21.43706915455327,39.80684815145905,0,0,4,0,0,0,1,0.1875316439330625,0.1875316439330625,19.765278166247004,8.454984013846127,8.25,5.084745762711864,0.05084745762711864,1.0,1.2033898305084745
Haram_Makkah,250,181,D_250_Haram_Makkah_0181,62500.0,21.43932772445502,39.80686056880672,0,0,0,0,0,0,3,0.2303359875882408,0.2303359875882408,19.894783159864758,8.524018575163606,0.75,0.4622496147919877,0.004622496147919877,1.0,1.0184899845916795
Haram_Makkah,250,182,D_250_Haram_Makkah_0182,62500.0,21.441586293741025,39.80687298778321,0,0,0,2,1,0,2,0.0,0.0,20.02657167282898,8.599769221617219,8.5,5.238828967642527,0.05238828967642527,1.0,1.2095531587057011
Haram_Makkah,250,183,D_250_Haram_Makkah_0183,62500.0,21.443844862411254,39.80688540838861,0,0,0,0,0,0,0,0.20676496000530148,0.20676496000530148,20.160598923540782,8.682060162220454,0.0,0.0,0.0,1.0,1.0
Haram_Makkah,250,184,D_250_Haram_Makkah_0184,62500.0,21.44610343046564,39.80689783062304,0,0,0,0,2,0,3,0.22222394163768883,0.45619426459551055,20.296820562462276,8.77070730646942,4.75,2.9275808936825887,0.029275808936825888,1.0,1.1171032357473036
Haram_Makkah,250,185,D_250_Haram_Makkah_0185,62500.0,21.448361997904126,39.80691025448662,0,0,0,0,1,0,1,0.2845575161099844,0.2845575161099844,20.435192706057588,8.865519987631673,2.25,1.386748844375963,0.01386748844375963,1.0,1.0554699537750385
Haram_Makkah,250,186,D_250_Haram_Makkah_0186,62500.0,21.450620564726677,39.80692267997946,0,0,1,0,0,1,0,0.14056338098757623,0.14056338098757623,20.57567196770562,8.966302618495392,3.0,1.8489984591679507,0.01848998459167951,1.0,1.073959938366718
Haram_Makkah,250,187,D_250_Haram_Makkah_0187,62500.0,21.452879130933223,39.806935107101665,0,0,1,0,0,0,0,0.28903831610122727,0.28903831610122727,20.718215485691438,9.07285625598565,2.0,1.2326656394453004,0.012326656394453003,1.0,1.049306625577812
Haram_Makkah,250,188,D_250_Haram_Makkah_0188,62500.0,21.455137696523714,39.806947535853354,0,0,1,4,2,0,0,0.5218507758685498,0.5218507758685498,20.862780948388984,9.184980056435538,18.0,11.093990755007704,0.11093990755007704,1.0,1.4437596302003082
Haram_Makkah,250,189,D_250_Haram_Makkah_0189,62500.0,21.39188601176986,39.809011749781924,0,0,0,0,0,0,0,0.3449108288485502,0.3449108288485502,17.486405511499992,8.383151620095282,0.0,0.0,0.0,1.0,1.0
Haram_Makkah,250,190,D_250_Haram_Makkah_0190,62500.0,21.394144592631218,39.80902417159592,0,0,0,0,0,0,0,0.5880631250127217,0.5880631250127217,17.5616216136647,8.30357568044314,0.0,0.0,0.0,1.0,1.0
Haram_Makkah,250,191,D_250_Haram_Makkah_0191,62500.0,21.39640317287785,39.809036595041334,0,0,0,0,0,0,0,0.8352682192819634,0.8352682192819634,17.640060365272358,8.230826633831342,0.0,0.0,0.0,1.0,1.0
Haram_Makkah,250,192,D_250_Haram_Makkah_0192,62500.0,21.398661752509703,39.809049020118266,0,0,0,0,0,0,0,1.0558799578506712,1.0837563182215806,17.721678974616665,8.165086960438819,0.0,0.0,0.0,1.0,1.0
Haram_Makkah,250,193,D_250_Haram_Makkah_0193,62500.0,21.400920331526716,39.809061446826824,0,1,0,4,2,0,1,1.1195917625417715,1.332810007625967,17.806433715606506,8.106527189053809,18.25,11.248073959938367,0.11248073959938366,1.0,1.4499229583975346
Haram_Makkah,250,194,D_250_Haram_Makkah_0194,62500.0,21.403178909928858,39.809073875167144,0,0,0,0,0,0,2,1.2317016457373293,1.3709281919993308,17.89428002623201,8.055303908742939,0.5,0.3081664098613251,0.003081664098613251,1.0,1.012326656394453
Haram_Makkah,250,195,D_250_Haram_Makkah_0195,62500.0,21.40543748771606,39.80908630513932,0,0,0,2,1,0,4,1.1263578514157364,1.1263578514157364,17.985172605402582,8.011557842114723,9.0,5.546995377503852,0.05546995377503852,1.0,1.221879815100154
Haram_Makkah,250,196,D_250_Haram_Makkah_0196,62500.0,21.407696064888277,39.80909873674346,0,0,1,4,2,0,1,0.8848276166989786,0.8848276166989786,18.079065507792187,7.975412030289754,18.25,11.248073959938367,0.11248073959938366,1.0,1.4499229583975346
Haram_Makkah,250,197,D_250_Haram_Makkah_0197,62500.0,21.40995464144545,39.80911116997969,0,0,0,2,1,0,0,0.649736725990239,0.649736725990239,18.175912236362688,7.946970180404049,8.0,4.9306625577812015,0.04930662557781201,1.0,1.197226502311248
Haram_Makkah,250,198,D_250_Haram_Makkah_0198,62500.0,21.41221321738753,39.809123604848125,0,0,0,0,0,0,1,0.43173570031656566,0.43173570031656566,18.275665832272065,7.926315224842613,0.25,0.15408320493066255,0.0015408320493066254,1.0,1.0061633281972264
Haram_Makkah,250,199,D_250_Haram_Makkah_0199,62500.0,21.414471792714473,39.80913604134887,0,0,0,0,0,0,1,0.27501566638130975,0.27501566638130975,18.37827896191029,7.913508137287307,0.25,0.15408320493066255,0.0015408320493066254,1.0,1.0061633281972264
Haram_Makkah,250,200,D_250_Haram_Makkah_0200,62500.0,21.416730367426204,39.80914847948204,0,0,0,0,0,0,2,0.27997371758747414,0.27997371758747414,18.483704000841175,7.908587044109274,0.5,0.3081664098613251,0.003081664098613251,1.0,1.012326656394453
Haram_Makkah,250,201,D_250_Haram_Makkah_0201,62500.0,21.418988941522695,39.80916091924775,0,0,0,0,0,0,1,0.27483636829040436,0.43746654355058884,18.59189311446335,7.911566660882892,0.25,0.15408320493066255,0.0015408320493066254,1.0,1.0061633281972264
Haram_Makkah,250,202,D_250_Haram_Makkah_0202,62500.0,21.421247515003877,39.80917336064611,0,0,0,0,0,0,0,0.4112711878976786,0.6552622916912338,18.702798335237098,7.922438073278599,0.0,0.0,0.0,1.0,1.0
Haram_Makkah,250,203,D_250_Haram_Makkah_0203,62500.0,21.423506087869708,39.809185803677245,0,1,0,2,1,0,2,0.622698121608277,0.8901462605093593,18.81637163635607,7.941168869900384,10.5,6.471494607087828,0.06471494607087828,1.0,1.2588597842835132
Haram_Makkah,250,204,D_250_Haram_Makkah_0204,62500.0,21.42576466012013,39.809198248341254,0,0,3,0,0,0,0,0.5224002610453399,1.1315264288937952,18.932565001773607,7.9677036224758995,6.0,3.6979969183359014,0.03697996918335902,1.0,1.147919876733436
Haram_Makkah,250,205,D_250_Haram_Makkah_0205,62500.0,21.42802323175508,39.80921069463825,0,0,1,0,0,0,2,0.3370250822226726,1.1568488885050128,19.051330492522055,8.001964696932635,2.5,1.5408320493066257,0.015408320493066256,1.0,1.061633281972265
Haram_Makkah,250,206,D_250_Haram_Makkah_0206,62500.0,21.430281802774537,39.809223142568364,0,0,1,0,0,0,4,0.2815488933634069,0.928428612127536,19.172620309290494,8.043853368025601,3.0,1.8489984591679507,0.01848998459167951,1.0,1.073959938366718
Haram_Makkah,250,207,D_250_Haram_Makkah_0207,62500.0,21.432540373178412,39.80923559213169,0,0,0,0,0,0,0,0.41225435432645086,0.7146048032296184,19.296386851251093,8.093251200947458,0.0,0.0,0.0,1.0,1.0
Haram_Makkah,250,208,D_250_Haram_Makkah_0208,62500.0,21.43479894296668,39.80924804332835,0,0,0,0,0,0,0,0.5332357469080824,0.5332357469080824,19.422582771146935,8.150021656227551,0.0,0.0,0.0,1.0,1.0
Haram_Makkah,250,209,D_250_Haram_Makkah_0209,62500.0,21.437057512139273,39.809260496158466,0,0,1,0,0,0,0,0.42780918499069126,0.42780918499069126,19.551161026674897,8.214011869501938,2.0,1.2326656394453004,0.012326656394453003,1.0,1.049306625577812
Haram_Makkah,250,210,D_250_Haram_Makkah_0210,62500.0,21.439316080696134,39.80927295062213,0,0,0,2,1,0,7,0.29152149507674496,0.29152149507674496,19.6820749282155,8.2850545555029,9.75,6.00924499229584,0.060092449922958396,1.0,1.2403697996918335
Haram_Makkah,250,211,D_250_Haram_Makkah_0211,62500.0,21.44157464863723,39.80928540671947,0,0,0,0,1,0,4,0.1479132843142398,0.1479132843142398,19.815278182978073,8.362969985776584,3.0,1.8489984591679507,0.01848998459167951,1.0,1.073959938366718
Haram_Makkah,250,212,D_250_Haram_Makkah_0212,62500.0,21.443833215962496,39.80929786445059,0,0,1,4,2,0,2,0.22919383987563444,0.25201527276879215,19.950724935643933,8.447567991933571,18.5,11.40215716486903,0.1140215716486903,1.0,1.4560862865947612
Haram_Makkah,250,213,D_250_Haram_Makkah_0213,62500.0,21.44609178267188,39.80931032381562,0,0,0,4,3,0,5,0.03673732257279423,0.47574261059315376,20.0883698056025,8.538649950295493,19.25,11.864406779661017,0.11864406779661017,1.0,1.4745762711864407
Haram_Makkah,250,214,D_250_Haram_Makkah_0214,62500.0,21.448350348765334,39.80932278481466,0,0,0,4,3,0,0,0.2705606017005774,0.2705606017005774,20.228167920885966,8.636010709177118,18.0,11.093990755007704,0.11093990755007704,1.0,1.4437596302003082
Haram_Makkah,250,215,D_250_Haram_Makkah_0215,62500.0,21.4506089142428,39.809335247447834,0,0,1,2,1,0,0,0.1094902885764439,0.1094902885764439,20.37007494891655,8.739440426272296,10.0,6.163328197226503,0.061633281972265024,1.0,1.2465331278890601
Haram_Makkah,250,216,D_250_Haram_Makkah_0216,62500.0,21.45286747910423,39.80934771171524,0,0,1,0,0,0,0,0.27526933609199455,0.27526933609199455,20.51404712418774,8.848726290246699,2.0,1.2326656394453004,0.012326656394453003,1.0,1.049306625577812
Haram_Makkah,250,217,D_250_Haram_Makkah_0217,62500.0,21.455126043349566,39.809360177617,0,0,0,0,0,0,0,0.5143523028941369,0.5143523028941369,20.66004127300604,8.963654107284805,0.0,0.0,0.0,1.0,1.0
Haram_Makkah,250,218,D_250_Haram_Makkah_0218,62500.0,21.457384606978756,39.80937264515323,0,0,1,2,1,0,0,0.7604889056340509,0.7604889056340509,20.80801483542413,9.08400973966807,10.0,6.163328197226503,0.061633281972265024,1.0,1.2465331278890601
Haram_Makkah,250,219,D_250_Haram_Makkah_0219,62500.0,21.391874361576654,39.81142335155206,0,0,0,0,0,0,0,0.4834225963691586,0.4834225963691586,17.247639091031214,8.147727744802921,0.0,0.0,0.0,1.0,1.0
Haram_Makkah,250,220,D_250_Haram_Makkah_0220,62500.0,21.394132941089914,39.811435810384644,0,0,0,0,0,0,0,0.6786399382758375,0.6786399382758375,17.32389188962416,8.065829492294759,0.0,0.0,0.0,1.0,1.0
Haram_Makkah,250,221,D_250_Haram_Makkah_0221,62500.0,21.396391519988413,39.811448270853504,0,0,0,0,0,0,0,0.9013361886475915,0.9013361886475915,17.40340214418731,7.990916305037399,0.0,0.0,0.0,1.0,1.0
Haram_Makkah,250,222,D_250_Haram_Makkah_0222,62500.0,21.3986500982721,39.811460732958736,0,0,0,2,1,0,0,1.135456597192733,1.135456597192733,17.486125419349513,7.923186315457512,8.0,4.9306625577812015,0.04930662557781201,1.0,1.197226502311248
Haram_Makkah,250,223,D_250_Haram_Makkah_0223,62500.0,21.400908675940908,39.81147319670047,0,0,0,0,0,0,0,1.355880418527526,1.3751786950252083,17.57201633763578,7.862825152881998,0.0,0.0,0.0,1.0,1.0
Haram_Makkah,250,224,D_250_Haram_Makkah_0224,62500.0,21.4031672529948,39.811485662078816,0,0,0,0,0,0,1,1.3554073378006741,1.4389941797080792,17.66102868349,7.810003673503262,0.25,0.15408320493066255,0.0015408320493066254,1.0,1.0061633281972264
Haram_Makkah,250,225,D_250_Haram_Makkah_0225,62500.0,21.40542582943371,39.81149812909388,0,0,0,0,0,0,0,1.1965322228857047,1.2082806590610675,17.753115505397194,7.764875747587663,0.0,0.0,0.0,1.0,1.0
Haram_Makkah,250,226,D_250_Haram_Makkah_0226,62500.0,21.407684405257587,39.81151059774579,0,0,0,0,0,0,0,0.987005599218347,0.987005599218347,17.84822921572031,7.727576164025542,0.0,0.0,0.0,1.0,1.0
Haram_Makkah,250,227,D_250_Haram_Makkah_0227,62500.0,21.409942980466397,39.81152306803464,0,0,0,0,0,0,0,0.7832100323129734,0.7832100323129734,17.94632168790612,7.698218713842595,0.0,0.0,0.0,1.0,1.0
Haram_Makkah,250,228,D_250_Haram_Makkah_0228,62500.0,21.412201555060065,39.81153553996055,0,0,0,0,0,0,0,0.6145371075394953,0.6145371075394953,18.047344350754972,7.676894512854593,0.0,0.0,0.0,1.0,1.0
Haram_Makkah,250,229,D_250_Haram_Makkah_0229,62500.0,21.414460129038552,39.81154801352364,0,0,0,0,0,0,0,0.5166176132985882,0.5166176132985882,18.151248279488797,7.663670619020469,0.0,0.0,0.0,1.0,1.0
Haram_Makkah,250,230,D_250_Haram_Makkah_0230,62500.0,21.416718702401795,39.81156048872403,0,0,0,0,0,0,0,0.521007769865118,0.521007769865118,18.257984283391274,7.658588992247737,0.0,0.0,0.0,1.0,1.0
Haram_Makkah,250,231,D_250_Haram_Makkah_0231,62500.0,21.41897727514975,39.811572965561815,0,0,0,0,0,0,0,0.5214265573041811,0.6200328946484793,18.36750298983181,7.6616658337152,0.0,0.0,0.0,1.0,1.0
Haram_Makkah,250,232,D_250_Haram_Makkah_0232,62500.0,21.42123584728237,39.81158544403712,0,0,0,0,0,0,0,0.6045615066490747,0.7889439046171285,18.479754924522084,7.6728913287534235,0.0,0.0,0.0,1.0,1.0
Haram_Makkah,250,233,D_250_Haram_Makkah_0233,62500.0,21.42349441879958,39.811597924150064,0,11,0,2,2,0,5,0.7642666916603836,0.9926853372639636,18.59469058788868,7.692229802742511,33.25,20.49306625577812,0.20493066255778122,1.0,1.819722650231125
Haram_Makkah,250,234,D_250_Haram_Makkah_0234,62500.0,21.42575298970135,39.811610405900744,0,1,1,0,0,0,4,0.6879871645000647,1.2126048660519648,18.7122605274786,7.719620284284761,5.0,3.0816640986132513,0.030816640986132512,1.0,1.12326656394453
Haram_Makkah,250,235,D_250_Haram_Makkah_0235,62500.0,21.42801155998762,39.81162288928928,0,0,0,0,0,1,0,0.5603661408613113,1.2153019591970362,18.832415406345287,7.754977455085306,1.0,0.6163328197226502,0.006163328197226502,1.0,1.024653312788906
Haram_Makkah,250,236,D_250_Haram_Makkah_0236,62500.0,21.430270129658336,39.8116353743158,0,2,0,2,1,1,2,0.48841469429802437,1.0652850647142413,18.955106067391682,7.798192952487261,13.5,8.320493066255779,0.08320493066255778,1.0,1.3328197226502312
Haram_Makkah,250,237,D_250_Haram_Makkah_0237,62500.0,21.432528698713448,39.8116478609804,0,0,1,0,0,1,1,0.3910711816338845,0.8851624743994768,19.080283593672995,7.84913697928394,3.25,2.0030816640986133,0.020030816640986132,1.0,1.0801232665639446
Haram_Makkah,250,238,D_250_Haram_Makkah_0238,62500.0,21.434787267152895,39.8116603492832,0,1,2,5,3,0,4,0.4385480869902555,0.7464535773018864,19.20789936468599,7.907660166882694,28.0,17.257318952234208,0.17257318952234207,1.0,1.6902927580893683
Haram_Makkah,250,239,D_250_Haram_Makkah_0239,62500.0,21.437045834976637,39.811672839224315,0,0,0,1,1,0,2,0.5972538657062865,0.6399573268716934,19.33790510869319,7.973595632476221,5.5,3.389830508474576,0.03389830508474576,1.0,1.1355932203389831
Haram_Makkah,250,240,D_250_Haram_Makkah_0240,62500.0,21.439304402184607,39.811685330803854,0,0,1,0,0,0,4,0.47057298881428367,0.47057298881428367,19.470252951149345,8.04676116866808,3.0,1.8489984591679507,0.01848998459167951,1.0,1.073959938366718
Haram_Makkah,250,241,D_250_Haram_Makkah_0241,62500.0,21.44156296877677,39.81169782402194,0,1,2,0,0,0,1,0.3979101599437396,0.3979101599437396,19.604895459314683,8.12696150482609,6.25,3.852080123266564,0.03852080123266564,1.0,1.1540832049306626
Haram_Makkah,250,242,D_250_Haram_Makkah_0242,62500.0,21.44382153475306,39.811710318878674,0,0,1,0,0,0,0,0.3598554805331782,0.4497343630402335,19.741785683153772,8.21399058291801,2.0,1.2326656394453004,0.012326656394453003,1.0,1.049306625577812
Haram_Makkah,250,243,D_250_Haram_Makkah_0243,62500.0,21.44608010011343,39.81172281537419,0,0,1,0,0,0,0,0.27984956941657807,0.6042187775338209,19.88087719263144,8.307633796190489,2.0,1.2326656394453004,0.012326656394453003,1.0,1.049306625577812
Haram_Makkah,250,244,D_250_Haram_Makkah_0244,62500.0,21.44833866485783,39.81173531350857,0,0,0,0,0,0,0,0.3900456334014312,0.436386409516237,20.022124111527493,8.407670146178845,0.0,0.0,0.0,1.0,1.0
Haram_Makkah,250,245,D_250_Haram_Makkah_0245,62500.0,21.450597228986204,39.81174781328196,0,0,0,0,0,0,0,0.3594693067710335,0.3594693067710335,20.16548114790045,8.513874281564629,0.0,0.0,0.0,1.0,1.0
Haram_Makkah,250,246,D_250_Haram_Makkah_0246,62500.0,21.4528557924985,39.81176031469446,0,0,1,4,2,0,0,0.43932137053690196,0.43932137053690196,20.310903621337136,8.626018390754117,18.0,11.093990755007704,0.11093990755007704,1.0,1.4437596302003082
Haram_Makkah,250,247,D_250_Haram_Makkah_0247,62500.0,21.455114355394656,39.81177281774618,0,0,1,0,0,0,0,0.6178902416371345,0.6178902416371345,20.458347487130133,8.743873928240783,2.0,1.2326656394453004,0.012326656394453003,1.0,1.049306625577812
Haram_Makkah,250,248,D_250_Haram_Makkah_0248,62500.0,21.45737291767464,39.81178532243724,0,0,0,0,0,0,0,0.8340104524587032,0.8340104524587032,20.60776935752828,8.86721316244904,0.0,0.0,0.0,1.0,1.0
Haram_Makkah,250,249,D_250_Haram_Makkah_0249,62500.0,21.391862676715153,39.81383495168604,0,0,0,0,0,0,0,0.6880634661886961,0.6880634661886961,17.009195475280976,7.913198071662079,0.0,0.0,0.0,1.0,1.0
Haram_Makkah,250,250,D_250_Haram_Makkah_0250,62500.0,21.394121254876314,39.81384744753709,0,0,0,0,0,0,0,0.8368309821262218,0.8368309821262218,17.086512420773193,7.828846767991891,0.0,0.0,0.0,1.0,1.0
Haram_Makkah,250,251,D_250_Haram_Makkah_0251,62500.0,21.39637983242267,39.813859945029286,0,0,0,0,0,0,0,1.0257391733716086,1.0257391733716086,17.16712214362542,7.751643678087746,0.0,0.0,0.0,1.0,1.0
Haram_Makkah,250,252,D_250_Haram_Makkah_0252,62500.0,21.398638409354174,39.81387244416271,0,0,0,0,0,0,0,1.236525620814953,1.236525620814953,17.250978484801145,7.681804326288086,0.0,0.0,0.0,1.0,1.0
Haram_Makkah,250,253,D_250_Haram_Makkah_0253,62500.0,21.40089698567076,39.813884944937506,0,3,1,2,1,0,5,1.392784872480933,1.4597432548481049,17.338034337028798,7.619531199668321,17.25,10.631741140215716,0.10631741140215717,1.0,1.4252696456086287
Haram_Makkah,250,254,D_250_Haram_Makkah_0254,62500.0,21.403155561372383,39.81389744735376,0,2,1,0,0,1,1,1.1871857521262723,1.5449803852634831,17.428241754718325,7.5650111498965815,7.25,4.4684129429892145,0.044684129429892146,1.0,1.1787365177195686
Haram_Makkah,250,255,D_250_Haram_Makkah_0255,62500.0,21.405414136458994,39.81390995141161,0,0,0,0,0,0,0,1.0019831930184846,1.3327423954674142,17.521552061670366,7.51841284403831,0.0,0.0,0.0,1.0,1.0
Haram_Makkah,250,256,D_250_Haram_Makkah_0256,62500.0,21.40767271093053,39.813922457111154,0,0,0,0,0,0,0,0.8506060357953099,1.1359754374560844,17.61791595617208,7.479884336588425,0.0,0.0,0.0,1.0,1.0
Haram_Makkah,250,257,D_250_Haram_Makkah_0257,62500.0,21.409931284786957,39.813934964452514,0,0,0,0,0,0,0,0.7537180753911283,0.9641981623768334,17.717283613118024,7.449550837740587,0.0,0.0,0.0,1.0,1.0
Haram_Makkah,250,258,D_250_Haram_Makkah_0258,62500.0,21.412189858028206,39.8139474734358,0,0,0,0,0,0,0,0.7332470567354505,0.8330162052194321,17.81960478283899,7.427512751885527,0.0,0.0,0.0,1.0,1.0
Haram_Makkah,250,259,D_250_Haram_Makkah_0259,62500.0,21.414448430654232,39.81395998406113,0,0,0,0,0,0,0,0.7636451400915895,0.7636451400915895,17.924828886365855,7.413844055195843,0.0,0.0,0.0,1.0,1.0
Haram_Makkah,250,260,D_250_Haram_Makkah_0260,62500.0,21.416707002664964,39.81397249632862,0,0,0,0,0,0,0,0.7677974407224192,0.7677974407224192,18.03290510689871,7.408591071864027,0.0,0.0,0.0,1.0,1.0
Haram_Makkah,250,261,D_250_Haram_Makkah_0261,62500.0,21.418965574060376,39.81398501023836,0,0,0,0,0,0,0,0.7702183326753019,0.8381554773228206,18.143782477293186,7.411771695447991,0.0,0.0,0.0,1.0,1.0
Haram_Makkah,250,262,D_250_Haram_Makkah_0262,62500.0,21.421224144840412,39.8139975257905,0,0,0,1,0,0,0,0.816215512058547,0.9425074440739778,18.257409963416197,7.423375085551357,3.0,1.8489984591679507,0.01848998459167951,1.0,1.073959938366718
Haram_Makkah,250,263,D_250_Haram_Makkah_0263,62500.0,21.423482715004997,39.81401004298513,0,7,1,2,2,1,3,0.8597329573617916,0.9392780607778849,18.373736543261057,7.443361851752558,27.75,17.103235747303543,0.17103235747303544,1.0,1.6841294298921419
Haram_Makkah,250,264,D_250_Haram_Makkah_0264,62500.0,21.425741284554103,39.81402256182238,0,7,2,0,0,1,22,0.8081513139805404,0.9639477983813323,18.492711281747855,7.471664717548953,24.5,15.10015408320493,0.1510015408320493,1.0,1.6040061633281972
Haram_Makkah,250,265,D_250_Haram_Makkah_0265,62500.0,21.427999853487666,39.81403508230234,0,7,1,0,0,1,13,0.5634681018360881,0.9673384355330191,18.614283401168098,7.508189638441913,20.25,12.480739599383668,0.12480739599383668,1.0,1.4992295839753467
Haram_Makkah,250,266,D_250_Haram_Makkah_0266,62500.0,21.430258421805636,39.81404760442515,0,6,1,0,0,0,6,0.3269312730300578,1.0330982236528723,18.73840234726322,7.552817331443092,15.5,9.553158705701078,0.09553158705701077,1.0,1.382126348228043
Haram_Makkah,250,267,D_250_Haram_Makkah_0267,62500.0,21.432516989507953,39.81406012819091,0,2,0,0,0,1,5,0.14584859541094072,1.0869062458975782,18.865017850954647,7.605405159325029,6.25,3.852080123266564,0.03852080123266564,1.0,1.1540832049306626
Haram_Makkah,250,268,D_250_Haram_Makkah_0268,62500.0,21.434775556594584,39.81407265359974,0,3,0,0,0,0,5,0.24629163258550693,0.9772643062922874,18.99407998576807,7.665789302663385,7.25,4.4684129429892145,0.044684129429892146,1.0,1.1787365177195686
Haram_Makkah,250,269,D_250_Haram_Makkah_0269,62500.0,21.437034123065462,39.81408518065174,0,0,2,0,0,0,0,0.4659805847843223,0.8191456133842082,19.12553922101735,7.733787146551747,4.0,2.4653312788906008,0.024653312788906007,1.0,1.0986132511556241
Haram_Makkah,250,270,D_250_Haram_Makkah_0270,62500.0,21.439292688920528,39.814097709347045,0,0,1,4,2,1,1,0.5928524157946617,0.6949050967660514,19.25934647083308,7.809199806863035,19.25,11.864406779661017,0.11864406779661017,1.0,1.4745762711864407
Haram_Makkah,250,271,D_250_Haram_Makkah_0271,62500.0,21.44155125415974,39.81411023968576,0,0,0,0,0,0,0,0.6479094466793024,0.6479094466793024,19.39545313913826,7.891814722790334,0.0,0.0,0.0,1.0,1.0
Haram_Makkah,250,272,D_250_Haram_Makkah_0272,62500.0,21.44380981878305,39.814122771667996,0,0,1,0,0,0,0,0.5757274680806808,0.6826494685339471,19.53381116068818,7.981408247558254,2.0,1.2326656394453004,0.012326656394453003,1.0,1.049306625577812
Haram_Makkah,250,273,D_250_Haram_Makkah_0273,62500.0,21.44606838279039,39.81413530529387,0,0,0,0,0,0,0,0.5294165960143965,0.7866880407940576,19.674373038304008,8.077748176907443,0.0,0.0,0.0,1.0,1.0
Haram_Makkah,250,274,D_250_Haram_Makkah_0274,62500.0,21.448326946181723,39.81414784056349,0,0,0,0,0,0,0,0.5950644895877676,0.6577713566493812,19.817091876439928,8.180596164392432,0.0,0.0,0.0,1.0,1.0
Haram_Makkah,250,275,D_250_Haram_Makkah_0275,62500.0,21.450585508956983,39.81416037747699,0,0,0,0,0,0,0,0.6094655377692342,0.6094655377692342,19.961921411231415,8.289709982877133,0.0,0.0,0.0,1.0,1.0
Haram_Makkah,250,276,D_250_Haram_Makkah_0276,62500.0,21.45284407111613,39.81417291603445,0,0,0,0,0,0,0,0.659722158054674,0.659722158054674,20.108816037178737,8.404845602124611,0.0,0.0,0.0,1.0,1.0
Haram_Makkah,250,277,D_250_Haram_Makkah_0277,62500.0,21.4551026326591,39.814185456236025,0,0,0,0,0,0,0,0.7899483590262663,0.7899483590262663,20.257730830624013,8.52575906244682,0.0,0.0,0.0,1.0,1.0
Haram_Makkah,250,278,D_250_Haram_Makkah_0278,62500.0,21.457361193585854,39.814197998081795,0,0,1,4,2,0,0,0.9684025475122756,0.9684025475122756,20.40862157018284,8.652208133548031,18.0,11.093990755007704,0.11093990755007704,1.0,1.4437596302003082
Haram_Makkah,250,279,D_250_Haram_Makkah_0279,62500.0,21.38959237976562,39.81623401895548,0,0,0,0,0,0,0,0.8580853694034022,0.8580853694034022,16.696054361113344,7.773660787810399,0.0,0.0,0.0,1.0,1.0
Haram_Makkah,250,280,D_250_Haram_Makkah_0280,62500.0,21.391850957185458,39.816246550179,0,0,0,0,0,0,0,0.9155136592792635,0.9155136592792635,16.77108843272164,7.6796445255806995,0.0,0.0,0.0,1.0,1.0
Haram_Makkah,250,281,D_250_Haram_Makkah_0281,62500.0,21.394109533990513,39.81625908304842,0,0,0,0,0,0,0,1.0319980714466679,1.0319980714466679,16.84949801053691,7.592698995391707,0.0,0.0,0.0,1.0,1.0
Haram_Makkah,250,282,D_250_Haram_Makkah_0282,62500.0,21.39636811018072,39.81627161756382,0,0,0,0,0,0,0,1.190325492717171,1.190325492717171,16.93123619810453,7.513069680893613,0.0,0.0,0.0,1.0,1.0
Haram_Makkah,250,283,D_250_Haram_Makkah_0283,62500.0,21.39862668575602,39.816284153725334,0,0,0,0,0,0,0,1.3761284597577037,1.3761284597577037,17.016255028205315,7.440991467896163,0.0,0.0,0.0,1.0,1.0
Haram_Makkah,250,284,D_250_Haram_Makkah_0284,62500.0,21.40088526071637,39.81629669153306,0,0,2,2,1,0,9,1.2795040678713925,1.5797418450170408,17.104505581098813,7.376685707053277,14.25,8.782742681047766,0.08782742681047767,1.0,1.3513097072419107
Haram_Makkah,250,285,D_250_Haram_Makkah_0285,62500.0,21.403143835061723,39.81630923098713,0,8,1,0,0,1,10,1.0519938064168133,1.6817325983830111,17.195938100689887,7.320357232812122,21.5,13.25115562403698,0.13251155624036978,1.0,1.5300462249614792
Haram_Makkah,250,286,D_250_Haram_Makkah_0286,62500.0,21.405402408792018,39.81632177208764,0,7,1,0,0,0,5,0.8374074741601185,1.489114647799623,17.290502108142373,7.272191417401317,17.25,10.631741140215716,0.10631741140215717,1.0,1.4252696456086287
Haram_Makkah,250,287,D_250_Haram_Makkah_0287,62500.0,21.407660981907206,39.81633431483472,0,1,0,0,0,0,2,0.6486999204710326,1.3159408558589234,17.388146512512296,7.232351347014746,2.5,1.5408320493066257,0.015408320493066256,1.0,1.061633281972265
Haram_Makkah,250,288,D_250_Haram_Makkah_0288,62500.0,21.40991955440723,39.816346859228474,0,0,0,0,0,0,2,0.5151425975970331,1.1708707178617273,17.488819718023034,7.200975211872809,0.5,0.3081664098613251,0.003081664098613251,1.0,1.012326656394453
Haram_Makkah,250,289,D_250_Haram_Makkah_0289,62500.0,21.412178126292044,39.81635940526902,0,0,0,0,0,0,0,0.48469805539006766,1.0654464509178097,17.592469727654183,7.178174001607043,0.0,0.0,0.0,1.0,1.0
Haram_Makkah,250,290,D_250_Haram_Makkah_0290,62500.0,21.414436697561595,39.816371952956466,0,0,0,0,0,0,0,0.5740143847838726,1.0121334109694617,17.699044242764824,7.164029591835024,0.0,0.0,0.0,1.0,1.0
Haram_Makkah,250,291,D_250_Haram_Makkah_0291,62500.0,21.41669526821581,39.81638450229093,0,0,0,0,0,0,0,0.6573955893524056,0.9310051558787119,17.808490758519216,7.158593296732852,0.0,0.0,0.0,1.0,1.0
Haram_Makkah,250,292,D_250_Haram_Makkah_0292,62500.0,21.41895383825467,39.81639705327253,0,0,0,0,0,0,0,0.6105738188344353,0.7829491631647119,17.920756654929,7.1618849462532665,0.0,0.0,0.0,1.0,1.0
Haram_Makkah,250,293,D_250_Haram_Makkah_0293,62500.0,21.421212407678105,39.816409605901384,0,0,0,1,0,0,0,0.5663332800525871,0.6958794320339557,18.035789283369326,7.173892526286533,3.0,1.8489984591679507,0.01848998459167951,1.0,1.073959938366718
Haram_Makkah,250,294,D_250_Haram_Makkah_0294,62500.0,21.423470976486055,39.81642216017759,0,8,0,0,2,0,1,0.6274283863072966,0.6915358468030607,18.153536048467732,7.194572396887144,20.25,12.480739599383668,0.12480739599383668,1.0,1.4992295839753467
Haram_Makkah,250,295,D_250_Haram_Makkah_0295,62500.0,21.42572954467848,39.816434716101284,0,4,1,0,0,0,14,0.7162263293369856,0.7162263293369856,18.27394448530298,7.223850079382257,13.5,8.320493066255779,0.08320493066255778,1.0,1.3328197226502312
Haram_Makkah,250,296,D_250_Haram_Makkah_0296,62500.0,21.427988112255324,39.81644727367256,0,4,2,0,0,0,7,0.5575225963721882,0.7207832168487162,18.39696233188656,7.261621579560014,13.75,8.474576271186441,0.08474576271186442,1.0,1.3389830508474576
Haram_Makkah,250,297,D_250_Haram_Makkah_0297,62500.0,21.430246679216538,39.816459832891546,0,2,2,4,4,0,8,0.31657416344969763,0.8068932621766244,18.5225375969323,7.307755192948947,30.0,18.48998459167951,0.1848998459167951,1.0,1.7395993836671804
Haram_Makkah,250,298,D_250_Haram_Makkah_0298,62500.0,21.432505245562062,39.816472393758346,0,3,1,1,0,0,13,0.12085924235310223,0.9526935642698999,18.6506186229489,7.362093720906637,14.25,8.782742681047766,0.08782742681047767,1.0,1.3513097072419107
Haram_Makkah,250,299,D_250_Haram_Makkah_0299,62500.0,21.434763811291845,39.816484956273094,0,2,1,2,1,0,15,0.22059545769426192,1.1354176844917192,18.781154144716613,7.424457013866641,17.75,10.939907550077042,0.10939907550077041,1.0,1.4375963020030817
Haram_Makkah,250,300,D_250_Haram_Makkah_0300,62500.0,21.43702237640584,39.816497520435874,0,3,2,0,0,0,1,0.24082864753381886,1.028325673916789,18.914093343232814,7.494644751160269,10.25,6.317411402157165,0.06317411402157165,1.0,1.2526964560862865
Haram_Makkah,250,301,D_250_Haram_Makkah_0301,62500.0,21.43928094090399,39.81651008624682,0,0,1,0,0,0,0,0.4385595957114561,0.9323879285046877,19.04938589523141,7.572439365319131,2.0,1.2326656394453004,0.012326656394453003,1.0,1.049306625577812
Haram_Makkah,250,302,D_250_Haram_Makkah_0302,62500.0,21.441539504786242,39.81652265370605,0,0,1,0,0,0,0,0.6720644318130691,0.8979091305951328,19.186982018398805,7.657609022193248,2.0,1.2326656394453004,0.012326656394453003,1.0,1.049306625577812
Haram_Makkah,250,303,D_250_Haram_Makkah_0303,62500.0,21.44379806805254,39.81653522281367,0,0,1,0,0,0,0,0.7311440936031569,0.9245320959707978,19.326832512423675,7.749910575749637,2.0,1.2326656394453004,0.012326656394453003,1.0,1.049306625577812
Haram_Makkah,250,304,D_250_Haram_Makkah_0304,62500.0,21.44605663070284,39.8165477935698,0,0,2,0,0,0,0,0.5817678135340341,0.99302977435034,19.46888879603031,7.849092426991588,4.0,2.4653312788906008,0.024653312788906007,1.0,1.0986132511556241
Haram_Makkah,250,305,D_250_Haram_Makkah_0305,62500.0,21.44831519273709,39.81656036597454,0,0,0,0,0,0,0,0.5170453482215651,0.8943674954101707,19.613102940154885,7.954897228927431,0.0,0.0,0.0,1.0,1.0
Haram_Makkah,250,306,D_250_Haram_Makkah_0306,62500.0,21.450573754155236,39.816572940028024,0,0,0,0,0,0,0,0.5667609684610861,0.8594639614004977,19.759427697431672,8.06706439283448,0.0,0.0,0.0,1.0,1.0
Haram_Makkah,250,307,D_250_Haram_Makkah_0307,62500.0,21.452832314957224,39.81658551573036,0,0,0,0,0,0,0,0.707177558060447,0.895803206650998,19.907816528161685,8.185332364264665,0.0,0.0,0.0,1.0,1.0
Haram_Makkah,250,308,D_250_Haram_Makkah_0308,62500.0,21.45509087514299,39.81659809308165,0,0,0,0,0,0,0,0.8966505461313933,0.9956146187889093,20.058223622939927,8.30944064957559,0.0,0.0,0.0,1.0,1.0
Haram_Makkah,250,309,D_250_Haram_Makkah_0309,62500.0,21.457349434712494,39.81661067208203,0,0,1,0,0,0,0,1.110344228215338,1.1423806516420696,20.210603922119276,8.439131584716513,2.0,1.2326656394453004,0.012326656394453003,1.0,1.049306625577812
Haram_Makkah,250,310,D_250_Haram_Makkah_0310,62500.0,21.45960799366569,39.816623252731596,0,0,1,2,1,0,0,1.3205372532973592,1.3205372532973592,20.364913132289583,8.57415184723833,10.0,6.163328197226503,0.061633281972265024,1.0,1.2465331278890601
Haram_Makkah,250,311,D_250_Haram_Makkah_0311,62500.0,21.38958062692791,39.81864557878917,0,0,0,0,0,0,0,1.1072689050124533,1.1072689050124533,16.45721445844049,7.544073061805946,0.0,0.0,0.0,1.0,1.0
Haram_Makkah,250,312,D_250_Haram_Makkah_0312,62500.0,21.391839202987676,39.81865814702609,0,0,0,0,0,0,0,1.152345081627119,1.152345081627119,16.533332504973714,7.447158945343301,0.0,0.0,0.0,1.0,1.0
Haram_Makkah,250,313,D_250_Haram_Makkah_0313,62500.0,21.3940977784326,39.81867071691375,0,0,0,0,0,0,0,1.2468977288827443,1.2468977288827443,16.612864283709122,7.35746657162283,0.0,0.0,0.0,1.0,1.0
Haram_Makkah,250,314,D_250_Haram_Makkah_0314,62500.0,21.39635635326264,39.818683288452256,0,0,0,0,0,0,0,1.3808000236948432,1.3808000236948432,16.695761009844862,7.2752630432093675,0.0,0.0,0.0,1.0,1.0
Haram_Makkah,250,315,D_250_Haram_Makkah_0315,62500.0,21.39861492747774,39.81869586164173,0,0,0,0,0,0,0,1.4542528354269275,1.5438469692875696,16.781972818675804,7.20080483996259,0.0,0.0,0.0,1.0,1.0
Haram_Makkah,250,316,D_250_Haram_Makkah_0316,62500.0,21.40087350107785,39.81870843648229,0,0,0,0,0,1,1,1.2080610987806673,1.7278073456613003,16.871448890824144,7.134334470612467,1.25,0.7704160246533128,0.007704160246533128,1.0,1.0308166409861326
Haram_Makkah,250,317,D_250_Haram_Makkah_0317,62500.0,21.403132074062913,39.818721012974045,0,7,1,0,0,0,12,0.9638318979090945,1.8424127317404342,16.96413757503189,7.076077044090878,19.0,11.710323574730355,0.11710323574730355,1.0,1.468412942989214
Haram_Makkah,250,318,D_250_Haram_Makkah_0318,62500.0,21.40539064643288,39.81873359111711,0,9,0,2,1,0,16,0.7235552753362673,1.6684491529281225,17.05998650801127,7.026236854052853,30.0,18.48998459167951,0.1848998459167951,1.0,1.7395993836671804
Haram_Makkah,250,319,D_250_Haram_Makkah_0319,62500.0,21.407649218187697,39.8187461709116,0,2,1,3,2,0,6,0.4930441618220787,1.515902529100697,17.158942730904034,6.984994081929574,20.5,12.63482280431433,0.1263482280431433,1.0,1.505392912172573
Haram_Makkah,250,320,D_250_Haram_Makkah_0320,62500.0,21.40990778932732,39.81875875235763,0,5,1,1,1,0,19,0.2960622477566679,1.3432278643620243,17.26095280195627,6.952501731026882,21.75,13.405238828967642,0.13405238828967642,1.0,1.5362095531587057
Haram_Makkah,250,321,D_250_Haram_Makkah_0321,62500.0,21.412166359851685,39.81877133545532,0,2,1,0,1,1,0,0.23919273313925132,1.1496253483792966,17.365962905070358,6.928882905293784,9.0,5.546995377503852,0.05546995377503852,1.0,1.221879815100154
Haram_Makkah,250,322,D_250_Haram_Makkah_0322,62500.0,21.41442492976074,39.81878392020477,0,0,0,0,0,0,0,0.338785919966471,0.981843056539014,17.473918953949553,6.914228540525187,0.0,0.0,0.0,1.0,1.0
Haram_Makkah,250,323,D_250_Haram_Makkah_0323,62500.0,21.416683499054432,39.81879650660611,0,0,0,0,0,0,0,0.43647218801411614,0.7666149633719544,17.58476669160314,6.908595682622749,0.0,0.0,0.0,1.0,1.0
Haram_Makkah,250,324,D_250_Haram_Makkah_0324,62500.0,21.418942067732722,39.81880909465945,0,0,0,0,0,0,2,0.39028964912765973,0.5778730776678918,17.698451785030038,6.912006387532805,0.5,0.3081664098613251,0.003081664098613251,1.0,1.012326656394453
Haram_Makkah,250,325,D_250_Haram_Makkah_0325,62500.0,21.421200635795547,39.8188216843649,0,1,0,0,0,0,5,0.3166370257333275,0.4529636693167999,17.81491991494631,6.924447291779679,3.25,2.0030816640986133,0.020030816640986132,1.0,1.0801232665639446
Haram_Makkah,250,326,D_250_Haram_Makkah_0326,62500.0,21.42345920324285,39.81883427572258,0,5,0,0,4,1,3,0.41616343173602377,0.4463186970860492,17.934116860466485,6.94586987295152,19.75,12.172573189522343,0.12172573189522343,1.0,1.4869029275808936
Haram_Makkah,250,327,D_250_Haram_Makkah_0327,62500.0,21.425717770074588,39.8188468687326,0,5,0,1,7,1,1,0.4709192623654788,0.4709192623654788,18.055988578690062,6.976191388380639,28.25,17.41140215716487,0.17411402157164868,1.0,1.6964560862865947
Haram_Makkah,250,328,D_250_Haram_Makkah_0328,62500.0,21.4279763362907,39.81885946339507,0,0,0,1,6,1,2,0.4778213500065667,0.4778213500065667,18.180481279182455,7.015296450090817,16.5,10.169491525423728,0.10169491525423728,1.0,1.4067796610169492
Haram_Makkah,250,329,D_250_Haram_Makkah_0329,62500.0,21.430234901891133,39.818872059710124,0,0,0,0,3,0,2,0.46749796218026174,0.5998846000501673,18.30754149337429,7.063039167242204,6.5,4.006163328197227,0.040061633281972264,1.0,1.160246533127889
Haram_Makkah,250,330,D_250_Haram_Makkah_0330,62500.0,21.432493466875844,39.818884657677856,0,0,0,0,2,0,4,0.36081408857574115,0.7851177136153537,18.43711613893396,7.119245765763258,5.0,3.0816640986132513,0.030816640986132512,1.0,1.12326656394453
Haram_Makkah,250,331,D_250_Haram_Makkah_0331,62500.0,21.434752031244777,39.818897257298396,0,10,4,0,3,0,14,0.12051094569527802,0.9989785358494204,18.569152579195872,7.183717579963643,37.5,23.112480739599384,0.23112480739599384,1.0,1.9244992295839753
Haram_Makkah,250,332,D_250_Haram_Makkah_0332,62500.0,21.43701059499788,39.81890985857184,0,3,4,0,0,0,1,0.1544634893753139,1.2265832242221084,18.703598677751145,7.2562343032746215,14.25,8.782742681047766,0.08782742681047767,1.0,1.3513097072419107
Haram_Makkah,250,333,D_250_Haram_Makkah_0333,62500.0,21.439269158135094,39.81892246149833,0,1,2,0,0,0,0,0.39773741471934115,1.1750750635304494,18.840402848328168,7.336557384724798,6.0,3.6979969183359014,0.03697996918335902,1.0,1.147919876733436
Haram_Makkah,250,334,D_250_Haram_Makkah_0334,62500.0,21.441527720656367,39.818935066077955,0,0,4,0,0,0,0,0.6461664898346654,1.1479089521891248,18.979514100108304,7.424433463551316,8.0,4.9306625577812015,0.04930662557781201,1.0,1.197226502311248
Haram_Makkah,250,335,D_250_Haram_Makkah_0335,62500.0,21.44378628256166,39.81894767231084,0,0,2,0,0,0,0,0.5819731015639186,1.1698328496287973,19.120882078636633,7.5195977452282134,4.0,2.4653312788906008,0.024653312788906007,1.0,1.0986132511556241
Haram_Makkah,250,336,D_250_Haram_Makkah_0336,62500.0,21.44604484385091,39.8189602801971,0,0,1,0,0,0,0,0.37759077610200675,1.215869315331291,19.26445710249955,7.621777236667433,2.0,1.2326656394453004,0.012326656394453003,1.0,1.049306625577812
Haram_Makkah,250,337,D_250_Haram_Makkah_0337,62500.0,21.448303404524058,39.818972889736855,0,0,0,0,0,0,0,0.2673142297946456,1.1367160050180327,19.410190195950246,7.730693774864096,0.0,0.0,0.0,1.0,1.0
Haram_Makkah,250,338,D_250_Haram_Makkah_0338,62500.0,21.45056196458106,39.81898550093022,0,0,0,0,0,0,0,0.3540324853796518,1.1094630954493847,19.558033117670107,7.846066800382412,0.0,0.0,0.0,1.0,1.0
Haram_Makkah,250,339,D_250_Haram_Makkah_0339,62500.0,21.452820524021867,39.8189981137773,0,0,0,0,0,0,0,0.5515624207263237,1.1378459668444165,19.70793838585859,7.967615843613681,0.0,0.0,0.0,1.0,1.0
Haram_Makkah,250,340,D_250_Haram_Makkah_0340,62500.0,21.45507908284642,39.8190107282782,0,0,0,0,0,0,0,0.7798097250040364,1.217981333339752,19.859859299846917,8.09506270678272,0.0,0.0,0.0,1.0,1.0
Haram_Makkah,250,341,D_250_Haram_Makkah_0341,62500.0,21.457337641054668,39.81902334443307,0,0,0,0,0,0,0,1.0183247568748683,1.340620607205504,20.013749958431923,8.228133337646211,0.0,0.0,0.0,1.0,1.0
Haram_Makkah,250,342,D_250_Haram_Makkah_0342,62500.0,21.459596198646558,39.819035962242,0,0,0,0,0,0,0,1.2612959263066095,1.4953423342378926,20.169565275125578,8.36655940141619,0.0,0.0,0.0,1.0,1.0
Haram_Makkah,250,343,D_250_Haram_Makkah_0343,62500.0,21.38956883942623,39.82105713697226,0,0,0,0,0,0,2,1.3567528716869488,1.3567528716869488,16.21871093006326,7.3158235817843025,0.5,0.3081664098613251,0.003081664098613251,1.0,1.012326656394453
Haram_Makkah,250,344,D_250_Haram_Makkah_0344,62500.0,21.39182741412189,39.82106974222244,0,0,0,0,0,0,5,1.3937837400305386,1.3937837400305386,16.29594306021812,7.2158445573011,1.25,0.7704160246533128,0.007704160246533128,1.0,1.0308166409861326
Haram_Makkah,250,345,D_250_Haram_Makkah_0345,62500.0,21.394085988202683,39.821082349128226,0,0,0,0,0,0,0,1.4729181488175949,1.4729181488175949,16.376627742328054,7.123240180597068,0.0,0.0,0.0,1.0,1.0
Haram_Makkah,250,346,D_250_Haram_Makkah_0346,62500.0,21.39634456166855,39.82109495768972,0,0,0,0,0,0,0,1.5878736197377248,1.5878736197377248,16.46071420685344,7.038301546951024,0.0,0.0,0.0,1.0,1.0
Haram_Makkah,250,347,D_250_Haram_Makkah_0347,62500.0,21.398603134519433,39.82110756790705,0,0,0,0,0,1,1,1.4360126280903558,1.7315303610972919,16.548150597230627,6.9613092634326925,1.25,0.7704160246533128,0.007704160246533128,1.0,1.0308166409861326
Haram_Makkah,250,348,D_250_Haram_Makkah_0348,62500.0,21.400861706755283,39.821120179780316,0,1,0,0,0,1,0,1.1860407147627203,1.897380338926398,16.6388841025335,6.892529626812962,3.0,1.8489984591679507,0.01848998459167951,1.0,1.073959938366718
Haram_Makkah,250,349,D_250_Haram_Makkah_0349,62500.0,21.403120278376047,39.82113279330965,0,1,0,0,0,0,0,0.9360838029336684,1.9163297691246355,16.732861087287485,6.8322106709201424,2.0,1.2326656394453004,0.012326656394453003,1.0,1.049306625577812
Haram_Makkah,250,350,D_250_Haram_Makkah_0350,62500.0,21.40537884938168,39.821145408495155,0,0,0,0,0,0,0,0.6861582872447535,1.6777059128676077,16.83002721790364,6.7805781941642485,0.0,0.0,0.0,1.0,1.0
Haram_Makkah,250,351,D_250_Haram_Makkah_0351,62500.0,21.40763741977212,39.82115802533694,0,2,0,0,0,0,0,0.4363181226978179,1.4429395261439708,16.930327585262344,6.737831894794967,4.0,2.4653312788906008,0.024653312788906007,1.0,1.0986132511556241
Haram_Makkah,250,352,D_250_Haram_Makkah_0352,62500.0,21.40989598954732,39.82117064383514,0,5,1,0,0,4,4,0.18690589406019967,1.214270077925929,17.03370682303804,6.704141752518136,17.0,10.477657935285054,0.10477657935285054,1.0,1.4191063174114023
Haram_Makkah,250,353,D_250_Haram_Makkah_0353,62500.0,21.412154558707222,39.82118326398985,0,18,3,4,3,0,12,0.043494612864132774,0.9959062045111958,17.14010922141777,6.6796447984303455,63.0,38.82896764252696,0.3882896764252696,1.0,2.5531587057010787
Haram_Makkah,250,354,D_250_Haram_Makkah_0354,62500.0,21.41441312725178,39.821195885801195,0,25,2,0,3,0,12,0.09942935002487586,0.7963708396353736,17.24947883592569,6.6644424094246775,63.0,38.82896764252696,0.3882896764252696,1.0,2.5531587057010787
Haram_Makkah,250,355,D_250_Haram_Makkah_0355,62500.0,21.416671695180927,39.82120850926929,0,2,0,0,3,0,28,0.27174800996449466,0.6337064464396778,17.361759591123416,6.658598247670364,17.0,10.477657935285054,0.10477657935285054,1.0,1.4191063174114023
Haram_Makkah,250,356,D_250_Haram_Makkah_0356,62500.0,21.418930262494637,39.82122113439425,0,7,0,0,5,0,19,0.2384358030714299,0.4241051705490038,17.476895379010642,6.662136940893625,28.75,17.719568567026194,0.17719568567026195,1.0,1.7087827426810478
Haram_Makkah,250,357,D_250_Haram_Makkah_0357,62500.0,21.42118882919284,39.82123376117619,0,5,0,4,9,0,15,0.06917100574210164,0.22606191079874058,17.59483015200207,6.6750435664915395,43.75,26.964560862865948,0.2696456086286595,1.0,2.078582434514638
Haram_Makkah,250,358,D_250_Haram_Makkah_0358,62500.0,21.423447395275474,39.82124638961522,0,1,1,0,7,0,8,0.21255336112033335,0.21255336112033335,17.715508010404868,6.697263964478384,20.0,12.326656394453005,0.12326656394453005,1.0,1.4930662557781202
Haram_Makkah,250,359,D_250_Haram_Makkah_0359,62500.0,21.42570596074251,39.821259019711455,0,0,1,1,8,0,3,0.23568994144460456,0.23568994144460456,17.838873284365153,6.728705864075301,21.75,13.405238828967642,0.13405238828967642,1.0,1.5362095531587057
Haram_Makkah,250,360,D_250_Haram_Makkah_0360,62500.0,21.427964525593875,39.82127165146501,0,0,1,1,3,0,1,0.24919478195462355,0.24919478195462355,17.96487061029259,6.769240769878256,11.25,6.933744221879815,0.06933744221879815,1.0,1.2773497688751925
Haram_Makkah,250,361,D_250_Haram_Makkah_0361,62500.0,21.43022308982953,39.82128428487601,0,0,0,0,3,0,1,0.44005264481498535,0.44005264481498535,18.09344500180859,6.818706519269076,6.25,3.852080123266564,0.03852080123266564,1.0,1.1540832049306626
Haram_Makkah,250,362,D_250_Haram_Makkah_0362,62500.0,21.43248165344941,39.82129691994456,0,0,0,0,2,0,1,0.4701567170548265,0.6709654395450744,18.22454191529625,6.8769103957564575,4.25,2.6194144838212634,0.026194144838212634,1.0,1.1047765793528506
Haram_Makkah,250,363,D_250_Haram_Makkah_0363,62500.0,21.434740216453484,39.821309556670776,0,1,1,0,0,0,0,0.32462812587543854,0.91199940346426,18.358107310158843,6.943632665010719,4.0,2.4653312788906008,0.024653312788906007,1.0,1.0986132511556241
Haram_Makkah,250,364,D_250_Haram_Makkah_0364,62500.0,21.436998778841673,39.82132219505478,0,4,1,0,0,0,2,0.32778173059663585,1.1568453668379441,18.494087703918385,7.01863039217371,10.5,6.471494607087828,0.06471494607087828,1.0,1.2588597842835132
Haram_Makkah,250,365,D_250_Haram_Makkah_0365,62500.0,21.439257340613942,39.821334835096685,0,2,2,4,2,0,2,0.38822908937228984,1.4035097055701713,18.6324302223071,7.101641400217637,24.5,15.10015408320493,0.1510015408320493,1.0,1.6040061633281972
Haram_Makkah,250,366,D_250_Haram_Makkah_0366,62500.0,21.44151590177023,39.821347476796596,0,0,1,0,0,0,0,0.5648033186488455,1.3979088375948419,18.7730826445222,7.192388238452215,2.0,1.2326656394453004,0.012326656394453003,1.0,1.049306625577812
Haram_Makkah,250,367,D_250_Haram_Makkah_0367,62500.0,21.443774462310486,39.82136012015464,0,0,1,0,0,1,0,0.5175071944205918,1.4167773980626273,18.915993443828913,7.290582045897733,3.0,1.8489984591679507,0.01848998459167951,1.0,1.073959938366718
Haram_Makkah,250,368,D_250_Haram_Makkah_0368,62500.0,21.446033022234662,39.82137276517092,0,0,1,0,0,0,0,0.26776071319456285,1.4476077684172866,19.061111823707872,7.395926214025327,2.0,1.2326656394453004,0.012326656394453003,1.0,1.049306625577812
Haram_Makkah,250,369,D_250_Haram_Makkah_0369,62500.0,21.448291581542705,39.82138541184557,0,0,1,0,0,0,0,0.02403960864593551,1.3817935212187278,19.20838774975177,7.508119775193229,2.0,1.2326656394453004,0.012326656394453003,1.0,1.049306625577812
Haram_Makkah,250,370,D_250_Haram_Makkah_0370,62500.0,21.450550140234554,39.82139806017869,0,0,0,0,0,0,0,0.23336667722114593,1.359462547988,19.35777197752188,7.626860465092322,0.0,0.0,0.0,1.0,1.0
Haram_Makkah,250,371,D_250_Haram_Makkah_0371,62500.0,21.452808698310175,39.8214107101704,0,0,0,0,0,0,0,0.48305497543305287,1.3827232201283088,19.50921607657902,7.751847428150846,0.0,0.0,0.0,1.0,1.0
Haram_Makkah,250,372,D_250_Haram_Makkah_0372,62500.0,21.455067255769492,39.82142336182081,0,0,0,0,0,0,0,0.732955805314356,1.4493821399416975,19.662672450904704,7.882783553077525,0.0,0.0,0.0,1.0,1.0
Haram_Makkah,250,373,D_250_Haram_Makkah_0373,62500.0,21.457325812612467,39.82143601513004,0,0,0,0,0,0,0,0.9829070738362833,1.553864109786293,19.818094355928487,8.019377440924584,0.0,0.0,0.0,1.0,1.0
Haram_Makkah,250,374,D_250_Haram_Makkah_0374,62500.0,21.459584368839046,39.821448670098206,0,0,0,0,0,0,0,1.2328781038897534,1.689165106134366,19.975435912375037,8.161345019992158,0.0,0.0,0.0,1.0,1.0
Haram_Makkah,250,375,D_250_Haram_Makkah_0375,62500.0,21.389557017260664,39.823468693499855,0,0,0,0,0,2,2,1.6063972988193447,1.6063972988193447,15.98055883674924,7.089041613484607,2.5,1.5408320493066257,0.015408320493066256,1.0,1.061633281972265
Haram_Makkah,250,376,D_250_Haram_Makkah_0376,62500.0,21.391815590588216,39.82348133576319,0,0,0,0,0,1,7,1.6377933449604747,1.6377933449604747,16.058936350945597,6.985817703966879,2.75,1.694915254237288,0.01694915254237288,1.0,1.0677966101694916
Haram_Makkah,250,377,D_250_Haram_Makkah_0377,62500.0,21.39407416330086,39.82349397968699,0,0,0,0,0,0,2,1.7056441011944887,1.7056441011944887,16.140805826000125,6.890122421873047,0.5,0.3081664098613251,0.003081664098613251,1.0,1.012326656394453
Haram_Makkah,250,378,D_250_Haram_Makkah_0378,62500.0,21.396332735398538,39.82350662527136,0,0,0,0,0,0,0,1.6292192805537253,1.805845109382942,16.226114405536446,6.802273515798841,0.0,0.0,0.0,1.0,1.0
Haram_Makkah,250,379,D_250_Haram_Makkah_0379,62500.0,21.398591306881194,39.82351927251642,0,0,0,0,0,2,0,1.4041780804097581,1.9333730416619095,16.31480814139336,6.722578595976321,2.0,1.2326656394453004,0.012326656394453003,1.0,1.049306625577812
Haram_Makkah,250,380,D_250_Haram_Makkah_0380,62500.0,21.40084987774878,39.823531921422294,0,0,1,0,0,1,0,1.189149569599412,2.0832153218925207,16.406832134187052,6.65133076717882,3.0,1.8489984591679507,0.01848998459167951,1.0,1.073959938366718
Haram_Makkah,250,381,D_250_Haram_Makkah_0381,62500.0,21.40310844800123,39.82354457198908,0,0,0,0,0,0,0,0.96945283283464,1.8621252671560407,16.502130670562227,6.588804062177006,0.0,0.0,0.0,1.0,1.0
Haram_Makkah,250,382,D_250_Haram_Makkah_0382,62500.0,21.40536701763851,39.823557224216906,0,0,0,0,0,0,0,0.7198134243096782,1.6155147342623064,16.600647356571013,6.535248806671468,0.0,0.0,0.0,1.0,1.0
Haram_Makkah,250,383,D_250_Haram_Makkah_0383,62500.0,21.40762558666056,39.823569878105886,0,0,0,0,0,0,0,0.4705570491892997,1.3701332791580036,16.70232524668784,6.490887070381173,0.0,0.0,0.0,1.0,1.0
Haram_Makkah,250,384,D_250_Haram_Makkah_0384,62500.0,21.40988415506733,39.82358253365613,0,0,0,0,0,0,0,0.2229719876286194,1.126784162425936,16.807106968037765,6.455908375727005,0.0,0.0,0.0,1.0,1.0
Haram_Makkah,250,385,D_250_Haram_Makkah_0385,62500.0,21.41214272285876,39.823595190867756,0,46,2,0,5,1,70,0.054855063507149276,0.8871414175494076,16.914934839483756,6.4304658424660595,124.5,76.73343605546995,0.7673343605546995,1.0,4.069337442218798
Haram_Makkah,250,386,D_250_Haram_Makkah_0386,62500.0,21.414401290034803,39.82360784974088,0,35,1,0,4,0,26,0.1416801371751149,0.6552840916497413,17.025750985283995,6.414672941503983,86.5,53.312788906009246,0.5331278890600925,1.0,3.13251155624037
Haram_Makkah,250,387,D_250_Haram_Makkah_0387,62500.0,21.416659856595402,39.82362051027562,0,14,1,3,11,0,20,0.2751074223589218,0.44359281645094395,17.13949744309373,6.408601012842349,66.0,40.67796610169491,0.4067796610169491,1.0,2.6271186440677967
Haram_Makkah,250,388,D_250_Haram_Makkah_0388,62500.0,21.41891842254051,39.82363317247208,0,5,1,0,21,0,19,0.04231212270707457,0.2985832092474978,17.25611626614559,6.4122776715567,58.75,36.2095531587057,0.36209553158705704,1.0,2.4483821263482284
Haram_Makkah,250,389,D_250_Haram_Makkah_0389,62500.0,21.421176987870076,39.823645836330385,0,2,1,4,71,0,9,0.07914173707461578,0.140508213836275,17.37554961949843,6.425686183784984,162.25,100.0,1.0,1.0,5.0
Haram_Makkah,250,390,D_250_Haram_Makkah_0390,62500.0,21.423435552584042,39.82365850185065,0,0,1,0,34,0,9,0.11730548524999469,0.11730548524999469,17.49773987029667,6.44876584532466,72.25,44.53004622496148,0.44530046224961484,1.0,2.7812018489984593
Haram_Makkah,250,391,D_250_Haram_Makkah_0391,62500.0,21.425694116682358,39.823671169032984,0,0,1,0,13,0,9,0.11972696158123941,0.11972696158123941,17.622629672029298,6.481413343026851,30.25,18.64406779661017,0.1864406779661017,1.0,1.7457627118644068
Haram_Makkah,250,392,D_250_Haram_Makkah_0392,62500.0,21.42795268016496,39.82368383787751,0,0,1,0,3,0,1,0.14450894845900317,0.14450894845900317,17.750162042821053,6.523485028610637,8.25,5.084745762711864,0.05084745762711864,1.0,1.2033898305084745
Haram_Makkah,250,393,D_250_Haram_Makkah_0393,62500.0,21.43021124303182,39.823696508384344,0,0,0,0,3,0,0,0.39042429104754495,0.39042429104754495,17.880280437826553,6.574799990406381,6.0,3.6979969183359014,0.03697996918335902,1.0,1.147919876733436
Haram_Makkah,250,394,D_250_Haram_Makkah_0394,62500.0,21.432469805282867,39.8237091805536,0,0,0,0,3,1,1,0.5041641573085586,0.6395149864508488,18.01292881583227,6.635143774567992,7.25,4.4684129429892145,0.044684129429892146,1.0,1.1787365177195686
Haram_Makkah,250,395,D_250_Haram_Makkah_0395,62500.0,21.434728366918048,39.82372185438538,0,0,1,0,2,0,1,0.29816072484371775,0.8891162515388416,18.14805170020072,6.704272585786546,6.25,3.852080123266564,0.03852080123266564,1.0,1.1540832049306626
Haram_Makkah,250,396,D_250_Haram_Makkah_0396,62500.0,21.436986927937323,39.82373452987982,0,0,1,0,4,0,2,0.08473948761494242,1.1388924442658015,18.285594234316697,6.781917789229655,10.5,6.471494607087828,0.06471494607087828,1.0,1.2588597842835132
Haram_Makkah,250,397,D_250_Haram_Makkah_0397,62500.0,21.439245488340628,39.82374720703702,0,1,1,0,0,0,2,0.22463691522800705,1.2952524957284892,18.425502231716607,6.8677905395556635,4.5,2.773497688751926,0.02773497688751926,1.0,1.110939907550077
Haram_Makkah,250,398,D_250_Haram_Makkah_0398,62500.0,21.441504048127918,39.82375988585711,0,0,1,0,0,0,0,0.46769937631460096,1.2335128187966182,18.56772222109948,6.9615863774394775,2.0,1.2326656394453004,0.012326656394453003,1.0,1.049306625577812
Haram_Makkah,250,399,D_250_Haram_Makkah_0399,62500.0,21.44376260729913,39.82377256634019,0,0,2,0,0,0,0,0.5673928988013662,1.2208311597351522,18.712201486432033,7.062989656363057,4.0,2.4653312788906008,0.024653312788906007,1.0,1.0986132511556241
Haram_Makkah,250,400,D_250_Haram_Makkah_0400,62500.0,21.446021165854223,39.82378524848638,0,0,1,0,0,0,0,0.35470664620726533,1.2586912119439677,18.858888102370905,7.171677689441443,2.0,1.2326656394453004,0.012326656394453003,1.0,1.049306625577812
Haram_Makkah,250,401,D_250_Haram_Makkah_0401,62500.0,21.44827972379314,39.823797932295804,0,0,1,0,0,0,0,0.2338779769815766,1.3428247888200726,19.00773096523266,7.287324534873741,2.0,1.2326656394453004,0.012326656394453003,1.0,1.049306625577812
Haram_Makkah,250,402,D_250_Haram_Makkah_0402,62500.0,21.450538281115826,39.823810617768565,0,0,0,0,0,0,0,0.3295163294442078,1.465282655297049,19.158679819747036,7.409604366760307,0.0,0.0,0.0,1.0,1.0
Haram_Makkah,250,403,D_250_Haram_Makkah_0403,62500.0,21.452796837822234,39.8238233049048,0,0,1,0,0,0,0,0.5361558678442049,1.617383104387785,19.31168528183131,7.538194403652247,2.0,1.2326656394453004,0.012326656394453003,1.0,1.049306625577812
Haram_Makkah,250,404,D_250_Haram_Makkah_0404,62500.0,21.455055393912303,39.82383599370459,0,0,0,0,0,0,0,0.7689897384732525,1.6064799683861515,19.466698857623953,7.672777389094166,0.0,0.0,0.0,1.0,1.0
Haram_Makkah,250,405,D_250_Haram_Makkah_0405,62500.0,21.457313949385995,39.823848684168084,0,0,0,0,0,0,0,1.0100630282960317,1.6329656455565429,19.623672959013952,7.813043635993294,0.0,0.0,0.0,1.0,1.0
Haram_Makkah,250,406,D_250_Haram_Makkah_0406,62500.0,21.459572504243244,39.823861376295376,0,0,0,0,0,0,0,1.2546351758116534,1.6962829098678747,19.782560915898962,7.958692659807635,0.0,0.0,0.0,1.0,1.0
Haram_Makkah,250,407,D_250_Haram_Makkah_0407,62500.0,21.389545160431304,39.8258802483671,0,0,0,4,2,4,0,1.8561374433153897,1.8561374433153897,15.742774127727774,6.86387261796441,20.0,12.326656394453005,0.12326656394453005,1.0,1.4930662557781202
Haram_Makkah,250,408,D_250_Haram_Makkah_0408,62500.0,21.391803732386744,39.82589292764348,0,0,1,0,0,2,0,1.883374887700302,1.883374887700302,15.822329576442677,6.757209876197589,4.0,2.4653312788906008,0.024653312788906007,1.0,1.0986132511556241
Haram_Makkah,250,409,D_250_Haram_Makkah_0409,62500.0,21.394062303727228,39.82590560858517,0,0,0,4,2,0,0,1.7875457667477122,1.942667168292824,15.905416977070749,6.658229742681072,16.0,9.861325115562403,0.09861325115562403,1.0,1.394453004622496
Haram_Makkah,250,410,D_250_Haram_Makkah_0410,62500.0,21.39632087445271,39.82591829119231,0,0,0,0,0,1,0,1.545212116698837,2.0312091191961485,15.991981278234666,6.567279596732843,1.0,0.6163328197226502,0.006163328197226502,1.0,1.024653312788906
Haram_Makkah,250,411,D_250_Haram_Makkah_0411,62500.0,21.398579444563122,39.825930975464985,0,1,0,2,1,1,1,1.305772224765152,2.1453823074334157,16.081966334759123,6.484697317300486,11.25,6.933744221879815,0.06933744221879815,1.0,1.2773497688751925
Haram_Makkah,250,412,D_250_Haram_Makkah_0412,62500.0,21.400838014058426,39.82594366140334,0,0,0,0,0,0,3,1.0711683902838847,2.090531963661636,16.175315056630073,6.4108062903463825,0.75,0.4622496147919877,0.004622496147919877,1.0,1.0184899845916795
Haram_Makkah,250,413,D_250_Haram_Makkah_0413,62500.0,21.403096582938563,39.82595634900748,0,2,0,0,0,0,9,0.8454361819313171,1.8405708997831711,16.271969554118556,6.345910122881143,6.25,3.852080123266564,0.03852080123266564,1.0,1.1540832049306626
Haram_Makkah,250,414,D_250_Haram_Makkah_0414,62500.0,21.40535515120348,39.82596903827751,0,0,0,0,0,0,0,0.6380618740324775,1.5906220742735488,16.371871278478796,6.290287217848324,0.0,0.0,0.0,1.0,1.0
Haram_Makkah,250,415,D_250_Haram_Makkah_0415,62500.0,21.407613718853124,39.82598172921356,0,0,0,0,0,0,0,0.4737969738918467,1.3406923320448807,16.474961157708282,6.244185397501153,0.0,0.0,0.0,1.0,1.0
Haram_Makkah,250,416,D_250_Haram_Makkah_0416,62500.0,21.409872285887445,39.825994421815736,0,0,0,0,0,0,1,0.3669347915110302,1.0907947906190214,16.58117972693482,6.20781678802679,0.25,0.15408320493066255,0.0015408320493066254,1.0,1.0061633281972264
Haram_Makkah,250,417,D_250_Haram_Makkah_0417,62500.0,21.412130852306394,39.82600711608416,0,2,0,0,0,2,8,0.21758759103183675,0.8409581566756155,16.6904672530709,6.181353190770439,8.0,4.9306625577812015,0.04930662557781201,1.0,1.197226502311248
Haram_Makkah,250,418,D_250_Haram_Makkah_0418,62500.0,21.41438941810991,39.82601981201895,0,2,0,1,0,0,1,0.2088611065970133,0.591259644586795,16.80276385344833,6.164922162070541,7.25,4.4684129429892145,0.044684129429892146,1.0,1.1787365177195686
Haram_Makkah,250,419,D_250_Haram_Makkah_0419,62500.0,21.416647983297942,39.826032509620205,0,0,0,2,5,0,4,0.20832500357681064,0.342001920103612,16.918009608215364,6.158604002509753,17.0,10.477657935285054,0.10477657935285054,1.0,1.4191063174114023
Haram_Makkah,250,420,D_250_Haram_Makkah_0420,62500.0,21.418906547870446,39.82604520888806,0,8,1,0,9,0,10,0.07743101393735836,0.09665743319689196,17.03614466634353,6.162429817455918,38.5,23.728813559322035,0.23728813559322035,1.0,1.9491525423728815
Haram_Makkah,250,421,D_250_Haram_Makkah_0421,62500.0,21.421165111827367,39.82605790982262,0,0,1,0,69,0,7,0.16346255054251982,0.16346255054251982,17.157109345152023,6.176380756592844,141.75,87.36517719568567,0.8736517719568567,1.0,4.494607087827427
Haram_Makkah,250,422,D_250_Haram_Makkah_0422,62500.0,21.423423675168635,39.82607061242401,0,0,2,0,69,0,6,0.31518907374256777,0.31518907374256777,17.2808442233133,6.200388475390153,143.5,88.4437596302003,0.884437596302003,1.0,4.537750385208012
Haram_Makkah,250,423,D_250_Haram_Makkah_0423,62500.0,21.42568223789422,39.82608331669234,0,0,1,0,24,0,8,0.31324007112882285,0.31324007112882285,17.40729022735412,6.234336792401551,52.0,32.04930662557781,0.3204930662557781,1.0,2.2819722650231125
Haram_Makkah,250,424,D_250_Haram_Makkah_0424,62500.0,21.42794080000406,39.82609602262771,0,0,1,0,7,0,3,0.32352377503985896,0.32352377503985896,17.536388711711883,6.2780644498469655,16.75,10.323574730354391,0.10323574730354391,1.0,1.4129429892141756
Haram_Makkah,250,425,D_250_Haram_Makkah_0425,62500.0,21.4301993614981,39.82610873023026,0,0,0,0,2,0,0,0.3249963638567713,0.48602049737772635,17.6680815324464,6.331368827652747,4.0,2.4653312788906008,0.024653312788906007,1.0,1.0986132511556241
Haram_Makkah,250,426,D_250_Haram_Makkah_0426,62500.0,21.432457922376294,39.826121439500106,0,1,1,0,0,1,2,0.2561325521242095,0.7019716623386899,17.802311114742697,6.39401041812676,5.5,3.389830508474576,0.03389830508474576,1.0,1.1355932203389831
Haram_Makkah,250,427,D_250_Haram_Makkah_0427,62500.0,21.434716482638592,39.82613415043734,0,1,1,0,0,1,1,0.337104932754845,0.9350467932578534,17.939020514370593,6.465717842780813,5.25,3.235747303543914,0.03235747303543914,1.0,1.1294298921417565
Haram_Makkah,250,428,D_250_Haram_Makkah_0428,62500.0,21.436975042284928,39.82614686304209,0,0,2,0,1,1,1,0.1786636465808319,1.175100334625536,18.07815347329275,6.546193185187464,7.25,4.4684129429892145,0.044684129429892146,1.0,1.1787365177195686
Haram_Makkah,250,429,D_250_Haram_Makkah_0429,62500.0,21.43923360131526,39.826159577314485,0,1,1,0,0,1,1,0.2742292134902338,1.063282794656139,18.219654469633735,6.635117422708918,5.25,3.235747303543914,0.03235747303543914,1.0,1.1294298921417565
Haram_Makkah,250,430,D_250_Haram_Makkah_0430,62500.0,21.441492159729524,39.82617229325462,0,0,3,0,0,0,0,0.4934395854138418,0.9871398826187031,18.363468762239943,6.73215576234508,6.0,3.6979969183359014,0.03697996918335902,1.0,1.147919876733436
Haram_Makkah,250,431,D_250_Haram_Makkah_0431,62500.0,21.443750717527685,39.82618501086263,0,0,0,0,0,0,0,0.7078528850992715,0.9712466186819726,18.509542430073193,6.8369627177436545,0.0,0.0,0.0,1.0,1.0
Haram_Makkah,250,432,D_250_Haram_Makkah_0432,62500.0,21.446009274709677,39.82619773013862,0,0,0,0,0,0,0,0.5522117439866263,1.0184276315702865,18.65782240669038,6.949186801285264,0.0,0.0,0.0,1.0,1.0
Haram_Makkah,250,433,D_250_Haram_Makkah_0433,62500.0,21.448267831275455,39.8262104510827,0,0,2,0,0,0,0,0.48354928750866755,1.1207451481896147,18.808256510068,7.068474743146355,4.0,2.4653312788906008,0.024653312788906007,1.0,1.0986132511556241
Haram_Makkah,250,434,D_250_Haram_Makkah_0434,62500.0,21.450526387224965,39.82622317369499,0,0,1,0,0,0,0,0.5363786132048227,1.264889138871569,18.960793468033792,7.194475185156912,2.0,1.2326656394453004,0.012326656394453003,1.0,1.049306625577812
Haram_Makkah,250,435,D_250_Haram_Makkah_0435,62500.0,21.45278494255815,39.826235897975614,0,0,1,0,0,0,0,0.6830696303869157,1.370976648601007,19.11538293956861,7.326841828863183,2.0,1.2326656394453004,0.012326656394453003,1.0,1.049306625577812
Haram_Makkah,250,436,D_250_Haram_Makkah_0436,62500.0,21.45504349727496,39.82624862392469,0,0,0,0,0,0,0,0.87776205386785,1.3566045414015007,19.27197553224029,7.465236043188443,0.0,0.0,0.0,1.0,1.0
Haram_Makkah,250,437,D_250_Haram_Makkah_0437,62500.0,21.457302051375343,39.826261351542314,0,0,0,0,0,0,0,1.0951476277030852,1.387866993804919,19.430522816028038,7.60932895700143,0.0,0.0,0.0,1.0,1.0
Haram_Makkah,250,438,D_250_Haram_Makkah_0438,62500.0,21.459560604859252,39.826274080828625,0,0,1,0,0,0,0,1.3240960802438333,1.4618391509448059,19.59097733379077,7.7588030759390385,2.0,1.2326656394453004,0.012326656394453003,1.0,1.049306625577812
Haram_Makkah,250,439,D_250_Haram_Makkah_0439,62500.0,21.38953326893827,39.82829180156915,0,0,0,0,0,2,0,2.105939252519098,2.105939252519098,15.50537370521929,6.640480677900265,2.0,1.2326656394453004,0.012326656394453003,1.0,1.049306625577812
Haram_Makkah,250,440,D_250_Haram_Makkah_0440,62500.0,21.391791839517573,39.82830451785844,0,0,0,0,0,1,0,1.9965681236329837,2.129984716950671,15.586140950454139,6.530170107195324,1.0,0.6163328197226502,0.006163328197226502,1.0,1.024653312788906
Haram_Makkah,250,441,D_250_Haram_Makkah_0441,62500.0,21.394050409481892,39.82831723581792,0,0,1,0,0,0,0,1.7474681369577438,2.1825878341056892,15.670480711080344,6.427694736392513,2.0,1.2326656394453004,0.012326656394453003,1.0,1.049306625577812
Haram_Makkah,250,442,D_250_Haram_Makkah_0442,62500.0,21.39630897883116,39.8283299554477,0,0,0,0,0,1,0,1.4986679108654464,2.2617569305141743,15.758335626114164,6.333434898977698,1.0,0.6163328197226502,0.006163328197226502,1.0,1.024653312788906
Haram_Makkah,250,443,D_250_Haram_Makkah_0443,62500.0,21.398567547565325,39.82834267674789,0,0,0,0,0,1,0,1.2503464017755384,2.350135585790956,15.849647241947581,6.2477624486634635,1.0,0.6163328197226502,0.006163328197226502,1.0,1.024653312788906
Haram_Makkah,250,444,D_250_Haram_Makkah_0444,62500.0,21.400826115684335,39.82835539971861,0,0,0,0,0,0,2,1.0028592831540577,2.101312593984687,15.944356170228208,6.171035051777772,0.5,0.3081664098613251,0.003081664098613251,1.0,1.012326656394453
Haram_Makkah,250,445,D_250_Haram_Makkah_0445,62500.0,21.40308468318813,39.828368124359976,0,0,0,0,0,0,0,0.7570253358927326,1.8528065100480162,16.042402241310747,6.103590058777746,0.0,0.0,0.0,1.0,1.0
Haram_Makkah,250,446,D_250_Haram_Makkah_0446,62500.0,21.405343250076676,39.8283808506721,0,0,0,0,0,2,1,0.5152164366154661,1.6047645651976377,16.14372465266085,6.045738135327328,2.25,1.386748844375963,0.01386748844375963,1.0,1.0554699537750385
Haram_Makkah,250,447,D_250_Haram_Makkah_0447,62500.0,21.407601816349906,39.8283935786551,0,4,0,1,1,3,10,0.2877648240038605,1.3574412163153207,16.24826211167974,5.997756880392184,18.5,11.40215716486903,0.1140215716486903,1.0,1.4560862865947612
Haram_Makkah,250,448,D_250_Haram_Makkah_0448,62500.0,21.40986038200777,39.8284063083091,0,9,0,6,3,0,12,0.15864807376456525,1.1113163374077029,16.35595297250408,5.959884696169248,45.0,27.73497688751926,0.2773497688751926,1.0,2.1093990755007703
Haram_Makkah,250,449,D_250_Haram_Makkah_0449,62500.0,21.412118947050224,39.828419039634205,0,7,2,0,0,2,7,0.13988811399056514,0.867410714613859,16.46673536641926,5.932315196192212,21.75,13.405238828967642,0.13405238828967642,1.0,1.5362095531587057
Haram_Makkah,250,450,D_250_Haram_Makkah_0450,62500.0,21.41437751147721,39.828431772630545,0,31,0,1,3,1,11,0.0765604235635385,0.6283141681233839,16.580547325604197,5.915192438316244,74.75,46.070878274268104,0.460708782742681,1.0,2.842835130970724
Haram_Makkah,250,451,D_250_Haram_Makkah_0451,62500.0,21.416636075288658,39.828444507298215,0,16,1,3,1,2,19,0.06250501456703816,0.40268603142179393,16.697326900001638,5.908607245168213,51.75,31.89522342064715,0.3189522342064715,1.0,2.275808936825886
Haram_Makkah,250,452,D_250_Haram_Makkah_0452,62500.0,21.41889463848454,39.828457243637345,0,18,0,0,13,1,11,0.1381053368904769,0.23352384447822075,16.81701226717861,5.9125948257085,65.75,40.523882896764256,0.4052388289676426,1.0,2.62095531587057
Haram_Makkah,250,453,D_250_Haram_Makkah_0453,62500.0,21.421153201064794,39.82846998164804,0,8,1,0,13,0,20,0.11811489752749456,0.2681617645704593,16.9395418351074,5.9271338409332,49.0,30.20030816640986,0.3020030816640986,1.0,2.2080123266563945
Haram_Makkah,250,454,D_250_Haram_Makkah_0454,62500.0,21.423411763029367,39.82848272133043,0,0,1,0,47,0,4,0.36582669935124873,0.46291260299887776,17.06485433785684,5.952146970940501,97.0,59.78428351309707,0.5978428351309707,1.0,3.391371340523883
Haram_Makkah,250,455,D_250_Haram_Makkah_0455,62500.0,21.425670324378206,39.82849546268463,0,0,1,0,22,0,6,0.5539892950158012,0.5539892950158012,17.192888924238098,5.987502948560177,47.5,29.275808936825886,0.29275808936825887,1.0,2.1710323574730355
Haram_Makkah,250,456,D_250_Haram_Makkah_0456,62500.0,21.427928885111264,39.82850820571074,0,0,0,0,4,0,3,0.4431201557101948,0.5598682254310882,17.32358523949667,6.033019936512512,8.75,5.3929121725731894,0.053929121725731895,1.0,1.2157164869029276
Haram_Makkah,250,457,D_250_Haram_Makkah_0457,62500.0,21.430187445228484,39.828520950408894,0,0,0,2,3,0,11,0.1987899688665799,0.6670837433955402,17.456883500184805,6.088470049995982,14.75,9.090909090909092,0.09090909090909091,1.0,1.3636363636363638
Haram_Makkah,250,458,D_250_Haram_Makkah_0458,62500.0,21.432446004729805,39.8285336967792,0,12,3,4,3,3,8,0.04501412001442201,0.8375852264443651,17.592724562384934,6.15358477190643,53.0,32.665639445300464,0.32665639445300465,1.0,2.3066255778120186
Haram_Makkah,250,459,D_250_Haram_Makkah_0459,62500.0,21.43470456361519,39.828546444821775,0,3,0,0,0,1,1,0.1623079637629755,1.0407196079699417,17.731049983485462,6.2280609775739455,7.25,4.4684129429892145,0.044684129429892146,1.0,1.1787365177195686
Haram_Makkah,250,460,D_250_Haram_Makkah_0460,62500.0,21.436963121884588,39.82855919453674,0,0,0,0,0,0,0,0.30704508454164503,0.9947797387803791,17.87180207773625,6.311567280455779,0.0,0.0,0.0,1.0,1.0
Haram_Makkah,250,461,D_250_Haram_Makkah_0461,62500.0,21.439221679537926,39.828571945924196,0,0,1,0,0,0,0,0.47428006428669306,0.8417015950636291,18.014923965831642,6.403750426981097,2.0,1.2326656394453004,0.012326656394453003,1.0,1.049306625577812
Haram_Makkah,250,462,D_250_Haram_Makkah_0462,62500.0,21.44148023657516,39.82858469898428,0,0,0,0,0,0,0,0.5739767390246865,0.7431933944656367,18.160359618785442,6.504241502773495,0.0,0.0,0.0,1.0,1.0
Haram_Makkah,250,463,D_250_Haram_Makkah_0463,62500.0,21.44373879299625,39.82859745371709,0,0,0,0,0,0,0,0.7219496298371885,0.7219496298371885,18.308053896373877,6.612661757699531,0.0,0.0,0.0,1.0,1.0
Haram_Makkah,250,464,D_250_Haram_Makkah_0464,62500.0,21.445997348801132,39.82861021012275,0,0,0,0,0,0,0,0.7804222033808984,0.7842742597247162,18.457952580431243,6.728627907462447,0.0,0.0,0.0,1.0,1.0
Haram_Makkah,250,465,D_250_Haram_Makkah_0465,62500.0,21.44825590398976,39.82862296820138,0,0,0,0,0,0,0,0.7334445574024564,0.9132146302548211,18.610002403287485,6.851756819416689,0.0,0.0,0.0,1.0,1.0
Haram_Makkah,250,466,D_250_Haram_Makkah_0466,62500.0,21.450514458562072,39.828635727953085,0,0,0,0,0,0,0,0.7693003457926391,1.0852814415423067,18.764151071638807,6.981669535846259,0.0,0.0,0.0,1.0,1.0
Haram_Makkah,250,467,D_250_Haram_Makkah_0467,62500.0,21.452773012518023,39.82864848937799,0,0,0,0,0,0,0,0.8778981292211886,1.1243553548298044,18.920347286141485,7.117994626515558,0.0,0.0,0.0,1.0,1.0
Haram_Makkah,250,468,D_250_Haram_Makkah_0468,62500.0,21.455031565857553,39.828661252476216,0,0,0,0,0,0,0,1.0366229924825376,1.106785378777829,19.07854075701596,7.260370892622841,0.0,0.0,0.0,1.0,1.0
Haram_Makkah,250,469,D_250_Haram_Makkah_0469,62500.0,21.45729011858062,39.82867401724787,0,0,0,0,0,0,0,1.1448898573305248,1.1448898573305248,19.23868221594288,7.408449466236887,0.0,0.0,0.0,1.0,1.0
Haram_Makkah,250,470,D_250_Haram_Makkah_0470,62500.0,21.459548670687166,39.82868678369307,0,0,0,0,0,0,0,1.2335200428692827,1.2335200428692827,19.400723424526074,7.561819763598424,0.0,0.0,0.0,1.0,1.0
Haram_Makkah,250,471,D_250_Haram_Makkah_0471,62500.0,21.389521342781634,39.83070335310113,0,0,0,0,0,0,0,2.242152688020377,2.355783110161884,15.268375494477354,6.419051327999482,0.0,0.0,0.0,1.0,1.0
Haram_Makkah,250,472,D_250_Haram_Makkah_0472,62500.0,21.391779911980812,39.83071610640323,0,0,0,0,0,0,0,1.9923878371873873,2.37730284592997,15.350389774506517,6.304867797728398,0.0,0.0,0.0,1.0,1.0
Haram_Makkah,250,473,D_250_Haram_Makkah_0473,62500.0,21.394038480564944,39.83072886138037,0,0,0,0,0,0,0,1.7426904232098912,2.424546056565944,15.436017692986491,6.198668884702035,0.0,0.0,0.0,1.0,1.0
Haram_Makkah,250,474,D_250_Haram_Makkah_0474,62500.0,21.396297048533988,39.830741618032675,0,0,0,0,0,0,0,1.4930942798506408,2.4960525514404144,15.525199457884902,6.100871571957059,0.0,0.0,0.0,1.0,1.0
Haram_Makkah,250,475,D_250_Haram_Makkah_0475,62500.0,21.39855561588789,39.83075437636026,0,0,0,0,0,0,0,1.2436603820569094,2.3860695711040525,15.617874189403222,6.011885888209658,0.0,0.0,0.0,1.0,1.0
Haram_Makkah,250,476,D_250_Haram_Makkah_0476,62500.0,21.400814182626597,39.83076713636323,0,9,1,2,1,1,30,0.9945108160664577,2.141426007170533,15.713980087328133,5.932108388102417,36.5,22.496147919876734,0.22496147919876733,1.0,1.8998459167950692
Haram_Makkah,250,477,D_250_Haram_Makkah_0477,62500.0,21.40307274875005,39.83077989804171,0,8,0,2,1,1,67,0.7459305467993693,1.8981787824712364,15.813454593284252,5.861915038921639,41.75,25.731895223420647,0.2573189522342065,1.0,2.029275808936826
Haram_Makkah,250,478,D_250_Haram_Makkah_0478,62500.0,21.405331314258206,39.83079266139581,0,6,0,2,1,1,72,0.49877148878383193,1.6569429791823373,15.916234547240766,5.801653722765287,39.0,24.03697996918336,0.24036979969183359,1.0,1.9614791987673343
Haram_Makkah,250,479,D_250_Haram_Makkah_0479,62500.0,21.407589879151008,39.830805426425655,0,5,2,1,1,1,20,0.2571645687081996,1.4187450025636368,16.022256337722794,5.751636629187986,25.0,15.408320493066256,0.15408320493066255,1.0,1.61633281972265
Haram_Makkah,250,480,D_250_Haram_Makkah_0480,62500.0,21.40984844342841,39.83081819313135,0,4,2,0,4,2,6,0.09216416209193488,1.1854175333345411,16.131456045274273,5.7121328686890305,23.5,14.48382126348228,0.1448382126348228,1.0,1.579352850539291
Haram_Makkah,250,481,D_250_Haram_Makkah_0481,62500.0,21.41210700709035,39.83083096151303,0,3,1,0,0,0,3,0.27541759230184004,0.9605165664238188,16.243769578811857,5.683361672892039,8.75,5.3929121725731894,0.053929121725731895,1.0,1.2157164869029276
Haram_Makkah,250,482,D_250_Haram_Makkah_0482,62500.0,21.41436557013678,39.83084373157079,0,13,2,0,0,2,7,0.3051229835058773,0.7516444774042157,16.359132804597294,5.66548655458989,33.75,20.801232665639446,0.20801232665639446,1.0,1.8320493066255779
Haram_Makkah,250,483,D_250_Haram_Makkah_0483,62500.0,21.416624132567637,39.83085650330475,0,7,5,0,1,3,17,0.2990224850688876,0.5764952440826469,16.47748166763869,5.658610774349077,33.25,20.49306625577812,0.20493066255778122,1.0,1.819722650231125
Haram_Makkah,250,484,D_250_Haram_Makkah_0484,62500.0,21.41888269438289,39.83086927671504,0,2,0,0,0,0,0,0.30912250806954994,0.47405074885244597,16.59875230540798,5.662774398730721,4.0,2.4653312788906008,0.024653312788906007,1.0,1.0986132511556241
Haram_Makkah,250,485,D_250_Haram_Makkah_0485,62500.0,21.42114125558247,39.830882051801765,0,18,1,2,4,1,22,0.30072374355129894,0.4920380661343378,16.722881153832446,5.677953142309358,58.5,36.05546995377504,0.3605546995377504,1.0,2.4422187981510017
Haram_Makkah,250,486,D_250_Haram_Makkah_0486,62500.0,21.42339981616633,39.83089482856505,0,0,0,1,4,0,8,0.45859875149830687,0.6200635488100177,16.849805045582045,5.704059070661992,13.0,8.012326656394453,0.08012326656394453,1.0,1.3204930662557781
Haram_Makkah,250,487,D_250_Haram_Makkah_0487,62500.0,21.425658376134415,39.830907607004995,0,0,0,0,1,0,7,0.6746783380368042,0.8004304690748716,16.979461300731536,5.740943117375574,3.75,2.3112480739599386,0.023112480739599386,1.0,1.0924499229583975
Haram_Makkah,250,488,D_250_Haram_Makkah_0488,62500.0,21.42791693548667,39.830920387121736,0,0,0,1,7,1,9,0.477027567444321,0.8045105510051874,17.111787809926742,5.788399249557912,20.25,12.480739599383668,0.12480739599383668,1.0,1.4992295839753467
Haram_Makkah,250,489,D_250_Haram_Makkah_0489,62500.0,21.43017549422305,39.83093316891537,0,3,0,1,8,1,10,0.2659272070082238,0.8824882534821193,17.246723110228075,5.846170016996019,28.5,17.565485362095533,0.17565485362095534,1.0,1.7026194144838214
Haram_Makkah,250,490,D_250_Haram_Makkah_0490,62500.0,21.432434052343503,39.83094595238603,0,8,3,0,4,0,0,0.17587997232958696,1.017513542115864,17.384206453841742,5.913953150217192,30.0,18.48998459167951,0.1848998459167951,1.0,1.7395993836671804
Haram_Makkah,250,491,D_250_Haram_Makkah_0491,62500.0,21.434692609847964,39.83095873753383,0,6,0,0,0,1,4,0.06820001541270056,1.048142717364458,17.524177869980395,5.99140883751931,14.0,8.628659476117104,0.08628659476117104,1.0,1.3451463790446843
Haram_Makkah,250,492,D_250_Haram_Makkah_0492,62500.0,21.436951166736396,39.83097152435887,0,12,0,4,2,0,0,0.27090311835690867,0.8321526316781362,17.666578220120282,6.078167310435368,40.0,24.65331278890601,0.2465331278890601,1.0,1.9861325115562405
Haram_Makkah,250,493,D_250_Haram_Makkah_0493,62500.0,21.439209723008734,39.83098431286129,0,1,0,0,0,0,0,0.24076553489297675,0.6413679512210957,17.811349246942132,6.173836396357271,2.0,1.2326656394453004,0.012326656394453003,1.0,1.049306625577812
Haram_Makkah,250,494,D_250_Haram_Makkah_0494,62500.0,21.441468278664928,39.83099710304119,0,0,0,0,0,0,0,0.3877225398384002,0.5052006485528734,17.95843361725804,6.278008748347391,0.0,0.0,0.0,1.0,1.0
Haram_Makkah,250,495,D_250_Haram_Makkah_0495,62500.0,21.44372683370493,39.83100989489869,0,0,0,0,0,0,0,0.47339469974107434,0.47339469974107434,18.1077749592373,6.390268526413189,0.0,0.0,0.0,1.0,1.0
Haram_Makkah,250,496,D_250_Haram_Makkah_0496,62500.0,21.44598538812869,39.83102268843392,0,0,0,0,0,0,0,0.5638948378799367,0.5638948378799367,18.25931789425057,6.510197372968628,0.0,0.0,0.0,1.0,1.0
Haram_Makkah,250,497,D_250_Haram_Makkah_0497,62500.0,21.448243941936145,39.83103548364698,0,0,0,0,0,0,0,0.7327020094365363,0.7327020094365363,18.413008063654804,6.637379590647822,0.0,0.0,0.0,1.0,1.0
Haram_Makkah,250,498,D_250_Haram_Makkah_0498,62500.0,21.45050249512725,39.831048280537985,0,0,0,0,0,0,0,0.938470607465698,0.938470607465698,18.568792150841006,6.7714064879970755,0.0,0.0,0.0,1.0,1.0
Haram_Makkah,250,499,D_250_Haram_Makkah_0499,62500.0,21.45276104770195,39.83106107910706,0,0,0,0,0,0,0,0.8796436533390448,0.8796436533390448,18.726617898863967,6.911879904991804,0.0,0.0,0.0,1.0,1.0
Haram_Makkah,250,500,D_250_Haram_Makkah_0500,62500.0,21.455019599660194,39.83107387935432,0,0,0,0,0,0,0,0.857071681717223,0.857071681717223,18.886434123967657,7.058414964874914,0.0,0.0,0.0,1.0,1.0
Haram_Makkah,250,501,D_250_Haram_Makkah_0501,62500.0,21.457278151001926,39.83108668127988,0,0,0,0,0,0,0,0.9057432187676129,0.9057432187676129,19.048190725312672,7.2105981802536885,0.0,0.0,0.0,1.0,1.0
Haram_Makkah,250,502,D_250_Haram_Makkah_0502,62500.0,21.4595367017271,39.83109948488386,0,0,0,0,0,0,0,1.0154652574487435,1.0154652574487435,19.21183869120302,7.3680105445598985,0.0,0.0,0.0,1.0,1.0
Haram_Makkah,250,503,D_250_Haram_Makkah_0503,62500.0,21.389509381961524,39.83311490295818,0,0,0,0,0,0,0,2.266180420412705,2.6056569208065947,15.031798519878027,6.199794857043019,0.0,0.0,0.0,1.0,1.0
Haram_Makkah,250,504,D_250_Haram_Makkah_0504,62500.0,21.39176794977654,39.833127693272964,0,0,0,0,0,0,0,2.0193895897615044,2.625129091700071,15.115096517426707,6.081496054817243,0.0,0.0,0.0,1.0,1.0
Haram_Makkah,250,505,D_250_Haram_Makkah_0505,62500.0,21.394026516976485,39.83314048526766,0,0,0,0,0,0,0,1.7734979370194854,2.6679875388076257,15.20204981968033,5.971325837709605,0.0,0.0,0.0,1.0,1.0
Haram_Makkah,250,506,D_250_Haram_Makkah_0506,62500.0,21.3962850835613,39.83315327894238,0,0,0,0,0,0,0,1.5289393545813401,2.687218148691821,15.292596074864477,5.869741924091634,0.0,0.0,0.0,1.0,1.0
Haram_Makkah,250,507,D_250_Haram_Makkah_0507,62500.0,21.398543649530925,39.83316607429723,0,0,0,0,0,0,0,1.2864743166355241,2.4471450150525107,15.38667185254427,5.777197266043421,0.0,0.0,0.0,1.0,1.0
Haram_Makkah,250,508,D_250_Haram_Makkah_0508,62500.0,21.40080221488531,39.83317887133234,0,4,0,0,0,0,12,1.0475575329012117,2.209275010209007,15.484212821025027,5.694132615782689,11.0,6.779661016949152,0.06779661016949153,1.0,1.271186440677966
Haram_Makkah,250,509,D_250_Haram_Makkah_0509,62500.0,21.403060779624415,39.83319167004782,0,1,0,0,0,0,5,0.8153142965220882,1.974404572718485,15.585153918897097,5.62096826547356,3.25,2.0030816640986133,0.020030816640986132,1.0,1.0801232665639446
Haram_Makkah,250,510,D_250_Haram_Makkah_0510,62500.0,21.40531934374817,39.83320447044378,0,9,1,0,0,0,69,0.5975767896166497,1.7437461864644512,15.689429520050474,5.558095198609094,37.25,22.95839753466872,0.2295839753466872,1.0,1.9183359013867487
Haram_Makkah,250,511,D_250_Haram_Makkah_0511,62500.0,21.407577907256538,39.83321727252035,0,8,0,0,0,0,37,0.4176824593680896,1.519219572295911,15.796973591594972,5.505865983852321,25.25,15.562403697996919,0.15562403697996918,1.0,1.6224961479198767
Haram_Makkah,250,512,D_250_Haram_Makkah_0512,62500.0,21.409836470149454,39.83323007627764,0,0,0,0,1,1,1,0.3417883178796636,1.3039959566212713,15.90771984422867,5.464585823965319,3.25,2.0030816640986133,0.020030816640986132,1.0,1.0801232665639446
Haram_Makkah,250,513,D_250_Haram_Makkah_0513,62500.0,21.41209503242687,39.83324288171576,0,0,0,0,0,0,0,0.4291618245070781,1.1035319664252046,16.021601874699808,5.434504229718048,0.0,0.0,0.0,1.0,1.0
Haram_Makkah,250,514,D_250_Haram_Makkah_0514,62500.0,21.414353594088738,39.83325568883484,0,0,0,0,0,3,0,0.5525744942275452,0.9274481909842366,16.138553300104135,5.415807808458863,3.0,1.8489984591679507,0.01848998459167951,1.0,1.073959938366718
Haram_Makkah,250,515,D_250_Haram_Makkah_0515,62500.0,21.416612155134995,39.83326849763498,0,0,1,0,0,2,0,0.5476513638324301,0.7921726409044857,16.25850788385022,5.408614629783177,4.0,2.4653312788906008,0.024653312788906007,1.0,1.0986132511556241
Haram_Makkah,250,516,D_250_Haram_Makkah_0516,62500.0,21.4188707155656,39.83328130811631,0,10,0,0,0,0,4,0.545014096985377,0.7210512041701626,16.381399653208437,5.412970553110855,21.0,12.942989214175656,0.12942989214175657,1.0,1.5177195685670264
Haram_Makkah,250,517,D_250_Haram_Makkah_0517,62500.0,21.421129275380498,39.83329412027894,0,29,0,2,3,0,22,0.5402947444248225,0.733002172624949,16.507163008435313,5.428847778689864,75.5,46.53312788906009,0.4653312788906009,1.0,2.8613251155624035
Haram_Makkah,250,518,D_250_Haram_Makkah_0518,62500.0,21.423387834579625,39.833306934122994,0,3,1,2,16,0,0,0.6417136867742363,0.8244207245760806,16.635732823532987,5.456145727482588,46.0,28.35130970724191,0.2835130970724191,1.0,2.1340523882896765
Haram_Makkah,250,519,D_250_Haram_Makkah_0519,62500.0,21.425646393162943,39.83331974964858,0,0,0,0,0,0,0,0.8103545524853186,0.9731633352876607,16.767044538763848,5.494694185745657,0.0,0.0,0.0,1.0,1.0
Haram_Makkah,250,520,D_250_Haram_Makkah_0520,62500.0,21.42790495113039,39.833332566855816,0,0,0,1,0,0,1,0.6194797234833963,1.0516758167372608,16.901034245093058,5.544258488761844,3.25,2.0030816640986133,0.020030816640986132,1.0,1.0801232665639446
Haram_Makkah,250,521,D_250_Haram_Makkah_0521,62500.0,21.43016350848192,39.833345385744835,0,11,1,1,2,3,3,0.4763581710566259,1.1124613765723446,17.037638760776858,5.60454638535077,34.75,21.417565485362097,0.21417565485362097,1.0,1.856702619414484
Haram_Makkah,250,522,D_250_Haram_Makkah_0522,62500.0,21.432422065217473,39.83335820631573,0,0,3,0,0,0,0,0.391119350969212,1.2073191720669145,17.17679570035237,5.675216135169569,6.0,3.6979969183359014,0.03697996918335902,1.0,1.147919876733436
Haram_Makkah,250,523,D_250_Haram_Makkah_0523,62500.0,21.434680621337005,39.83337102856863,0,0,2,0,0,0,0,0.31660174850417255,0.9625458065385969,17.318443536315886,5.755885351206158,4.0,2.4653312788906008,0.024653312788906007,1.0,1.0986132511556241
Haram_Makkah,250,524,D_250_Haram_Makkah_0524,62500.0,21.436939176840465,39.833383852503644,0,6,2,0,0,0,0,0.19101515291512683,0.7213662565782629,17.462521653801293,5.846140108787187,16.0,9.861325115562403,0.09861325115562403,1.0,1.394453004622496
Haram_Makkah,250,525,D_250_Haram_Makkah_0525,62500.0,21.439197731727784,39.8333966781209,0,14,1,4,2,0,4,0.06202833021795688,0.48912587600170393,17.608970398589374,5.945543891597378,47.0,28.96764252696456,0.2896764252696456,1.0,2.158705701078582
Haram_Makkah,250,526,D_250_Haram_Makkah_0526,62500.0,21.441456285998918,39.83340950542051,0,1,0,0,0,0,0,0.288303605629781,0.288303605629781,17.75773111879202,6.05364602221269,2.0,1.2326656394453004,0.012326656394453003,1.0,1.049306625577812
Haram_Makkah,250,527,D_250_Haram_Makkah_0527,62500.0,21.443714839653826,39.83342233440259,0,1,0,0,0,0,0,0.2280215241239966,0.2280215241239966,17.908746200564465,6.169989315841005,2.0,1.2326656394453004,0.012326656394453003,1.0,1.049306625577812
Haram_Makkah,250,528,D_250_Haram_Makkah_0528,62500.0,21.445973392692437,39.83343516506725,0,0,0,0,0,0,0,0.38192756107477815,0.38192756107477815,18.061959098202774,6.294116788949247,0.0,0.0,0.0,1.0,1.0
Haram_Makkah,250,529,D_250_Haram_Makkah_0529,62500.0,21.448231945114717,39.83344799741462,0,0,0,0,0,0,0,0.6039399873772446,0.6039399873772446,18.21731435898463,6.425577339685003,0.0,0.0,0.0,1.0,1.0
Haram_Makkah,250,530,D_250_Haram_Makkah_0530,62500.0,21.450490496920597,39.83346083144481,0,0,0,0,0,0,0,0.7566849007631516,0.7566849007631516,18.3747576431088,6.5639303883888065,0.0,0.0,0.0,1.0,1.0
Haram_Makkah,250,531,D_250_Haram_Makkah_0531,62500.0,21.452749048110036,39.83347366715793,0,0,0,0,0,0,0,0.6390390831434865,0.6390390831434865,18.53423573908304,6.708749521256154,0.0,0.0,0.0,1.0,1.0
Haram_Makkah,250,532,D_250_Haram_Makkah_0532,62500.0,21.455007598682972,39.833486504554116,0,0,0,0,0,0,0,0.6075934994112386,0.6075934994112386,18.695696574902488,6.859616177090949,0.0,0.0,0.0,1.0,1.0
Haram_Makkah,250,533,D_250_Haram_Makkah_0533,62500.0,21.457266148639356,39.83349934363347,0,0,0,0,0,0,1,0.6745137294886754,0.6745137294886754,18.85908922535069,7.015995108655359,0.25,0.15408320493066255,0.0015408320493066254,1.0,1.0061633281972264
Haram_Makkah,250,534,D_250_Haram_Makkah_0534,62500.0,21.45952469797914,39.83351218439611,0,0,0,0,0,0,0,0.8159458817903605,0.8159458817903605,19.024363915743837,7.177676548322859,0.0,0.0,0.0,1.0,1.0
Haram_Makkah,250,535,D_250_Haram_Makkah_0535,62500.0,21.391755952904884,39.835539278462804,0,0,0,0,0,0,0,2.0763572276229443,2.699269556390923,14.880282901644572,5.860275640503853,0.0,0.0,0.0,1.0,1.0
Haram_Makkah,250,536,D_250_Haram_Makkah_0536,62500.0,21.394014518716624,39.83555210747493,0,0,0,0,0,0,0,1.8381022697546707,2.778933391090286,14.968600309377411,5.745865346318471,0.0,0.0,0.0,1.0,1.0
Haram_Makkah,250,537,D_250_Haram_Makkah_0537,62500.0,21.39627308391319,39.83556493817195,0,0,0,0,0,0,0,1.6034277568548283,2.76429595108888,15.060550162952588,5.6402222095733165,0.0,0.0,0.0,1.0,1.0
Haram_Makkah,250,538,D_250_Haram_Makkah_0538,62500.0,21.39853164849453,39.835577770553954,0,0,0,0,0,0,0,1.3741692722615146,2.5315428993489384,15.156066349806235,5.543847451788761,0.0,0.0,0.0,1.0,1.0
Haram_Makkah,250,539,D_250_Haram_Makkah_0539,62500.0,21.400790212460592,39.83559060462109,0,0,0,0,0,0,0,1.1535604909162653,2.302408911831624,15.25508188075851,5.4572321339709715,0.0,0.0,0.0,1.0,1.0
Haram_Makkah,250,540,D_250_Haram_Makkah_0540,62500.0,21.40304877581132,39.83560344037345,0,0,0,0,0,0,0,0.9476615553973945,2.078091466543121,15.35752907135664,5.38084756886738,0.0,0.0,0.0,1.0,1.0
Haram_Makkah,250,541,D_250_Haram_Makkah_0541,62500.0,21.40530733854667,39.835616277811155,0,0,0,0,0,0,1,0.7683899016472321,1.8603337037631158,15.463339715807903,5.31513485762371,0.25,0.15408320493066255,0.0015408320493066254,1.0,1.0061633281972264
Haram_Makkah,250,542,D_250_Haram_Makkah_0542,62500.0,21.407565900666576,39.83562911693432,0,1,0,0,0,0,5,0.6385794064395417,1.651732071310189,15.572445252926713,5.260493945445356,3.25,2.0030816640986133,0.020030816640986132,1.0,1.0801232665639446
Haram_Makkah,250,543,D_250_Haram_Makkah_0543,62500.0,21.40982446217101,39.835641957743086,0,0,0,0,0,0,0,0.5917299009716439,1.4562266930091279,15.684776923638966,5.217272711427675,0.0,0.0,0.0,1.0,1.0
Haram_Makkah,250,544,D_250_Haram_Makkah_0544,62500.0,21.412083023059896,39.83565480023754,0,0,0,0,0,0,0,0.6461461855332318,1.2798333983257177,15.800265919700058,5.185756698954214,0.0,0.0,0.0,1.0,1.0
Haram_Makkah,250,545,D_250_Haram_Makkah_0545,62500.0,21.414341583333183,39.83566764441781,0,0,0,0,0,0,1,0.7809388647355052,1.1315259049211421,15.91884352338928,5.166160134576661,0.25,0.15408320493066255,0.0015408320493066254,1.0,1.0061633281972264
Haram_Makkah,250,546,D_250_Haram_Makkah_0546,62500.0,21.416600142990823,39.83568049028401,0,0,0,0,0,0,2,0.7971383732064766,1.0235859609946123,16.040441238041755,5.158618858903007,0.5,0.3081664098613251,0.003081664098613251,1.0,1.012326656394453
Haram_Makkah,250,547,D_250_Haram_Makkah_0547,62500.0,21.41885870203277,39.835693337836275,0,2,0,0,0,1,8,0.7896353632090971,0.9695904112474082,16.16499090936918,5.163185695553705,7.0,4.314329738058552,0.04314329738058552,1.0,1.1725731895223421
Haram_Makkah,250,548,D_250_Haram_Makkah_0548,62500.0,21.421117260458967,39.83570618707469,0,5,1,0,2,0,7,0.7863854346124812,0.9785105577460942,16.29242483760186,5.179828618990306,17.75,10.939907550077042,0.10939907550077041,1.0,1.4375963020030817
Haram_Makkah,250,549,D_250_Haram_Makkah_0549,62500.0,21.42337581826936,39.835719037999404,0,1,1,0,3,0,0,0.8592322716884879,1.048742226506698,16.422675880556845,5.208431867409965,10.0,6.163328197226503,0.061633281972265024,1.0,1.2465331278890601
Haram_Makkah,250,550,D_250_Haram_Makkah_0550,62500.0,21.425634375463893,39.83573189061051,0,0,0,0,0,0,0,0.9730328751830204,1.1692893584121427,16.55567754780037,5.248799911674313,0.0,0.0,0.0,1.0,1.0
Haram_Makkah,250,551,D_250_Haram_Makkah_0551,62500.0,21.427892932042518,39.83574474490814,0,0,0,0,0,0,0,0.8154477024998501,1.2999256980078897,16.691364086127265,5.300663968611188,0.0,0.0,0.0,1.0,1.0
Haram_Makkah,250,552,D_250_Haram_Makkah_0552,62500.0,21.430151488005183,39.83575760089241,0,2,3,0,0,1,0,0.7128232142948436,1.349575900494874,16.82967055662638,5.36369056746132,11.0,6.779661016949152,0.06779661016949153,1.0,1.271186440677966
Haram_Makkah,250,553,D_250_Haram_Makkah_0553,62500.0,21.432410043351833,39.83577045856342,0,1,1,0,0,0,1,0.6124262174758528,1.1876492988088816,16.970532903639015,5.437491563102803,4.25,2.6194144838212634,0.026194144838212634,1.0,1.1047765793528506
Haram_Makkah,250,554,D_250_Haram_Makkah_0554,62500.0,21.434668598082418,39.835783317921305,0,0,1,0,0,0,0,0.5147868825971359,0.9377556736196944,17.113888015948106,5.52163494756352,2.0,1.2326656394453004,0.012326656394453003,1.0,1.049306625577812
Haram_Makkah,250,555,D_250_Haram_Makkah_0555,62500.0,21.43692715219688,39.835796178966184,0,0,1,0,0,0,0,0.32766791054437416,0.6879393504158812,17.25967378055941,5.615655837878192,2.0,1.2326656394453004,0.012326656394453003,1.0,1.049306625577812
Haram_Makkah,250,556,D_250_Haram_Makkah_0556,62500.0,21.43918570569517,39.835809041698155,0,3,1,0,0,0,6,0.2733623688567148,0.4383325179533486,17.407829129453436,5.719067099172386,9.5,5.855161787365177,0.058551617873651776,1.0,1.234206471494607
Haram_Makkah,250,557,D_250_Haram_Makkah_0557,62500.0,21.44144425857724,39.83582190611736,0,2,1,0,0,0,13,0.1897636496803872,0.1897636496803872,17.55829407969821,5.831369177146708,9.25,5.701078582434515,0.05701078582434515,1.0,1.2280431432973806
Haram_Makkah,250,558,D_250_Haram_Makkah_0558,62500.0,21.44370281084303,39.83583477222389,0,2,2,0,0,0,0,0.06989341302811568,0.06989341302811568,17.711009767319396,5.9520588434185795,8.0,4.9306625577812015,0.04930662557781201,1.0,1.197226502311248
Haram_Makkah,250,559,D_250_Haram_Makkah_0559,62500.0,21.44596136249249,39.83584764001788,0,0,0,0,0,0,0,0.31426093557649953,0.31426093557649953,17.86591847532616,6.080636683017489,0.0,0.0,0.0,1.0,1.0
Haram_Makkah,250,560,D_250_Haram_Makkah_0560,62500.0,21.448219913525566,39.83586050949945,0,0,0,0,0,0,0,0.5635909705399074,0.5635909705399074,18.022963656289118,6.216613263361214,0.0,0.0,0.0,1.0,1.0
Haram_Makkah,250,561,D_250_Haram_Makkah_0561,62500.0,21.45047846394221,39.8358733806687,0,0,0,0,0,0,0,0.5763419401433032,0.5763419401433032,18.182089949860995,6.359514011427225,0.0,0.0,0.0,1.0,1.0
Haram_Makkah,250,562,D_250_Haram_Makkah_0562,62500.0,21.452737013742375,39.835886253525764,0,0,0,0,0,0,0,0.4098401428728938,0.4098401428728938,18.343243195622573,6.5088828885516,0.0,0.0,0.0,1.0,1.0
Haram_Makkah,250,563,D_250_Haram_Makkah_0563,62500.0,21.45499556292599,39.83589912807075,0,0,0,0,0,0,0,0.35884237967665006,0.35884237967665006,18.506370441625542,6.664142506324874,0.0,0.0,0.0,1.0,1.0
Haram_Makkah,250,564,D_250_Haram_Makkah_0564,62500.0,21.457254111493018,39.83591200430378,0,0,0,0,0,0,0,0.46321351901032437,0.46321351901032437,18.67141994899127,6.825001729836706,0.0,0.0,0.0,1.0,1.0
Haram_Makkah,250,565,D_250_Haram_Makkah_0565,62500.0,21.391743921365926,39.837950861967876,0,0,0,0,0,0,0,2.160922108306299,2.460030824094649,14.645971996928937,5.641459642735026,0.0,0.0,0.0,1.0,1.0
Haram_Makkah,250,566,D_250_Haram_Makkah_0566,62500.0,21.394002485785446,39.83796372799732,0,0,0,0,0,0,0,1.9331179414464534,2.547187921915756,14.735693798520119,5.522517985117715,0.0,0.0,0.0,1.0,1.0
Haram_Makkah,250,567,D_250_Haram_Makkah_0567,62500.0,21.39626104958976,39.83797659571651,0,0,0,0,0,0,0,1.7115214263681913,2.655104699180658,14.829087892134902,5.412517241662077,0.0,0.0,0.0,1.0,1.0
Haram_Makkah,250,568,D_250_Haram_Makkah_0568,62500.0,21.398519612778802,39.83798946512557,0,0,0,0,0,0,0,1.4988883248236482,2.637024872425686,14.926085344174462,5.312012884644567,0.0,0.0,0.0,1.0,1.0
Haram_Makkah,250,569,D_250_Haram_Makkah_0569,62500.0,21.400778175352524,39.8380023362246,0,0,0,0,0,0,0,1.2996256490497087,2.4179076747943378,15.026616375302106,5.221553301649856,0.0,0.0,0.0,1.0,1.0
Haram_Makkah,250,570,D_250_Haram_Makkah_0570,62500.0,21.40303673731087,39.838015209013726,0,0,0,0,0,0,0,1.1208869010935538,2.2053695540355625,15.130610552103148,5.141668686069839,0.0,0.0,0.0,1.0,1.0
Haram_Makkah,250,571,D_250_Haram_Makkah_0571,62500.0,21.4052952986538,39.83802808349306,0,0,0,0,0,0,0,0.9740369923254172,2.001507485847772,15.237996970347934,5.072858648991885,0.0,0.0,0.0,1.0,1.0
Haram_Makkah,250,572,D_250_Haram_Makkah_0572,62500.0,21.407553859381252,39.83804095966271,0,0,0,0,0,0,0,0.8752763448154982,1.8092566324162869,15.348704429275147,5.015579016224588,0.0,0.0,0.0,1.0,1.0
Haram_Makkah,250,573,D_250_Haram_Makkah_0573,62500.0,21.40981241949317,39.83805383752283,0,0,0,0,0,0,0,0.8417061822089777,1.6327237696499606,15.462661596444779,4.970228451825231,0.0,0.0,0.0,1.0,1.0
Haram_Makkah,250,574,D_250_Haram_Makkah_0574,62500.0,21.41207097898951,39.838066717073495,0,0,0,0,0,0,0,0.8808120767473884,1.477553469089235,15.57979716283514,4.937135693767558,0.0,0.0,0.0,1.0,1.0
Haram_Makkah,250,575,D_250_Haram_Makkah_0575,62500.0,21.414329537870216,39.838079598314856,0,0,0,0,0,0,0,0.9839667331364823,1.351126048914492,15.700039987974668,4.916548266214244,0.0,0.0,0.0,1.0,1.0
Haram_Makkah,250,576,D_250_Haram_Makkah_0576,62500.0,21.416588096135225,39.838092481247,0,0,0,0,0,0,0,1.0468701714009314,1.2621089279824227,15.82331923500633,4.908623518803914,0.0,0.0,0.0,1.0,1.0
Haram_Makkah,250,577,D_250_Haram_Makkah_0577,62500.0,21.418846653784502,39.838105365870064,0,0,0,0,0,1,0,1.0368257557313763,1.2187273247657142,15.949564495679468,4.913422721962314,1.0,0.6163328197226502,0.006163328197226502,1.0,1.024653312788906
Haram_Makkah,250,578,D_250_Haram_Makkah_0578,62500.0,21.421105210817988,39.83811825218416,0,0,1,0,0,0,0,1.034352789278512,1.2258358936530815,16.078705905350613,4.930908723555545,2.0,1.2326656394453004,0.012326656394453003,1.0,1.049306625577812
Haram_Makkah,250,579,D_250_Haram_Makkah_0579,62500.0,21.423363767235625,39.83813114018942,0,0,0,0,0,0,0,1.0907629154076226,1.2825954093968617,16.21067424815126,4.96094737276831,0.0,0.0,0.0,1.0,1.0
Haram_Makkah,250,580,D_250_Haram_Makkah_0580,62500.0,21.425622323037363,39.838144029885925,0,0,0,0,0,0,0,1.1631821886068212,1.382905756096039,16.34540105254662,5.003312585749309,0.0,0.0,0.0,1.0,1.0
Haram_Makkah,250,581,D_250_Haram_Makkah_0581,62500.0,21.42788087822315,39.83815692127382,0,0,0,0,0,0,0,1.03496607829315,1.5181586466114836,16.482818677565735,5.057694615737298,0.0,0.0,0.0,1.0,1.0
Haram_Makkah,250,582,D_250_Haram_Makkah_0582,62500.0,21.430139432792938,39.83816981435322,0,0,1,0,0,0,0,0.9477417910912348,1.4644204601948918,16.622860390029974,5.123710844827086,2.0,1.2326656394453004,0.012326656394453003,1.0,1.049306625577812
Haram_Makkah,250,583,D_250_Haram_Makkah_0583,62500.0,21.432397986746672,39.83818270912424,0,0,0,0,0,0,0,0.8489118310551381,1.2200008732300633,16.765460433144842,5.2009182666851554,0.0,0.0,0.0,1.0,1.0
Haram_Makkah,250,584,D_250_Haram_Makkah_0584,62500.0,21.43465654008429,39.838195605586996,0,0,1,0,0,0,0,0.6788851194800223,0.9784053235376508,16.91055408684952,5.288826789759705,2.0,1.2326656394453004,0.012326656394453003,1.0,1.049306625577812
Haram_Makkah,250,585,D_250_Haram_Makkah_0585,62500.0,21.436915092805755,39.83820850374161,0,0,1,0,0,0,2,0.5506775195682521,0.7423960018558242,17.05807772034061,5.386912548707337,2.5,1.5408320493066257,0.015408320493066256,1.0,1.061633281972265
Haram_Makkah,250,586,D_250_Haram_Makkah_0586,62500.0,21.439173644910998,39.838221403588186,0,0,1,0,0,0,6,0.5196409048720194,0.5196409048720194,17.207968837201513,5.494630542881041,3.5,2.157164869029276,0.02157164869029276,1.0,1.086286594761171
Haram_Makkah,250,587,D_250_Haram_Makkah_0587,62500.0,21.44143219639998,39.83823430512686,0,3,2,4,5,0,10,0.3374929872766383,0.3374929872766383,17.360166113577833,5.6114260930802455,34.5,21.263482280431433,0.21263482280431434,1.0,1.8505392912172574
Haram_Makkah,250,588,D_250_Haram_Makkah_0588,62500.0,21.443690747272644,39.838247208357735,0,0,1,0,0,0,0,0.2877088161763681,0.2877088161763681,17.51460942984267,5.736744790684214,2.0,1.2326656394453004,0.012326656394453003,1.0,1.049306625577812
Haram_Makkah,250,589,D_250_Haram_Makkah_0589,62500.0,21.44594929752894,39.83826011328094,0,0,0,0,0,0,0,0.4202989523545178,0.4202989523545178,17.671239896194365,5.870040782548541,0.0,0.0,0.0,1.0,1.0
Haram_Makkah,250,590,D_250_Haram_Makkah_0590,62500.0,21.44820784716881,39.83827301989658,0,0,1,0,0,0,0,0.6289086227704334,0.6289086227704334,17.829999872623926,6.01078337524517,2.0,1.2326656394453004,0.012326656394453003,1.0,1.049306625577812
Haram_Makkah,250,591,D_250_Haram_Makkah_0591,62500.0,21.450466396192205,39.83828592820478,0,0,1,0,0,0,0,0.46558353159594584,0.46558353159594584,17.990832983680516,6.158462046604197,2.0,1.2326656394453004,0.012326656394453003,1.0,1.049306625577812
Haram_Makkah,250,592,D_250_Haram_Makkah_0592,62500.0,21.452724944599073,39.83829883820566,0,0,1,0,0,0,0,0.2292748037514811,0.2292748037514811,18.15368412845185,6.312479966268095,2.0,1.2326656394453004,0.012326656394453003,1.0,1.049306625577812
Haram_Makkah,250,593,D_250_Haram_Makkah_0593,62500.0,21.454983492389353,39.83831174989933,0,0,0,0,0,0,0,0.11561075372649068,0.11561075372649068,18.318499486162132,6.472422776071112,0.0,0.0,0.0,1.0,1.0
Haram_Makkah,250,594,D_250_Haram_Makkah_0594,62500.0,21.457242039563,39.838324663285924,0,0,0,0,0,0,0,0.31490436186108056,0.31490436186108056,18.485226517774674,6.637929636556276,0.0,0.0,0.0,1.0,1.0
Haram_Makkah,250,595,D_250_Haram_Makkah_0595,62500.0,21.391731855159765,39.84036244378332,0,0,1,0,0,0,0,2.2231615265051596,2.2231615265051596,14.412188322273524,5.42533899572489,2.0,1.2326656394453004,0.012326656394453003,1.0,1.049306625577812
Haram_Makkah,250,596,D_250_Haram_Makkah_0596,62500.0,21.393990418183062,39.840375346829966,0,0,0,0,0,0,0,2.0543295736096185,2.319237337356929,14.503356446891699,5.30155083101858,0.0,0.0,0.0,1.0,1.0
Haram_Makkah,250,597,D_250_Haram_Makkah_0597,62500.0,21.39624898059111,39.84038825157123,0,0,0,0,0,0,0,1.8473306727227556,2.437268241504854,14.598237024192775,5.186866029618889,0.0,0.0,0.0,1.0,1.0
Haram_Makkah,250,598,D_250_Haram_Makkah_0598,62500.0,21.398507542383843,39.840401158007204,0,0,0,0,0,0,0,1.6522685107928263,2.5385457848237123,14.696758152852297,5.081900943992813,0.0,0.0,0.0,1.0,1.0
Haram_Makkah,250,599,D_250_Haram_Makkah_0599,62500.0,21.400766103561217,39.84041406613802,0,0,0,0,0,0,0,1.4738900397020052,2.527460785326701,14.798847123757586,4.987269312950292,0.0,0.0,0.0,1.0,1.0
Haram_Makkah,250,600,D_250_Haram_Makkah_0600,62500.0,21.403024664123173,39.84042697596379,0,0,0,0,0,0,0,1.3189816020354537,2.35241271812892,14.904430622511745,4.903569434120037,0.0,0.0,0.0,1.0,1.0
Haram_Makkah,250,601,D_250_Haram_Makkah_0601,62500.0,21.405283224069667,39.84043988748463,0,0,0,0,0,0,0,1.1966925603024556,2.162457616336641,15.013434922434756,4.831369494312863,0.0,0.0,0.0,1.0,1.0
Haram_Makkah,250,602,D_250_Haram_Makkah_0602,62500.0,21.407541783400642,39.84045280070067,0,0,0,0,0,0,0,1.1177807035633063,1.9858500166150517,15.125786067477659,4.771191589730763,0.0,0.0,0.0,1.0,1.0
Haram_Makkah,250,603,D_250_Haram_Makkah_0603,62500.0,21.40980034211605,39.840465715612005,0,0,0,0,0,0,0,1.091693326275156,1.8264658864943673,15.241410044612635,4.723495229304058,0.0,0.0,0.0,1.0,1.0
Haram_Makkah,250,604,D_250_Haram_Makkah_0604,62500.0,21.41205890021583,39.84047863221878,0,0,0,0,0,0,0,1.1221207314763186,1.6891876688412417,15.360232945399515,4.688661341641003,0.0,0.0,0.0,1.0,1.0
Haram_Makkah,250,605,D_250_Haram_Makkah_0605,62500.0,21.414317457699934,39.840491550521094,0,0,0,0,0,0,0,1.2047885928179196,1.5797886968208639,15.482181116556362,4.666977948516518,0.0,0.0,0.0,1.0,1.0
Haram_Makkah,250,606,D_250_Haram_Makkah_0606,62500.0,21.4165760145683,39.84050447051908,0,0,0,0,0,0,0,1.2967053348774975,1.5043635440413388,15.607181299477881,4.658628678836732,0.0,0.0,0.0,1.0,1.0
Haram_Makkah,250,607,D_250_Haram_Makkah_0607,62500.0,21.418834570820895,39.84051739221283,0,0,0,0,0,0,0,1.2851036100896753,1.4681576954395164,15.735160758749489,4.663685148315729,0.0,0.0,0.0,1.0,1.0
Haram_Makkah,250,608,D_250_Haram_Makkah_0608,62500.0,21.421093126457652,39.840530315602486,0,0,0,0,0,0,0,1.2831092446108454,1.4740638943804052,15.866047399797075,4.682103924301694,0.0,0.0,0.0,1.0,1.0
Haram_Makkah,250,609,D_250_Haram_Makkah_0609,62500.0,21.42335168147853,39.84054324068815,0,0,0,0,0,0,0,1.3290023997518263,1.5215918344791353,15.999769875892753,4.713728370759389,0.0,0.0,0.0,1.0,1.0
Haram_Makkah,250,610,D_250_Haram_Makkah_0610,62500.0,21.425610235883457,39.840556167469956,0,0,0,0,0,0,0,1.3726589640538442,1.5239605007224784,16.13625768480545,4.758295193516538,0.0,0.0,0.0,1.0,1.0
Haram_Makkah,250,611,D_250_Haram_Makkah_0611,62500.0,21.427868789672395,39.840569095948005,0,0,0,0,0,0,0,1.2658414635817243,1.3829685242770462,16.275441255442527,4.815445061879869,0.0,0.0,0.0,1.0,1.0
Haram_Makkah,250,612,D_250_Haram_Makkah_0612,62500.0,21.430127342845292,39.840582026122426,0,0,1,0,0,0,0,1.1706752331886365,1.2758323833951526,16.417252024875488,4.884736342866813,2.0,1.2326656394453004,0.012326656394453003,1.0,1.049306625577812
Haram_Makkah,250,613,D_250_Haram_Makkah_0613,62500.0,21.432385895402092,39.840594957993325,0,0,0,0,0,2,0,1.0316994481448034,1.21156700264512,16.561622506179642,4.965660795368978,2.0,1.2326656394453004,0.012326656394453003,1.0,1.049306625577812
Haram_Makkah,250,614,D_250_Haram_Makkah_0614,62500.0,21.434644447342738,39.840607891560836,0,0,0,0,0,1,0,0.8841744603915739,1.0771110670899744,16.70848634754548,5.057660044922464,1.0,0.6163328197226502,0.006163328197226502,1.0,1.024653312788906
Haram_Makkah,250,615,D_250_Haram_Makkah_0615,62500.0,21.436902998667183,39.84062082682507,0,0,1,0,0,0,0,0.790015950165039,0.8683565496340782,16.857778383139085,5.16014177376414,2.0,1.2326656394453004,0.012326656394453003,1.0,1.049306625577812
Haram_Makkah,250,616,D_250_Haram_Makkah_0616,62500.0,21.439161549375378,39.84063376378614,0,0,1,0,0,0,0,0.6876902963813721,0.6876902963813721,17.009434676201003,5.272494771992321,2.0,1.2326656394453004,0.012326656394453003,1.0,1.049306625577812
Haram_Makkah,250,617,D_250_Haram_Makkah_0617,62500.0,21.44142009946726,39.84064670244416,0,4,1,0,1,0,0,0.5628434863990144,0.5628434863990144,17.163392554878737,5.394102253019216,12.0,7.395993836671803,0.07395993836671803,1.0,1.2958397534668722
Haram_Makkah,250,618,D_250_Haram_Makkah_0618,62500.0,21.44367864894278,39.84065964279926,0,0,0,0,0,0,0,0.534478845817583,0.534478845817583,17.319590641287817,5.524353094378347,0.0,0.0,0.0,1.0,1.0
Haram_Makkah,250,619,D_250_Haram_Makkah_0619,62500.0,21.44593719780189,39.84067258485155,0,0,0,0,0,0,0,0.6160701932987779,0.6160701932987779,17.47796887429149,5.662650890414158,0.0,0.0,0.0,1.0,1.0
Haram_Makkah,250,620,D_250_Haram_Makkah_0620,62500.0,21.44819574604454,39.84068552860116,0,0,0,0,0,0,0,0.7180300182280906,0.7180300182280906,17.638468526479844,5.808420878521879,0.0,0.0,0.0,1.0,1.0
Haram_Makkah,250,621,D_250_Haram_Makkah_0621,62500.0,21.450454293670667,39.84069847404819,0,0,1,0,0,0,0,0.47577937935408604,0.47577937935408604,17.801032215816523,5.961041125882802,2.0,1.2326656394453004,0.012326656394453003,1.0,1.049306625577812
Haram_Makkah,250,622,D_250_Haram_Makkah_0622,62500.0,21.452712840680228,39.840711421192765,0,0,0,0,0,0,0,0.24932895652227474,0.24932895652227474,17.965603912405932,6.119956255736977,0.0,0.0,0.0,1.0,1.0
Haram_Makkah,250,623,D_250_Haram_Makkah_0623,62500.0,21.454971387073154,39.84072437003501,0,0,0,0,0,0,0,0.15153824369581917,0.15153824369581917,18.13212894081589,6.28480054097202,0.0,0.0,0.0,1.0,1.0
Haram_Makkah,250,624,D_250_Haram_Makkah_0624,62500.0,21.45722993284942,39.84073732057504,0,0,0,0,0,0,0,0.3297919799575796,0.3297919799575796,18.30055397837155,6.45511975934376,0.0,0.0,0.0,1.0,1.0
Haram_Makkah,250,625,D_250_Haram_Makkah_0625,62500.0,21.393978315909578,39.84278696396802,0,0,0,0,0,0,0,2.096319952780922,2.096319952780922,14.271616051710676,5.083274292402383,0.0,0.0,0.0,1.0,1.0
Haram_Makkah,250,626,D_250_Haram_Makkah_0626,62500.0,21.396236876917342,39.84279990573121,0,0,0,0,0,0,0,2.005232065334886,2.2262012484241205,14.36802702935805,4.9635486828618465,0.0,0.0,0.0,1.0,1.0
Haram_Makkah,250,627,D_250_Haram_Makkah_0627,62500.0,21.39849543730976,39.84281284919399,0,0,0,0,0,0,0,1.827105977556432,2.289759862800596,14.468115865767775,4.853756640220047,0.0,0.0,0.0,1.0,1.0
Haram_Makkah,250,628,D_250_Haram_Makkah_0628,62500.0,21.40075399708677,39.84282579435647,0,0,0,0,0,0,0,1.6675361677030214,2.2774642805125684,14.571806775214903,4.754586366638094,0.0,0.0,0.0,1.0,1.0
Haram_Makkah,250,629,D_250_Haram_Makkah_0629,62500.0,21.40301255624832,39.84283874121878,0,0,0,0,0,1,0,1.5323307371363775,2.2286530738293213,14.67902342402643,4.6667150666353585,1.0,0.6163328197226502,0.006163328197226502,1.0,1.024653312788906
Haram_Makkah,250,630,D_250_Haram_Makkah_0630,62500.0,21.40527111479437,39.842851689781014,0,0,0,1,0,0,0,1.428425043657576,2.1224031527564353,14.78968913371861,4.590791599332526,3.0,1.8489984591679507,0.01848998459167951,1.0,1.073959938366718
Haram_Makkah,250,631,D_250_Haram_Makkah_0631,62500.0,21.407529672724856,39.8428646400433,0,0,0,1,0,1,0,1.3629962299006486,2.041395542802038,14.903727072814775,4.527417089670744,4.0,2.4653312788906008,0.024653312788906007,1.0,1.0986132511556241
Haram_Makkah,250,632,D_250_Haram_Makkah_0632,62500.0,21.409788230039734,39.84287759200576,0,0,0,0,0,1,0,1.341685261191542,1.988717270381489,15.02106043692887,4.477124467689428,1.0,0.6163328197226502,0.006163328197226502,1.0,1.024653312788906
Haram_Makkah,250,633,D_250_Haram_Makkah_0633,62500.0,21.412046786738944,39.84289054566852,0,0,0,0,0,0,0,1.3665577036751322,1.9101166736911612,15.1416126168512,4.440358261956345,0.0,0.0,0.0,1.0,1.0
Haram_Makkah,250,634,D_250_Haram_Makkah_0634,62500.0,21.414305342822434,39.84290350103168,0,0,0,0,0,0,0,1.4352144699831744,1.8140901447146005,15.265307354511576,4.417456223876429,0.0,0.0,0.0,1.0,1.0
Haram_Makkah,250,635,D_250_Haram_Makkah_0635,62500.0,21.41656389829015,39.84291645809537,0,0,0,0,0,0,0,1.5418174964062117,1.7487997024211475,15.392068886820343,4.408634424082499,0.0,0.0,0.0,1.0,1.0
Haram_Makkah,250,636,D_250_Haram_Makkah_0636,62500.0,21.418822453142052,39.8429294168597,0,0,0,0,0,0,0,1.5339409798238957,1.7177536916641887,15.521822077499168,4.413977285911863,0.0,0.0,0.0,1.0,1.0
Haram_Makkah,250,637,D_250_Haram_Makkah_0637,62500.0,21.421081007378074,39.84294237732479,0,0,0,0,0,0,0,1.532270529157104,1.7228044262955684,15.65449253711082,4.433433598903505,0.0,0.0,0.0,1.0,1.0
Haram_Makkah,250,638,D_250_Haram_Makkah_0638,62500.0,21.423339560998162,39.84295533949076,0,0,0,0,0,0,0,1.5237780863335142,1.5237780863335142,15.790006731581085,4.466818943188443,0.0,0.0,0.0,1.0,1.0
Haram_Makkah,250,639,D_250_Haram_Makkah_0639,62500.0,21.425598114002277,39.84296830335773,0,0,0,0,0,0,0,1.336804393981764,1.336804393981764,15.928292079576318,4.513824261816995,0.0,0.0,0.0,1.0,1.0
Haram_Makkah,250,640,D_250_Haram_Makkah_0640,62500.0,21.42785666639035,39.84298126892582,0,0,0,0,0,0,0,1.173538375660411,1.173538375660411,16.069277039158028,4.574029674358091,0.0,0.0,0.0,1.0,1.0
Haram_Makkah,250,641,D_250_Haram_Makkah_0641,62500.0,21.430115218162346,39.84299423619514,0,0,0,0,0,0,0,1.0451500612478575,1.0451500612478575,16.212891184182084,4.64692214882593,0.0,0.0,0.0,1.0,1.0
Haram_Makkah,250,642,D_250_Haram_Makkah_0642,62500.0,21.4323737693182,39.84300720516581,0,1,1,0,0,1,0,0.9656526196853217,0.9656526196853217,16.359065270945244,4.731915410548844,5.0,3.0816640986132513,0.030816640986132512,1.0,1.12326656394453
Haram_Makkah,250,643,D_250_Haram_Makkah_0643,62500.0,21.434632319857858,39.84302017583796,0,0,1,0,0,0,0,0.9474340680405412,0.9474340680405412,16.50773129560705,4.828370475422351,2.0,1.2326656394453004,0.012326656394453003,1.0,1.049306625577812
Haram_Makkah,250,644,D_250_Haram_Makkah_0644,62500.0,21.436890869781273,39.84303314821168,0,0,2,0,0,0,0,0.9938700340902594,0.9938700340902594,16.658822542931485,4.935615406742191,4.0,2.4653312788906008,0.024653312788906007,1.0,1.0986132511556241
Haram_Makkah,250,645,D_250_Haram_Makkah_0645,62500.0,21.439149419088395,39.84304612228712,0,0,1,2,3,0,0,0.8948794429742969,0.8948794429742969,16.812273626901266,5.052963233451389,14.0,8.628659476117104,0.08628659476117104,1.0,1.3451463790446843
Haram_Makkah,250,646,D_250_Haram_Makkah_0646,62500.0,21.441407967779163,39.84305909806439,0,1,2,2,2,0,0,0.8029222028955769,0.8029222028955769,16.96802052375932,5.179727351314174,16.0,9.861325115562403,0.09861325115562403,1.0,1.394453004622496
Haram_Makkah,250,647,D_250_Haram_Makkah_0647,62500.0,21.443666515853536,39.843072075543596,0,0,0,0,0,0,0,0.7833000129882445,0.7833000129882445,17.126000598027414,5.315234089792544,0.0,0.0,0.0,1.0,1.0
Haram_Makkah,250,648,D_250_Haram_Makkah_0648,62500.0,21.445925063311446,39.84308505472486,0,0,0,0,0,0,0,0.8410908136414772,0.8410908136414772,17.286152622042678,5.45883242320493,0.0,0.0,0.0,1.0,1.0
Haram_Makkah,250,649,D_250_Haram_Makkah_0649,62500.0,21.448183610152856,39.84309803560831,0,0,0,0,0,0,0,0.8063281590034163,0.8063281590034163,17.44841678953912,5.609868027360017,0.0,0.0,0.0,1.0,1.0
Haram_Makkah,250,650,D_250_Haram_Makkah_0650,62500.0,21.450442156377704,39.843111018194044,0,0,1,0,0,0,0,0.6008028052063051,0.6008028052063051,17.61273472378405,5.767622781706881,2.0,1.2326656394453004,0.012326656394453003,1.0,1.049306625577812
Haram_Makkah,250,651,D_250_Haram_Makkah_0651,62500.0,21.452700701985943,39.843124002482206,0,0,0,0,0,0,0,0.4435796675747126,0.4435796675747126,17.779049480759824,5.931721994474477,0.0,0.0,0.0,1.0,1.0
Haram_Makkah,250,652,D_250_Haram_Makkah_0652,62500.0,21.454959246977513,39.8431369884729,0,0,0,0,0,0,0,0.3969405902998831,0.3969405902998831,17.947305547859376,6.101653799372783,0.0,0.0,0.0,1.0,1.0
Haram_Makkah,250,653,D_250_Haram_Makkah_0653,62500.0,21.39396617896509,39.84519857940659,0,0,0,0,0,0,0,1.8802268112821807,1.8802268112821807,14.040502171549868,4.868050312981995,0.0,0.0,0.0,1.0,1.0
Haram_Makkah,250,654,D_250_Haram_Makkah_0654,62500.0,21.396224738568566,39.84521155819162,0,0,0,0,0,0,0,2.0240226075619963,2.0240226075619963,14.138489212720511,4.742894880246106,0.0,0.0,0.0,1.0,1.0
Haram_Makkah,250,655,D_250_Haram_Makkah_0655,62500.0,21.398483297556645,39.84522453868109,0,0,0,0,0,0,0,2.017830834011451,2.0412706231509263,14.240191473682227,4.627870983552302,0.0,0.0,0.0,1.0,1.0
Haram_Makkah,250,656,D_250_Haram_Makkah_0656,62500.0,21.40074185592928,39.845237520875116,0,0,0,0,0,0,0,1.874567121247618,2.027468637650654,14.345529937790715,4.5237515223259095,0.0,0.0,0.0,1.0,1.0
Haram_Makkah,250,657,D_250_Haram_Makkah_0657,62500.0,21.403000413686417,39.84525050477383,0,0,0,0,0,1,0,1.7553810154601237,2.0115626333905428,14.454425107383807,4.431305206266728,1.0,0.6163328197226502,0.006163328197226502,1.0,1.024653312788906
Haram_Makkah,250,658,D_250_Haram_Makkah_0658,62500.0,21.40525897082801,39.84526349037734,0,0,0,1,0,2,0,1.6654498271677383,1.8931679395644405,14.566797217435447,4.351276114707873,5.0,3.0816640986132513,0.030816640986132512,1.0,1.12326656394453
Haram_Makkah,250,659,D_250_Haram_Makkah_0659,62500.0,21.407517527354,39.84527647768577,0,0,0,1,0,1,0,1.609684361664821,1.801883866051373,14.682566436519291,4.284360141464285,4.0,2.4653312788906008,0.024653312788906007,1.0,1.0986132511556241
Haram_Makkah,250,660,D_250_Haram_Makkah_0660,62500.0,21.409776083264337,39.845289466699235,0,0,0,0,0,0,0,1.5916797295824048,1.741977636503355,14.80165305470036,4.231179482970263,0.0,0.0,0.0,1.0,1.0
Haram_Makkah,250,661,D_250_Haram_Makkah_0661,62500.0,21.41203463855896,39.845302457417844,0,0,0,0,0,0,0,1.6030769621427534,1.7167372266655685,14.923977658139208,4.192256887697739,0.0,0.0,0.0,1.0,1.0
Haram_Makkah,250,662,D_250_Haram_Makkah_0662,62500.0,21.414293193237828,39.845315449841735,0,0,0,0,0,0,0,1.5182575774786633,1.72768264584702,15.049461290343782,4.167991819544486,0.0,0.0,0.0,1.0,1.0
Haram_Makkah,250,663,D_250_Haram_Makkah_0663,62500.0,21.41655174730088,39.84532844397101,0,0,0,0,0,0,0,1.47151500046378,1.7741442850294145,15.178025600138959,4.158640860080416,0.0,0.0,0.0,1.0,1.0
Haram_Makkah,250,664,D_250_Haram_Makkah_0664,62500.0,21.418810300748067,39.8453414398058,0,0,0,0,0,0,0,1.4664947056189666,1.8288301176388537,15.309592976542236,4.164304479558503,0.0,0.0,0.0,1.0,1.0
Haram_Makkah,250,665,D_250_Haram_Makkah_0665,62500.0,21.421068853579335,39.84535443734622,0,2,1,0,1,0,1,1.5036146602860054,1.6035409895035881,15.44408667083648,4.184921718958629,8.25,5.084745762711864,0.05084745762711864,1.0,1.2033898305084745
Haram_Makkah,250,666,D_250_Haram_Makkah_0666,62500.0,21.423327405794645,39.84536743659237,0,2,1,0,0,0,0,1.3825664672618352,1.3825664672618352,15.581430906217397,4.220273425875659,6.0,3.6979969183359014,0.03697996918335902,1.0,1.147919876733436
Haram_Makkah,250,667,D_250_Haram_Makkah_0667,62500.0,21.42558595739392,39.84538043754439,0,0,0,0,0,0,0,1.1733014820478134,1.1733014820478134,15.721550975464998,4.269993651575245,0.0,0.0,0.0,1.0,1.0
Haram_Makkah,250,668,D_250_Haram_Makkah_0668,62500.0,21.427844508377117,39.8453934402024,0,0,0,0,0,0,0,0.9832510865258782,0.9832510865258782,15.864373327146023,4.33358786455675,0.0,0.0,0.0,1.0,1.0
Haram_Makkah,250,669,D_250_Haram_Makkah_0669,62500.0,21.430103058744194,39.8454064445665,0,0,0,0,0,0,1,0.8257899433470017,0.8257899433470017,16.009825640898775,4.410455960008461,0.25,0.15408320493066255,0.0015408320493066254,1.0,1.0061633281972264
Haram_Makkah,250,670,D_250_Haram_Makkah_0670,62500.0,21.432361608495086,39.845419450636825,0,0,1,0,0,0,1,0.7225478267296698,0.7225478267296698,16.157836892384374,4.499917751527775,2.25,1.386748844375963,0.01386748844375963,1.0,1.0554699537750385
Haram_Makkah,250,671,D_250_Haram_Makkah_0671,62500.0,21.434620157629745,39.845432458413484,0,0,0,0,0,0,0,0.69801267416179,0.69801267416179,16.308337408510265,4.601238720807193,0.0,0.0,0.0,1.0,1.0
Haram_Makkah,250,672,D_250_Haram_Makkah_0672,62500.0,21.43687870614812,39.845445467896596,0,2,0,0,0,0,0,0.7598473693244043,0.7598473693244043,16.461258913544036,4.71365418345428,4.0,2.4653312788906008,0.024653312788906007,1.0,1.0986132511556241
Haram_Makkah,250,673,D_250_Haram_Makkah_0673,62500.0,21.439137254050156,39.84545847908629,0,0,0,0,0,0,0,0.8662308875366519,0.8662308875366519,16.61653456673956,4.836390571132223,0.0,0.0,0.0,1.0,1.0
Haram_Makkah,250,674,D_250_Haram_Makkah_0674,62500.0,21.4413958013358,39.84547149198267,0,0,1,0,0,0,0,1.0018886310863122,1.0018886310863122,16.774098992093982,4.96868310036747,2.0,1.2326656394453004,0.012326656394453003,1.0,1.049306625577812
Haram_Makkah,250,675,D_250_Haram_Makkah_0675,62500.0,21.443654348005,39.84548450658586,0,0,1,0,0,0,0,1.0326907494832478,1.0326907494832478,16.933888300844735,5.109789599114422,2.0,1.2326656394453004,0.012326656394453003,1.0,1.049306625577812
Haram_Makkah,250,676,D_250_Haram_Makkah_0676,62500.0,21.445912894057702,39.84549752289598,0,0,0,0,0,0,0,1.077183842486031,1.077183842486031,17.09584010730107,5.259000641049453,0.0,0.0,0.0,1.0,1.0
Haram_Makkah,250,677,D_250_Haram_Makkah_0677,62500.0,21.448171439493862,39.84551054091315,0,0,1,0,0,0,0,0.9538150202880245,0.9538150202880245,17.259893538585963,5.415448322345462,2.0,1.2326656394453004,0.012326656394453003,1.0,1.049306625577812
Haram_Makkah,250,678,D_250_Haram_Makkah_0678,62500.0,21.45042998431342,39.84552356063749,0,0,1,0,0,0,0,0.7877575792520004,0.7877575792520004,17.425989238842057,5.578703594892126,2.0,1.2326656394453004,0.012326656394453003,1.0,1.049306625577812
Haram_Makkah,250,679,D_250_Haram_Makkah_0679,62500.0,21.45268852851632,39.845536582069116,0,0,0,2,1,0,0,0.675544901846575,0.675544901846575,17.594069368430855,5.748198593240353,8.0,4.9306625577812015,0.04930662557781201,1.0,1.197226502311248
Haram_Makkah,250,680,D_250_Haram_Makkah_0680,62500.0,21.45494707210251,39.84554960520814,0,0,1,0,0,0,0,0.6458791103239258,0.6458791103239258,17.764077598627928,5.923397701910486,2.0,1.2326656394453004,0.012326656394453003,1.0,1.049306625577812
Haram_Makkah,250,681,D_250_Haram_Makkah_0681,62500.0,21.39621256554487,39.847623208947574,0,0,0,0,0,0,0,1.8336747348859377,1.8336747348859377,13.909656851269373,4.52529426258557,0.0,0.0,0.0,1.0,1.0
Haram_Makkah,250,682,D_250_Haram_Makkah_0682,62500.0,21.398471123124605,39.847636226463614,0,0,0,0,0,0,0,1.7932014065869284,1.7932014065869284,14.01302000672884,4.404591485975801,0.0,0.0,0.0,1.0,1.0
Haram_Makkah,250,683,D_250_Haram_Makkah_0683,62500.0,21.400729680088855,39.84764924568908,0,0,0,0,0,0,0,1.7774742204328495,1.7774742204328495,14.120053317813657,4.295062764811608,0.0,0.0,0.0,1.0,1.0
Haram_Makkah,250,684,D_250_Haram_Makkah_0684,62500.0,21.40298823643757,39.847662266624084,0,0,0,0,0,1,0,1.7838690377543767,1.7838690377543767,14.23067397162967,4.197582893643885,1.0,0.6163328197226502,0.006163328197226502,1.0,1.024653312788906
Haram_Makkah,250,685,D_250_Haram_Makkah_0685,62500.0,21.40524679217069,39.84767528926875,0,0,0,0,0,1,0,1.669902557623912,1.669902557623912,14.344798976483982,4.113008648708679,1.0,0.6163328197226502,0.006163328197226502,1.0,1.024653312788906
Haram_Makkah,250,686,D_250_Haram_Makkah_0686,62500.0,21.407505347288165,39.8476883136232,0,0,0,0,0,1,0,1.5656548697910582,1.5656548697910582,14.462345372195118,4.0421501876715356,1.0,0.6163328197226502,0.006163328197226502,1.0,1.024653312788906
Haram_Makkah,250,687,D_250_Haram_Makkah_0687,62500.0,21.40976390178995,39.84770133968754,0,0,0,0,0,0,0,1.496320751256905,1.496320751256905,14.583230425854598,3.985739095203505,0.0,0.0,0.0,1.0,1.0
Haram_Makkah,250,688,D_250_Haram_Makkah_0688,62500.0,21.41202245567598,39.84771436746191,0,0,0,0,0,0,0,1.378646015907399,1.4668593695319265,14.707371812886523,3.9443952806956712,0.0,0.0,0.0,1.0,1.0
Haram_Makkah,250,689,D_250_Haram_Makkah_0689,62500.0,21.414281008946215,39.847727396946404,0,0,0,0,0,0,0,1.2790289919293794,1.479654361438905,14.834687783415148,3.9185956828581983,0.0,0.0,0.0,1.0,1.0
Haram_Makkah,250,690,D_250_Haram_Makkah_0690,62500.0,21.416539561600587,39.84774042814116,0,0,0,0,0,0,0,1.2231784363756681,1.5336484762378721,14.9650973140947,3.908648119370115,0.0,0.0,0.0,1.0,1.0
Haram_Makkah,250,691,D_250_Haram_Makkah_0691,62500.0,21.418798113639056,39.847753461046274,0,3,0,0,0,0,0,1.217134262204858,1.5897455163206597,15.098520245681103,3.9146734367500144,6.0,3.6979969183359014,0.03697996918335902,1.0,1.147919876733436
Haram_Makkah,250,692,D_250_Haram_Makkah_0692,62500.0,21.42105666506156,39.847766495661894,0,12,1,5,6,0,1,1.2616125147015242,1.4952448995332297,15.234877406732217,3.936598291893243,53.25,32.81972265023113,0.32819722650231126,1.0,2.312788906009245
Haram_Makkah,250,693,D_250_Haram_Makkah_0693,62500.0,21.42331521586806,39.84777953198812,0,9,1,0,1,0,4,1.269831096761053,1.269831096761053,15.374090723912015,3.9741595472599514,23.0,14.175654853620955,0.14175654853620956,1.0,1.5670261941448382
Haram_Makkah,250,694,D_250_Haram_Makkah_0694,62500.0,21.42557376605849,39.84779257002508,0,0,0,0,0,0,0,1.0446063323584673,1.0446063323584673,15.516083319446155,4.026919679161487,0.0,0.0,0.0,1.0,1.0
Haram_Makkah,250,695,D_250_Haram_Makkah_0695,62500.0,21.427832315632802,39.84780560977288,0,0,0,0,0,0,0,0.8254532567995383,0.8254532567995383,15.660779596332773,4.094291159377735,0.0,0.0,0.0,1.0,1.0
Haram_Makkah,250,696,D_250_Haram_Makkah_0696,62500.0,21.43009086459095,39.84781865123164,0,0,0,0,0,0,0,0.6296978724274752,0.6296978724274752,15.808105311954074,4.175566799022537,0.0,0.0,0.0,1.0,1.0
Haram_Makkah,250,697,D_250_Haram_Makkah_0697,62500.0,21.43234941293287,39.8478316944015,0,4,2,0,0,0,0,0.4864830335360251,0.4864830335360251,15.957987640763115,4.2699527033024545,12.0,7.395993836671803,0.07395993836671803,1.0,1.2958397534668722
Haram_Makkah,250,698,D_250_Haram_Makkah_0698,62500.0,21.434607960658514,39.84784473928256,0,9,1,0,0,0,0,0.4492349867242508,0.4492349867242508,16.11035522673743,4.376600745302291,20.0,12.326656394453005,0.12326656394453005,1.0,1.4930662557781202
Haram_Makkah,250,699,D_250_Haram_Makkah_0699,62500.0,21.43686650776784,39.847857785874936,0,4,0,4,2,0,7,0.5336297180738406,0.5336297180738406,16.2651382262981,4.494638147740171,25.75,15.870570107858244,0.15870570107858245,1.0,1.6348228043143298
Haram_Makkah,250,700,D_250_Haram_Makkah_0700,62500.0,21.439125054260774,39.84787083417876,0,0,1,0,0,0,1,0.6512241856487928,0.6512241856487928,16.422268342391114,4.623192627877604,2.25,1.386748844375963,0.01386748844375963,1.0,1.0554699537750385
Haram_Makkah,250,701,D_250_Haram_Makkah_0701,62500.0,21.44138360013727,39.84788388419414,0,0,2,0,0,0,0,0.8223884191502352,0.8223884191502352,16.58167885041859,4.761412402827805,4.0,2.4653312788906008,0.024653312788906007,1.0,1.0986132511556241
Haram_Makkah,250,702,D_250_Haram_Makkah_0702,62500.0,21.443642145397295,39.8478969359212,0,0,1,0,0,0,0,1.02583557750036,1.02583557750036,16.743304616691915,4.908481034408005,2.0,1.2326656394453004,0.012326656394453003,1.0,1.049306625577812
Haram_Makkah,250,703,D_250_Haram_Makkah_0703,62500.0,21.445900690040773,39.84790998936006,0,0,1,0,0,0,0,1.246336452238548,1.246336452238548,16.907082110058333,5.063466057151399,2.0,1.2326656394453004,0.012326656394453003,1.0,1.049306625577812
Haram_Makkah,250,704,D_250_Haram_Makkah_0704,62500.0,21.44815923406766,39.84792304451084,0,0,1,0,0,0,0,1.137699910280497,1.137699910280497,17.07294940732773,5.225757531649588,2.0,1.2326656394453004,0.012326656394453003,1.0,1.049306625577812
Haram_Makkah,250,705,D_250_Haram_Makkah_0705,62500.0,21.450417777477913,39.84793610137365,0,0,1,0,0,0,0,1.002576678660629,1.002576678660629,17.240846193098818,5.394756254666233,2.0,1.2326656394453004,0.012326656394453003,1.0,1.049306625577812
Haram_Makkah,250,706,D_250_Haram_Makkah_0706,62500.0,21.452676320271465,39.84794915994861,0,1,0,0,0,0,0,0.9170381166211713,0.9170381166211713,17.410713754553765,5.5698517318622125,2.0,1.2326656394453004,0.012326656394453003,1.0,1.049306625577812
Haram_Makkah,250,707,D_250_Haram_Makkah_0707,62500.0,21.398458914013744,39.850047912536716,0,0,0,0,0,0,0,1.545754447585937,1.545754447585937,13.786638684278106,4.184335368520988,0.0,0.0,0.0,1.0,1.0
Haram_Makkah,250,708,D_250_Haram_Makkah_0708,62500.0,21.4007174695656,39.8500609687935,0,0,0,0,0,0,0,1.527481630642324,1.527481630642324,13.89541586998213,4.068881968255689,0.0,0.0,0.0,1.0,1.0
Haram_Makkah,250,709,D_250_Haram_Makkah_0709,62500.0,21.40297602450187,39.85007402676468,0,0,0,0,0,0,0,1.5498527193471516,1.5498527193471516,14.007810613677963,3.9658465006776202,0.0,0.0,0.0,1.0,1.0
Haram_Makkah,250,710,D_250_Haram_Makkah_0710,62500.0,21.405234578822512,39.85008708645039,0,0,0,0,0,0,0,1.4553570890070573,1.4553570890070573,14.1237365515499,3.8762193516721353,0.0,0.0,0.0,1.0,1.0
Haram_Makkah,250,711,D_250_Haram_Makkah_0711,62500.0,21.407493132527463,39.85010014785073,0,0,0,0,0,0,0,1.334453024974903,1.334453024974903,14.243107461734057,3.800949152201089,0.0,0.0,0.0,1.0,1.0
Haram_Makkah,250,712,D_250_Haram_Makkah_0712,62500.0,21.409751685616683,39.85011321096584,0,0,0,0,0,0,0,1.252383924843433,1.252383924843433,14.365837467945335,3.740902625431302,0.0,0.0,0.0,1.0,1.0
Haram_Makkah,250,713,D_250_Haram_Makkah_0713,62500.0,21.412010238090108,39.85012627579583,0,0,0,0,0,0,0,1.1646776068087894,1.217031681817616,14.491841226853811,3.696821668447024,0.0,0.0,0.0,1.0,1.0
Haram_Makkah,250,714,D_250_Haram_Makkah_0714,62500.0,21.414268789947688,39.85013934234082,0,0,0,0,0,0,0,1.0448560919190686,1.2324231147983988,14.621034099312451,3.669281734023713,0.0,0.0,0.0,1.0,1.0
Haram_Makkah,250,715,D_250_Haram_Makkah_0715,62500.0,21.41652734118937,39.85015241060092,0,0,0,0,0,0,0,0.9756918457376434,1.2967526183628704,14.753332305691998,3.6586563707159896,0.0,0.0,0.0,1.0,1.0
Haram_Makkah,250,716,D_250_Haram_Makkah_0716,62500.0,21.41878589181511,39.850165480576266,0,2,0,0,0,0,0,0.9681037665753963,1.3436779776471792,14.888653065710574,3.665092691095455,4.0,2.4653312788906008,0.024653312788906007,1.0,1.0986132511556241
Haram_Makkah,250,717,D_250_Haram_Makkah_0717,62500.0,21.421044441824844,39.85017855226697,0,5,0,0,1,0,1,1.0234623724768828,1.4103664166274854,15.026914723256088,3.6885013799186726,12.25,7.550077041602465,0.07550077041602465,1.0,1.3020030816640986
Haram_Makkah,250,718,D_250_Haram_Makkah_0718,62500.0,21.42330299121852,39.85019162567314,0,8,0,0,0,0,2,1.1325747449482306,1.170859485169935,15.168036856789618,3.7285627827626264,16.5,10.169491525423728,0.10169491525423728,1.0,1.4067796610169492
Haram_Makkah,250,719,D_250_Haram_Makkah_0719,62500.0,21.425561539996092,39.85020470079491,0,0,0,0,0,0,0,0.9368513429963993,0.9368513429963993,15.311940375989124,3.7847481316916203,0.0,0.0,0.0,1.0,1.0
Haram_Makkah,250,720,D_250_Haram_Makkah_0720,62500.0,21.427820088157507,39.85021777763239,0,0,0,0,0,0,0,0.7108509570667324,0.7108509570667324,15.45854760534649,3.856352734862805,0.0,0.0,0.0,1.0,1.0
Haram_Makkah,250,721,D_250_Haram_Makkah_0721,62500.0,21.430078635702703,39.8502308561857,0,3,0,0,0,0,0,0.485679863679427,0.485679863679427,15.607782355468743,3.9425365452997982,6.0,3.6979969183359014,0.03697996918335902,1.0,1.147919876733436
Haram_Makkah,250,722,D_250_Haram_Makkah_0722,62500.0,21.432337182631642,39.85024393645497,0,8,0,0,0,0,0,0.27614511026823874,0.27614511026823874,15.759569982858007,4.042367178568158,16.0,9.861325115562403,0.09861325115562403,1.0,1.394453004622496
Haram_Makkah,250,723,D_250_Haram_Makkah_0723,62500.0,21.43459572894426,39.85025701844031,0,1,0,0,0,0,0,0.20347592806959294,0.20347592806959294,15.913837438955975,4.154861056847235,2.0,1.2326656394453004,0.012326656394453003,1.0,1.049306625577812
Haram_Makkah,250,724,D_250_Haram_Makkah_0724,62500.0,21.436854274640506,39.850270102141835,0,0,0,0,0,0,1,0.3072540493595848,0.3072540493595848,16.070513309239207,4.27901956025517,0.25,0.15408320493066255,0.0015408320493066254,1.0,1.0061633281972264
Haram_Makkah,250,725,D_250_Haram_Makkah_0725,62500.0,21.439112819720336,39.85028318755967,0,0,0,2,1,1,1,0.47089893866829,0.47089893866829,16.22952784314295,4.413858447253036,9.25,5.701078582434515,0.05701078582434515,1.0,1.2280431432973806
Haram_Makkah,250,726,D_250_Haram_Makkah_0726,62500.0,21.44137136418368,39.85029627469393,0,0,0,0,0,0,0,0.6875767088492714,0.6875767088492714,16.39081297557476,4.558430035409955,0.0,0.0,0.0,1.0,1.0
Haram_Makkah,250,727,D_250_Haram_Makkah_0727,62500.0,21.443629908030506,39.850309363544746,0,1,0,0,0,0,1,0.9212912952291851,0.9212912952291851,16.55430234075685,4.711719059096628,2.25,1.386748844375963,0.01386748844375963,1.0,1.0554699537750385
Haram_Makkah,250,728,D_250_Haram_Makkah_0728,62500.0,21.445888451260746,39.850322454112224,0,1,1,4,6,0,0,1.147375520292845,1.1618061674729323,16.719931279108337,4.872899522822368,28.0,17.257318952234208,0.17257318952234207,1.0,1.6902927580893683
Haram_Makkah,250,729,D_250_Haram_Makkah_0729,62500.0,21.448146993874357,39.85033554639649,0,0,0,0,0,0,1,1.1733017473283343,1.3364277350453655,16.887636837847474,5.041329490044318,0.25,0.15408320493066255,0.0015408320493066254,1.0,1.0061633281972264
Haram_Makkah,250,730,D_250_Haram_Makkah_0730,62500.0,21.45040553587128,39.850348640397655,0,0,0,0,0,0,1,1.2234089976327231,1.2234089976327231,17.057357765959555,5.216306767710134,0.25,0.15408320493066255,0.0015408320493066254,1.0,1.0061633281972264
Haram_Makkah,250,731,D_250_Haram_Makkah_0731,62500.0,21.4007052243596,39.85247269018351,0,0,0,0,0,0,0,1.2774919411080836,1.2774919411080836,13.67165895938024,3.8456516729315786,0.0,0.0,0.0,1.0,1.0
Haram_Makkah,250,732,D_250_Haram_Makkah_0732,62500.0,21.402963777879425,39.852485785190744,0,0,0,0,0,0,0,1.3041583413505156,1.3041583413505156,13.785878089208525,3.7364655471263317,0.0,0.0,0.0,1.0,1.0
Haram_Makkah,250,733,D_250_Haram_Makkah_0733,62500.0,21.405222330783577,39.85249888191738,0,0,0,0,0,0,0,1.228353324099007,1.228353324099007,13.903654579981387,3.641196613779968,0.0,0.0,0.0,1.0,1.0
Haram_Makkah,250,734,D_250_Haram_Makkah_0734,62500.0,21.407480883071994,39.8525119803635,0,0,0,0,0,0,0,1.1114200737924804,1.1114200737924804,14.024898811341032,3.560962057582661,0.0,0.0,0.0,1.0,1.0
Haram_Makkah,250,735,D_250_Haram_Makkah_0735,62500.0,21.409739434744633,39.852525080529254,0,0,0,0,0,0,0,1.011412477563163,1.011412477563163,14.1495216405811,3.49679693017538,0.0,0.0,0.0,1.0,1.0
Haram_Makkah,250,736,D_250_Haram_Makkah_0736,62500.0,21.41199798580144,39.852538182414754,0,0,0,0,0,0,0,0.967293036836319,0.967293036836319,14.277434596109714,3.449598058647499,0.0,0.0,0.0,1.0,1.0
Haram_Makkah,250,737,D_250_Haram_Makkah_0737,62500.0,21.414256536242366,39.852551286020116,0,0,0,0,0,0,0,0.8200813029480032,0.9865882821388064,14.408550053183987,3.420067946922286,0.0,0.0,0.0,1.0,1.0
Haram_Makkah,250,738,D_250_Haram_Makkah_0738,62500.0,21.416515086067335,39.85256439134545,0,1,1,0,0,0,30,0.7299203165164226,1.0658597739830387,14.542781392293083,3.408665832390416,11.5,7.0878274268104775,0.07087827426810478,1.0,1.2835130970724191
Haram_Makkah,250,739,D_250_Haram_Makkah_0739,62500.0,21.41877363527633,39.8525774983909,0,3,0,0,0,0,2,0.7197457839278912,1.0993862872377416,14.680043140704445,3.4155732684640916,6.5,4.006163328197227,0.040061633281972264,1.0,1.160246533127889
Haram_Makkah,250,740,D_250_Haram_Makkah_0740,62500.0,21.42103218386928,39.852590607156564,0,1,0,0,3,0,2,0.7926438787378066,1.183317691420848,14.82025109780065,3.440679983315378,8.5,5.238828967642527,0.05238828967642527,1.0,1.2095531587057011
Haram_Makkah,250,741,D_250_Haram_Makkah_0741,62500.0,21.423290731846123,39.85260371764256,0,5,0,0,0,0,1,0.9292656474437515,1.117715551284369,14.963322444924424,3.483592505292164,10.25,6.317411402157165,0.06317411402157165,1.0,1.2526964560862865
Haram_Makkah,250,742,D_250_Haram_Makkah_0742,62500.0,21.42554927920683,39.852616829849026,0,0,0,0,0,0,0,0.8695208786709336,0.8695208786709336,15.109175840518132,3.5436640272842403,0.0,0.0,0.0,1.0,1.0
Haram_Makkah,250,743,D_250_Haram_Makkah_0743,62500.0,21.427807825951323,39.85262994377607,0,0,2,0,0,0,0,0.6227720797421993,0.6227720797421993,15.257731501393465,3.620040432593121,4.0,2.4653312788906008,0.024653312788906007,1.0,1.0986132511556241
Haram_Makkah,250,744,D_250_Haram_Makkah_0744,62500.0,21.43006637207957,39.85264305942381,0,7,1,4,5,0,0,0.3802940548683028,0.3802940548683028,15.408911270999393,3.711715335117932,38.0,23.42064714946071,0.2342064714946071,1.0,1.9368258859784284
Haram_Makkah,250,745,D_250_Haram_Makkah_0745,62500.0,21.432324917591504,39.85265617679237,0,7,1,0,0,0,0,0.15187456229880536,0.15187456229880536,15.5626386755733,3.817586767093873,16.0,9.861325115562403,0.09861325115562403,1.0,1.394453004622496
Haram_Makkah,250,746,D_250_Haram_Makkah_0746,62500.0,21.43458346248708,39.852669295881874,0,0,1,0,0,0,2,0.0,0.0,15.718838969064082,3.936509458851951,2.5,1.5408320493066257,0.015408320493066256,1.0,1.061633281972265
Haram_Makkah,250,747,D_250_Haram_Makkah_0747,62500.0,21.436842006766245,39.852682416692424,0,0,0,0,0,0,0,0.13103018326103694,0.13103018326103694,15.877439167708541,4.0673387755351165,0.0,0.0,0.0,1.0,1.0
Haram_Makkah,250,748,D_250_Haram_Makkah_0748,62500.0,21.439100550428947,39.85269553922415,0,0,0,0,0,0,0,0.378397712781796,0.378397712781796,16.03836807512544,4.208964565105311,0.0,0.0,0.0,1.0,1.0
Haram_Makkah,250,749,D_250_Haram_Makkah_0749,62500.0,21.441359093475132,39.85270866347717,0,2,0,0,0,0,0,0.6278540826908496,0.6278540826908496,16.201556298767123,4.360264266278417,4.0,2.4653312788906008,0.024653312788906007,1.0,1.0986132511556241
Haram_Makkah,250,750,D_250_Haram_Makkah_0750,62500.0,21.44361763590474,39.85272178945162,0,1,0,0,0,0,0,0.8776198888269579,0.8776198888269579,16.36693625853777,4.520150189922069,2.0,1.2326656394453004,0.012326656394453003,1.0,1.049306625577812
Haram_Makkah,250,751,D_250_Haram_Makkah_0751,62500.0,21.445876177717732,39.85273491714759,0,0,2,0,0,0,0,0.8973781647836878,1.1274895074357525,16.53444218835205,4.687921821779941,4.0,2.4653312788906008,0.024653312788906007,1.0,1.0986132511556241
Haram_Makkah,250,752,D_250_Haram_Makkah_0752,62500.0,21.448134718914048,39.852748046565225,0,0,0,0,0,0,0,0.9302977890691693,1.0875151897807454,16.704010131368868,4.8627630288539265,0.0,0.0,0.0,1.0,1.0
Haram_Makkah,250,753,D_250_Haram_Makkah_0753,62500.0,21.40295149657034,39.85489754189744,0,0,0,0,0,0,0,1.0604784330482608,1.0604784330482608,13.564922085746401,3.5099018651220484,0.0,0.0,0.0,1.0,1.0
Haram_Makkah,250,754,D_250_Haram_Makkah_0754,62500.0,21.405210048053988,39.854910675664854,0,0,0,0,0,0,0,0.9950061297215647,0.9950061297215647,13.684600366152026,3.408305898555448,0.0,0.0,0.0,1.0,1.0
Haram_Makkah,250,755,D_250_Haram_Makkah_0755,62500.0,21.407468598921856,39.854923811156645,0,0,0,0,0,0,0,0.9026318657088818,0.9026318657088818,13.807768218296752,3.322451970076993,0.0,0.0,0.0,1.0,1.0
Haram_Makkah,250,756,D_250_Haram_Makkah_0756,62500.0,21.40972714917391,39.854936948372924,0,0,0,0,0,0,0,0.7761732437637034,0.7761732437637034,13.934333107799727,3.253586496285156,0.0,0.0,0.0,1.0,1.0
Haram_Makkah,250,757,D_250_Haram_Makkah_0757,62500.0,21.41198569881009,39.85495008731381,0,0,0,0,0,0,0,0.7177363887084465,0.7177363887084465,14.06420332432809,3.2028055020793484,0.0,0.0,0.0,1.0,1.0
Haram_Makkah,250,758,D_250_Haram_Makkah_0758,62500.0,21.414244247830332,39.85496322797942,0,0,0,0,0,0,0,0.6150954674433878,0.7435362418993541,14.197288161369375,3.1709779374020215,0.0,0.0,0.0,1.0,1.0
Haram_Makkah,250,759,D_250_Haram_Makkah_0759,62500.0,21.416502796234596,39.85497637036988,0,10,1,4,8,0,12,0.488459577742048,0.818681476067206,14.333498077087697,3.1586767917643943,53.0,32.665639445300464,0.32665639445300465,1.0,2.3066255778120186
Haram_Makkah,250,760,D_250_Haram_Makkah_0760,62500.0,21.418761344022826,39.854989514485304,0,6,1,0,6,0,1,0.47312058093733345,0.8583879714434253,14.472744836926905,3.166129667302278,26.25,16.178736517719567,0.16178736517719566,1.0,1.6471494607087827
Haram_Makkah,250,761,D_250_Haram_Makkah_0761,62500.0,21.421019891194973,39.855002660325816,0,7,1,2,3,1,1,0.5780081393241966,0.9635457746168253,14.614941638737807,3.1931982502676313,29.25,18.02773497688752,0.1802773497688752,1.0,1.7211093990755009
Haram_Makkah,250,762,D_250_Haram_Makkah_0762,62500.0,21.42327843775098,39.855015807891526,0,2,1,3,2,1,4,0.7545486956741492,1.1158006139293515,14.760003221294697,3.2393908471891577,21.0,12.942989214175656,0.12942989214175657,1.0,1.5177195685670264
Haram_Makkah,250,763,D_250_Haram_Makkah_0763,62500.0,21.4255369836908,39.85502895718257,0,3,0,0,0,0,1,0.8714600840056808,0.8714600840056808,14.907845957131016,3.303905424825826,6.25,3.852080123266564,0.03852080123266564,1.0,1.1540832049306626
Haram_Makkah,250,764,D_250_Haram_Makkah_0764,62500.0,21.427795529014364,39.85504210819905,0,7,1,0,2,0,1,0.625476764458073,0.625476764458073,15.058387930667255,3.3856947664451598,20.25,12.480739599383668,0.12480739599383668,1.0,1.4992295839753467
Haram_Makkah,250,765,D_250_Haram_Makkah_0765,62500.0,21.430054073721642,39.8550552609411,0,4,1,0,3,0,2,0.38470727539090194,0.38470727539090194,15.211549002628988,3.483542313059334,16.5,10.169491525423728,0.10169491525423728,1.0,1.4067796610169492
Haram_Makkah,250,766,D_250_Haram_Makkah_0766,62500.0,21.43231261781257,39.85506841540884,0,7,0,0,1,0,1,0.17256359001957172,0.17256359001957172,15.367250861761208,3.5961375171446663,16.25,10.015408320493066,0.10015408320493066,1.0,1.4006163328197228
Haram_Makkah,250,767,D_250_Haram_Makkah_0767,62500.0,21.43457116128709,39.85508157160237,0,2,1,0,0,0,4,0.05879141075042414,0.05879141075042414,15.525417064839782,3.722142264550891,7.0,4.314329738058552,0.04314329738058552,1.0,1.1725731895223421
Haram_Makkah,250,768,D_250_Haram_Makkah_0768,62500.0,21.43682970414516,39.85509472952184,0,1,1,0,0,0,0,0.2085404479406453,0.2085404479406453,15.68597306596362,3.8602436494211942,4.0,2.4653312788906008,0.024653312788906007,1.0,1.0986132511556241
Haram_Makkah,250,769,D_250_Haram_Makkah_0769,62500.0,21.439088246386717,39.85510788916734,0,0,0,0,0,0,0,0.43399303546955387,0.43399303546955387,15.848846236084624,4.00917852579734,0.0,0.0,0.0,1.0,1.0
Haram_Makkah,250,770,D_250_Haram_Makkah_0770,62500.0,21.441346788011717,39.85512105053901,0,0,0,0,0,0,0,0.6638070259880811,0.6638070259880811,16.01396587369823,4.167537128734738,0.0,0.0,0.0,1.0,1.0
Haram_Makkah,250,771,D_250_Haram_Makkah_0771,62500.0,21.44360532902011,39.85513421363696,0,0,1,0,0,0,0,0.6956566329572058,0.9036900397062116,16.181263207577125,4.334537920822776,2.0,1.2326656394453004,0.012326656394453003,1.0,1.049306625577812
Haram_Makkah,250,772,D_250_Haram_Makkah_0772,62500.0,21.44586386941183,39.85514737846132,0,0,0,0,0,0,0,0.6473828517143484,0.9071925379402167,16.350671392386516,4.509220803500165,0.0,0.0,0.0,1.0,1.0
Haram_Makkah,250,773,D_250_Haram_Makkah_0773,62500.0,21.405197730633848,39.85732246768797,0,0,0,0,0,0,0,0.7721544583448923,0.7721544583448923,13.46662406407556,3.178015955915422,0.0,0.0,0.0,1.0,1.0
Haram_Makkah,250,774,D_250_Haram_Makkah_0774,62500.0,21.407456280077163,39.85733564022531,0,0,0,0,0,0,0,0.678612580042129,0.678612580042129,13.591767349099847,3.085761398973298,0.0,0.0,0.0,1.0,1.0
Haram_Makkah,250,775,D_250_Haram_Makkah_0775,62500.0,21.40971482890461,39.857348814491985,0,0,0,0,0,0,0,0.5540167947805221,0.5540167947805221,13.720324910911343,3.0114882378542127,0.0,0.0,0.0,1.0,1.0
Haram_Makkah,250,776,D_250_Haram_Makkah_0776,62500.0,21.411973377116144,39.857361990488144,0,0,0,2,1,0,0,0.4686525666636809,0.4686525666636809,13.852201689619308,2.956551944761821,8.0,4.9306625577812015,0.04930662557781201,1.0,1.197226502311248
Haram_Makkah,250,777,D_250_Haram_Makkah_0777,62500.0,21.414231924711707,39.857375168213885,0,1,1,0,0,0,0,0.4237403554716355,0.5072828082855052,13.987303801619873,2.922043359947886,4.0,2.4653312788906008,0.024653312788906007,1.0,1.0986132511556241
Haram_Makkah,250,778,D_250_Haram_Makkah_0778,62500.0,21.416490471691237,39.85738834766934,0,3,1,0,0,1,0,0.2634423081292088,0.5686994462877133,14.12553870221336,2.908689634999953,9.0,5.546995377503852,0.05546995377503852,1.0,1.221879815100154
Haram_Makkah,250,779,D_250_Haram_Makkah_0779,62500.0,21.4187490180547,39.85740152885463,0,7,1,0,2,1,2,0.23377804587040463,0.6245074943274349,14.266815328469251,2.916781340467055,21.5,13.25115562403698,0.13251155624036978,1.0,1.5300462249614792
Haram_Makkah,250,780,D_250_Haram_Makkah_0780,62500.0,21.42100756380204,39.85741471176986,0,8,1,2,7,1,5,0.4060818879850775,0.7626271439794879,14.411044223288014,2.946141779249162,40.25,24.80739599383667,0.2480739599383667,1.0,1.9922958397534667
Haram_Makkah,250,781,D_250_Haram_Makkah_0781,62500.0,21.423266108933184,39.85742789641517,0,0,1,3,2,1,1,0.6325763390833277,0.9477292392859312,14.558137641693067,2.996145753927543,16.25,10.015408320493066,0.10015408320493066,1.0,1.4006163328197228
Haram_Makkah,250,782,D_250_Haram_Makkah_0782,62500.0,21.425524653448107,39.857441082790665,0,3,2,4,3,2,4,0.8720109803130952,0.942241369069361,14.708009640444157,3.065783321456145,31.0,19.106317411402156,0.19106317411402154,1.0,1.764252696456086
Haram_Makkah,250,783,D_250_Haram_Makkah_0783,62500.0,21.42778319734673,39.857454270896476,0,7,1,1,8,0,10,0.7208309804992119,0.7208309804992119,14.86057615209841,3.153754170739898,37.5,23.112480739599384,0.23112480739599384,1.0,1.9244992295839753
Haram_Makkah,250,784,D_250_Haram_Makkah_0784,62500.0,21.430041740629026,39.85746746073271,0,6,2,0,0,0,6,0.5257145682870191,0.5257145682870191,15.015755044660049,3.258573823745586,17.5,10.785824345146379,0.10785824345146379,1.0,1.431432973805855
Haram_Makkah,250,785,D_250_Haram_Makkah_0785,62500.0,21.43230028329493,39.85748065229949,0,5,1,0,0,0,1,0.39110678252292785,0.39110678252292785,15.173466167957518,3.378674497512384,12.25,7.550077041602465,0.07550077041602465,1.0,1.3020030816640986
Haram_Makkah,250,786,D_250_Haram_Makkah_0786,62500.0,21.434558825344382,39.857493845596956,0,1,1,0,0,0,1,0.2990173708064447,0.2990173708064447,15.333631387869904,3.512489054143968,4.25,2.6194144838212634,0.026194144838212634,1.0,1.1047765793528506
Haram_Makkah,250,787,D_250_Haram_Makkah_0787,62500.0,21.436817366777344,39.8575070406252,0,0,1,0,0,0,3,0.3625099855233262,0.3625099855233262,15.496174609495945,3.6585129972192005,2.75,1.694915254237288,0.01694915254237288,1.0,1.0677966101694916
Haram_Makkah,250,788,D_250_Haram_Makkah_0788,62500.0,21.439075907593747,39.857520237384364,0,0,1,0,0,0,0,0.5462742819905082,0.5462742819905082,15.661021790320852,3.8150981244671343,2.0,1.2326656394453004,0.012326656394453003,1.0,1.049306625577812
Haram_Makkah,250,789,D_250_Haram_Makkah_0789,62500.0,21.441334447793555,39.85753343587455,0,0,0,0,0,0,0,0.6423307024611028,0.7674588275318566,15.828100944390716,3.9811841161871295,0.0,0.0,0.0,1.0,1.0
Haram_Makkah,250,790,D_250_Haram_Makkah_0790,62500.0,21.44359298737671,39.8575466360959,0,0,0,0,0,0,0,0.4719694238408024,0.8445752268359356,15.997342138453497,4.155680477930027,0.0,0.0,0.0,1.0,1.0
Haram_Makkah,250,791,D_250_Haram_Makkah_0791,62500.0,21.40970247393684,39.859760678881585,0,0,0,0,0,0,0,0.3693566209818051,0.3693566209818051,13.507553152322782,2.770793699404456,0.0,0.0,0.0,1.0,1.0
Haram_Makkah,250,792,D_250_Haram_Makkah_0792,62500.0,21.41196102071972,39.85977389193289,0,0,1,0,0,0,0,0.22164145100740884,0.22164145100740884,13.641487021279712,2.7109842714409202,2.0,1.2326656394453004,0.012326656394453003,1.0,1.049306625577812
Haram_Makkah,250,793,D_250_Haram_Makkah_0793,62500.0,21.414219566886583,39.85978710671864,0,0,0,0,0,0,0,0.2946617588799781,0.2946617588799781,13.778655382172113,2.673307635746527,0.0,0.0,0.0,1.0,1.0
Haram_Makkah,250,794,D_250_Haram_Makkah_0794,62500.0,21.416478112437375,39.85980032323898,0,5,0,2,2,0,3,0.07018851837651653,0.31874560571139515,13.91896260967671,2.6587048934925654,20.75,12.788906009244993,0.12788906009244994,1.0,1.5115562403697997
Haram_Makkah,250,795,D_250_Haram_Makkah_0795,62500.0,21.418736657372055,39.859813541494,0,8,0,0,2,1,2,0.1022803273141527,0.4101089019071687,14.062314749659672,2.667555005247679,21.5,13.25115562403698,0.13251155624036978,1.0,1.5300462249614792
Haram_Makkah,250,796,D_250_Haram_Makkah_0796,62500.0,21.420995201690562,39.859826761483845,0,9,0,0,3,0,2,0.3474357356030468,0.5998165233525025,14.208619641169005,2.69962732638462,24.5,15.10015408320493,0.1510015408320493,1.0,1.6040061633281972
Haram_Makkah,250,797,D_250_Haram_Makkah_0797,62500.0,21.423253745392845,39.859839983208616,0,1,0,0,0,2,1,0.5966254397799093,0.8224174195321148,14.357787019465476,2.754110690713647,4.25,2.6194144838212634,0.026194144838212634,1.0,1.1047765793528506
Haram_Makkah,250,798,D_250_Haram_Makkah_0798,62500.0,21.425512288478856,39.85985320666845,0,1,0,1,1,0,1,0.8462932354752165,1.0573367307594312,14.509728601364294,2.8297108848862687,7.25,4.4684129429892145,0.044684129429892146,1.0,1.1787365177195686
Haram_Makkah,250,799,D_250_Haram_Makkah_0799,62500.0,21.427770830948536,39.85986643186346,0,1,0,1,0,0,1,0.8791890706884218,0.8791890706884218,14.664358154183454,2.924790879256918,5.25,3.235747303543914,0.03235747303543914,1.0,1.1294298921417565
Haram_Makkah,250,800,D_250_Haram_Makkah_0800,62500.0,21.430029372801826,39.85987965879376,0,2,1,0,0,0,1,0.7278405916680675,0.7278405916680675,14.821591549596977,3.0375219641551707,6.25,3.852080123266564,0.03852080123266564,1.0,1.1540832049306626
Haram_Makkah,250,801,D_250_Haram_Makkah_0801,62500.0,21.432287914038685,39.85989288745948,0,5,1,0,0,0,0,0.6171321198839969,0.6171321198839969,14.981346803675637,3.1660192163133996,12.0,7.395993836671803,0.07395993836671803,1.0,1.2958397534668722
Haram_Makkah,250,802,D_250_Haram_Makkah_0802,62500.0,21.434546454659067,39.85990611786074,0,7,0,0,0,0,3,0.5477300968037052,0.5477300968037052,15.143544104367376,3.3084461116068287,14.75,9.090909090909092,0.09090909090909091,1.0,1.3636363636363638
Haram_Makkah,250,803,D_250_Haram_Makkah_0803,62500.0,21.4368049946629,39.85991934999766,0,0,1,0,0,0,0,0.5848165186660851,0.5848165186660851,15.308105827627323,3.462886322021373,2.0,1.2326656394453004,0.012326656394453003,1.0,1.049306625577812
Haram_Makkah,250,804,D_250_Haram_Makkah_0804,62500.0,21.439063534050142,39.85993258387035,0,0,0,0,0,0,0,0.7134510929733326,0.7134510929733326,15.474956543355956,3.627869202012492,0.0,0.0,0.0,1.0,1.0
Haram_Makkah,250,805,D_250_Haram_Makkah_0805,62500.0,21.41646571847311,39.86221229707392,0,2,1,0,4,0,1,0.06912642123455193,0.06912642123455193,13.713832310168774,2.4087233192308473,14.25,8.782742681047766,0.08782742681047767,1.0,1.3513097072419107
Haram_Makkah,250,806,D_250_Haram_Makkah_0806,62500.0,21.418724261974994,39.86222555239856,0,2,1,0,0,1,0,0.2671497938907612,0.2671497938907612,13.859306354228076,2.4184883758139293,7.0,4.314329738058552,0.04314329738058552,1.0,1.1725731895223421
Haram_Makkah,250,807,D_250_Haram_Makkah_0807,62500.0,21.420982804860664,39.86223880946289,0,2,1,0,5,2,0,0.4489105489944911,0.5127958293892957,14.007731743907163,2.4538182531083526,18.0,11.093990755007704,0.11093990755007704,1.0,1.4437596302003082
Haram_Makkah,250,808,D_250_Haram_Makkah_0808,62500.0,21.423241347130066,39.86225206826701,0,1,0,0,0,3,1,0.6608865303643852,0.7612818879378618,14.159015664875229,2.513635219085768,5.25,3.235747303543914,0.03235747303543914,1.0,1.1294298921417565
Haram_Makkah,250,809,D_250_Haram_Makkah_0809,62500.0,21.425499888783154,39.862265328811056,0,0,0,1,4,1,1,0.892760511579458,1.0105150484606424,14.313067476509005,2.5962472936854426,12.25,7.550077041602465,0.07550077041602465,1.0,1.3020030816640986
Haram_Makkah,250,810,D_250_Haram_Makkah_0810,62500.0,21.427758429819864,39.86227859109515,0,0,0,0,0,0,0,1.0730095719929467,1.0730095719929467,14.46979877455169,2.6995625581396725,0.0,0.0,0.0,1.0,1.0
Haram_Makkah,250,811,D_250_Haram_Makkah_0811,62500.0,21.43001697024015,39.862291855119395,0,2,0,0,0,0,0,0.9501219756123843,0.9501219756123843,14.629123438023731,2.8213074984216524,4.0,2.4653312788906008,0.024653312788906007,1.0,1.0986132511556241
Haram_Makkah,250,812,D_250_Haram_Makkah_0812,62500.0,21.432275510043958,39.86230512088393,0,3,0,0,0,0,0,0.8477045642705191,0.8477045642705191,14.790957661823422,2.959208339402765,6.0,3.6979969183359014,0.03697996918335902,1.0,1.147919876733436
Mina,250,1,D_250_Mina_0001,62500.0,21.409854683942793,39.86473520107377,0,1,0,0,0,1,4,0.1028201999676217,0.1028201999676217,13.08373016177015,2.2741277665171813,4.0,2.4653312788906008,0.024653312788906007,1.0,1.0986132511556241
Mina,250,2,D_250_Mina_0002,62500.0,21.412113227718493,39.86474849067307,0,5,1,2,2,0,9,0.08522215567260258,0.30099253667968684,13.222330019981372,2.203096755967382,24.25,14.946070878274268,0.14946070878274267,1.0,1.5978428351309706
Mina,250,3,D_250_Mina_0003,62500.0,21.414371770878077,39.86476178201687,0,0,1,0,0,0,5,0.16261843123284744,0.2968298865716338,13.36416953531297,2.1588454168521602,3.25,2.0030816640986133,0.020030816640986132,1.0,1.0801232665639446
Mina,250,4,D_250_Mina_0004,62500.0,21.41663031342151,39.86477507510528,0,3,0,0,0,0,0,0.19884354199786472,0.19884354199786472,13.509146663645115,2.14303330622115,6.0,3.6979969183359014,0.03697996918335902,1.0,1.147919876733436
Mina,250,5,D_250_Mina_0005,62500.0,21.41888885534873,39.86478836993842,0,6,1,0,0,1,0,0.3405429882208474,0.3405429882208474,13.657161483674438,2.1562861519943803,15.0,9.244992295839754,0.09244992295839755,1.0,1.3697996918335902
Mina,250,6,D_250_Mina_0006,62500.0,21.421147396659684,39.86480166651642,0,3,0,0,6,0,1,0.5633829066083846,0.5633829066083846,13.808116308984626,2.1980782940997137,18.25,11.248073959938367,0.11248073959938366,1.0,1.4499229583975346
Mina,250,7,D_250_Mina_0007,62500.0,21.403066591911784,39.8671070935857,0,1,0,0,0,0,0,0.3693503994525666,0.3693503994525666,12.47338703282303,2.4221312969849054,2.0,1.2326656394453004,0.012326656394453003,1.0,1.049306625577812
Mina,250,8,D_250_Mina_0008,62500.0,21.405325136094664,39.867120414992826,0,0,0,0,0,0,0,0.433215969023896,0.49983099321617674,12.603824827483297,2.2745764963050497,0.0,0.0,0.0,1.0,1.0
Mina,250,9,D_250_Mina_0009,62500.0,21.407583679661553,39.867133738148944,0,1,1,0,0,0,6,0.23918387898424587,0.3062258728420527,12.737834058158043,2.1460839814072825,5.5,3.389830508474576,0.03389830508474576,1.0,1.1355932203389831
Mina,250,10,D_250_Mina_0010,62500.0,21.409842222612397,39.86714706305417,0,11,0,0,3,1,5,0.1631025211885748,0.1631025211885748,12.875303208253298,2.040258481899416,30.25,18.64406779661017,0.1864406779661017,1.0,1.7457627118644068
Mina,250,11,D_250_Mina_0011,62500.0,21.412100764947148,39.86716038970863,0,4,1,2,3,0,3,0.1006382041152465,0.2905694058882696,13.016122652915664,1.9607735439545502,22.75,14.021571648690292,0.14021571648690292,1.0,1.5608628659476116
Mina,250,12,D_250_Mina_0012,62500.0,21.414359306665748,39.867173718112454,0,0,1,0,0,0,1,0.32534352525951105,0.4990480328660075,13.160184843953788,1.9109189172703438,2.25,1.386748844375963,0.01386748844375963,1.0,1.0554699537750385
Mina,250,13,D_250_Mina_0013,62500.0,21.41661784776815,39.86718704826575,0,0,1,0,0,1,0,0.44774960830754434,0.44774960830754434,13.307384466465138,1.893037064109216,3.0,1.8489984591679507,0.01848998459167951,1.0,1.073959938366718
Mina,250,14,D_250_Mina_0014,62500.0,21.418876388254294,39.86720038016865,0,0,1,0,3,1,0,0.5262228466835006,0.5262228466835006,13.457618569033835,1.9080271339267734,9.0,5.546995377503852,0.05546995377503852,1.0,1.221879815100154
Mina,250,15,D_250_Mina_0015,62500.0,21.42113492812414,39.867213713821265,0,0,0,0,12,0,1,0.6756026143044082,0.6916221923881669,13.610786669435788,1.9551331825505889,24.25,14.946070878274268,0.14946070878274267,1.0,1.5978428351309706
Mina,250,16,D_250_Mina_0016,62500.0,21.423393467377625,39.86722704922372,0,0,0,0,13,0,3,0.5632119175420807,0.8970908703336259,13.766790837816108,2.032123022658808,26.75,16.486902927580893,0.16486902927580893,1.0,1.6594761171032357
Mina,250,17,D_250_Mina_0017,62500.0,21.42565200601469,39.867240386376146,0,0,1,0,3,0,2,0.5422625226082193,1.120804533479442,13.925535759297171,2.1357673555257715,8.5,5.238828967642527,0.05238828967642527,1.0,1.2095531587057011
Mina,250,18,D_250_Mina_0018,62500.0,21.4279105440353,39.86725372527865,0,0,0,0,0,0,1,0.6291976023392267,1.3537479731841513,14.086928777939885,2.26240589078068,0.25,0.15408320493066255,0.0015408320493066254,1.0,1.0061633281972264
Mina,250,19,D_250_Mina_0019,62500.0,21.400795556863596,39.86950548598708,0,0,0,0,0,0,0,0.2028716498421702,0.48916557496219226,12.130696831499614,2.408472415586753,0.0,0.0,0.0,1.0,1.0
Mina,250,20,D_250_Mina_0020,62500.0,21.403054100217627,39.86951884268092,0,0,2,0,0,0,0,0.4442041041111732,0.5638851849579555,12.25968277848336,2.232200168970486,4.0,2.4653312788906008,0.024653312788906007,1.0,1.0986132511556241
Mina,250,21,D_250_Mina_0021,62500.0,21.405312642955682,39.86953220112849,0,3,0,0,0,0,1,0.26418373827663216,0.5167483007311724,12.392370154265409,2.071158084758728,6.25,3.852080123266564,0.03852080123266564,1.0,1.1540832049306626
Mina,250,22,D_250_Mina_0022,62500.0,21.407571185077703,39.86954556132993,0,10,0,1,1,0,3,0.14597336284874543,0.2735999881738788,12.528641356971422,1.9291640753888764,25.75,15.870570107858244,0.15870570107858245,1.0,1.6348228043143298
Mina,250,23,D_250_Mina_0023,62500.0,21.40982972658363,39.86955892328533,0,2,0,0,0,2,3,0.08766470640422593,0.08766470640422593,12.668380735630793,1.810704903478365,6.75,4.160246533127889,0.04160246533127889,1.0,1.1664098613251155
Mina,250,24,D_250_Mina_0024,62500.0,21.41208826747343,39.86957228699483,0,1,2,0,0,0,0,0.2559555585822109,0.2559555585822109,12.811474804806354,1.7206482688772193,6.0,3.6979969183359014,0.03697996918335902,1.0,1.147919876733436
Mina,250,25,D_250_Mina_0025,62500.0,21.414346807747034,39.86958565245856,0,1,1,0,0,0,0,0.45402956790163623,0.49833863505584647,12.957812426697442,1.6636131409975543,4.0,2.4653312788906008,0.024653312788906007,1.0,1.0986132511556241
Mina,250,26,D_250_Mina_0026,62500.0,21.41660534740439,39.86959901967663,0,0,0,1,5,0,0,0.6533476944397146,0.6974386491189474,13.107284962827404,1.643041965565495,13.0,8.012326656394453,0.08012326656394453,1.0,1.3204930662557781
Mina,250,27,D_250_Mina_0027,62500.0,21.41886388644545,39.86961238864916,0,0,0,3,4,0,0,0.5987556551660641,0.7502342580267779,13.259786397527224,1.66029067283982,17.0,10.477657935285054,0.10477657935285054,1.0,1.4191063174114023
Mina,250,28,D_250_Mina_0028,62500.0,21.421122424870166,39.86962575937626,0,0,0,0,19,0,10,0.4552392649543744,0.8742323572993151,13.415213435474467,1.7142179954802945,40.5,24.961479198767336,0.24961479198767336,1.0,1.9984591679506933
Mina,250,29,D_250_Mina_0029,62500.0,21.423380962678483,39.869639131858094,0,0,0,0,11,0,11,0.3338349319813034,1.0443720540024255,13.573465575549276,1.8015331120293225,24.75,15.254237288135593,0.15254237288135594,1.0,1.6101694915254239
Mina,250,30,D_250_Mina_0030,62500.0,21.42563949987033,39.86965250609474,4,0,0,0,0,0,1,0.29713084857510774,1.2418308096570052,13.734445163234952,1.9176808314856861,16.25,10.015408320493066,0.10015408320493066,1.0,1.4006163328197228
Mina,250,31,D_250_Mina_0031,62500.0,21.427898036445686,39.86966588208634,0,0,0,0,0,0,1,0.4360363752474852,1.4555323879754447,13.898057423726332,2.0577847285751756,0.25,0.15408320493066255,0.0015408320493066254,1.0,1.0061633281972264
Mina,250,32,D_250_Mina_0032,62500.0,21.43015657240447,39.86967925983301,0,0,0,0,0,0,0,0.6457311359249822,1.6464286675922473,14.064210477822112,2.2168779955232223,0.0,0.0,0.0,1.0,1.0
Mina,250,33,D_250_Mina_0033,62500.0,21.398524489410807,39.87190380432226,0,1,0,2,1,0,0,0.20810648493601996,0.5442435988364531,11.788648233148352,2.4455648922261353,10.0,6.163328197226503,0.061633281972265024,1.0,1.2465331278890601
Mina,250,34,D_250_Mina_0034,62500.0,21.40078303193202,39.8719171962931,0,1,0,2,1,0,0,0.2815468972893847,0.6634973571728199,11.916091782803559,2.245381248510011,10.0,6.163328197226503,0.061633281972265024,1.0,1.2465331278890601
Mina,250,35,D_250_Mina_0035,62500.0,21.403041573837253,39.8719305900224,0,2,1,0,0,0,1,0.3805765989421495,0.79026153016224,12.047375630712487,2.055167917438853,6.25,3.852080123266564,0.03852080123266564,1.0,1.1540832049306626
Mina,250,36,D_250_Mina_0036,62500.0,21.405300115126465,39.87194398551031,0,0,1,2,3,0,5,0.13158384826026218,0.610828514920042,12.182375622134288,1.8790139399641312,15.25,9.399075500770415,0.09399075500770415,1.0,1.3759630200308166
Mina,250,37,D_250_Mina_0037,62500.0,21.407558655799605,39.87195738275693,0,3,0,0,7,0,3,0.12161443410872623,0.42536998232082185,12.320969605110566,1.721241297520224,20.75,12.788906009244993,0.12788906009244994,1.0,1.5115562403697997
Mina,250,38,D_250_Mina_0038,62500.0,21.40981719585661,39.87197078176239,0,0,0,1,5,0,0,0.32394501000236103,0.3372947806886563,12.46303768033079,1.587340487103722,13.0,8.012326656394453,0.08012326656394453,1.0,1.3204930662557781
Mina,250,39,D_250_Mina_0039,62500.0,21.41207573529744,39.871984182526816,0,3,0,0,4,0,1,0.4142413744424876,0.4142413744424876,12.608462413499582,1.4837884079976693,14.25,8.782742681047766,0.08782742681047767,1.0,1.3513097072419107
Mina,250,40,D_250_Mina_0040,62500.0,21.414334274122027,39.87199758505033,0,0,0,0,3,1,0,0.5621557766509292,0.595335253046713,12.757129012592074,1.417253067528109,7.0,4.314329738058552,0.04314329738058552,1.0,1.1725731895223421
Mina,250,41,D_250_Mina_0041,62500.0,21.416592812330336,39.872010989333035,0,0,0,0,6,0,0,0.5162635987995845,0.8137887998371484,12.90892547252501,1.3930486262609107,12.0,7.395993836671803,0.07395993836671803,1.0,1.2958397534668722
Mina,250,42,D_250_Mina_0042,62500.0,21.418851349922296,39.87202439537508,2,0,0,0,6,0,3,0.44427638298369976,0.9868092011439156,13.063742689845498,1.4133515814676076,20.75,12.788906009244993,0.12788906009244994,1.0,1.5115562403697997
Mina,250,43,D_250_Mina_0043,62500.0,21.421109886897874,39.87203780317657,0,0,0,0,7,0,8,0.24665458184345698,1.084077106157316,13.221474550055992,1.4763268305312902,16.0,9.861325115562403,0.09861325115562403,1.0,1.394453004622496
Mina,250,44,D_250_Mina_0044,62500.0,21.423368423257003,39.87205121273763,3,0,0,0,7,0,8,0.12383179045933392,1.2254199054718133,13.382017990163702,1.5768700416509096,28.0,17.257318952234208,0.17257318952234207,1.0,1.6902927580893683
Mina,250,45,D_250_Mina_0045,62500.0,21.425626958999626,39.87206462405838,8,0,0,0,2,0,5,0.0867458294357582,1.3975280739071667,13.545273038973843,1.708361011603144,37.25,22.95839753466872,0.2295839753466872,1.0,1.9183359013867487
Mina,250,46,D_250_Mina_0046,62500.0,21.427885494125704,39.872078037138955,0,0,0,0,0,0,0,0.3307050321487409,1.5904450603497136,13.711142837547799,1.8638876203218653,0.0,0.0,0.0,1.0,1.0
Mina,250,47,D_250_Mina_0047,62500.0,21.430144028635183,39.872091451979465,0,0,0,0,0,0,0,0.5798334223313639,1.7974833135867856,13.879533642126631,2.0380801140352904,0.0,0.0,0.0,1.0,1.0
Mina,250,48,D_250_Mina_0048,62500.0,21.432402562528,39.87210486858004,0,0,0,0,0,0,0,0.8294864537872237,1.8319191600319544,14.050354811683995,2.226760885515797,0.0,0.0,0.0,1.0,1.0
Mina,250,49,D_250_Mina_0049,62500.0,21.396253389565484,39.87430204860121,0,0,0,0,0,0,0,0.28293387032965217,0.28293387032965217,11.447298751760997,2.529463016064608,0.0,0.0,0.0,1.0,1.0
Mina,250,50,D_250_Mina_0050,62500.0,21.398511931249885,39.87431547583932,0,0,0,0,0,0,0,0.31476852301425995,0.31476852301425995,11.573100920814417,2.31025912590306,0.0,0.0,0.0,1.0,1.0
Mina,250,51,D_250_Mina_0051,62500.0,21.400770472318328,39.87432890484063,0,0,0,0,0,0,0,0.3950587497005772,0.4930586893884348,11.702891998760057,2.0979540767133296,0.0,0.0,0.0,1.0,1.0
Mina,250,52,D_250_Mina_0052,62500.0,21.403029012770762,39.87434233560529,0,1,1,0,0,0,0,0.4427508848021484,0.6169258756504784,11.83654076772132,1.8946537265125878,4.0,2.4653312788906008,0.024653312788906007,1.0,1.0986132511556241
Mina,250,53,D_250_Mina_0053,62500.0,21.40528755260712,39.874355768133405,0,1,1,0,0,1,3,0.29972582584112323,0.6292811700705756,11.973918053720572,1.7019667920078856,5.75,3.5439137134052388,0.03543913713405239,1.0,1.1417565485362096
Mina,250,54,D_250_Mina_0054,62500.0,21.407546091827363,39.8743692024251,0,0,0,0,5,0,0,0.29548491016759104,0.6418896246166359,12.114897018485223,1.5259977650072722,10.0,6.163328197226503,0.061633281972265024,1.0,1.2465331278890601
Mina,250,55,D_250_Mina_0055,62500.0,21.409804630431438,39.87438263848049,0,0,0,0,3,0,0,0.45802521065696306,0.5872396762912724,12.259353407899976,1.3731887694402276,6.0,3.6979969183359014,0.03697996918335902,1.0,1.147919876733436
Mina,250,56,D_250_Mina_0056,62500.0,21.41206316841928,39.87439607629972,0,0,0,0,0,0,0,0.5433289472102247,0.5682697884080964,12.407165759796854,1.2520485670397707,0.0,0.0,0.0,1.0,1.0
Mina,250,57,D_250_Mina_0057,62500.0,21.41432170579085,39.87440951588288,0,0,0,0,0,0,0,0.3474411188965121,0.5572727910665437,12.558215573972365,1.1724350011561067,0.0,0.0,0.0,1.0,1.0
Mina,250,58,D_250_Mina_0058,62500.0,21.416580242546093,39.874422957230124,2,0,0,0,1,0,2,0.2668788439040257,0.650519311710889,12.712387447432866,1.1430582004629057,10.5,6.471494607087828,0.06471494607087828,1.0,1.2588597842835132
Mina,250,59,D_250_Mina_0059,62500.0,21.418838778684936,39.87443640034155,1,0,0,0,19,0,8,0.38305783316235464,0.7937770537050506,12.869569177907058,1.1677158333066624,44.0,27.11864406779661,0.2711864406779661,1.0,2.084745762711864
Mina,250,60,D_250_Mina_0060,62500.0,21.421097314207362,39.8744498452173,0,0,0,0,7,0,7,0.15719940403228957,0.9758386956114581,13.029651838641815,1.2431968810549077,15.75,9.70724191063174,0.0970724191063174,1.0,1.3882896764252697
Mina,250,61,D_250_Mina_0061,62500.0,21.423355849113292,39.874463291857474,12,0,0,0,2,0,9,0.11475465522321342,1.1829794202422428,13.192529827425394,1.3610718947852192,54.25,33.43605546995377,0.33436055469953774,1.0,2.337442218798151
Mina,250,62,D_250_Mina_0062,62500.0,21.425614383402678,39.87447674026222,7,0,0,0,2,0,6,0.22751469551224973,1.404143674123369,13.358100892671658,1.5111605061485534,33.5,20.647149460708782,0.20647149460708783,1.0,1.8258859784283512
Mina,250,63,D_250_Mina_0063,62500.0,21.42787291707548,39.87449019043164,0,0,0,0,0,0,0,0.3919233548004429,1.6336458020160536,13.526266139259643,1.6847253679398753,0.0,0.0,0.0,1.0,1.0
Mina,250,64,D_250_Mina_0064,62500.0,21.430131450131626,39.87450364236586,0,0,0,0,0,0,0,0.6168021525595025,1.8684158411094347,13.696930016663172,1.8756313751420195,0.0,0.0,0.0,1.0,1.0
Mina,250,65,D_250_Mina_0065,62500.0,21.432389982571078,39.874517096065006,0,0,0,0,0,0,0,0.8557370359906353,2.036145622930225,13.870000291732344,2.0791071510276087,0.0,0.0,0.0,1.0,1.0
Mina,250,66,D_250_Mina_0066,62500.0,21.43464851439378,39.87453055152921,0,0,0,0,0,0,0,1.0996030438890394,1.8242322427186548,14.045388008308704,2.2918071549524264,0.0,0.0,0.0,1.0,1.0
Mina,250,67,D_250_Mina_0067,62500.0,21.393982257339676,39.876700218833896,0,0,1,0,0,0,0,0.33749378525386015,0.33749378525386015,11.106712846707882,2.6581156214860737,2.0,1.2326656394453004,0.012326656394453003,1.0,1.049306625577812
Mina,250,68,D_250_Mina_0068,62500.0,21.396240798183296,39.87671368132955,0,0,2,0,0,0,0,0.08904888087921688,0.08904888087921688,11.230765177427251,2.424807773075632,4.0,2.4653312788906008,0.024653312788906007,1.0,1.0986132511556241
Mina,250,69,D_250_Mina_0069,62500.0,21.398499338410968,39.87672714559316,0,0,1,0,0,0,0,0.16418694006133142,0.16418694006133142,11.358965739969427,2.19517808287795,2.0,1.2326656394453004,0.012326656394453003,1.0,1.049306625577812
Mina,250,70,D_250_Mina_0070,62500.0,21.400757878022638,39.87674061162484,0,2,0,0,1,0,1,0.14944103374505224,0.4135033245181537,11.491175696728593,1.970512850688221,6.25,3.852080123266564,0.03852080123266564,1.0,1.1540832049306626
Mina,250,71,D_250_Mina_0071,62500.0,21.40301641701825,39.87675407942472,0,2,0,4,3,0,0,0.2495787507879863,0.3718227267321017,11.627258279765377,1.7527221610703527,22.0,13.559322033898304,0.13559322033898305,1.0,1.542372881355932
Mina,250,72,D_250_Mina_0072,62500.0,21.405274955397747,39.876767548992916,0,1,0,0,0,3,0,0.39198137082363793,0.39198137082363793,11.7670791327185,1.5447164960234079,5.0,3.0816640986132513,0.030816640986132512,1.0,1.12326656394453
Mina,250,73,D_250_Mina_0073,62500.0,21.40753349316109,39.87678102032957,0,0,0,0,2,0,0,0.5336970991957076,0.542260684570679,11.910506602447514,1.348950241234003,4.0,2.4653312788906008,0.024653312788906007,1.0,1.0986132511556241
Mina,250,74,D_250_Mina_0074,62500.0,21.409792030308207,39.87679449343477,0,0,0,0,0,0,0,0.49871529272513004,0.49871529272513004,12.05741198343295,1.1733051483032246,0.0,0.0,0.0,1.0,1.0
Mina,250,75,D_250_Mina_0075,62500.0,21.412050566839063,39.87680796830867,0,0,0,0,0,0,0,0.3336755226917688,0.3336755226917688,12.2076697182353,1.0288941581836437,0.0,0.0,0.0,1.0,1.0
Mina,250,76,D_250_Mina_0076,62500.0,21.41430910275359,39.876821444951375,5,0,1,0,0,0,0,0.22452515444402027,0.31458189027554995,12.361157557478416,0.9303770238209912,22.0,13.559322033898304,0.13559322033898305,1.0,1.542372881355932
Mina,250,77,D_250_Mina_0077,62500.0,21.416567638051756,39.87683492336301,4,0,1,0,7,0,3,0.030340257111636546,0.44187950094726924,12.517756682892205,0.893073134834758,32.75,20.184899845916796,0.20184899845916796,1.0,1.8073959938366717
Mina,250,78,D_250_Mina_0078,62500.0,21.418826172733485,39.87684840354371,0,0,0,0,12,0,3,0.19485022315518294,0.6264476372542311,12.67735179694005,0.9244229777938011,24.75,15.254237288135593,0.15254237288135594,1.0,1.6101694915254239
Mina,250,79,D_250_Mina_0079,62500.0,21.42108470679874,39.87686188549358,2,0,0,0,5,0,4,0.18472983897802453,0.8453495082422475,12.839831182483115,1.0181041496736645,19.0,11.710323574730355,0.11710323574730355,1.0,1.468412942989214
Mina,250,80,D_250_Mina_0080,62500.0,21.423343240247462,39.87687536921276,3,0,0,0,9,0,1,0.18173082708535943,1.077865919281898,13.00508673581043,1.1589370515680297,30.25,18.64406779661017,0.1864406779661017,1.0,1.7457627118644068
Mina,250,81,D_250_Mina_0081,62500.0,21.4256017730796,39.87688885470136,1,0,0,0,0,0,0,0.38861456337142186,1.3168044990861065,13.173013976202979,1.331476090485366,4.0,2.4653312788906008,0.024653312788906007,1.0,1.0986132511556241
Mina,250,82,D_250_Mina_0082,62500.0,21.4278603052951,39.87690234195951,0,0,0,0,0,0,0,0.5681918811348573,1.5592155840926594,13.343512035012585,1.5256218632319054,0.0,0.0,0.0,1.0,1.0
Mina,250,83,D_250_Mina_0083,62500.0,21.430118836893907,39.87691583098733,0,0,0,0,0,0,0,0.7414060919304414,1.8036996386708664,13.516483627031565,1.7341325092414899,0.0,0.0,0.0,1.0,1.0
Mina,250,84,D_250_Mina_0084,62500.0,21.43237736787598,39.876929321784935,0,0,0,0,0,0,0,0.9494861623612911,2.0495149512519824,13.691835006714733,1.9524110862329127,0.0,0.0,0.0,1.0,1.0
Mina,250,85,D_250_Mina_0085,62500.0,21.43463589824125,39.87694281435246,0,0,0,0,0,0,0,1.1740378834942145,1.9751656878871706,13.869475911597585,2.1775221100329105,0.0,0.0,0.0,1.0,1.0
Mina,250,86,D_250_Mina_0086,62500.0,21.43689442798968,39.876956308690026,0,0,0,0,0,0,0,1.4071979005255717,1.79114872978299,14.049319495038622,2.4075497979728633,0.0,0.0,0.0,1.0,1.0
Mina,250,87,D_250_Mina_0087,62500.0,21.39171109274545,39.879098315030284,0,0,1,0,0,0,0,0.6306762522802336,0.6306762522802336,10.766962979707088,2.8254157507768536,2.0,1.2326656394453004,0.012326656394453003,1.0,1.049306625577812
Mina,250,88,D_250_Mina_0088,62500.0,21.393969632744316,39.879111812773765,0,0,1,0,0,0,0,0.40838729570238,0.40838729570238,10.889146340171465,2.583038568027516,2.0,1.2326656394453004,0.012326656394453003,1.0,1.049306625577812
Mina,250,89,D_250_Mina_0089,62500.0,21.396228172127245,39.879125312289936,0,0,0,0,0,0,0,0.24659243985160106,0.24659243985160106,11.015649060720675,2.3422643580726206,0.0,0.0,0.0,1.0,1.0
Mina,250,90,D_250_Mina_0090,62500.0,21.398486710894176,39.879138813578926,0,3,1,0,0,0,0,0.2825517288795589,0.2825517288795589,11.146324077481461,2.103643601534503,8.0,4.9306625577812015,0.04930662557781201,1.0,1.197226502311248
Mina,250,91,D_250_Mina_0091,62500.0,21.400745249045055,39.87915231664085,0,2,0,2,3,0,1,0.06716350718662702,0.3612609710771393,11.281026400621958,1.8680017348644946,16.25,10.015408320493066,0.10015408320493066,1.0,1.4006163328197228
Mina,250,92,D_250_Mina_0092,62500.0,21.403003786579827,39.87916582147583,0,1,1,0,0,0,0,0.14459164630738816,0.14459164630738816,11.419613516350552,1.6366259684596445,4.0,2.4653312788906008,0.024653312788906007,1.0,1.0986132511556241
Mina,250,93,D_250_Mina_0093,62500.0,21.40526232349846,39.879179328084,0,1,0,0,0,0,0,0.19053608356467286,0.19053608356467286,11.56194573046003,1.4116156133367814,2.0,1.2326656394453004,0.012326656394453003,1.0,1.049306625577812
Mina,250,94,D_250_Mina_0094,62500.0,21.40752085980088,39.879192836465464,0,0,0,0,0,0,0,0.4203584828434501,0.4203584828434501,11.707886456802933,1.1965670557874661,0.0,0.0,0.0,1.0,1.0
Mina,250,95,D_250_Mina_0095,62500.0,21.40977939548704,39.879206346620364,0,0,0,0,0,0,1,0.38606747518187967,0.38606747518187967,11.857302454465609,0.9963144812522485,0.25,0.15408320493066255,0.0015408320493066254,1.0,1.0061633281972264
Mina,250,96,D_250_Mina_0096,62500.0,21.412037930556888,39.87921985854881,2,0,0,0,0,0,1,0.15192717856200616,0.15192717856200616,12.010064017646318,0.8213530077028476,8.25,5.084745762711864,0.05084745762711864,1.0,1.2033898305084745
Mina,250,97,D_250_Mina_0097,62500.0,21.414296465010374,39.87923337225093,6,0,1,0,0,1,3,0.09479406393497393,0.09479406393497393,12.166045122357943,0.6939733287181076,27.75,17.103235747303543,0.17103235747303544,1.0,1.6841294298921419
Mina,250,98,D_250_Mina_0098,62500.0,21.416554998847438,39.87924688772685,10,0,2,0,27,0,79,0.12565010095281232,0.28742324991229534,12.325123534088254,0.6430996802064726,117.75,72.57318952234206,0.7257318952234206,1.0,3.9029275808936825
Mina,250,99,D_250_Mina_0099,62500.0,21.41881353206804,39.87926040497669,10,0,1,0,43,0,72,0.10019407744792017,0.5289529973959376,12.487180880479903,0.6859704194724755,146.0,89.98459167950693,0.8998459167950693,1.0,4.599383667180277
Mina,250,100,D_250_Mina_0100,62500.0,21.421072064672117,39.87927392400057,4,0,0,0,1,0,5,0.15428980106652232,0.7758675288463539,12.652102692956198,0.80779553978765,19.25,11.864406779661017,0.11864406779661017,1.0,1.4745762711864407
Mina,250,101,D_250_Mina_0101,62500.0,21.423330596659614,39.87928744479863,0,0,0,0,2,0,0,0.3783196477070075,1.024280025765488,12.819778421033497,0.9784465206071512,4.0,2.4653312788906008,0.024653312788906007,1.0,1.0986132511556241
Mina,250,102,D_250_Mina_0102,62500.0,21.425589128030484,39.87930096737096,0,0,0,0,0,0,0,0.5342951577211275,1.2733140696804341,12.990101422840498,1.1777313291770906,0.0,0.0,0.0,1.0,1.0
Mina,250,103,D_250_Mina_0103,62500.0,21.427847658784675,39.879314491717714,0,0,0,0,0,0,0,0.7269570144894927,1.5226647263630135,13.162968935121338,1.393464952470005,0.0,0.0,0.0,1.0,1.0
Mina,250,104,D_250_Mina_0104,62500.0,21.43010618892214,39.879328017839,0,0,0,0,0,0,0,0.9186517789135903,1.7721983573443896,13.338282025742897,1.6190855640759783,0.0,0.0,0.0,1.0,1.0
Mina,250,105,D_250_Mina_0105,62500.0,21.432364718442816,39.87934154573495,0,0,0,0,0,0,0,1.0935090627265538,2.021847216442962,13.515945531465519,1.850981240811539,0.0,0.0,0.0,1.0,1.0
Mina,250,106,D_250_Mina_0106,62500.0,21.434623247346646,39.87935507540568,0,0,0,0,0,0,0,1.2932915563124614,2.1446994460388304,13.695867983476965,2.08706134166517,0.0,0.0,0.0,1.0,1.0
Mina,250,107,D_250_Mina_0107,62500.0,21.436881775633587,39.87936860685131,0,0,0,0,0,0,0,1.5081259990442146,1.9765297851122012,13.877961522936861,2.3260521348220506,0.0,0.0,0.0,1.0,1.0
Mina,250,108,D_250_Mina_0108,62500.0,21.439140303303585,39.87938214007197,0,0,0,0,0,0,0,1.7324217178150108,1.827184793345244,14.062141808536945,2.567140826668302,0.0,0.0,0.0,1.0,1.0
Mina,250,109,D_250_Mina_0109,62500.0,21.391698434945006,39.88150987018193,0,1,2,0,0,0,1,0.7587032775705965,0.7587032775705965,10.548314062674976,2.7774959498561422,6.25,3.852080123266564,0.03852080123266564,1.0,1.1540832049306626
Mina,250,110,D_250_Mina_0110,62500.0,21.393956973479202,39.88152340494095,0,0,1,0,0,0,0,0.5870760696002075,0.5870760696002075,10.673000785913645,2.5305331119443943,2.0,1.2326656394453004,0.012326656394453003,1.0,1.049306625577812
Mina,250,111,D_250_Mina_0111,62500.0,21.396215511397415,39.88153694147751,0,0,0,0,0,0,0,0.48855497090715394,0.48855497090715394,10.802035085454962,2.2842311419439776,0.0,0.0,0.0,1.0,1.0
Mina,250,112,D_250_Mina_0112,62500.0,21.398474048699594,39.88155047979176,0,2,1,0,0,0,0,0.35389768659421966,0.5076550085431565,10.935263060333146,2.0388295635011757,6.0,3.6979969183359014,0.03697996918335902,1.0,1.147919876733436
Mina,250,113,D_250_Mina_0113,62500.0,21.400732585385672,39.8815640198838,0,3,0,2,1,0,0,0.2030453742966774,0.37170430894863643,11.072533332980907,1.7946977651365434,14.0,8.628659476117104,0.08628659476117104,1.0,1.3451463790446843
Mina,250,114,D_250_Mina_0114,62500.0,21.40299112145561,39.88157756175376,0,1,0,0,0,0,0,0.16900103032013297,0.16900103032013297,11.21369745540069,1.5524349092202905,2.0,1.2326656394453004,0.012326656394453003,1.0,1.049306625577812
Mina,250,115,D_250_Mina_0115,62500.0,21.40524965690935,39.88159110540176,0,0,0,0,0,0,0,0.20966307068139028,0.20966307068139028,11.358610250930639,1.3130758647334582,0.0,0.0,0.0,1.0,1.0
Mina,250,116,D_250_Mina_0116,62500.0,21.407508191746846,39.88160465082794,0,0,0,0,0,0,0,0.4293668107409245,0.4293668107409245,11.507130095894162,1.0785556572218367,0.0,0.0,0.0,1.0,1.0
Mina,250,117,D_250_Mina_0117,62500.0,21.40976672596803,39.8816181980324,0,0,0,0,0,0,0,0.4120654371358975,0.4120654371358975,11.659119145763967,0.8528753630542598,0.0,0.0,0.0,1.0,1.0
Mina,250,118,D_250_Mina_0118,62500.0,21.412025259572864,39.88163174701528,5,0,0,0,0,0,1,0.209363831768258,0.209363831768258,11.81444351065282,0.6446846808949314,20.25,12.480739599383668,0.12480739599383668,1.0,1.4992295839753467
Mina,250,119,D_250_Mina_0119,62500.0,21.41428379256129,39.88164529777669,10,0,0,0,1,1,6,0.12274774786720437,0.12274774786720437,11.972973384990597,0.4718013941163974,44.5,27.426810477657934,0.27426810477657937,1.0,2.0970724191063175
Mina,250,120,D_250_Mina_0120,62500.0,21.416542324933257,39.88165885031677,14,0,0,1,8,0,44,0.08689004368287435,0.3081667662530854,12.134583136184773,0.3931599842300242,86.0,53.00462249614792,0.5300462249614791,1.0,3.1201848998459165
Mina,250,121,D_250_Mina_0121,62500.0,21.418800856688705,39.88167240463563,11,0,0,0,11,0,16,0.08859992415591443,0.5405052309523793,12.299151356913471,0.459948900324079,70.0,43.143297380585516,0.43143297380585516,1.0,2.7257318952234204
Mina,250,122,D_250_Mina_0122,62500.0,21.42105938782759,39.88168596073339,2,0,0,0,4,0,3,0.29518397308832567,0.7837889087955289,12.466560885486949,0.6260084726601446,16.75,10.323574730354391,0.10323574730354391,1.0,1.4129429892141756
Mina,250,123,D_250_Mina_0123,62500.0,21.42331791834986,39.8816995186102,0,0,0,0,1,0,0,0.507745984863942,1.0302932603947708,12.636698798453644,0.834613741726844,2.0,1.2326656394453004,0.012326656394453003,1.0,1.049306625577812
Mina,250,124,D_250_Mina_0124,62500.0,21.42557644825545,39.88171307826615,0,0,0,0,0,0,0,0.7086087765992329,1.278156231170074,12.809456379336574,1.061260377059409,0.0,0.0,0.0,1.0,1.0
Mina,250,125,D_250_Mina_0125,62500.0,21.42783497754432,39.881726639701384,0,0,0,0,0,0,0,0.8876466287973837,1.5267162474221885,12.984729067077724,1.296521144429691,0.0,0.0,0.0,1.0,1.0
Mina,250,126,D_250_Mina_0126,62500.0,21.430093506216416,39.88174020291601,0,0,0,0,0,0,0,1.0751333512483894,1.7756806157096188,13.162416387453323,1.5364441310995565,0.0,0.0,0.0,1.0,1.0
Mina,250,127,D_250_Mina_0127,62500.0,21.43235203427168,39.881753767910176,0,0,0,0,0,0,0,1.2708265688183578,2.02490019454562,13.342421870409675,1.779144192590153,0.0,0.0,0.0,1.0,1.0
Mina,250,128,D_250_Mina_0128,62500.0,21.434610561710063,39.881767334683985,0,0,0,0,0,0,0,1.4463198634391503,2.2742910866322483,13.52465295596427,2.0236223827740845,0.0,0.0,0.0,1.0,1.0
Mina,250,129,D_250_Mina_0129,62500.0,21.43686908853151,39.88178090323757,0,0,0,0,0,0,0,1.6412440789665153,2.174885332763121,13.709020891024993,2.2693040867414087,0.0,0.0,0.0,1.0,1.0
Mina,250,130,D_250_Mina_0130,62500.0,21.43912761473597,39.881794473571034,0,0,0,0,0,0,0,1.849465627176306,2.04011286164873,13.89544061920479,2.5158367451283987,0.0,0.0,0.0,1.0,1.0
Mina,250,131,D_250_Mina_0131,62500.0,21.391685742478916,39.88392142355615,0,0,0,4,2,1,1,0.8231729971415238,0.8231729971415238,10.33108742210956,2.751543809972252,17.25,10.631741140215716,0.10631741140215717,1.0,1.4252696456086287
Mina,250,132,D_250_Mina_0132,62500.0,21.393944279544435,39.883934995330584,0,0,0,2,1,0,0,0.8046964891829417,0.8046964891829417,10.458364285802872,2.5020206668563554,8.0,4.9306625577812015,0.04930662557781201,1.0,1.197226502311248
Mina,250,133,D_250_Mina_0133,62500.0,21.39620281599393,39.88394856888742,0,0,0,2,1,0,0,0.7042557834025028,0.7359103802802448,10.590014152296666,2.2526032710080197,8.0,4.9306625577812015,0.04930662557781201,1.0,1.197226502311248
Mina,250,134,D_250_Mina_0134,62500.0,21.398461351827336,39.88396214422679,0,1,0,0,1,0,0,0.535686531380443,0.7109299841757174,10.725875999522385,2.0033311198440806,4.0,2.4653312788906008,0.024653312788906007,1.0,1.0986132511556241
Mina,250,135,D_250_Mina_0135,62500.0,21.400719887044612,39.883975721348826,0,1,0,0,0,0,0,0.45049296481626383,0.5204024378866504,10.865791833475228,1.7542661300143276,2.0,1.2326656394453004,0.012326656394453003,1.0,1.049306625577812
Mina,250,136,D_250_Mina_0136,62500.0,21.40297842164569,39.88398930025364,0,0,0,0,0,0,0,0.4015170635435712,0.4015170635435712,11.009607094701591,1.5055111205484846,0.0,0.0,0.0,1.0,1.0
Mina,250,137,D_250_Mina_0137,62500.0,21.40523695563054,39.88400288094137,0,0,0,0,0,0,0,0.4202537415359146,0.4202537415359146,11.157170994073285,1.2572500997314981,0.0,0.0,0.0,1.0,1.0
Mina,250,138,D_250_Mina_0138,62500.0,21.407495488999093,39.88401646341212,0,0,0,0,0,0,0,0.45645068267897837,0.527394023777594,11.308336783200124,1.0098474599931266,0.0,0.0,0.0,1.0,1.0
Mina,250,139,D_250_Mina_0139,62500.0,21.40975402175129,39.88403004766602,2,0,0,0,0,0,0,0.23076461122341296,0.5617363737294259,11.462961965110221,0.7641374036351561,8.0,4.9306625577812015,0.04930662557781201,1.0,1.197226502311248
Mina,250,140,D_250_Mina_0140,62500.0,21.4120125538871,39.88404363370321,8,0,0,0,1,0,6,0.14235786398792832,0.42131761588267214,11.620908450928018,0.5225132063536629,35.5,21.879815100154083,0.21879815100154082,1.0,1.8751926040061633
Mina,250,141,D_250_Mina_0141,62500.0,21.41427108540645,39.88405722152379,13,0,0,0,1,0,106,0.01983842153650619,0.36802195154472633,11.782042668236135,0.2951849081401239,80.5,49.61479198767334,0.4961479198767334,1.0,2.9845916795069334
Mina,250,142,D_250_Mina_0142,62500.0,21.4165296163093,39.8840708111279,16,0,0,0,2,0,135,0.10944945521956877,0.46730266443122165,11.946235626649239,0.14343063730541777,101.75,62.71186440677966,0.6271186440677966,1.0,3.5084745762711864
Mina,250,143,D_250_Mina_0143,62500.0,21.418788146595592,39.884084402515654,7,0,0,0,5,0,12,0.13543264664977353,0.6529191401316468,12.11336294588378,0.27643375697684464,41.0,25.26964560862866,0.2526964560862866,1.0,2.010785824345146
Mina,250,144,D_250_Mina_0144,62500.0,21.421046676265274,39.88409799568719,7,0,0,0,6,0,9,0.3291123017671375,0.8669946278862539,12.283304851301088,0.506072239935495,42.25,26.040061633281972,0.26040061633281975,1.0,2.041602465331279
Mina,250,145,D_250_Mina_0145,62500.0,21.4233052053183,39.88411159064261,0,0,0,0,0,0,0,0.5592891080520628,1.0949241223242938,12.455946141553579,0.7488675464127987,0.0,0.0,0.0,1.0,1.0
Mina,250,146,D_250_Mina_0146,62500.0,21.425563733754597,39.88412518738206,0,0,0,0,0,0,0,0.8012877342407901,1.3308035101064415,12.63117613259233,0.9952367015475874,0.0,0.0,0.0,1.0,1.0
Mina,250,147,D_250_Mina_0147,62500.0,21.427822261574132,39.88413878590565,0,0,0,0,0,0,0,1.0375327938480512,1.5710560560895424,12.808888581912827,1.2430565482488387,0.0,0.0,0.0,1.0,1.0
Mina,250,148,D_250_Mina_0148,62500.0,21.43008078877685,39.88415238621351,0,0,0,0,0,0,0,1.1284064335197985,1.8139449496166162,12.988981596535714,1.49160419420881,0.0,0.0,0.0,1.0,1.0
Mina,250,149,D_250_Mina_0149,62500.0,21.432339315362697,39.88416598830575,0,0,0,0,0,0,0,1.2629837133184265,2.058537206149947,13.171357527849212,1.740567884978437,0.0,0.0,0.0,1.0,1.0
Mina,250,150,D_250_Mina_0150,62500.0,21.434597841331605,39.88417959218252,0,0,0,0,0,0,0,1.428969783097715,2.304290471700048,13.355922856085863,1.9897914594889852,0.0,0.0,0.0,1.0,1.0
Mina,250,151,D_250_Mina_0151,62500.0,21.436856366683546,39.88419319784393,0,0,0,0,0,0,0,1.6167193392500319,2.382977639404243,13.542588066872721,2.2391881435672842,0.0,0.0,0.0,1.0,1.0
Mina,250,152,D_250_Mina_0152,62500.0,21.43911489141845,39.884206805290084,0,0,0,0,0,0,0,1.8195076814357747,2.260645197172045,13.731267521983908,2.488705895104783,0.0,0.0,0.0,1.0,1.0
Mina,250,153,D_250_Mina_0153,62500.0,21.389414479138445,39.88631936814552,0,0,0,0,0,0,1,0.6921208922194401,0.6921208922194401,9.989984427937182,2.998064183059837,0.25,0.15408320493066255,0.0015408320493066254,1.0,1.0061633281972264
Mina,250,154,D_250_Mina_0154,62500.0,21.3916730153473,39.886332975148086,0,0,1,0,0,0,1,0.9056724736402121,0.9056724736402121,10.11537468815239,2.7481817488888822,2.25,1.386748844375963,0.01386748844375963,1.0,1.0554699537750385
Mina,250,155,D_250_Mina_0155,62500.0,21.39393155094013,39.8863465839378,0,0,0,0,0,1,0,0.9912855658670632,0.9912855658670632,10.245331682917872,2.498322838246824,1.0,0.6163328197226502,0.006163328197226502,1.0,1.024653312788906
Mina,250,156,D_250_Mina_0156,62500.0,21.396190085916885,39.88636019451478,0,0,0,0,0,1,0,0.8846992120384999,0.9846025675420206,10.379683882676167,2.24849529314281,1.0,0.6163328197226502,0.006163328197226502,1.0,1.024653312788906
Mina,250,157,D_250_Mina_0157,62500.0,21.398448620277517,39.88637380687917,0,0,0,0,0,0,0,0.7574143827708053,0.775957910250529,10.518262865871627,1.9987108751555538,0.0,0.0,0.0,1.0,1.0
Mina,250,158,D_250_Mina_0158,62500.0,21.400707154021973,39.886387421031074,0,0,1,0,0,0,0,0.5398579996650551,0.5398579996650551,10.660903804408925,1.7489880621790386,2.0,1.2326656394453004,0.012326656394453003,1.0,1.049306625577812
Mina,250,159,D_250_Mina_0159,62500.0,21.402965687150186,39.88640103697062,0,0,0,0,0,0,0,0.32524243438447786,0.32524243438447786,10.807445865612621,1.4993576360643568,0.0,0.0,0.0,1.0,1.0
Mina,250,160,D_250_Mina_0160,62500.0,21.405224219662124,39.88641465469793,0,0,0,0,0,0,0,0.21241144612832935,0.21241144612832935,10.957732536863363,1.2498749537470553,0.0,0.0,0.0,1.0,1.0
Mina,250,161,D_250_Mina_0161,62500.0,21.407482751557723,39.88642827421314,1,0,0,0,0,0,0,0.23879511055899602,0.33083924157861766,11.11161187950338,1.0006505279986175,4.0,2.4653312788906008,0.024653312788906007,1.0,1.0986132511556241
Mina,250,162,D_250_Mina_0162,62500.0,21.409741282836926,39.88644189551637,10,0,0,0,1,0,1,0.1993378124622417,0.42150469425960346,11.268936718786174,0.7519411934211476,42.25,26.040061633281972,0.26040061633281975,1.0,2.041602465331279
Mina,250,163,D_250_Mina_0163,62500.0,21.411999813499694,39.88645551860773,17,0,0,0,1,0,98,0.02855965094839974,0.38643846550411837,11.429564776634933,0.504509303723259,94.5,58.24345146379045,0.5824345146379045,1.0,3.329738058551618
Mina,250,164,D_250_Mina_0164,62500.0,21.414258343545963,39.88646914348737,19,0,0,0,2,0,148,0.05368499867501466,0.4958798238301737,11.593358753811625,0.26199945939454816,117.0,72.11093990755008,0.7211093990755008,1.0,3.884437596302003
Mina,250,165,D_250_Mina_0165,62500.0,21.416516872975688,39.88648277015538,14,0,0,0,5,0,132,0.04955025327536321,0.6754810157748239,11.760186367820335,0.084220097293659,99.0,61.016949152542374,0.6101694915254238,1.0,3.440677966101695
Mina,250,166,D_250_Mina_0166,62500.0,21.418775401788807,39.88649639861191,9,0,0,0,8,0,42,0.1771173982569812,0.8195587536977244,11.929920352506713,0.2561993875624522,62.5,38.52080123266564,0.3852080123266564,1.0,2.5408320493066254
Mina,250,167,D_250_Mina_0167,62500.0,21.42103392998527,39.88651002885708,2,0,0,0,4,0,5,0.42702105746078056,1.0023014387539795,12.10243842489771,0.49530961652725025,17.25,10.631741140215716,0.10631741140215717,1.0,1.4252696456086287
Mina,250,168,D_250_Mina_0168,62500.0,21.423292457565037,39.88652366089101,0,0,0,0,0,0,0,0.6705814406006485,1.208801260998415,12.277623224375604,0.7416367751543661,0.0,0.0,0.0,1.0,1.0
Mina,250,169,D_250_Mina_0169,62500.0,21.425550984528034,39.886537294713825,0,0,0,0,0,0,0,0.7300257849462259,1.4259707618827127,12.455362228815904,0.9898073531240127,0.0,0.0,0.0,1.0,1.0
Mina,250,170,D_250_Mina_0170,62500.0,21.427809510874223,39.88655093032565,0,0,0,0,0,0,0,0.7986867725908903,1.652444178363785,12.635547651855084,1.23871388396811,0.0,0.0,0.0,1.0,1.0
Mina,250,171,D_250_Mina_0171,62500.0,21.430068036603547,39.88656456772661,0,0,0,0,0,0,0,0.9136341399107094,1.884874242879977,12.818076325002405,1.4879870887787823,0.0,0.0,0.0,1.0,1.0
Mina,250,172,D_250_Mina_0172,62500.0,21.432326561715957,39.88657820691682,0,0,0,0,0,0,0,1.0754320631769871,2.12130385855878,13.002849567878334,1.7374691555274735,0.0,0.0,0.0,1.0,1.0
Mina,250,173,D_250_Mina_0173,62500.0,21.434585086211396,39.88659184789641,0,0,0,0,0,0,0,1.2662467782418405,2.3605315522568997,13.189773049456177,1.9870814166627264,0.0,0.0,0.0,1.0,1.0
Mina,250,174,D_250_Mina_0174,62500.0,21.43684361008981,39.88660549066552,0,0,0,0,0,0,1,1.4748585302687744,2.598468519942677,13.378756642806803,2.236780285697132,0.25,0.15408320493066255,0.0015408320493066254,1.0,1.0061633281972264
Mina,250,175,D_250_Mina_0175,62500.0,21.43910213335115,39.88661913522425,0,0,0,0,0,0,1,1.69470778165597,2.4867595233012585,13.569714275500932,2.486539671213862,0.25,0.15408320493066255,0.0015408320493066254,1.0,1.0061633281972264
Mina,250,176,D_250_Mina_0176,62500.0,21.441360655995357,39.886632781572736,0,0,0,0,0,0,0,1.9219420506623055,2.396019032546678,13.76256377750964,2.7363430023586837,0.0,0.0,0.0,1.0,1.0
Mina,250,177,D_250_Mina_0177,62500.0,21.389401718818053,39.88873088094,0,0,0,0,0,0,0,0.8640950038816652,0.8640950038816652,9.773138013395242,3.015774930672975,0.0,0.0,0.0,1.0,1.0
Mina,250,178,D_250_Mina_0178,62500.0,21.391660253550256,39.88874452495287,0,0,0,0,0,0,0,0.7915984761467763,0.7915984761467763,9.901274808839403,2.7674920978487543,0.0,0.0,0.0,1.0,1.0
Mina,250,179,D_250_Mina_0179,62500.0,21.393918787666383,39.88875817075775,0,0,0,0,0,1,2,0.7414269557115516,0.7414269557115516,10.034005135111524,2.5195488863752984,1.5,0.9244992295839753,0.009244992295839754,1.0,1.036979969183359
Mina,250,180,D_250_Mina_0180,62500.0,21.396177321166395,39.888771818354755,0,0,0,2,1,1,0,0.7731750861696851,0.7731750861696851,10.171149161364761,2.272056484776449,9.0,5.546995377503852,0.05546995377503852,1.0,1.221879815100154
Mina,250,181,D_250_Mina_0181,62500.0,21.39843585405024,39.88878546774402,0,0,0,0,0,0,0,0.7472756023933617,0.7472756023933617,10.312530798694263,2.025180176970539,0.0,0.0,0.0,1.0,1.0
Mina,250,182,D_250_Mina_0182,62500.0,21.40069438631786,39.88879911892567,0,0,0,0,0,0,0,0.4977517526381481,0.4977517526381481,10.457978183439874,1.7791764466668645,0.0,0.0,0.0,1.0,1.0
Mina,250,183,D_250_Mina_0183,62500.0,21.402952917969195,39.88881277189982,0,0,0,0,0,0,0,0.24918424624428998,0.24918424624428998,10.607324068613678,1.5344650232422499,0.0,0.0,0.0,1.0,1.0
Mina,250,184,D_250_Mina_0184,62500.0,21.405211449004216,39.88882642666662,3,0,0,0,0,0,1,0.037799072717749224,0.037799072717749224,10.760406131177284,1.2917805489840548,12.25,7.550077041602465,0.07550077041602465,1.0,1.3020030816640986
Mina,250,185,D_250_Mina_0185,62500.0,21.407469979422853,39.88884008322615,6,0,0,0,2,0,5,0.16651514275919244,0.256446390538663,10.91706720319905,1.0525260404917562,29.25,18.02773497688752,0.1802773497688752,1.0,1.7211093990755009
Mina,250,186,D_250_Mina_0186,62500.0,21.409728509225047,39.88885374157857,15,0,0,0,1,0,69,0.1024729702541486,0.22327858807322262,11.077155434968446,0.8197104031869803,79.25,48.84437596302003,0.48844375963020026,1.0,2.953775038520801
Mina,250,187,D_250_Mina_0187,62500.0,21.41198703841076,39.888867401724,18,0,0,0,5,0,154,0.14717537648794876,0.14717537648794876,11.24052439798685,0.6008653961351659,120.5,74.26810477657935,0.7426810477657935,1.0,3.970724191063174
Mina,250,188,D_250_Mina_0188,62500.0,21.414245566979936,39.88888106366255,17,0,0,0,8,0,144,0.21208024365255237,0.33051701372865305,11.40703313543992,0.41841383934018167,120.0,73.95993836671803,0.7395993836671804,1.0,3.9583975346687215
Mina,250,189,D_250_Mina_0189,62500.0,21.416504094932517,39.88889472739435,11,0,0,0,2,0,18,0.23086315879118774,0.5650081708575633,11.576546167329482,0.3342064587468416,52.5,32.357473035439135,0.3235747303543913,1.0,2.2942989214175653
Mina,250,190,D_250_Mina_0190,62500.0,21.41876262226845,39.88890839291954,1,0,0,0,5,0,0,0.2961849648913959,0.8088429822329621,11.748933456939723,0.4163145123399103,14.0,8.628659476117104,0.08628659476117104,1.0,1.3451463790446843
Mina,250,191,D_250_Mina_0191,62500.0,21.4210211489877,39.888922060238215,0,0,0,0,1,0,0,0.4909482533326418,1.0555660598367185,11.924070344764168,0.5996169739622547,2.0,1.2326656394453004,0.012326656394453003,1.0,1.049306625577812
Mina,250,192,D_250_Mina_0192,62500.0,21.423279675090185,39.88893572935052,0,0,0,0,0,0,0,0.4710968754710077,1.3035384319040684,12.101837455451587,0.8150138713251512,0.0,0.0,0.0,1.0,1.0
Mina,250,193,D_250_Mina_0193,62500.0,21.425538200575865,39.888949400256585,0,0,0,0,0,0,0,0.48888484250493125,1.5521614543025544,12.28212058276003,1.045916392686053,0.0,0.0,0.0,1.0,1.0
Mina,250,194,D_250_Mina_0194,62500.0,21.427796725444693,39.888963072956514,0,0,0,0,0,0,0,0.5694969913117738,1.7657651015469478,12.46481055695369,1.2839916629505046,0.0,0.0,0.0,1.0,1.0
Mina,250,195,D_250_Mina_0195,62500.0,21.430055249696622,39.88897674745045,0,0,0,0,0,0,0,0.7219096924213526,1.9849699097732199,12.649803098547853,1.5258859985475317,0.0,0.0,0.0,1.0,1.0
Mina,250,196,D_250_Mina_0196,62500.0,21.43231377333158,39.8889904237385,0,0,0,0,0,0,0,0.9181396325780852,2.210720401038789,12.836998661810226,1.7700343416443631,0.0,0.0,0.0,1.0,1.0
Mina,250,197,D_250_Mina_0197,62500.0,21.434572296349522,39.88900410182081,0,0,0,0,0,0,0,1.1356967754684129,2.441201310919095,13.026302270967161,2.0156177863467546,0.0,0.0,0.0,1.0,1.0
Mina,250,198,D_250_Mina_0198,62500.0,21.4368308187504,39.88901778169748,0,0,0,0,0,0,1,1.3644170721257045,2.675190271606322,13.217623351642716,2.26216899251015,0.25,0.15408320493066255,0.0015408320493066254,1.0,1.0061633281972264
Mina,250,199,D_250_Mina_0199,62500.0,21.43908934053416,39.88903146336865,0,0,0,0,0,0,1,1.5995189050482677,2.7170625951497636,13.410875559678328,2.509402725891439,0.25,0.15408320493066255,0.0015408320493066254,1.0,1.0061633281972264
Mina,250,200,D_250_Mina_0200,62500.0,21.44134786170075,39.88904514683445,0,0,0,0,0,0,0,1.8385558214276603,2.634267151136799,13.605976609139974,2.757135384914636,0.0,0.0,0.0,1.0,1.0
Mina,250,201,D_250_Mina_0201,62500.0,21.389388923836353,39.891142391942594,0,0,0,2,1,0,0,0.7215325507414152,0.7215325507414152,9.557911089109107,3.05391683239818,8.0,4.9306625577812015,0.04930662557781201,1.0,1.197226502311248
Mina,250,202,D_250_Mina_0202,62500.0,21.391647457087878,39.89115607296564,0,0,1,0,0,0,0,0.5645307830377486,0.5645307830377486,9.688894704691627,2.809007315473678,2.0,1.2326656394453004,0.012326656394453003,1.0,1.049306625577812
Mina,250,203,D_250_Mina_0203,62500.0,21.393905989723304,39.891169755785555,0,0,0,0,0,2,1,0.4917120989105459,0.4917120989105459,9.82449473560285,2.5650801503197416,2.25,1.386748844375963,0.01386748844375963,1.0,1.0554699537750385
Mina,250,204,D_250_Mina_0204,62500.0,21.396164521742556,39.891183440402465,0,0,0,0,0,0,1,0.5383925811457799,0.5383925811457799,9.964522719186041,2.3224448877732398,0.25,0.15408320493066255,0.0015408320493066254,1.0,1.0061633281972264
Mina,250,205,D_250_Mina_0205,62500.0,21.398423053145606,39.89119712681649,0,0,0,0,0,0,0,0.6804060219094302,0.6804060219094302,10.108794647852998,2.081553346883948,0.0,0.0,0.0,1.0,1.0
Mina,250,206,D_250_Mina_0206,62500.0,21.40068158393238,39.89121081502777,0,0,0,0,0,0,0,0.5711994800635107,0.5711994800635107,10.257131443232463,1.8430893670963089,0.0,0.0,0.0,1.0,1.0
Mina,250,207,D_250_Mina_0207,62500.0,21.402940114102833,39.891224505036405,1,0,0,0,0,0,0,0.32650048619397337,0.32650048619397337,10.409359329710679,1.608133232752554,4.0,2.4653312788906008,0.024653312788906007,1.0,1.0986132511556241
Mina,250,208,D_250_Mina_0208,62500.0,21.405198643656917,39.89123819684254,2,0,0,2,0,0,1,0.10749479623460138,0.10749479623460138,10.565310116902456,1.3784798052430394,14.25,8.782742681047766,0.08782742681047767,1.0,1.3513097072419107
Mina,250,209,D_250_Mina_0209,62500.0,21.407457172594576,39.891251890446284,7,0,0,0,3,0,32,0.1780480323228348,0.1780480323228348,10.724821400732417,1.1572902197126682,42.0,25.88597842835131,0.25885978428351314,1.0,2.035439137134053
Mina,250,210,D_250_Mina_0210,62500.0,21.409715700915754,39.891265585847776,8,0,0,0,4,0,112,0.1499863733917924,0.1499863733917924,10.887736692669174,0.9504918367994036,68.0,41.910631741140215,0.41910631741140214,1.0,2.6764252696456086
Mina,250,211,D_250_Mina_0211,62500.0,21.411974228620405,39.89127928304713,16,0,0,0,12,0,144,0.08806489722377374,0.08806489722377374,11.053905486305796,0.7697719214169947,124.0,76.42526964560862,0.7642526964560862,1.0,4.057010785824344
Mina,250,212,D_250_Mina_0212,62500.0,21.414232755708472,39.89129298204448,16,0,0,0,16,0,105,0.14495267192498223,0.3114057364018739,11.223183269975946,0.6361376212985224,122.25,75.346687211094,0.7534668721109399,1.0,4.0138674884437595
Mina,250,213,D_250_Mina_0213,62500.0,21.416491282179905,39.89130668283995,8,0,0,0,1,0,0,0.2571013982428037,0.5542507226873331,11.395431493486969,0.5842044927489477,34.0,20.955315870570107,0.20955315870570107,1.0,1.8382126348228043
Mina,250,214,D_250_Mina_0214,62500.0,21.41874980803464,39.89132038543365,5,0,0,0,5,0,0,0.3968485040260789,0.8013654599314433,11.570517496380242,0.6347587773830058,30.0,18.48998459167951,0.1848998459167951,1.0,1.7395993836671804
Mina,250,215,D_250_Mina_0215,62500.0,21.42100833327264,39.891334089825726,4,0,0,0,4,0,9,0.3934878387404914,1.049847292296759,11.748314404429596,0.7678167239527159,26.25,16.178736517719567,0.16178736517719566,1.0,1.6471494607087827
Mina,250,216,D_250_Mina_0216,62500.0,21.423266857893847,39.89134779601629,7,0,0,0,0,0,50,0.22871176558441866,1.2989118807350017,11.928701000386194,0.9492978129639793,40.5,24.961479198767336,0.24961479198767336,1.0,1.9984591679506933
Mina,250,217,D_250_Mina_0217,62500.0,21.425525381898197,39.89136150400547,5,0,0,0,0,0,38,0.25283651756805864,1.5482780146621737,12.111561574293434,1.1546270413776254,29.5,18.181818181818183,0.18181818181818182,1.0,1.7272727272727273
Mina,250,218,D_250_Mina_0218,62500.0,21.427783905285654,39.89137521379338,0,0,0,0,0,0,0,0.36844685575354363,1.7978202211172132,12.296785758042136,1.3739931203311917,0.0,0.0,0.0,1.0,1.0
Mina,250,219,D_250_Mina_0219,62500.0,21.430042428056165,39.89138892538016,0,0,0,0,0,0,0,0.5766973785386941,2.0474741229694815,12.48426834822428,1.6023578204491158,0.0,0.0,0.0,1.0,1.0
Mina,250,220,D_250_Mina_0220,62500.0,21.43230095020966,39.89140263876594,0,0,0,0,0,0,0,0.8089540452412184,2.2972033042378617,12.673909120778847,1.8363670860673353,0.0,0.0,0.0,1.0,1.0
Mina,250,221,D_250_Mina_0221,62500.0,21.4345594717461,39.89141635395083,0,0,0,0,0,0,0,1.049396697255552,2.542080881571125,12.865612640408846,2.0741112710817693,0.0,0.0,0.0,1.0,1.0
Mina,250,222,D_250_Mina_0222,62500.0,21.436817992665432,39.89143007093495,0,0,0,0,0,0,0,1.2934682868588583,2.769295509787615,13.059288067285081,2.3144396848622844,0.0,0.0,0.0,1.0,1.0
Mina,250,223,D_250_Mina_0223,62500.0,21.4390765129676,39.89144378971844,0,0,0,0,0,0,0,1.5394437274575252,2.950573734919098,13.254848963138778,2.556623661179413,0.0,0.0,0.0,1.0,1.0
Mina,250,224,D_250_Mina_0224,62500.0,21.44133503265255,39.89145751030142,0,0,0,0,0,0,0,1.7865368092785128,2.874512070385312,13.452213098479664,2.8001817860523666,0.0,0.0,0.0,1.0,1.0
Mina,250,225,D_250_Mina_0225,62500.0,21.389376094193455,39.89355390114845,0,0,0,0,0,1,0,0.5810990271362776,0.5810990271362776,9.344415559346583,3.11173867892763,1.0,0.6163328197226502,0.006163328197226502,1.0,1.024653312788906
Mina,250,226,D_250_Mina_0226,62500.0,21.3916346259603,39.893567619181546,0,0,0,0,0,0,0,0.3684587664264877,0.3684587664264877,9.478349980721601,2.871764559484984,0.0,0.0,0.0,1.0,1.0
Mina,250,227,D_250_Mina_0227,62500.0,21.393893157111,39.89358133901638,0,1,1,4,2,0,0,0.24258533709672117,0.24258533709672117,9.616919182790912,2.6336563489365292,20.0,12.326656394453005,0.12326656394453005,1.0,1.4930662557781202
Mina,250,228,D_250_Mina_0228,62500.0,21.396151687645492,39.89359506065306,0,0,1,0,0,0,0,0.327006772089097,0.327006772089097,9.759925756870206,2.3979699421538627,2.0,1.2326656394453004,0.012326656394453003,1.0,1.049306625577812
Mina,250,229,D_250_Mina_0229,62500.0,21.398410217563722,39.893608784091725,0,0,0,0,0,0,0,0.5291684157335275,0.5291684157335275,9.907177549176412,2.1654962301175007,0.0,0.0,0.0,1.0,1.0
Mina,250,230,D_250_Mina_0230,62500.0,21.400668746865644,39.89362250933249,0,0,0,0,0,0,0,0.587040718016688,0.587040718016688,10.058488117117394,1.937392061982503,0.0,0.0,0.0,1.0,1.0
Mina,250,231,D_250_Mina_0231,62500.0,21.4029272755512,39.89363623637549,2,0,0,0,0,0,1,0.3534834169655269,0.3534834169655269,10.213677076032825,1.7154014343623836,8.25,5.084745762711864,0.05084745762711864,1.0,1.2033898305084745
Mina,250,232,D_250_Mina_0232,62500.0,21.405185803620338,39.893649965220845,7,0,0,0,1,0,1,0.16983728843872792,0.16983728843872792,10.372570348026812,1.5022370519302972,30.25,18.64406779661017,0.1864406779661017,1.0,1.7457627118644068
Mina,250,233,D_250_Mina_0233,62500.0,21.40744433107302,39.893663695868675,10,0,0,0,5,0,68,0.08029403478902396,0.22836648088261646,10.535000324444786,1.3022404691038971,67.0,41.294298921417564,0.41294298921417566,1.0,2.6517719568567024
Mina,250,234,D_250_Mina_0234,62500.0,21.40970285790916,39.893677428319116,4,0,0,0,3,0,134,0.12152462215434008,0.3326975741208983,10.700805953167192,1.1224724132697632,55.5,34.20647149460709,0.3420647149460709,1.0,2.3682588597842837
Mina,250,235,D_250_Mina_0235,62500.0,21.411961384128734,39.89369116257228,12,0,0,0,12,0,116,0.05779169666908534,0.30543177543107025,10.869832761299737,0.9734722334995386,101.0,62.249614791987675,0.6224961479198767,1.0,3.489984591679507
Mina,250,236,D_250_Mina_0236,62500.0,21.41421990973168,39.8937048986283,17,0,0,0,5,0,58,0.11470453338078516,0.4416178266502297,11.041932823102652,0.8713621551979941,92.5,57.01078582434515,0.5701078582434514,1.0,3.280431432973806
Mina,250,237,D_250_Mina_0237,62500.0,21.416478434717945,39.89371863648731,14,0,0,0,2,0,58,0.241344115027313,0.6397109696670251,11.216964682176652,0.8342037051152471,74.5,45.91679506933744,0.4591679506933744,1.0,2.8366718027734974
Mina,250,238,D_250_Mina_0238,62500.0,21.418736959087475,39.89373237614941,15,0,0,0,4,0,117,0.14939574853785517,0.8650344078851929,11.394793236056765,0.8703560407929154,97.25,59.93836671802774,0.5993836671802774,1.0,3.3975346687211094
Mina,250,239,D_250_Mina_0239,62500.0,21.420995482840222,39.89374611761475,12,0,0,0,6,0,121,0.31954290966470766,1.1010626362465703,11.57528959049283,0.9716704450900172,90.25,55.62403697996918,0.5562403697996918,1.0,3.2249614791987673
Mina,250,240,D_250_Mina_0240,62500.0,21.423254005976133,39.893759860883435,12,0,0,0,0,0,133,0.08357678849073127,1.3301368085079757,11.758330889843947,1.1206102221460168,81.25,50.07704160246533,0.5007704160246533,1.0,3.0030816640986133
Mina,250,241,D_250_Mina_0241,62500.0,21.425512528495144,39.89377360595561,14,0,0,0,0,0,110,0.018776768024696206,1.5383659122143394,11.943800129202806,1.3009193234381824,83.5,51.463790446841294,0.514637904468413,1.0,3.058551617873652
Mina,250,242,D_250_Mina_0242,62500.0,21.427771050397222,39.89378735283139,3,0,0,0,0,0,27,0.26866214455368026,1.7573412429008024,12.131585953107352,1.5006930395348967,18.75,11.556240369799692,0.11556240369799692,1.0,1.4622496147919877
Mina,250,243,D_250_Mina_0243,62500.0,21.430029571682294,39.893801101510896,0,0,0,0,0,0,0,0.5186580075684862,1.9836649939284652,12.321582444999436,1.7122421233416385,0.0,0.0,0.0,1.0,1.0
Mina,250,244,D_250_Mina_0244,62500.0,21.432288092350323,39.89381485199426,0,0,0,0,0,0,0,0.7686565616149005,2.2150858611517292,12.51368891095687,1.9329942004523653,0.0,0.0,0.0,1.0,1.0
Mina,250,245,D_250_Mina_0245,62500.0,21.434546612401242,39.8938286042816,0,0,0,0,0,0,0,1.01865582539559,2.450159981799429,12.707809660657166,2.1601296417158564,0.0,0.0,0.0,1.0,1.0
Mina,250,246,D_250_Mina_0246,62500.0,21.436805131835012,39.89384235837305,0,0,0,0,0,0,0,1.2686553793332134,2.687929035623608,12.90385378802698,2.3918305874489674,0.0,0.0,0.0,1.0,1.0
Mina,250,247,D_250_Mina_0247,62500.0,21.43906365065157,39.893856114268736,0,0,0,0,0,0,2,1.518655080131703,2.927736508753057,13.101734953587822,2.62688923426426,0.5,0.3081664098613251,0.003081664098613251,1.0,1.012326656394453
Mina,250,248,D_250_Mina_0248,62500.0,21.441322168850867,39.893869871968775,0,0,0,0,0,0,0,1.7686548655146257,3.116292005256138,13.301371170121957,2.864479104327777,0.0,0.0,0.0,1.0,1.0
Mina,250,249,D_250_Mina_0249,62500.0,21.389363229889458,39.89596540855269,0,0,0,0,0,2,0,0.5289073046366856,0.5289073046366856,9.132772848604208,3.1881698813996118,2.0,1.2326656394453004,0.012326656394453003,1.0,1.049306625577812
Mina,250,250,D_250_Mina_0250,62500.0,21.391621760167624,39.89597916359572,0,0,0,0,0,0,0,0.2789779921711468,0.2789779921711468,9.269765699061054,2.9544104778861255,0.0,0.0,0.0,1.0,1.0
Mina,250,251,D_250_Mina_0251,62500.0,21.39388028982958,39.89599292044534,0,1,0,0,0,1,0,0.030240756168542465,0.030240756168542465,9.411406500984619,2.723537286512346,3.0,1.8489984591679507,0.01848998459167951,1.0,1.073959938366718
Mina,250,252,D_250_Mina_0252,62500.0,21.396138818875293,39.896006679101674,0,0,1,0,0,1,0,0.22136008346458044,0.22136008346458044,9.557488610407137,2.4963512233263057,3.0,1.8489984591679507,0.01848998459167951,1.0,1.073959938366718
Mina,250,253,D_250_Mina_0253,62500.0,21.398397347304705,39.89602043956484,0,0,0,0,0,0,0,0.34629801695210677,0.34629801695210677,9.70781153243865,2.2739576753718285,0.0,0.0,0.0,1.0,1.0
Mina,250,254,D_250_Mina_0254,62500.0,21.400655875117756,39.896034201834986,0,0,0,0,0,0,0,0.3681734064400606,0.3681734064400606,9.86218134900365,2.0579109768311548,0.0,0.0,0.0,1.0,1.0
Mina,250,255,D_250_Mina_0255,62500.0,21.402914402314405,39.89604796591222,3,0,0,0,6,1,3,0.5090527746221151,0.5175744815266786,10.020411028092717,1.850435534608505,25.75,15.870570107858244,0.15870570107858245,1.0,1.6348228043143298
Mina,250,256,D_250_Mina_0256,62500.0,21.405172928894594,39.896061731796664,11,0,0,0,1,0,62,0.3364071279749613,0.40888769494257626,10.182320628580147,1.6547585161955118,61.5,37.90446841294299,0.3790446841294299,1.0,2.5161787365177197
Mina,250,257,D_250_Mina_0257,62500.0,21.407431454858266,39.89607549948846,7,0,0,0,4,0,145,0.29534835545396776,0.437195069653852,10.347737414260928,1.4755811824841358,72.25,44.53004622496148,0.44530046224961484,1.0,2.7812018489984593
Mina,250,258,D_250_Mina_0258,62500.0,21.409689980205368,39.89608926898772,10,0,0,0,0,0,139,0.29397910533871724,0.5664050680646859,10.516495890066333,1.3193275959964677,74.75,46.070878274268104,0.460708782742681,1.0,2.842835130970724
Mina,250,259,D_250_Mina_0259,62500.0,21.411948504935857,39.89610304029457,16,0,0,0,2,0,122,0.04507528394624746,0.545114723207647,10.688437772521706,1.1946753206099685,98.5,60.708782742681045,0.6070878274268104,1.0,3.428351309707242
Mina,250,260,D_250_Mina_0260,62500.0,21.414207029049667,39.89611681340914,16,0,0,0,0,0,142,0.1767935760360336,0.5312379340027903,10.863411905490622,1.1130466916492066,99.5,61.325115562403695,0.613251155624037,1.0,3.453004622496148
Mina,250,261,D_250_Mina_0261,62500.0,21.416465552546757,39.89613058833155,14,0,1,0,0,0,99,0.18397947559978597,0.6250811008606444,11.041274131169919,1.0842032807125963,82.75,51.00154083204931,0.5100154083204931,1.0,3.0400616332819723
Mina,250,262,D_250_Mina_0262,62500.0,21.41872407542707,39.896144365061936,14,0,0,0,0,0,105,0.0829192631269507,0.7847277315119638,11.221887125208875,1.112259218898486,82.25,50.69337442218798,0.5069337442218798,1.0,3.027734976887519
Mina,250,263,D_250_Mina_0263,62500.0,21.42098259769055,39.89615814360041,12,0,0,0,5,0,19,0.2868269038239821,0.981998614841614,11.405120203760037,1.1932076039572423,62.75,38.674884437596305,0.386748844375963,1.0,2.546995377503852
Mina,250,264,D_250_Mina_0264,62500.0,21.423241119337153,39.89617192394711,13,0,0,0,1,0,23,0.2758671909354987,1.198332109094941,11.590849109254336,1.3173337474831868,59.75,36.82588597842835,0.3682588597842835,1.0,2.473035439137134
Mina,250,265,D_250_Mina_0265,62500.0,21.42549964036681,39.896185706102145,13,0,0,0,0,0,59,0.2485534739627738,1.4257203119213142,11.778955780746807,1.473767966260228,66.75,41.1402157164869,0.411402157164869,1.0,2.6456086286594758
Mina,250,266,D_250_Mina_0266,62500.0,21.42775816077948,39.896199490065655,2,0,0,0,0,0,12,0.36552101214252053,1.659625551732104,11.969328113811372,1.653365003407149,11.0,6.779661016949152,0.06779661016949153,1.0,1.271186440677966
Mina,250,267,D_250_Mina_0267,62500.0,21.430016680575118,39.896213275837766,0,0,0,0,0,0,0,0.5748324897014973,1.8976394642026106,12.161859714178664,1.8493889938593868,0.0,0.0,0.0,1.0,1.0
Mina,250,268,D_250_Mina_0268,62500.0,21.432275199753654,39.8962270634186,0,0,0,0,0,0,0,0.807625638594486,2.1383905396901315,12.356449648610583,2.055648093223527,0.0,0.0,0.0,1.0,1.0
Mina,250,269,D_250_Mina_0269,62500.0,21.43453371831505,39.896240852808276,0,0,0,0,0,0,0,1.0483730028066731,2.381048648048446,12.553002195886659,2.2705467564466755,0.0,0.0,0.0,1.0,1.0
Mina,250,270,D_250_Mina_0270,62500.0,21.43679223625924,39.89625464400692,0,0,0,0,0,0,1,1.2926378974456112,2.6250849945307317,12.751426600236615,2.4920024203935904,0.25,0.15408320493066255,0.0015408320493066254,1.0,1.0061633281972264
Mina,250,271,D_250_Mina_0271,62500.0,21.43905075358618,39.896268437014676,0,0,0,0,0,0,2,1.5387460852302237,2.8701480436812825,12.95163682908491,2.718413057885889,0.5,0.3081664098613251,0.003081664098613251,1.0,1.012326656394453
Mina,250,272,D_250_Mina_0272,62500.0,21.441309270295818,39.89628223183165,0,0,0,0,0,0,0,1.7859356919301625,3.1159955643075894,13.153551336570487,2.94863748930273,0.0,0.0,0.0,1.0,1.0
Mina,250,273,D_250_Mina_0273,62500.0,21.38935033092448,39.898376914150475,0,0,0,0,2,1,0,0.5889055904449872,0.5889055904449872,8.923114796002903,3.2819105379935265,5.0,3.0816640986132513,0.030816640986132512,1.0,1.12326656394453
Mina,250,274,D_250_Mina_0274,62500.0,21.391608859709937,39.8983907062033,0,0,0,0,0,0,0,0.3806515173687869,0.3806515173687869,9.063277214889357,3.0553315464238358,0.0,0.0,0.0,1.0,1.0
Mina,250,275,D_250_Mina_0275,62500.0,21.39386738787915,39.898404500067585,0,0,0,0,0,0,0,0.26073235490241836,0.26073235490241836,9.20809481300118,2.8326957015804535,0.0,0.0,0.0,1.0,1.0
Mina,250,276,D_250_Mina_0276,62500.0,21.39612591543208,39.89841829574344,1,0,0,0,0,0,0,0.29785100134145887,0.3406862840073862,9.357351457357252,2.615010328264897,4.0,2.4653312788906008,0.024653312788906007,1.0,1.0986132511556241
Mina,250,277,D_250_Mina_0277,62500.0,21.39838444236866,39.898432093231,1,0,0,1,0,0,0,0.12545047977543064,0.12545047977543064,9.510838160109367,2.4036208303540287,7.0,4.314329738058552,0.04314329738058552,1.0,1.1725731895223421
Mina,250,278,D_250_Mina_0278,62500.0,21.400642968688835,39.89844589253039,2,0,0,1,2,0,1,0.17710777380059345,0.17710777380059345,9.66835346473634,2.2003425131764143,15.25,9.399075500770415,0.09399075500770415,1.0,1.3759630200308166
Mina,250,279,D_250_Mina_0279,62500.0,21.402901494392555,39.89845969364173,6,0,0,0,3,0,3,0.41472461249040743,0.41472461249040743,9.829703705115726,2.0076407184731053,30.75,18.952234206471495,0.18952234206471494,1.0,1.7580893682588599
Mina,250,280,D_250_Mina_0280,62500.0,21.40516001947978,39.89847349656515,16,0,0,0,1,0,128,0.31868452910646067,0.6561505845510518,9.994703154253882,1.8288617590323533,98.0,60.40061633281972,0.6040061633281972,1.0,3.416024653312789
Mina,250,281,D_250_Mina_0281,62500.0,21.40741854395044,39.898487301300776,24,0,0,0,4,0,154,0.13187809046643667,0.6744178176431359,10.163174078649797,1.6684131447938955,142.5,87.82742681047766,0.8782742681047766,1.0,4.513097072419106
Mina,250,282,D_250_Mina_0282,62500.0,21.409677067804488,39.89850110784873,15,0,0,0,2,0,138,0.24129615081542582,0.4875893365449123,10.334946713177857,1.5314131506023347,98.5,60.708782742681045,0.6070878274268104,1.0,3.428351309707242
Mina,250,283,D_250_Mina_0283,62500.0,21.411935591041882,39.89851491620914,15,0,0,0,2,0,131,0.1096602954563941,0.3135671245059675,10.509859170108438,1.425429778682374,96.75,59.63020030816641,0.596302003081664,1.0,3.385208012326656
Mina,250,284,D_250_Mina_0284,62500.0,21.414194113662546,39.89852872638213,17,0,0,0,0,0,136,0.06020914869114744,0.2887698437107731,10.687757294530929,1.3577458783112526,102.0,62.865947611710325,0.6286594761171033,1.0,3.514637904468413
Mina,250,285,D_250_Mina_0285,62500.0,21.416452635666445,39.898542538367835,16,0,0,0,0,0,123,0.1959652035295076,0.4315191252272159,10.868494477069294,1.3342030153570739,94.75,58.39753466872111,0.5839753466872111,1.0,3.3359013867488443
Mina,250,286,D_250_Mina_0286,62500.0,21.418711157053526,39.89855635216636,12,0,0,0,0,0,112,0.15223745418547246,0.6393367214353647,11.051931433436078,1.3571004024406672,76.0,46.84129429892142,0.4684129429892142,1.0,2.873651771956857
Mina,250,287,D_250_Mina_0287,62500.0,21.420969677823727,39.898570167777855,9,0,0,0,3,0,58,0.2427297074902909,0.8691547661451335,11.237935959092269,1.4241998871019945,56.5,34.82280431432974,0.34822804314329736,1.0,2.3929121725731894
Mina,250,288,D_250_Mina_0288,62500.0,21.423228197977004,39.89858398520243,11,0,0,0,2,0,28,0.21244117746254115,1.1077493270816654,11.426382666091037,1.529695765352721,55.0,33.898305084745765,0.33898305084745767,1.0,2.3559322033898304
Mina,250,289,D_250_Mina_0289,62500.0,21.425486717513298,39.898597804440215,11,0,0,0,0,0,0,0.23723749066510302,1.3504766328178224,11.617152708096437,1.6663111806186623,44.0,27.11864406779661,0.2711864406779661,1.0,2.084745762711864
Mina,250,290,D_250_Mina_0290,62500.0,21.427745236432564,39.898611625491334,3,0,0,0,0,0,0,0.42843219574988334,1.5954515661479804,11.810133498590057,1.8270787522084189,12.0,7.395993836671803,0.07395993836671803,1.0,1.2958397534668722
Mina,250,291,D_250_Mina_0291,62500.0,21.43000375473474,39.898625448355915,0,0,0,0,0,0,0,0.6601716941319568,1.8417774740888553,12.005218426409645,2.0062005340663696,0.0,0.0,0.0,1.0,1.0
Mina,250,292,D_250_Mina_0292,62500.0,21.43226227241978,39.898639273034085,0,0,0,0,0,0,1,0.9017201257103278,2.088976502548127,12.202306572000735,2.1991963075189305,0.25,0.15408320493066255,0.0015408320493066254,1.0,1.0061633281972264
Mina,250,293,D_250_Mina_0293,62500.0,21.43452078948763,39.89865309952597,0,0,0,0,0,0,0,1.1338043108999856,2.336771574702005,12.4013024270993,2.4020002242717546,0.0,0.0,0.0,1.0,1.0
Mina,250,294,D_250_Mina_0294,62500.0,21.436779305938234,39.8986669278317,0,0,0,0,0,0,1,1.362842249240212,2.5849912875041507,12.602115619992764,2.612335845070185,0.25,0.15408320493066255,0.0015408320493066254,1.0,1.0061633281972264
Mina,250,295,D_250_Mina_0295,62500.0,21.43903782177154,39.89868075795139,0,0,0,0,0,0,2,1.5981757654315902,2.8335240462380846,12.804660648020013,2.8291327394584287,0.5,0.3081664098613251,0.003081664098613251,1.0,1.012326656394453
Mina,250,296,D_250_Mina_0296,62500.0,21.441296336987495,39.898694589885174,0,0,0,0,0,0,0,1.8373874273303328,3.082294126903941,13.008856618559486,3.051013855673643,0.0,0.0,0.0,1.0,1.0
Mina,250,297,D_250_Mina_0297,62500.0,21.391595924587364,39.90080224699943,1,0,0,2,0,0,0,0.27603218290217313,0.5804846554685794,8.859031077514983,3.172784336399499,10.0,6.163328197226503,0.061633281972265024,1.0,1.2465331278890601
Mina,250,298,D_250_Mina_0298,62500.0,21.39385445125983,39.900816077878254,1,0,0,0,0,0,0,0.19344907163450747,0.5099492312498137,9.007133164534814,2.9589989057925856,4.0,2.4653312788906008,0.024653312788906007,1.0,1.0986132511556241
Mina,250,299,D_250_Mina_0299,62500.0,21.396112977315955,39.90082991057351,1,0,0,0,0,0,0,0.07384233106329365,0.3819999850027398,9.159665062378076,2.7513248815182525,4.0,2.4653312788906008,0.024653312788906007,1.0,1.0986132511556241
Mina,250,300,D_250_Mina_0300,62500.0,21.39837150275569,39.90084374508533,2,0,0,0,2,0,0,0.09555631768686315,0.19118924971558898,9.316409193795442,2.551255119121005,12.0,7.395993836671803,0.07395993836671803,1.0,1.2958397534668722
Mina,250,301,D_250_Mina_0301,62500.0,21.400630027578973,39.900857581413845,3,0,0,0,2,1,1,0.2284352640717415,0.2284352640717415,9.47715656077934,2.36072377927212,17.25,10.631741140215716,0.10631741140215717,1.0,1.4252696456086287
Mina,250,302,D_250_Mina_0302,62500.0,21.402888551785768,39.900871419559174,10,0,0,0,0,1,7,0.39253452507447134,0.43910364441239014,9.64170693854618,2.182230703019401,42.75,26.348228043143298,0.26348228043143296,1.0,2.053929121725732
Mina,250,303,D_250_Mina_0303,62500.0,21.405147075376007,39.90088525952143,10,0,0,0,0,0,48,0.18093243660409467,0.6770829721688171,9.809868954277432,2.018971252985108,52.0,32.04930662557781,0.3204930662557781,1.0,2.2819722650231125
Mina,250,304,D_250_Mina_0304,62500.0,21.407405598349644,39.900899101300766,18,0,0,0,0,0,174,0.13271994357972572,0.6058499590212246,9.981460069117286,1.8743541164894661,115.5,71.1864406779661,0.711864406779661,1.0,3.847457627118644
Mina,250,305,D_250_Mina_0305,62500.0,21.40966412070663,39.900912944897286,14,0,0,0,4,0,158,0.24175728546844796,0.3616067439726815,10.156306480343604,1.7535185114841871,103.5,63.7904468412943,0.637904468412943,1.0,3.551617873651772
Mina,250,306,D_250_Mina_0306,62500.0,21.41192264244691,39.90092679031113,10,0,0,0,5,0,84,0.13780353642126186,0.13780353642126186,10.334242958918479,1.6617614107429601,71.0,43.759630200308166,0.43759630200308164,1.0,2.7503852080123266
Mina,250,307,D_250_Mina_0307,62500.0,21.41418116357042,39.90094063754242,10,0,0,0,3,0,80,0.08064144755343267,0.08064144755343267,10.51511263587998,1.6040806720209386,66.0,40.67796610169491,0.4067796610169491,1.0,2.6271186440677967
Mina,250,308,D_250_Mina_0308,62500.0,21.41643968407712,39.90095448659128,13,0,0,0,3,0,92,0.18380173918156967,0.3212189396666917,10.698766749328142,1.5842028337519976,81.0,49.92295839753467,0.4992295839753467,1.0,2.9969183359013867
Mina,250,309,D_250_Mina_0309,62500.0,21.418698203966954,39.90096833745783,11,0,0,0,1,0,97,0.13087916698366725,0.5699650615061194,10.885064362134756,1.6035343571575171,70.25,43.29738058551618,0.4329738058551618,1.0,2.731895223420647
Mina,250,310,D_250_Mina_0310,62500.0,21.42095672323987,39.90098219014221,10,0,0,0,4,0,79,0.15254026058634532,0.8194746704290224,11.073872059000085,1.660706551652424,67.75,41.75654853620955,0.4175654853620955,1.0,2.670261941448382
Mina,250,311,D_250_Mina_0311,62500.0,21.42321524189581,39.900996044644536,11,0,0,0,1,0,125,0.030180541895828975,1.0692134022784394,11.265063630108328,1.7520188545840476,77.25,47.611710323574734,0.47611710323574735,1.0,2.9044684129429896
Mina,250,312,D_250_Mina_0312,62500.0,21.42547375993472,39.901009900964944,11,0,0,0,0,0,83,0.13557057745580978,1.319051122492573,11.45851974740525,1.8724833465039712,64.75,39.907550077041606,0.39907550077041604,1.0,2.5963020030816644
Mina,250,313,D_250_Mina_0313,62500.0,21.427732277356565,39.901023759103545,4,0,0,0,0,0,0,0.38299017831177845,1.5689405431328483,11.654127638436208,2.0168831644523744,16.0,9.861325115562403,0.09861325115562403,1.0,1.394453004622496
Mina,250,314,D_250_Mina_0314,62500.0,21.429990794161274,39.90103761906048,0,0,0,0,0,0,0,0.6316280519904727,1.8188603552837908,11.85178076173574,2.180468187148837,0.0,0.0,0.0,1.0,1.0
Mina,250,315,D_250_Mina_0315,62500.0,21.432249310348805,39.90105148083586,0,0,0,0,0,0,0,0.8810371816440387,2.0687995447022307,12.051378486942314,2.3592510106567404,0.0,0.0,0.0,1.0,1.0
Mina,250,316,D_250_Mina_0316,62500.0,21.43450782591909,39.90106534442984,0,0,0,0,0,0,0,1.1307073161597843,2.3187518453463793,12.252825782113394,2.550037087456095,0.0,0.0,0.0,1.0,1.0
Mina,250,317,D_250_Mina_0317,62500.0,21.436766340872097,39.90107920984251,0,0,0,0,0,0,1,1.3804968504836417,2.568713429799891,12.456032910124687,2.7501856431211325,0.25,0.15408320493066255,0.0015408320493066254,1.0,1.0061633281972264
Mina,250,318,D_250_Mina_0318,62500.0,21.43902485520775,39.901093077074016,0,0,0,0,0,0,0,1.6303509050426064,2.8186818281905106,12.66091513554198,2.956892720689507,0.0,0.0,0.0,1.0,1.0
Mina,250,319,D_250_Mina_0319,62500.0,21.39158295480002,39.90321378597926,1,0,0,0,0,0,0,0.15737509807576758,0.8087207755423318,8.657185997240672,3.3050068127057397,4.0,2.4653312788906008,0.024653312788906007,1.0,1.0986132511556241
Mina,250,320,D_250_Mina_0320,62500.0,21.393841479971712,39.903227653872484,1,0,0,0,0,0,0,0.09675945812580902,0.7253345119379755,8.808682398753325,3.1003522559881898,4.0,2.4653312788906008,0.024653312788906007,1.0,1.0986132511556241
Mina,250,321,D_250_Mina_0321,62500.0,21.396100004527025,39.90324152358702,2,0,0,0,3,0,0,0.2172329641504999,0.5401291464761159,8.964591558648575,2.9028086727152322,14.0,8.628659476117104,0.08628659476117104,1.0,1.3451463790446843
Mina,250,322,D_250_Mina_0322,62500.0,21.398358528465906,39.903255395122976,6,0,0,0,2,0,0,0.17352230518156952,0.42704664328119235,9.124687283665118,2.713929304453319,28.0,17.257318952234208,0.17257318952234207,1.0,1.6902927580893683
Mina,250,323,D_250_Mina_0323,62500.0,21.40061705178829,39.90326926848048,2,0,0,0,0,1,0,0.3409516686513322,0.4449698598809254,9.28875310447891,2.535651069991726,9.0,5.546995377503852,0.05546995377503852,1.0,1.221879815100154
Mina,250,324,D_250_Mina_0324,62500.0,21.40287557449414,39.90328314365966,0,0,0,0,0,1,0,0.384541853767878,0.5819171048071768,9.456582387271485,2.3703671504494594,1.0,0.6163328197226502,0.006163328197226502,1.0,1.024653312788906
Mina,250,325,D_250_Mina_0325,62500.0,21.40513409658339,39.903297020660645,3,0,0,0,0,0,6,0.16286691051066815,0.777339602446629,9.627978326655077,2.2206261437180834,13.5,8.320493066255779,0.08320493066255778,1.0,1.3328197226502312
Mina,250,326,D_250_Mina_0326,62500.0,21.407392618055997,39.90331089948356,8,0,0,0,0,0,139,0.1737205335570437,0.6161995609716469,9.802753841131917,2.089929253893767,66.75,41.1402157164869,0.411402157164869,1.0,2.6456086286594758
Mina,250,327,D_250_Mina_0327,62500.0,21.4096511389119,39.90332478012853,7,0,0,0,2,0,137,0.19629399949635198,0.378691382767228,9.980731390089266,1.9822785128224718,66.25,40.83204930662558,0.4083204930662558,1.0,2.6332819722650234
Mina,250,328,D_250_Mina_0328,62500.0,21.41190965915105,39.90333866259567,8,0,0,0,9,0,60,0.17495180652494308,0.17495180652494308,10.16174272909917,1.9015919432187296,65.0,40.06163328197226,0.40061633281972264,1.0,2.6024653312788906
Mina,250,329,D_250_Mina_0329,62500.0,21.414168178773398,39.90335254688513,6,0,0,0,0,0,46,0.15528021213793314,0.15528021213793314,10.34562861810178,1.8513983187394054,35.5,21.879815100154083,0.21879815100154082,1.0,1.8751926040061633
Mina,250,330,D_250_Mina_0330,62500.0,21.416426697778885,39.903366432997025,2,0,0,0,0,0,16,0.3594792379692592,0.3594792379692592,10.532238494972146,1.8342027016520857,12.0,7.395993836671803,0.07395993836671803,1.0,1.2958397534668722
Mina,250,331,D_250_Mina_0331,62500.0,21.41868521616746,39.903380320931475,0,0,0,0,0,0,3,0.3640473704241021,0.5964942577422795,10.721430125046743,1.850925003036191,0.75,0.4622496147919877,0.004622496147919877,1.0,1.0184899845916795
Mina,250,332,D_250_Mina_0332,62500.0,21.420943733939072,39.903394210688624,0,0,0,0,4,0,0,0.3280497889422166,0.841062112158232,10.91306923544181,1.9006701931111656,8.0,4.9306625577812015,0.04930662557781201,1.0,1.197226502311248
Mina,250,333,D_250_Mina_0333,62500.0,21.42320225109367,39.90340810226857,3,0,0,0,0,0,7,0.2461525378479412,1.088101812100605,11.107029141441608,1.9809520436138652,13.75,8.474576271186441,0.08474576271186442,1.0,1.3389830508474576
Mina,250,334,D_250_Mina_0334,62500.0,21.425460767631193,39.903421995671465,4,0,0,0,0,0,9,0.3055301424807706,1.33454283996838,11.303190370869622,2.0882516168351604,18.25,11.248073959938367,0.11248073959938366,1.0,1.4499229583975346
Mina,250,335,D_250_Mina_0335,62500.0,21.4277192835516,39.90343589089743,0,0,0,0,0,0,0,0.4716748958362814,1.5819870909232951,11.50144029117251,2.2186524359014355,0.0,0.0,0.0,1.0,1.0
Mina,250,336,D_250_Mina_0336,62500.0,21.42997779885483,39.90344978794659,0,0,0,0,0,0,0,0.6903663858850703,1.8301261486534286,11.701672742932656,2.368341708336888,0.0,0.0,0.0,1.0,1.0
Mina,250,337,D_250_Mina_0337,62500.0,21.43223631354083,39.903463686819066,0,0,0,0,0,0,0,0.925059071712645,2.0787112074846066,11.903787682665536,2.533903365080208,0.0,0.0,0.0,1.0,1.0
Mina,250,338,D_250_Mina_0338,62500.0,21.43449482760955,39.903477587514985,0,0,0,0,0,0,0,1.166131564428177,2.32759937451856,12.107690837036863,2.7124325023272955,0.0,0.0,0.0,1.0,1.0
Mina,250,339,D_250_Mina_0339,62500.0,21.436753341060935,39.90349149003448,0,0,0,0,0,0,0,1.4103160514415038,2.5767028180207885,12.31329337003521,2.9015364715609255,0.0,0.0,0.0,1.0,1.0
Mina,250,340,D_250_Mina_0340,62500.0,21.43901185389494,39.903505394377675,0,0,0,0,0,0,0,1.6562366691845105,2.82596460992231,12.520511564143044,3.0992801925471243,0.0,0.0,0.0,1.0,1.0
Mina,250,341,D_250_Mina_0341,62500.0,21.39156995034799,39.905625323137905,0,0,0,0,0,4,0,0.313592214493562,1.0469461067089874,8.457913876912183,3.4503013808594596,4.0,2.4653312788906008,0.024653312788906007,1.0,1.0986132511556241
Mina,250,342,D_250_Mina_0342,62500.0,21.39382847401491,39.90563922804543,2,0,0,0,3,1,0,0.2879853264203211,0.8927069286945325,8.612916077644687,3.2547954924911027,15.0,9.244992295839754,0.09244992295839755,1.0,1.3697996918335902
Mina,250,343,D_250_Mina_0343,62500.0,21.396086997065403,39.90565313477911,5,0,0,0,3,0,0,0.17679468108680835,0.7500366665730026,8.772305259841167,3.067214987104769,26.0,16.024653312788907,0.16024653312788906,1.0,1.6409861325115562
Mina,250,344,D_250_Mina_0344,62500.0,21.398345519499415,39.905667043339065,9,0,0,0,0,0,0,0.12928983440405736,0.6731896774822517,8.935846674105575,2.889103988488441,36.0,22.18798151001541,0.2218798151001541,1.0,1.8875192604006163
Mina,250,345,D_250_Mina_0345,62500.0,21.400604041316893,39.905680953725444,0,0,0,0,0,0,0,0.3516128690605498,0.6846997024487264,9.103316538185977,2.7223217913170235,0.0,0.0,0.0,1.0,1.0
Mina,250,346,D_250_Mina_0346,62500.0,21.40286256251778,39.90569486593835,0,0,0,0,0,0,0,0.5163927974159123,0.7806683183004746,9.274502046239299,2.568882555962316,0.0,0.0,0.0,1.0,1.0
Mina,250,347,D_250_Mina_0347,62500.0,21.405121083102035,39.905708779977935,0,0,0,0,0,0,0,0.38120167164256413,0.9354530260054791,9.449201258147887,2.4312098639245843,0.0,0.0,0.0,1.0,1.0
Mina,250,348,D_250_Mina_0348,62500.0,21.407379603069593,39.9057226958443,4,0,0,0,0,0,54,0.17883812544282085,0.7179407414788151,9.627222892832089,2.3124457222951005,29.5,18.181818181818183,0.18181818181818182,1.0,1.7272727272727273
Mina,250,349,D_250_Mina_0349,62500.0,21.40963812242041,39.905736613537584,8,0,0,0,1,0,25,0.11453026122717963,0.5268581580085275,9.808386046621376,2.2156328745253853,40.25,24.80739599383667,0.2480739599383667,1.0,1.9922958397534667
Mina,250,350,D_250_Mina_0350,62500.0,21.411896641154424,39.90575053305791,1,0,0,0,5,0,0,0.345327795524238,0.39558360394581976,9.992519854913652,2.143747385023323,14.0,8.628659476117104,0.08628659476117104,1.0,1.3451463790446843
Mina,250,351,D_250_Mina_0351,62500.0,21.414155159271594,39.905764454405414,0,0,0,0,2,0,0,0.38356433425138914,0.38356433425138914,10.17946311266612,2.09935148722434,4.0,2.4653312788906008,0.024653312788906007,1.0,1.0986132511556241
Mina,250,352,D_250_Mina_0352,62500.0,21.416413676771853,39.90577837758021,0,0,0,0,0,0,0,0.5082017128289542,0.5082017128289542,10.369063866782618,2.0842026012429216,0.0,0.0,0.0,1.0,1.0
Mina,250,353,D_250_Mina_0353,62500.0,21.418672193655155,39.90579230258244,0,0,0,0,0,0,0,0.6106812748685424,0.701200076050411,10.561178991225532,2.0989340864220756,0.0,0.0,0.0,1.0,1.0
Mina,250,354,D_250_Mina_0354,62500.0,21.420930709921457,39.90580622941222,0,0,0,0,4,0,0,0.5629962672614407,0.9182927766467814,10.7556737536981,2.142929797091166,8.0,4.9306625577812015,0.04930662557781201,1.0,1.197226502311248
Mina,250,355,D_250_Mina_0355,62500.0,21.423189225570695,39.90582015806967,0,0,0,0,0,0,0,0.4952487038537692,1.1488436362839851,10.952421381013279,2.214446190671135,0.0,0.0,0.0,1.0,1.0
Mina,250,356,D_250_Mina_0356,62500.0,21.425447740602813,39.90583408855493,0,0,0,0,0,0,0,0.5412456043177247,1.3861535909194056,11.15130262877676,2.3109296284168006,0.0,0.0,0.0,1.0,1.0
Mina,250,357,D_250_Mina_0357,62500.0,21.42770625501777,39.90584802086812,0,0,0,0,0,0,0,0.6499588401235767,1.6272682183977283,11.352205359746192,2.429407245319591,0.0,0.0,0.0,1.0,1.0
Mina,250,358,D_250_Mina_0358,62500.0,21.42996476881551,39.90586195500938,0,0,0,0,0,0,0,0.8225418124646503,1.870716956569291,11.55502413416505,2.566835284884489,0.0,0.0,0.0,1.0,1.0
Mina,250,359,D_250_Mina_0359,62500.0,21.43222328199597,39.90587589097881,0,0,0,0,0,0,0,1.0274743659335153,2.1156942143382684,11.75965981448543,2.720343212876778,0.0,0.0,0.0,1.0,1.0
Mina,250,360,D_250_Mina_0360,62500.0,21.43448179455911,39.905889828776566,0,0,0,0,0,0,0,1.2489323889019477,2.361724388147986,11.96601918616672,2.887367488208154,0.0,0.0,0.0,1.0,1.0
Mina,250,361,D_250_Mina_0361,62500.0,21.436740306504863,39.90590376840276,0,0,0,0,0,0,0,1.4795136536869717,2.6085095672742953,12.174014595645788,3.065699728949033,0.0,0.0,0.0,1.0,1.0
Mina,250,362,D_250_Mina_0362,62500.0,21.438998817833195,39.90591770985751,0,0,0,0,0,0,0,1.7155434097812914,2.8552030933885084,12.383563606098344,3.253481004123874,0.0,0.0,0.0,1.0,1.0
Mina,250,363,D_250_Mina_0363,62500.0,21.393815433389538,39.9080508003922,0,0,0,0,4,4,0,0.2612016475695696,1.0921269005340677,8.420021444093479,3.420555990576641,12.0,7.395993836671803,0.07395993836671803,1.0,1.2958397534668722
Mina,250,364,D_250_Mina_0364,62500.0,21.3960739549312,39.9080647441449,4,0,0,0,0,0,0,0.07321050864621999,0.9789639970575351,8.58299349471271,3.2425788138223335,16.0,9.861325115562403,0.09861325115562403,1.0,1.394453004622496
Mina,250,365,D_250_Mina_0365,62500.0,21.398332475856332,39.90807868972875,2,0,0,0,0,0,0,0.25979464286127774,0.9214118776093471,8.750073916348784,3.074643303381574,8.0,4.9306625577812015,0.04930662557781201,1.0,1.197226502311248
Mina,250,366,D_250_Mina_0366,62500.0,21.400590996164883,39.90809263714387,0,0,0,0,0,0,0,0.48280625866816396,0.9298543912163337,8.921031877134729,2.91841304521665,0.0,0.0,0.0,1.0,1.0
Mina,250,367,D_250_Mina_0367,62500.0,21.402849515856804,39.908106586390375,2,0,0,0,0,0,4,0.6819220130028893,1.0026258173062448,9.095648737948308,2.7755645405227805,9.0,5.546995377503852,0.05546995377503852,1.0,1.221879815100154
Mina,250,368,D_250_Mina_0368,62500.0,21.405108034932045,39.90812053746842,8,0,0,0,2,0,55,0.5248188411114166,1.0664797133003339,9.273717818406343,2.648656703826328,49.75,30.662557781201848,0.3066255778120185,1.0,2.226502311248074
Mina,250,369,D_250_Mina_0369,62500.0,21.40736655339055,39.90813449037812,6,0,0,0,4,0,47,0.36272430523800625,0.8800679458235882,9.455044071114315,2.5400799496946664,43.75,26.964560862865948,0.2696456086286595,1.0,2.078582434514638
Mina,250,370,D_250_Mina_0370,62500.0,21.40962507123226,39.9081484451196,10,0,0,0,1,0,40,0.2672556863338834,0.7299550975929816,9.639443687163727,2.452270369873104,52.0,32.04930662557781,0.3204930662557781,1.0,2.2819722650231125
Mina,250,371,D_250_Mina_0371,62500.0,21.411883588457137,39.90816240169298,9,0,0,0,0,0,43,0.1312905314976828,0.6361982379896401,9.826743652364565,2.3875204256873457,46.75,28.8135593220339,0.288135593220339,1.0,2.152542372881356
Mina,250,372,D_250_Mina_0372,62500.0,21.414142105065103,39.9081763600984,1,0,0,0,2,0,0,0.29673018964050996,0.6285946648976758,10.016781270476756,2.34773882686959,8.0,4.9306625577812015,0.04930662557781201,1.0,1.197226502311248
Mina,250,373,D_250_Mina_0373,62500.0,21.416400621056138,39.90819032033598,0,0,0,0,0,0,0,0.5327855170959904,0.711532595985871,10.209403666809369,2.334202522341991,0.0,0.0,0.0,1.0,1.0
Mina,250,374,D_250_Mina_0374,62500.0,21.418659136430158,39.90820428240585,0,0,0,0,0,0,0,0.7776065901279328,0.8616414669472241,10.40446728300624,2.3473655938997706,0.0,0.0,0.0,1.0,1.0
Mina,250,375,D_250_Mina_0375,62500.0,21.42091765118713,39.90821824630813,0,0,0,0,2,0,1,0.7951578207653334,1.0504861111749058,10.60183737162733,2.386786343085853,4.25,2.6194144838212634,0.026194144838212634,1.0,1.1047765793528506
Mina,250,376,D_250_Mina_0376,62500.0,21.423176165326996,39.90823221204296,0,0,0,0,0,0,2,0.7449506597410963,1.257266021080582,10.8013874972487,2.4511982505823253,0.5,0.3081664098613251,0.003081664098613251,1.0,1.012326656394453
Mina,250,377,D_250_Mina_0377,62500.0,21.425434678849694,39.90824617961046,0,0,0,0,0,0,2,0.7762905454616301,1.4772602765769993,11.002999049214136,2.538699801034885,0.5,0.3081664098613251,0.003081664098613251,1.0,1.012326656394453
Mina,250,378,D_250_Mina_0378,62500.0,21.42769319175519,39.90826014901076,0,0,0,0,0,0,1,0.8645321164348976,1.7055433157035051,11.206560769847894,2.6470021714934946,0.25,0.15408320493066255,0.0015408320493066254,1.0,1.0061633281972264
Mina,250,379,D_250_Mina_0379,62500.0,21.42995170404342,39.90827412024398,0,0,0,0,0,0,0,1.0007718619871615,1.9391900574026932,11.411968300848915,2.7736698275043463,0.0,0.0,0.0,1.0,1.0
Mina,250,380,D_250_Mina_0380,62500.0,21.43221021571433,39.908288093310254,0,0,0,0,0,0,0,1.1750203654163178,2.1764737893478094,11.619123749701057,2.9163107050046473,0.0,0.0,0.0,1.0,1.0
Mina,250,381,D_250_Mina_0381,62500.0,21.434468726767875,39.90830206820971,0,0,0,0,0,0,0,1.37288069348394,2.4163232881190724,11.827935277222046,3.0727010828001826,0.0,0.0,0.0,1.0,1.0
Mina,250,382,D_250_Mina_0382,62500.0,21.436727237203996,39.90831604494247,0,0,0,0,0,0,0,1.5855377440915088,2.6580440759504196,12.038316706809155,3.2408510858041795,0.0,0.0,0.0,1.0,1.0
Mina,250,383,D_250_Mina_0383,62500.0,21.396060878124516,39.910476351679556,0,0,0,0,0,2,0,0.32320766991501026,1.2162179138073037,8.396857453162129,3.4272185443269874,2.0,1.2326656394453004,0.012326656394453003,1.0,1.049306625577812
Mina,250,384,D_250_Mina_0384,62500.0,21.39831939753676,39.91049033428716,0,0,0,0,0,0,0,0.40816256047691446,1.1703911117786678,8.567568575740204,3.268782805534577,0.0,0.0,0.0,1.0,1.0
Mina,250,385,D_250_Mina_0385,62500.0,21.400577916332377,39.91050431873089,0,0,0,0,0,0,0,0.5947521783551966,1.1770491473151081,8.74209628815067,3.121976238662087,0.0,0.0,0.0,1.0,1.0
Mina,250,386,D_250_Mina_0386,62500.0,21.402836434511322,39.91051830501088,3,0,0,0,1,0,16,0.8160046761762043,1.2353436913911608,8.920216573748888,2.988872605329204,18.0,11.093990755007704,0.11093990755007704,1.0,1.4437596302003082
Mina,250,387,D_250_Mina_0387,62500.0,21.405094952073537,39.91053229312726,9,0,0,0,1,0,73,0.7071213916181737,1.2334746287914322,9.10171851541625,2.871407889346983,56.25,34.66872110939907,0.3466872110939907,1.0,2.386748844375963
Mina,250,388,D_250_Mina_0388,62500.0,21.407353469018975,39.91054628308016,5,0,0,0,1,0,43,0.49799301431919135,1.0755156878163024,9.286403832763126,2.7715712300283406,32.75,20.184899845916796,0.20184899845916796,1.0,1.8073959938366717
Mina,250,389,D_250_Mina_0389,62500.0,21.40961198534757,39.910560274869695,5,0,0,0,1,0,42,0.2623140181039954,0.953119887204582,9.474086359984497,2.691325119571681,32.5,20.03081664098613,0.20030816640986132,1.0,1.8012326656394453
Mina,250,390,D_250_Mina_0390,62500.0,21.41187050105928,39.91057426849601,3,0,0,0,0,0,9,0.12091420874740971,0.8820487562099287,9.664591484782528,2.6324617215363713,14.25,8.782742681047766,0.08782742681047767,1.0,1.3513097072419107
Mina,250,391,D_250_Mina_0391,62500.0,21.41412901615405,39.91058826395922,0,0,0,0,2,1,0,0.2922872690695938,0.876249758923627,9.857755564986263,2.5964357360564403,5.0,3.0816640986132513,0.030816640986132512,1.0,1.12326656394453
Mina,250,392,D_250_Mina_0392,62500.0,21.41638753063183,39.91060226125945,0,0,0,0,4,1,0,0.5303239099298749,0.9377037321982367,10.053425336187875,2.5842024587070695,9.0,5.546995377503852,0.05546995377503852,1.0,1.221879815100154
Mina,250,393,D_250_Mina_0393,62500.0,21.41864604449256,39.910616260396836,0,0,0,0,0,1,0,0.7759220651756586,1.056141880521303,10.251457320868624,2.5960982577137517,1.0,0.6163328197226502,0.006163328197226502,1.0,1.024653312788906
Mina,250,394,D_250_Mina_0394,62500.0,21.420904557736197,39.91063026137151,0,0,0,0,0,0,1,1.0236535805679614,1.2151473384753164,10.451717247078472,2.6317959609021915,0.25,0.15408320493066255,0.0015408320493066254,1.0,1.0061633281972264
Mina,250,395,D_250_Mina_0395,62500.0,21.42316307036268,39.91064426418358,0,0,0,0,0,0,2,0.9948023382705485,1.4009748165531801,10.654079482722299,2.690348266663222,0.5,0.3081664098613251,0.003081664098613251,1.0,1.012326656394453
Mina,250,396,D_250_Mina_0396,62500.0,21.425421582371953,39.910658268833195,0,0,0,0,0,0,2,1.0184828018935672,1.6025523616674564,10.858426489848835,2.770306411221422,0.5,0.3081664098613251,0.003081664098613251,1.0,1.012326656394453
Mina,250,397,D_250_Mina_0397,62500.0,21.427680093763968,39.910672275320465,0,0,0,0,0,0,1,1.0942509158506661,1.815145765186503,11.064648301990331,2.8698817794765046,0.25,0.15408320493066255,0.0015408320493066254,1.0,1.0061633281972264
Mina,250,398,D_250_Mina_0398,62500.0,21.429938604538684,39.91068628364553,0,0,0,0,0,0,0,1.2047877847313477,2.0362549510960184,11.272642026518193,2.98711319576074,0.0,0.0,0.0,1.0,1.0
Mina,250,399,D_250_Mina_0399,62500.0,21.43219711469603,39.91070029380851,0,0,0,0,0,0,0,1.3530122488860608,2.2633855842192694,11.482311373121304,3.120011067352911,0.0,0.0,0.0,1.0,1.0
Mina,250,400,D_250_Mina_0400,62500.0,21.43445562423596,39.910714305809535,0,0,0,0,0,0,0,1.527995643002153,2.4948936610284926,11.693566208843112,3.26666387565684,0.0,0.0,0.0,1.0,1.0
Mina,250,401,D_250_Mina_0401,62500.0,21.398306284540812,39.912901977009426,0,0,0,0,0,2,0,0.6250600731855481,1.4197291505288714,8.388543917656673,3.4698289224303136,2.0,1.2326656394453004,0.012326656394453003,1.0,1.049306625577812
Mina,250,402,D_250_Mina_0402,62500.0,21.40056480181948,39.91291599848165,0,0,0,0,2,1,0,0.760153650898227,1.4252228603015553,8.566719632959947,3.3318668291290727,5.0,3.0816640986132513,0.030816640986132512,1.0,1.12326656394453
Mina,250,403,D_250_Mina_0403,62500.0,21.40282331848144,39.91293002179499,0,0,0,0,1,0,0,0.9433806500332111,1.473733199120812,8.748411368987403,3.2074850557979744,2.0,1.2326656394453004,0.012326656394453003,1.0,1.049306625577812
Mina,250,404,D_250_Mina_0404,62500.0,21.405081834526626,39.91294404694958,0,0,0,0,0,0,0,0.8213211812340124,1.4249502730538919,8.933404596922424,3.098319576687345,0.0,0.0,0.0,1.0,1.0
Mina,250,405,D_250_Mina_0405,62500.0,21.407340349954975,39.91295807394556,0,0,0,0,0,0,0,0.6085886003917444,1.2883550185154902,9.121498446176558,3.006028611873274,0.0,0.0,0.0,1.0,1.0
Mina,250,406,D_250_Mina_0406,62500.0,21.409598864766448,39.91297210278304,0,0,0,0,0,0,0,0.43725471559484796,1.1860435614661187,9.312505039724167,2.932205966762478,0.0,0.0,0.0,1.0,1.0
Mina,250,407,D_250_Mina_0407,62500.0,21.411857378960992,39.91298613346214,0,0,0,0,0,0,0,0.3701395521868479,1.1296720674418053,9.506248804137975,2.878273032155599,0.0,0.0,0.0,1.0,1.0
Mina,250,408,D_250_Mina_0408,62500.0,21.414115892538543,39.913000165983014,0,0,0,0,0,0,0,0.45586718446958785,1.124889100871485,9.702565770839243,2.845361042776628,0.0,0.0,0.0,1.0,1.0
Mina,250,409,D_250_Mina_0409,62500.0,21.416374405499063,39.91301420034578,0,0,0,0,0,0,0,0.635316056509969,1.1735833773561264,9.901302881376166,2.8342024062983953,0.0,0.0,0.0,1.0,1.0
Mina,250,410,D_250_Mina_0410,62500.0,21.418632917842483,39.91302823655055,0,0,0,0,0,0,0,0.8511392914456053,1.2702146771389409,10.102317306441854,2.8450530919447403,0.0,0.0,0.0,1.0,1.0
Mina,250,411,D_250_Mina_0411,62500.0,21.42089142956877,39.91304227459747,0,0,0,0,0,0,0,1.0817807981405827,1.4052020169469426,10.305475785781132,2.8776641416435376,0.0,0.0,0.0,1.0,1.0
Mina,250,412,D_250_Mina_0412,62500.0,21.423149940677852,39.91305631448667,0,0,0,0,0,0,0,1.2447135811135053,1.5686746287373703,10.510653994048512,2.9313093880069623,0.0,0.0,0.0,1.0,1.0
Mina,250,413,D_250_Mina_0413,62500.0,21.42540845116968,39.91307035621826,0,0,0,0,0,0,0,1.2637196779874986,1.7526800829748987,10.717735936003209,3.0048624834315576,0.0,0.0,0.0,1.0,1.0
Mina,250,414,D_250_Mina_0414,62500.0,21.427666961044217,39.91308439979238,0,0,0,0,0,0,0,1.330286792408783,1.9508024748826018,10.926613373098785,3.09690528761394,0.0,0.0,0.0,1.0,1.0
Mina,250,415,D_250_Mina_0415,62500.0,21.429925470301395,39.91309844520916,0,0,0,0,0,0,0,1.4235458871179694,2.1580570828865113,11.137185282488026,3.2058456258166723,0.0,0.0,0.0,1.0,1.0
Mina,250,416,D_250_Mina_0416,62500.0,21.432183978941172,39.91311249246872,0,0,0,0,0,0,0,1.5510033630293436,2.37356071124907,11.349357348667569,3.3300255243292964,0.0,0.0,0.0,1.0,1.0
Mina,250,417,D_250_Mina_0417,62500.0,21.400551652626316,39.915327676391286,0,0,0,0,3,0,0,0.9627756708026826,1.5088397709147936,8.395124956079279,3.546961727920189,6.0,3.6979969183359014,0.03697996918335902,1.0,1.147919876733436
Mina,250,418,D_250_Mina_0418,62500.0,21.402810167767264,39.91534173673785,0,0,0,0,0,0,0,1.1131354231057136,1.7154314467567007,8.580450992778397,3.4303879249215075,0.0,0.0,0.0,1.0,1.0
Mina,250,419,D_250_Mina_0419,62500.0,21.405068682291397,39.91535579893053,0,0,0,0,0,0,0,0.9601830684612709,1.630569901589945,8.768988279770843,3.3285409914201147,0.0,0.0,0.0,1.0,1.0
Mina,250,420,D_250_Mina_0420,62500.0,21.407327196198665,39.91536986296945,0,0,0,0,0,0,0,0.7859790879806221,1.5117501946614682,8.960534117006924,3.2428088052922135,0.0,0.0,0.0,1.0,1.0
Mina,250,421,D_250_Mina_0421,62500.0,21.409585709489,39.91538392885474,0,0,0,0,0,0,0,0.6622497478489512,1.4247670476276444,9.154899664842413,3.1744972458323892,0.0,0.0,0.0,1.0,1.0
Mina,250,422,D_250_Mina_0422,62500.0,21.41184422216236,39.91539799658651,0,0,0,0,0,0,0,0.6199889759577571,1.377940793069131,9.351909114433179,3.1247490427095324,0.0,0.0,0.0,1.0,1.0
Mina,250,423,D_250_Mina_0423,62500.0,21.414102734218684,39.915412066164926,0,0,0,0,0,0,0,0.6746835792371838,1.3740223209632372,9.551398865920374,3.0944596290840263,0.0,0.0,0.0,1.0,1.0
Mina,250,424,D_250_Mina_0424,62500.0,21.416361245657928,39.91542613759008,0,0,0,0,0,0,0,0.8068516182517367,1.414322310449327,9.753216726146901,3.084202362386029,0.0,0.0,0.0,1.0,1.0
Mina,250,425,D_250_Mina_0425,62500.0,21.41861975648004,39.91544021086212,0,0,0,0,0,0,0,0.9858098881927465,1.4954781777903996,9.95722113435663,3.094176470123234,0.0,0.0,0.0,1.0,1.0
Mina,250,426,D_250_Mina_0426,62500.0,21.420878266684955,39.91545428598117,0,0,0,0,0,0,0,1.1906438331599185,1.61170790240039,10.163280421683002,3.1241881896551926,0.0,0.0,0.0,1.0,1.0
Mina,250,427,D_250_Mina_0427,62500.0,21.423136776272635,39.91546836294735,0,0,0,0,0,0,0,1.4101221008213767,1.7560608602985366,10.3712721081385,3.173669116416786,0.0,0.0,0.0,1.0,1.0
Mina,250,428,D_250_Mina_0428,62500.0,21.425395285243013,39.9154824417608,0,0,0,0,0,0,0,1.5105189940257897,1.9222115199647014,10.58108223918226,3.2417278535704406,0.0,0.0,0.0,1.0,1.0
Mina,250,429,D_250_Mina_0429,62500.0,21.427653793596047,39.91549652242165,0,0,0,0,0,0,0,1.5666343405010323,2.1050046341748465,10.792604762689354,3.327224563015116,0.0,0.0,0.0,1.0,1.0
Mina,250,430,D_250_Mina_0430,62500.0,21.429912301331676,39.91551060493001,0,0,0,0,0,0,0,1.6511971957410494,2.3004755045374963,11.005740946202195,3.4288550725931595,0.0,0.0,0.0,1.0,1.0
Mina,250,431,D_250_Mina_0431,62500.0,21.40279698236892,39.9177534498346,0,0,0,0,0,0,0,1.3088826874431443,1.6303028323732887,8.416565629632759,3.65679671949744,0.0,0.0,0.0,1.0,1.0
Mina,250,432,D_250_Mina_0432,62500.0,21.40505549536799,39.91776754906523,0,0,0,0,0,0,0,1.1376882557079377,1.8471282746377193,8.608692886216938,3.561430339602889,0.0,0.0,0.0,1.0,1.0
Mina,250,433,D_250_Mina_0433,62500.0,21.407314007750152,39.91778165014698,0,0,0,0,0,0,0,0.9950608870611479,1.7417377705525439,8.803727018739776,3.4814379040793852,0.0,0.0,0.0,1.0,1.0
Mina,250,434,D_250_Mina_0434,62500.0,21.409572519515336,39.917795753079936,0,0,0,0,0,0,0,0.9005319376579975,1.6668002130777264,9.001479080227616,3.4178990178291366,0.0,0.0,0.0,1.0,1.0
Mina,250,435,D_250_Mina_0435,62500.0,21.4118310306635,39.91780985786426,0,0,0,0,0,0,0,0.8699249234992733,1.6267398926840546,9.201773842203583,3.37174398675138,0.0,0.0,0.0,1.0,1.0
Mina,250,436,D_250_Mina_0436,62500.0,21.41408954119459,39.91782396450007,0,0,0,0,0,0,0,0.9097147763493597,1.623422060879716,9.404448843730753,3.3436927682295816,0.0,0.0,0.0,1.0,1.0
Mina,250,437,D_250_Mina_0437,62500.0,21.416348051108553,39.91783807298751,0,0,0,0,0,0,0,1.0116286750045762,1.6578049499452074,9.60935347802522,3.334202325058801,0.0,0.0,0.0,1.0,1.0
Mina,250,438,D_250_Mina_0438,62500.0,21.41860656040533,39.91785218332668,0,0,0,0,0,0,0,1.1593981964254834,1.7275603128329278,9.816348123254494,3.343430717174236,0.0,0.0,0.0,1.0,1.0
Mina,250,439,D_250_Mina_0439,62500.0,21.42086506908487,39.917866295517726,0,0,0,0,0,0,0,1.337914713147969,1.8291014233464407,10.025303321506472,3.371224225212696,0.0,0.0,0.0,1.0,1.0
Mina,250,440,D_250_Mina_0440,62500.0,21.42312357714713,39.91788040956077,0,0,0,0,0,0,0,1.536498415697511,1.9574880329903799,10.23609900789824,3.417129876486648,0.0,0.0,0.0,1.0,1.0
Mina,250,441,D_250_Mina_0441,62500.0,21.425382084592037,39.91789452545595,0,0,0,0,0,0,0,1.7483246218091508,2.1078203864924347,10.448623790278889,3.4804310665339093,0.0,0.0,0.0,1.0,1.0
Mina,250,442,D_250_Mina_0442,62500.0,21.42764059141956,39.91790864320338,0,0,0,0,0,0,0,1.8066608324798987,2.275753537649824,10.662774278867046,3.5602000259832427,0.0,0.0,0.0,1.0,1.0
Mina,250,443,D_250_Mina_0443,62500.0,21.409559294845575,39.92020757545379,0,0,0,0,0,0,0,1.1438272653500334,1.910885857560915,8.852460866347794,3.6621898678737734,0.0,0.0,0.0,1.0,1.0
Mina,250,444,D_250_Mina_0444,62500.0,21.411817804464533,39.920221717290524,0,0,0,0,0,0,0,1.1198894654122276,1.875858344250832,9.056052097989818,3.6191516194370803,0.0,0.0,0.0,1.0,1.0
Mina,250,445,D_250_Mina_0445,62500.0,21.414076313466367,39.92023586098362,0,0,0,0,0,0,0,1.1510708129930294,1.872981857092238,9.261916422252602,3.5930324602751296,0.0,0.0,0.0,1.0,1.0
Mina,250,446,D_250_Mina_0446,62500.0,21.41633482185103,39.92025000653318,0,0,0,0,0,0,0,1.2331973152369342,1.9029784303272965,9.469905597421713,3.58420229293876,0.0,0.0,0.0,1.0,1.0
Mina,250,447,D_250_Mina_0447,62500.0,21.418593329618467,39.920264153939364,0,0,0,0,0,0,0,1.3570509275965776,1.9640453886566658,9.67988265607418,3.5927885956209806,0.0,0.0,0.0,1.0,1.0
Mina,250,448,D_250_Mina_0448,62500.0,21.420851836768627,39.92027830320228,0,0,0,0,0,0,0,1.512414897398819,2.053928351018137,9.891721005297935,3.6186673940749086,0.0,0.0,0.0,1.0,1.0
Muzdalifah,250,1,D_250_Muzdalifah_0001,62500.0,21.380823478499003,39.89220356559954,0,0,0,0,0,2,0,0.901462661075587,0.901462661075587,9.003094490153588,4.006468640710667,2.0,1.2326656394453004,0.012326656394453003,1.0,1.049306625577812
Muzdalifah,250,2,D_250_Muzdalifah_0002,62500.0,21.383082013400315,39.892217256887925,0,0,0,0,0,2,0,0.9449394811521005,0.9449394811521005,9.116084362537146,3.7606080017932486,2.0,1.2326656394453004,0.012326656394453003,1.0,1.049306625577812
Muzdalifah,250,3,D_250_Muzdalifah_0003,62500.0,21.3853405476857,39.89223094997496,0,0,0,0,0,3,0,1.0133632242960258,1.0133632242960258,9.234461425072643,3.515331295526048,3.0,1.8489984591679507,0.01848998459167951,1.0,1.073959938366718
Muzdalifah,250,4,D_250_Muzdalifah_0004,62500.0,21.387599081355095,39.89224464486076,0,0,0,0,0,1,0,0.8176083738490832,0.8176083738490832,9.358021239418889,3.2707698927711624,1.0,0.6163328197226502,0.006163328197226502,1.0,1.024653312788906
Muzdalifah,250,5,D_250_Muzdalifah_0005,62500.0,21.389857614408466,39.89225834154544,0,0,0,2,1,0,0,0.6064954502547151,0.6064954502547151,9.486561296047974,3.027097168181377,8.0,4.9306625577812015,0.04930662557781201,1.0,1.197226502311248
Muzdalifah,250,6,D_250_Muzdalifah_0006,62500.0,21.392116146845748,39.892272040029155,0,0,0,0,0,0,0,0.43839480992730384,0.43839480992730384,9.619881960291186,2.784546433400806,0.0,0.0,0.0,1.0,1.0
Muzdalifah,250,7,D_250_Muzdalifah_0007,62500.0,21.37629356981343,39.894587482605885,0,0,0,0,0,1,0,1.0647844559300153,1.0647844559300153,8.564944629871043,4.545352920909489,1.0,0.6163328197226502,0.006163328197226502,1.0,1.024653312788906
Muzdalifah,250,8,D_250_Muzdalifah_0008,62500.0,21.378552104460166,39.89460120727924,0,0,0,0,0,0,0,1.1337217802217059,1.1337217802217059,8.669230659004132,4.301234096137278,0.0,0.0,0.0,1.0,1.0
Muzdalifah,250,9,D_250_Muzdalifah_0009,62500.0,21.380810638491038,39.89461493375583,0,0,0,0,0,2,0,1.15113611014549,1.15113611014549,8.779398836211827,4.057831480474182,2.0,1.2326656394453004,0.012326656394453003,1.0,1.049306625577812
Muzdalifah,250,10,D_250_Muzdalifah_0010,62500.0,21.38306917190599,39.89462866203581,0,0,0,0,0,3,0,1.1884700129030241,1.1884700129030241,8.895230611487145,3.8152821518310716,3.0,1.8489984591679507,0.01848998459167951,1.0,1.073959938366718
Muzdalifah,250,11,D_250_Muzdalifah_0011,62500.0,21.385327704704967,39.89464239211927,0,0,0,0,0,2,0,0.9843235243332894,0.9843235243332894,9.016507712956184,3.5737598509460824,2.0,1.2326656394453004,0.012326656394453003,1.0,1.049306625577812
Muzdalifah,250,12,D_250_Muzdalifah_0012,62500.0,21.387586236887913,39.894656124006374,0,0,0,0,0,1,0,0.7370522903752726,0.7370522903752726,9.14301345531432,3.333487820044885,1.0,0.6163328197226502,0.006163328197226502,1.0,1.024653312788906
Muzdalifah,250,13,D_250_Muzdalifah_0013,62500.0,21.38984476845479,39.89466985769722,0,0,0,0,0,1,0,0.49254376144558204,0.49254376144558204,9.274533883183516,3.094757279746028,1.0,0.6163328197226502,0.006163328197226502,1.0,1.024653312788906
Muzdalifah,250,14,D_250_Muzdalifah_0014,62500.0,21.392103299405534,39.89468359319194,0,0,0,0,0,0,0,0.2587520727076206,0.2587520727076206,9.41085875234452,2.857954547345788,0.0,0.0,0.0,1.0,1.0
Muzdalifah,250,15,D_250_Muzdalifah_0015,62500.0,21.394361829740088,39.89469733049066,0,1,2,2,1,1,0,0.12769460960438825,0.12769460960438825,9.551782355290548,2.6236016787705987,15.0,9.244992295839754,0.09244992295839755,1.0,1.3697996918335902
Muzdalifah,250,16,D_250_Muzdalifah_0016,62500.0,21.396620359458403,39.894711069593505,0,0,1,0,0,0,0,0.30109664812738196,0.30109664812738196,9.697104200177506,2.392418722339661,2.0,1.2326656394453004,0.012326656394453003,1.0,1.049306625577812
Muzdalifah,250,17,D_250_Muzdalifah_0017,62500.0,21.3717636299798,39.896971257104134,0,0,0,0,0,0,1,0.6687553250575184,0.6687553250575184,8.141611795392835,5.088582846160891,0.25,0.15408320493066255,0.0015408320493066254,1.0,1.0061633281972264
Muzdalifah,250,18,D_250_Muzdalifah_0018,62500.0,21.374022164367915,39.89698501514338,0,0,0,0,0,0,0,0.8881604229027228,0.8881604229027228,8.23608683375425,4.846035179029999,0.0,0.0,0.0,1.0,1.0
Muzdalifah,250,19,D_250_Muzdalifah_0019,62500.0,21.376280698140228,39.89699877499048,0,0,0,0,0,0,0,1.120457133864879,1.120457133864879,8.336990466553294,4.604284801198744,0.0,0.0,0.0,1.0,1.0
Muzdalifah,250,20,D_250_Muzdalifah_0020,62500.0,21.37853923129669,39.89701253664556,0,0,0,0,0,0,0,1.3590509338676957,1.3590509338676957,8.444092239291377,4.363464232087068,0.0,0.0,0.0,1.0,1.0
Muzdalifah,250,21,D_250_Muzdalifah_0021,62500.0,21.38079776383723,39.897026300108756,0,0,0,0,0,0,0,1.4009260361804619,1.4009260361804619,8.557159426580837,4.123736373588474,0.0,0.0,0.0,1.0,1.0
Muzdalifah,250,22,D_250_Muzdalifah_0022,62500.0,21.383056295761804,39.89704006538018,0,0,0,0,0,2,0,1.232599751794423,1.232599751794423,8.675958803393527,3.885303495611385,2.0,1.2326656394453004,0.012326656394453003,1.0,1.049306625577812
Muzdalifah,250,23,D_250_Muzdalifah_0023,62500.0,21.385314827070367,39.89705383245997,0,0,0,0,0,3,0,0.984202939598943,0.984202939598943,8.800258227145498,3.648419497147153,3.0,1.8489984591679507,0.01848998459167951,1.0,1.073959938366718
Muzdalifah,250,24,D_250_Muzdalifah_0024,62500.0,21.387573357762857,39.89706760134823,0,0,0,0,0,2,0,0.7368912433369852,0.7368912433369852,8.929828025818997,3.4134068613801256,2.0,1.2326656394453004,0.012326656394453003,1.0,1.049306625577812
Muzdalifah,250,25,D_250_Muzdalifah_0025,62500.0,21.389831887839225,39.897081372045115,0,0,0,0,0,1,0,0.49230273480680087,0.49230273480680087,9.064442193370907,3.180680426492161,1.0,0.6163328197226502,0.006163328197226502,1.0,1.024653312788906
Muzdalifah,250,26,D_250_Muzdalifah_0026,62500.0,21.392090417299418,39.897095144550725,0,0,0,0,0,0,0,0.2582929749137259,0.2582929749137259,9.203879398559238,2.9507811761673874,0.0,0.0,0.0,1.0,1.0
Muzdalifah,250,27,D_250_Muzdalifah_0027,62500.0,21.394348946143374,39.8971089188652,0,0,0,0,0,1,0,0.12676174139427868,0.12676174139427868,9.347923817056039,2.724424916157027,1.0,0.6163328197226502,0.006163328197226502,1.0,1.024653312788906
Muzdalifah,250,28,D_250_Muzdalifah_0028,62500.0,21.39660747437106,39.89712269498866,1,0,0,0,0,0,0,0.3007022069636958,0.3007022069636958,9.49636579938578,2.5025732152987366,4.0,2.4653312788906008,0.024653312788906007,1.0,1.0986132511556241
Muzdalifah,250,29,D_250_Muzdalifah_0029,62500.0,21.398866001982405,39.897136472921225,0,0,0,2,0,0,0,0.2218380730270423,0.2218380730270423,9.649002388952148,2.286537616590659,6.0,3.6979969183359014,0.03697996918335902,1.0,1.147919876733436
Muzdalifah,250,30,D_250_Muzdalifah_0030,62500.0,21.401124528977363,39.89715025266304,0,0,0,0,2,1,1,0.3018426184003749,0.3018426184003749,9.805637705333838,2.0781327787794326,5.25,3.235747303543914,0.03235747303543914,1.0,1.1294298921417565
Muzdalifah,250,31,D_250_Muzdalifah_0031,62500.0,21.369492193147636,39.89936868053355,0,0,1,0,0,1,2,0.6908666181060944,0.6908666181060944,7.818931669177257,5.393746301321444,3.5,2.157164869029276,0.02157164869029276,1.0,1.086286594761171
Muzdalifah,250,32,D_250_Muzdalifah_0032,62500.0,21.371750726657343,39.89938247373209,0,0,0,0,0,1,2,0.8330017623218503,0.8330017623218503,7.909360034384793,5.153433878218697,1.5,0.9244992295839753,0.009244992295839754,1.0,1.036979969183359
Muzdalifah,250,33,D_250_Muzdalifah_0033,62500.0,21.37400925955125,39.89939626874323,0,0,0,0,0,0,0,1.01758890916188,1.01758890916188,8.006576038468866,4.914088146474952,0.0,0.0,0.0,1.0,1.0
Muzdalifah,250,34,D_250_Muzdalifah_0034,62500.0,21.376267791829317,39.89941006556708,0,0,0,0,0,0,0,1.225594729128361,1.225594729128361,8.11033560132034,4.675857556157915,0.0,0.0,0.0,1.0,1.0
Muzdalifah,250,35,D_250_Muzdalifah_0035,62500.0,21.378526323491478,39.89942386420378,0,0,0,0,0,0,0,1.4469546268232385,1.4469546268232385,8.220390944006528,4.4389216550455695,0.0,0.0,0.0,1.0,1.0
Muzdalifah,250,36,D_250_Muzdalifah_0036,62500.0,21.38078485453768,39.89943766465344,0,0,0,0,0,1,0,1.4009744872850056,1.52305991204924,8.336492726474662,4.20349937953914,1.0,0.6163328197226502,0.006163328197226502,1.0,1.024653312788906
Muzdalifah,250,37,D_250_Muzdalifah_0037,62500.0,21.383043384967877,39.8994514669162,0,0,0,0,0,1,0,1.1612891458373549,1.2822108929045042,8.458391968029462,3.96986002372116,1.0,0.6163328197226502,0.006163328197226502,1.0,1.024653312788906
Muzdalifah,250,38,D_250_Muzdalifah_0038,62500.0,21.385301914782012,39.899465270992174,0,0,0,0,0,1,0,0.927068199463137,1.0456663196615321,8.58584174039364,3.73833789030537,1.0,0.6163328197226502,0.006163328197226502,1.0,1.024653312788906
Muzdalifah,250,39,D_250_Muzdalifah_0039,62500.0,21.387560443980025,39.899479076881484,0,0,0,0,0,2,0,0.7037886136276943,0.8171727664735413,8.718598631508739,3.509352042221789,2.0,1.2326656394453004,0.012326656394453003,1.0,1.049306625577812
Muzdalifah,250,40,D_250_Muzdalifah_0040,62500.0,21.38981897256188,39.89949288458427,0,0,0,1,3,1,0,0.5061436346415524,0.6059080858162798,8.856423985085993,3.2834331621642114,10.0,6.163328197226503,0.061633281972265024,1.0,1.2465331278890601
Muzdalifah,250,41,D_250_Muzdalifah_0041,62500.0,21.392077500527513,39.89950669410065,0,0,0,1,0,0,0,0.3768877088793565,0.43758186279720906,8.999084926250381,3.061260345764977,3.0,1.8489984591679507,0.01848998459167951,1.0,1.073959938366718
Muzdalifah,250,42,D_250_Muzdalifah_0042,62500.0,21.394336027876864,39.89952050543076,1,0,0,0,0,0,0,0.22277626521733834,0.37527478577783885,9.146355187511976,2.84371174325151,4.0,2.4653312788906008,0.024653312788906007,1.0,1.0986132511556241
Muzdalifah,250,43,D_250_Muzdalifah_0043,62500.0,21.3965945546099,39.8995343185747,1,0,0,0,0,0,0,0.20958746589078434,0.2929617202584835,9.298015751889626,2.6319342797379988,4.0,2.4653312788906008,0.024653312788906007,1.0,1.0986132511556241
Muzdalifah,250,44,D_250_Muzdalifah_0044,62500.0,21.39885308072655,39.899548133532626,2,0,0,0,2,0,0,0.052186254658223165,0.052186254658223165,9.453855331485032,2.427438902838424,12.0,7.395993836671803,0.07395993836671803,1.0,1.2958397534668722
Muzdalifah,250,45,D_250_Muzdalifah_0045,62500.0,21.40111160622677,39.89956195030464,7,0,0,0,2,0,7,0.21123503689893855,0.21123503689893855,9.613670700357295,2.232227856014445,33.75,20.801232665639446,0.20801232665639446,1.0,1.8320493066255779
Muzdalifah,250,46,D_250_Muzdalifah_0046,62500.0,21.40337013111051,39.89957576889088,13,0,0,0,0,0,9,0.41632371998150924,0.4599098568764741,9.77726690037501,2.0489565088894106,54.25,33.43605546995377,0.33436055469953774,1.0,2.337442218798151
Muzdalifah,250,47,D_250_Muzdalifah_0047,62500.0,21.369479256693758,39.90177985838199,0,0,0,0,0,0,1,0.9213875054784892,0.9213875054784892,7.585039615842934,5.466416057889125,0.25,0.15408320493066255,0.0015408320493066254,1.0,1.0061633281972264
Muzdalifah,250,48,D_250_Muzdalifah_0048,62500.0,21.371737788705293,39.90179368854746,0,0,0,0,0,0,0,1.0322549042120504,1.0322549042120504,7.6782230809066165,5.229444147526725,0.0,0.0,0.0,1.0,1.0
Muzdalifah,250,49,D_250_Muzdalifah_0049,62500.0,21.373996320100993,39.90180752053037,0,0,0,0,0,0,0,1.1862316128344355,1.1862316128344355,7.7783284442370695,4.993742851434678,0.0,0.0,0.0,1.0,1.0
Muzdalifah,250,50,D_250_Muzdalifah_0050,62500.0,21.376254850880798,39.90182135433085,0,0,0,0,0,0,0,1.3688464820080235,1.3688464820080235,7.885092078897232,4.759500944469744,0.0,0.0,0.0,1.0,1.0
Muzdalifah,250,51,D_250_Muzdalifah_0051,62500.0,21.37851338104465,39.90183518994903,0,0,0,0,0,0,0,1.5701388293153244,1.5701388293153244,7.99824735794963,4.526944975870793,0.0,0.0,0.0,1.0,1.0
Muzdalifah,250,52,D_250_Muzdalifah_0052,62500.0,21.380771910592504,39.90184902738504,0,0,0,0,0,1,0,1.3579390405022163,1.602957928783763,8.117526994424386,4.296348727549389,1.0,0.6163328197226502,0.006163328197226502,1.0,1.024653312788906
Muzdalifah,250,53,D_250_Muzdalifah_0053,62500.0,21.383030439524312,39.901862866639,0,0,0,0,0,1,0,1.1089911649495903,1.3761640162576039,8.242665115814727,4.06804547207485,1.0,0.6163328197226502,0.006163328197226502,1.0,1.024653312788906
Muzdalifah,250,54,D_250_Muzdalifah_0054,62500.0,21.385288967840008,39.90187670771103,0,0,0,0,0,1,0,0.8606534553189332,1.1589567195688482,8.3733990659546,3.842443953660499,1.0,0.6163328197226502,0.006163328197226502,1.0,1.024653312788906
Muzdalifah,250,55,D_250_Muzdalifah_0055,62500.0,21.387547495539536,39.90189055060127,0,0,0,0,0,0,0,0.6136671217920904,0.957879927770341,8.509470936785068,3.6200493244119696,0.0,0.0,0.0,1.0,1.0
Muzdalifah,250,56,D_250_Muzdalifah_0056,62500.0,21.38980602262286,39.90190439530984,0,0,0,0,0,0,0,0.3707429063175147,0.7854216919698875,8.650628840162438,3.401490656363617,0.0,0.0,0.0,1.0,1.0
Muzdalifah,250,57,D_250_Muzdalifah_0057,62500.0,21.392064549089927,39.90191824183686,1,0,0,0,0,0,0,0.15268683244119902,0.6642593713365046,8.796627935550674,3.1875570990152364,4.0,2.4653312788906008,0.024653312788906007,1.0,1.0986132511556241
Muzdalifah,250,58,D_250_Muzdalifah_0058,62500.0,21.39432307494067,39.90193209018246,1,0,0,0,0,0,0,0.1551209315370258,0.610279451095372,8.947231233335309,2.979245178503418,4.0,2.4653312788906008,0.024653312788906007,1.0,1.0986132511556241
Muzdalifah,250,59,D_250_Muzdalifah_0059,62500.0,21.39658160017504,39.90194594034677,1,0,0,0,2,0,0,0.13549961223283802,0.4053860432571791,9.102210195827784,2.7778199019715615,8.0,4.9306625577812015,0.04930662557781201,1.0,1.197226502311248
Muzdalifah,250,60,D_250_Muzdalifah_0060,62500.0,21.398840124792983,39.90195979232991,4,0,0,0,2,1,0,0.10492256024662323,0.28501698143471116,9.261345159062566,2.5848916770229913,21.0,12.942989214175656,0.12942989214175657,1.0,1.5177195685670264
Muzdalifah,250,61,D_250_Muzdalifah_0061,62500.0,21.401098648794456,39.90197364613202,4,0,0,0,0,1,0,0.3509010050492838,0.3509010050492838,9.42442559849416,2.402508388350843,17.0,10.477657935285054,0.10477657935285054,1.0,1.4191063174114023
Muzdalifah,250,62,D_250_Muzdalifah_0062,62500.0,21.40335717217939,39.901987501753204,5,0,0,0,0,1,0,0.3159276688468658,0.5385428032970458,9.59125026093118,2.23325505266407,21.0,12.942989214175656,0.12942989214175657,1.0,1.5177195685670264
Muzdalifah,250,63,D_250_Muzdalifah_0063,62500.0,21.367207754489208,39.90417716910306,0,0,0,0,0,0,0,0.7566594057644647,1.1188873006019238,7.263447927416429,5.784075405691386,0.0,0.0,0.0,1.0,1.0
Muzdalifah,250,64,D_250_Muzdalifah_0064,62500.0,21.369466285614404,39.904191034413124,0,0,0,0,0,0,0,0.9904218161682007,1.1600056838181418,7.3522077976993,5.549406263094945,0.0,0.0,0.0,1.0,1.0
Muzdalifah,250,65,D_250_Muzdalifah_0065,62500.0,21.371724816123763,39.90420490154538,0,0,0,0,0,0,0,1.230584126157981,1.249883369962314,7.448304720324671,5.316135010233547,0.0,0.0,0.0,1.0,1.0
Muzdalifah,250,66,D_250_Muzdalifah_0066,62500.0,21.373983346017237,39.90421877049993,0,0,0,0,0,0,0,1.379783928927391,1.379783928927391,7.551458595070966,5.0844540534047775,0.0,0.0,0.0,1.0,1.0
Muzdalifah,250,67,D_250_Muzdalifah_0067,62500.0,21.376241875294774,39.90423264127692,0,0,0,0,0,0,0,1.539609996896702,1.539609996896702,7.661384380079852,4.854591084255986,0.0,0.0,0.0,1.0,1.0
Muzdalifah,250,68,D_250_Muzdalifah_0068,62500.0,21.378500403956316,39.90424651387646,0,0,0,0,0,0,0,1.6091626378960293,1.7210445068510631,7.777794952657978,4.626817066784804,0.0,0.0,0.0,1.0,1.0
Muzdalifah,250,69,D_250_Muzdalifah_0069,62500.0,21.38075893200181,39.90426038829869,0,0,0,0,0,1,0,1.3602453313342695,1.7158778357476456,7.900403662589166,4.4014563207698165,1.0,0.6163328197226502,0.006163328197226502,1.0,1.024653312788906
Muzdalifah,250,70,D_250_Muzdalifah_0070,62500.0,21.383017459431212,39.90427426454372,0,0,0,0,0,1,0,1.1118139806788028,1.5061839281447509,8.028926562007694,4.178899295005564,1.0,0.6163328197226502,0.006163328197226502,1.0,1.024653312788906
Muzdalifah,250,71,D_250_Muzdalifah_0071,62500.0,21.38527598624446,39.90428814261169,0,0,0,0,0,2,0,0.8642877378795879,1.3107033621659323,8.163084309522539,3.959618781139346,2.0,1.2326656394453004,0.012326656394453003,1.0,1.049306625577812
Muzdalifah,250,72,D_250_Muzdalifah_0072,62500.0,21.387534512441498,39.904302022502726,0,0,0,0,0,5,0,0.6187537960006261,1.1367922333410827,8.30260375729406,3.7441904954348777,5.0,3.0816640986132513,0.030816640986132512,1.0,1.12326656394453
Muzdalifah,250,73,D_250_Muzdalifah_0073,62500.0,21.389793038022287,39.90431590421695,0,0,0,0,0,3,0,0.3791031868520149,0.995816177803983,8.447219238121729,3.533319125165219,3.0,1.8489984591679507,0.01848998459167951,1.0,1.073959938366718
Muzdalifah,250,74,D_250_Muzdalifah_0074,62500.0,21.392051562986765,39.90432978775449,1,0,0,0,0,0,0,0.1719947455520748,0.9033289202542235,8.596673575468257,3.3278710333202137,4.0,2.4653312788906008,0.024653312788906007,1.0,1.0986132511556241
Muzdalifah,250,75,D_250_Muzdalifah_0075,62500.0,21.39431008733488,39.90434367311546,1,0,0,0,3,0,0,0.20110981754676288,0.7589152014290991,8.750718843010246,3.128914698192519,10.0,6.163328197226503,0.061633281972265024,1.0,1.2465331278890601
Muzdalifah,250,76,D_250_Muzdalifah_0076,62500.0,21.396568611066574,39.904357560300014,4,0,0,0,3,0,0,0.11599620512136678,0.6065056624621183,8.909116902121946,2.937769351518021,22.0,13.559322033898304,0.13559322033898305,1.0,1.542372881355932
Muzdalifah,250,77,D_250_Muzdalifah_0077,62500.0,21.398827134181804,39.90437144930825,8,0,0,0,0,0,0,0.1470998401938204,0.533615923897569,9.071639746040148,2.756060655513962,32.0,19.722650231124806,0.19722650231124805,1.0,1.7889060092449922
Muzdalifah,250,78,D_250_Muzdalifah_0078,62500.0,21.401085656680518,39.904385340140315,2,0,0,0,0,1,0,0.39347376833473513,0.5715267184266184,9.238069678682649,2.5857787823063063,9.0,5.546995377503852,0.05546995377503852,1.0,1.221879815100154
Muzdalifah,250,79,D_250_Muzdalifah_0079,62500.0,21.403344178562655,39.904399232796315,0,0,0,0,0,0,0,0.38896676473291086,0.7025237544125765,9.408199354523484,2.4292273333797207,0.0,0.0,0.0,1.0,1.0
Muzdalifah,250,80,D_250_Muzdalifah_0080,62500.0,21.40560269982817,39.9044131272764,1,0,0,0,0,0,6,0.2370987816935552,0.8382727503251024,9.581831703840162,2.2888942195587783,5.5,3.389830508474576,0.03389830508474576,1.0,1.1355932203389831
Muzdalifah,250,81,D_250_Muzdalifah_0081,62500.0,21.367194750290647,39.90658830635021,0,0,0,0,0,0,0,0.8878526697973882,1.3678067290566776,7.02885547731163,5.873221743953933,0.0,0.0,0.0,1.0,1.0
Muzdalifah,250,82,D_250_Muzdalifah_0082,62500.0,21.3694532799097,39.906602208622076,0,0,0,0,0,0,0,1.0939306563381588,1.4025945378935838,7.120540220179511,5.642261534864077,0.0,0.0,0.0,1.0,1.0
Muzdalifah,250,83,D_250_Muzdalifah_0083,62500.0,21.371711808912867,39.90661611272099,0,0,0,0,0,0,0,1.3153274111362994,1.477791152276556,7.2197213750569675,5.41299333104708,0.0,0.0,0.0,1.0,1.0
Muzdalifah,250,84,D_250_Muzdalifah_0084,62500.0,21.373970337300108,39.906630018647064,0,0,0,0,0,0,0,1.5454734278196451,1.5891702054106187,7.326094487495697,5.18564155877685,0.0,0.0,0.0,1.0,1.0
Muzdalifah,250,85,D_250_Muzdalifah_0085,62500.0,21.37622886507136,39.90664392640042,0,0,0,0,0,0,0,1.7297563972371324,1.7297563972371324,7.439351056777414,4.960469730808467,0.0,0.0,0.0,1.0,1.0
Muzdalifah,250,86,D_250_Muzdalifah_0086,62500.0,21.378487392226578,39.9066578359812,0,0,0,0,0,0,0,1.6494463673903141,1.8930537355819406,7.5591816919714,4.737788674521107,0.0,0.0,0.0,1.0,1.0
Muzdalifah,250,87,D_250_Muzdalifah_0087,62500.0,21.380745918765705,39.906671747389524,0,0,0,0,0,0,0,1.4076705172423243,1.8558015446079674,7.685278886188581,4.517966699586651,0.0,0.0,0.0,1.0,1.0
Muzdalifah,250,88,D_250_Muzdalifah_0088,62500.0,21.383004444688687,39.906685660625506,0,0,0,2,0,0,0,1.1693584785383146,1.6638367261125246,7.817339398078886,4.301442161964673,6.0,3.6979969183359014,0.03697996918335902,1.0,1.147919876733436
Muzdalifah,250,89,D_250_Muzdalifah_0089,62500.0,21.38526296999548,39.90669957568929,0,0,0,0,0,1,0,0.9371564530779326,1.4891964038878054,7.955066245545459,4.088738955580408,1.0,0.6163328197226502,0.006163328197226502,1.0,1.024653312788906
Muzdalifah,250,90,D_250_Muzdalifah_0090,62500.0,21.387521494686013,39.90671349258099,0,0,0,0,0,7,0,0.7170252323048196,1.3386781568188446,8.098170328986487,3.8804855135709753,7.0,4.314329738058552,0.04314329738058552,1.0,1.1725731895223421
Muzdalifah,250,91,D_250_Muzdalifah_0091,62500.0,21.389780018760252,39.90672741130074,0,0,0,0,0,7,0,0.5243931254106501,1.2212340012198426,8.246371710245512,3.6774378846130946,7.0,4.314329738058552,0.04314329738058552,1.0,1.1725731895223421
Muzdalifah,250,92,D_250_Muzdalifah_0092,62500.0,21.392038542218142,39.90674133184867,0,0,0,0,3,4,0,0.4010624841519325,1.1124597619027075,8.399400579195987,3.4805072862071507,10.0,6.163328197226503,0.061633281972265024,1.0,1.2465331278890601
Muzdalifah,250,93,D_250_Muzdalifah_0093,62500.0,21.394297065059614,39.906755254224905,1,0,0,0,4,2,0,0.20749127276016144,0.9510328898051169,8.556997942973823,3.2907920845131646,14.0,8.628659476117104,0.08628659476117104,1.0,1.3451463790446843
Muzdalifah,250,94,D_250_Muzdalifah_0094,62500.0,21.39655558728463,39.906769178429556,7,0,0,0,0,0,0,0.08033430853962022,0.8344821107306702,8.718916073820107,3.1096131781377463,28.0,17.257318952234208,0.17257318952234207,1.0,1.6902927580893683
Muzdalifah,250,95,D_250_Muzdalifah_0095,62500.0,21.398814108893138,39.90678310446277,3,0,0,0,0,0,0,0.2525953382491128,0.7831074184094782,8.884918750814721,2.938549930118828,12.0,7.395993836671803,0.07395993836671803,1.0,1.2958397534668722
Muzdalifah,250,96,D_250_Muzdalifah_0096,62500.0,21.401072629885075,39.90679703232466,0,0,0,0,0,0,0,0.44383290581892754,0.8094158785237664,9.054781328935526,2.77947068089498,0.0,0.0,0.0,1.0,1.0
Muzdalifah,250,97,D_250_Muzdalifah_0097,62500.0,21.40333115026039,39.90681096201536,0,0,0,0,0,0,0,0.5725207386554311,0.9066702267334268,9.228290666266412,2.6340922796513944,0.0,0.0,0.0,1.0,1.0
Muzdalifah,250,98,D_250_Muzdalifah_0098,62500.0,21.405589670019044,39.906824893534996,2,0,0,0,1,0,5,0.4070331089815608,0.9464266542771128,9.405244937127376,2.5052611538140126,11.25,6.933744221879815,0.06933744221879815,1.0,1.2773497688751925
Muzdalifah,250,99,D_250_Muzdalifah_0099,62500.0,21.36492318274607,39.90898550436865,0,0,0,0,0,0,0,0.9195810745066381,1.5969359675189199,6.708551195401061,6.200286883236064,0.0,0.0,0.0,1.0,1.0
Muzdalifah,250,100,D_250_Muzdalifah_0100,62500.0,21.367181711470838,39.90899944177044,0,0,0,0,0,0,0,1.0625588314069332,1.6167261575114313,6.7953618628868755,5.971510613620528,0.0,0.0,0.0,1.0,1.0
Muzdalifah,250,101,D_250_Muzdalifah_0101,62500.0,21.36944023957974,39.909013381003994,0,0,0,0,0,0,0,1.2399327351961282,1.6474008889664462,6.890154320030703,5.744503510551286,0.0,0.0,0.0,1.0,1.0
Muzdalifah,250,102,D_250_Muzdalifah_0102,62500.0,21.371698767072704,39.90902732206944,0,0,0,0,0,0,0,1.4390396469246556,1.7118776068940773,6.992603968486858,5.519483866892762,0.0,0.0,0.0,1.0,1.0
Muzdalifah,250,103,D_250_Muzdalifah_0103,62500.0,21.373957293949694,39.90904126496691,0,0,0,0,0,0,0,1.6520402607173716,1.8089002717129956,7.102379458066045,5.2967049881075035,0.0,0.0,0.0,1.0,1.0
Muzdalifah,250,104,D_250_Muzdalifah_0104,62500.0,21.376215820210664,39.90905520969652,0,0,0,0,0,0,0,1.8742035483482593,1.933575818275897,7.2191466027930815,5.076461888480632,0.0,0.0,0.0,1.0,1.0
Muzdalifah,250,105,D_250_Muzdalifah_0105,62500.0,21.378474345855548,39.909069156258404,0,0,0,0,0,0,0,1.7253817672021747,1.8143555984148108,7.342571850440367,4.85909938973775,0.0,0.0,0.0,1.0,1.0
Muzdalifah,250,106,D_250_Muzdalifah_0106,62500.0,21.38073287088429,39.90908310465269,0,0,0,0,0,0,0,1.4959295467400424,1.668716803379935,7.472325279666275,4.645021900217825,0.0,0.0,0.0,1.0,1.0
Muzdalifah,250,107,D_250_Muzdalifah_0107,62500.0,21.382991395296855,39.9090970548795,0,0,0,0,0,0,0,1.2742323865865433,1.5499500967018038,7.60808312200912,4.434705179339056,0.0,0.0,0.0,1.0,1.0
Muzdalifah,250,108,D_250_Muzdalifah_0108,62500.0,21.38524991909317,39.909111006938964,0,0,0,0,0,0,0,1.0651437185855284,1.4646073994928857,7.749529824296466,4.228710394648714,0.0,0.0,0.0,1.0,1.0
Muzdalifah,250,109,D_250_Muzdalifah_0109,62500.0,21.387508442273194,39.909124960831214,0,0,0,0,0,3,0,0.877720973577809,1.4187333671386937,7.896359680505999,4.0277007306853765,3.0,1.8489984591679507,0.01848998459167951,1.0,1.073959938366718
Muzdalifah,250,110,D_250_Muzdalifah_0110,62500.0,21.389766964836877,39.909138916556365,0,0,0,0,1,3,0,0.7232218678064477,1.4161687397397522,8.048278071126841,3.832460665175437,5.0,3.0816640986132513,0.030816640986132512,1.0,1.12326656394453
Muzdalifah,250,111,D_250_Muzdalifah_0111,62500.0,21.39202548678416,39.909152874114554,0,0,0,0,2,6,0,0.4862621134021794,1.3004145478975273,8.205002353225838,3.6439177164516745,10.0,6.163328197226503,0.061633281972265024,1.0,1.2465331278890601
Muzdalifah,250,112,D_250_Muzdalifah_0112,62500.0,21.394284008114987,39.90916683350591,0,0,0,0,0,7,0,0.27359059886491194,1.165321771881901,8.366262446439384,3.4631658779827195,7.0,4.314329738058552,0.04314329738058552,1.0,1.1725731895223421
Muzdalifah,250,113,D_250_Muzdalifah_0113,62500.0,21.39654252882931,39.90918079473054,1,0,0,0,0,1,0,0.19558320133428728,1.0723206925451063,8.53180115971782,3.2914889446232776,5.0,3.0816640986132513,0.030816640986132512,1.0,1.12326656394453
Muzdalifah,250,114,D_250_Muzdalifah_0114,62500.0,21.39880104892707,39.9091947577886,0,0,0,0,0,0,0,0.355884477746748,1.0328448592595403,8.701374301524023,3.130380335794788,0.0,0.0,0.0,1.0,1.0
Muzdalifah,250,115,D_250_Muzdalifah_0115,62500.0,21.401059568408225,39.9092087226802,0,0,0,0,0,0,0,0.5831421219205338,1.0529317826608249,8.8747506129177,2.981249323204714,0.0,0.0,0.0,1.0,1.0
Muzdalifah,250,116,D_250_Muzdalifah_0116,62500.0,21.403318087272716,39.90922268940547,3,0,0,0,1,0,30,0.752034551006185,1.129407886715754,9.051711559022605,2.8461796918323703,21.5,13.25115562403698,0.13251155624036978,1.0,1.5300462249614792
Muzdalifah,250,117,D_250_Muzdalifah_0117,62500.0,21.4055766055205,39.909236657964534,12,0,0,0,5,0,103,0.5682935566286712,1.101135714213805,9.232051010149577,2.727385222019333,83.75,51.61787365177196,0.5161787365177196,1.0,3.0647149460708785
Muzdalifah,250,118,D_250_Muzdalifah_0118,62500.0,21.407835123151504,39.909250628357526,6,0,0,0,3,0,73,0.43109738857443614,0.9357254663301134,9.415574839608265,2.6270746963837714,48.25,29.738058551617872,0.29738058551617874,1.0,2.189522342064715
Muzdalifah,250,119,D_250_Muzdalifah_0119,62500.0,21.36491011081925,39.91139660100043,0,0,0,0,0,0,0,1.1451542514112674,1.8468544233158304,6.473159403873868,6.303392958507227,0.0,0.0,0.0,1.0,1.0
Muzdalifah,250,120,D_250_Muzdalifah_0120,62500.0,21.3671686380299,39.911410575358914,0,0,0,0,0,0,0,1.262846062327228,1.8656455859661853,6.563084364399185,6.078498528708543,0.0,0.0,0.0,1.0,1.0
Muzdalifah,250,121,D_250_Muzdalifah_0121,62500.0,21.36942716462463,39.91142455155402,0,0,0,0,0,0,0,1.4153381556170488,1.8935648761544872,6.661183084143645,5.855640523261768,0.0,0.0,0.0,1.0,1.0
Muzdalifah,250,122,D_250_Muzdalifah_0122,62500.0,21.37168569060339,39.91143852958587,0,0,0,0,0,0,0,1.5926656938465003,1.9499187655448404,6.767100101723177,5.635060559729487,0.0,0.0,0.0,1.0,1.0
Muzdalifah,250,123,D_250_Muzdalifah_0123,62500.0,21.373944215966123,39.911452509454605,0,0,0,0,0,0,0,1.7874523573974326,2.009477543968408,6.880474365405498,5.417036928614409,0.0,0.0,0.0,1.0,1.0
Muzdalifah,250,124,D_250_Muzdalifah_0124,62500.0,21.37620274071279,39.91146649116034,0,0,0,0,0,0,0,1.811278424786396,1.811278424786396,7.000943593492421,5.201891065768838,0.0,0.0,0.0,1.0,1.0
Muzdalifah,250,125,D_250_Muzdalifah_0125,62500.0,21.37846126484333,39.911480474703204,0,0,0,0,0,0,0,1.6274086962038978,1.6274086962038978,7.128148069837141,4.989995213853327,0.0,0.0,0.0,1.0,1.0
Muzdalifah,250,126,D_250_Muzdalifah_0126,62500.0,21.380719788357688,39.91149446008333,0,0,0,0,0,0,0,1.463280081482507,1.463280081482507,7.261733857129669,4.781781447163027,0.0,0.0,0.0,1.0,1.0
Muzdalifah,250,127,D_250_Muzdalifah_0127,62500.0,21.38297831125582,39.91150844730084,0,0,0,0,0,0,0,1.326242108080887,1.326242108080887,7.4013554378940425,4.577752219439795,0.0,0.0,0.0,1.0,1.0
Muzdalifah,250,128,D_250_Muzdalifah_0128,62500.0,21.385236833537657,39.91152243635586,0,0,1,0,0,0,0,1.2254173418187853,1.2254173418187853,7.5466778137339405,4.378492543871624,2.0,1.2326656394453004,0.012326656394453003,1.0,1.049306625577812
Muzdalifah,250,129,D_250_Muzdalifah_0129,62500.0,21.387495355203153,39.91153642724852,0,0,1,0,1,0,0,1.0447239275196911,1.1702039112964886,7.6973781075483405,4.184683802976377,4.0,2.4653312788906008,0.024653312788906007,1.0,1.0986132511556241
Muzdalifah,250,130,D_250_Muzdalifah_0130,62500.0,21.389753876252264,39.91155041997895,0,0,0,0,2,2,0,0.8245295977641289,1.167093280932155,7.853146721972336,3.9971189755930796,6.0,3.6979969183359014,0.03697996918335902,1.0,1.147919876733436
Muzdalifah,250,131,D_250_Muzdalifah_0131,62500.0,21.392012396684926,39.91156441454728,0,0,0,0,1,5,0,0.6270965080798835,1.213898221314022,8.013688111168618,3.8167187057994867,7.0,4.314329738058552,0.04314329738058552,1.0,1.1725731895223421
Muzdalifah,250,132,D_250_Muzdalifah_0132,62500.0,21.3942709165011,39.911578410953624,0,0,0,0,0,4,0,0.48130136432685355,1.307018276858354,8.178721223354271,3.6445470573657217,4.0,2.4653312788906008,0.024653312788906007,1.0,1.0986132511556241
Muzdalifah,250,133,D_250_Muzdalifah_0133,62500.0,21.396529435700717,39.91159240919812,0,0,0,0,0,1,0,0.44164689080734826,1.3146797869410323,8.347979669093952,3.4818249277507585,1.0,0.6163328197226502,0.006163328197226502,1.0,1.024653312788906
Muzdalifah,250,134,D_250_Muzdalifah_0134,62500.0,21.39878795428374,39.911606409280886,0,0,0,0,0,1,0,0.5324029949358896,1.282684597954525,8.521211666298777,3.3297526809806843,1.0,0.6163328197226502,0.006163328197226502,1.0,1.024653312788906
Muzdalifah,250,135,D_250_Muzdalifah_0135,62500.0,21.401046472250098,39.911620411202065,0,0,0,0,1,1,0,0.7048786575529239,1.2989136281786422,8.698179807760171,3.1898501888942206,3.0,1.8489984591679507,0.01848998459167951,1.0,1.073959938366718
Muzdalifah,250,136,D_250_Muzdalifah_0136,62500.0,21.403304989599743,39.911634414961775,2,0,0,0,1,0,8,0.9139228056737173,1.3616436571682942,8.878660691477467,3.0639901335805466,12.0,7.395993836671803,0.07395993836671803,1.0,1.2958397534668722
Muzdalifah,250,137,D_250_Muzdalifah_0137,62500.0,21.40556350633264,39.91164842056015,4,0,0,0,0,0,24,0.7203087338737942,1.2861867322858385,9.062444448417187,2.953967983876835,22.0,13.559322033898304,0.13559322033898305,1.0,1.542372881355932
Muzdalifah,250,138,D_250_Muzdalifah_0138,62500.0,21.407822022448716,39.9116624279973,0,0,0,0,0,0,0,0.4908398606997439,1.145166223235431,9.24933419695212,2.861611112792899,0.0,0.0,0.0,1.0,1.0
Muzdalifah,250,139,D_250_Muzdalifah_0139,62500.0,21.36489700427541,39.91380769579572,0,0,0,0,0,0,0,1.3791762637385467,2.0967923210196355,6.2389042463083495,6.414590255370004,0.0,0.0,0.0,1.0,1.0
Muzdalifah,250,140,D_250_Muzdalifah_0140,62500.0,21.36715552996793,39.91382170711077,0,0,0,0,0,0,0,1.4783535044331928,2.1145650144209394,6.332156812719087,6.193734714890625,0.0,0.0,0.0,1.0,1.0
Muzdalifah,250,141,D_250_Muzdalifah_0141,62500.0,21.36941405504449,39.91383572026729,0,0,0,0,0,0,0,1.610568533679951,2.1406181797425896,6.433777553438191,5.975176256194849,0.0,0.0,0.0,1.0,1.0
Muzdalifah,250,142,D_250_Muzdalifah_0142,62500.0,21.371672579505027,39.91384973526543,0,0,0,0,0,0,0,1.7684266790823056,2.0980570283743067,6.543376598774176,5.75917640524651,0.0,0.0,0.0,1.0,1.0
Muzdalifah,250,143,D_250_Muzdalifah_0143,62500.0,21.373931103349502,39.9138637521053,0,0,0,0,0,0,0,1.8760524584068032,1.8760524584068032,6.6605601130570005,5.546034118259781,0.0,0.0,0.0,1.0,1.0
Muzdalifah,250,144,D_250_Muzdalifah_0144,62500.0,21.376189626577858,39.91387777078703,0,0,0,0,0,0,0,1.662017556789817,1.662017556789817,6.784935130559926,5.336091829705987,0.0,0.0,0.0,1.0,1.0
Muzdalifah,250,145,D_250_Muzdalifah_0145,62500.0,21.378448149190042,39.913891791310746,0,0,0,0,0,0,0,1.4594628777262457,1.4594628777262457,6.91611367981807,5.129742448623363,0.0,0.0,0.0,1.0,1.0
Muzdalifah,250,146,D_250_Muzdalifah_0146,62500.0,21.380706671186005,39.913905813676585,0,0,0,0,0,0,0,1.2738765339876377,1.2738765339876377,7.053716193498787,4.927437382997561,0.0,0.0,0.0,1.0,1.0
Muzdalifah,250,147,D_250_Muzdalifah_0147,62500.0,21.382965192565685,39.91391983788466,0,0,0,0,0,0,0,1.1137732966038192,1.1137732966038192,7.1973742326411925,4.7296956284221165,0.0,0.0,0.0,1.0,1.0
Muzdalifah,250,148,D_250_Muzdalifah_0148,62500.0,21.385223713329033,39.913933863935114,0,0,1,0,2,0,0,0.9915747519028113,0.9915747519028113,7.346732576523238,4.5371138746640165,6.0,3.6979969183359014,0.03697996918335902,1.0,1.147919876733436
Muzdalifah,250,149,D_250_Muzdalifah_0149,62500.0,21.387482233475996,39.91394789182806,0,0,1,0,2,2,0,0.9224695230708189,0.9224695230708189,7.50145074350343,4.350377441765502,8.0,4.9306625577812015,0.04930662557781201,1.0,1.197226502311248
Muzdalifah,250,150,D_250_Muzdalifah_0150,62500.0,21.389740753006524,39.91396192156365,0,0,0,0,1,4,0,0.918520306459191,0.918520306459191,7.661204015262126,4.170271629039958,6.0,3.6979969183359014,0.03697996918335902,1.0,1.147919876733436
Muzdalifah,250,151,D_250_Muzdalifah_0151,62500.0,21.391999271920568,39.91397595314198,0,0,0,0,0,6,0,0.8216137888093243,0.9767569510890493,7.8256840384549715,3.997692713819939,6.0,3.6979969183359014,0.03697996918335902,1.0,1.147919876733436
Muzdalifah,250,152,D_250_Muzdalifah_0152,62500.0,21.39425779021807,39.91398998656319,0,0,0,0,0,3,0,0.7165543878998439,1.0903219826423802,7.994599075375156,3.8336573410103387,3.0,1.8489984591679507,0.01848998459167951,1.0,1.073959938366718
Muzdalifah,250,153,D_250_Muzdalifah_0153,62500.0,21.39651630789897,39.91400402182741,0,0,0,0,0,3,0,0.6905441069732094,1.2444074534354275,8.167673970124522,3.679219795811001,3.0,1.8489984591679507,0.01848998459167951,1.0,1.073959938366718
Muzdalifah,250,154,D_250_Muzdalifah_0154,62500.0,21.39877482496323,39.91401805893478,0,0,0,0,4,1,0,0.7518325189377848,1.4259375142333837,8.344649890109833,3.5354702115811953,9.0,5.546995377503852,0.05546995377503852,1.0,1.221879815100154
Muzdalifah,250,155,D_250_Muzdalifah_0155,62500.0,21.401033341410784,39.9140320978854,0,0,0,0,2,0,0,0.8824132305157497,1.5461849462464394,8.525283895259467,3.404033038627625,4.0,2.4653312788906008,0.024653312788906007,1.0,1.0986132511556241
Muzdalifah,250,156,D_250_Muzdalifah_0156,62500.0,21.403291857241584,39.914046138679424,0,0,0,0,0,0,0,1.0496877563132947,1.5992450480265832,8.709348379817564,3.286385893220524,0.0,0.0,0.0,1.0,1.0
Muzdalifah,250,157,D_250_Muzdalifah_0157,62500.0,21.405550372455576,39.91406018131697,0,0,0,0,0,0,0,0.8360164367468585,1.4888698742007465,8.896630424339946,3.184057717794906,0.0,0.0,0.0,1.0,1.0
Muzdalifah,250,158,D_250_Muzdalifah_0158,62500.0,21.407808887052717,39.91407422579816,0,0,0,0,0,0,0,0.648847115480827,1.3675603699968215,9.086931088852362,3.0985665817180275,0.0,0.0,0.0,1.0,1.0
Muzdalifah,250,159,D_250_Muzdalifah_0159,62500.0,21.364883863114674,39.916218788749646,0,0,0,0,0,0,0,1.6179851894854709,2.3410397816930497,6.005918724162695,6.533465657613663,0.0,0.0,0.0,1.0,1.0
Muzdalifah,250,160,D_250_Muzdalifah_0160,62500.0,21.36714238728505,39.91623283702114,0,0,0,0,0,0,0,1.7033138263410006,2.2759973548050145,6.102732455835535,6.316767771049571,0.0,0.0,0.0,1.0,1.0
Muzdalifah,250,161,D_250_Muzdalifah_0161,62500.0,21.369400910839424,39.91624688713896,0,0,0,0,0,0,0,1.8192525686705803,2.2371545898058547,6.2081097875093025,6.102617196541497,0.0,0.0,0.0,1.0,1.0
Muzdalifah,250,162,D_250_Muzdalifah_0162,62500.0,21.371659433777733,39.91626093910325,0,0,0,0,0,0,0,1.9603779804477985,2.0021029247498072,6.3216224847762925,5.891291727768829,0.0,0.0,0.0,1.0,1.0
Muzdalifah,250,163,D_250_Muzdalifah_0163,62500.0,21.373917956099934,39.91627499291413,0,0,0,0,0,0,0,1.768090963065847,1.768090963065847,6.442840565021733,5.683106526876904,0.0,0.0,0.0,1.0,1.0
Muzdalifah,250,164,D_250_Muzdalifah_0164,62500.0,21.37617647780597,39.916289048571734,0,0,0,0,0,0,0,1.5391150658928971,1.5391150658928971,6.571337630387738,5.478419605140182,0.0,0.0,0.0,1.0,1.0
Muzdalifah,250,165,D_250_Muzdalifah_0165,62500.0,21.378434998895788,39.91630310607617,0,0,0,0,0,0,0,1.3178029892369643,1.3178029892369643,6.706695308332585,5.277638008061725,0.0,0.0,0.0,1.0,1.0
Muzdalifah,250,166,D_250_Muzdalifah_0166,62500.0,21.38069351936934,39.91631716542759,0,0,0,0,5,0,0,1.108753467108564,1.108753467108564,6.8485068201083585,5.081224706533964,10.0,6.163328197226503,0.061633281972265024,1.0,1.2465331278890601
Muzdalifah,250,167,D_250_Muzdalifah_0167,62500.0,21.382952039226566,39.91633122662612,0,0,0,0,2,0,0,0.9203606810422985,0.9203606810422985,6.9963797332142486,4.889706135591852,4.0,2.4653312788906008,0.024653312788906007,1.0,1.0986132511556241
Muzdalifah,250,168,D_250_Muzdalifah_0168,62500.0,21.385210558467417,39.916345289671874,0,0,0,0,3,1,0,0.7679800229120715,0.7679800229120715,7.149937977184939,4.703680225801712,7.0,4.314329738058552,0.04314329738058552,1.0,1.1725731895223421
Muzdalifah,250,169,D_250_Muzdalifah_0169,62500.0,21.38746907709183,39.91635935456498,0,0,0,0,1,3,0,0.6764043524219875,0.6764043524219875,7.308823214707812,4.523824625331034,5.0,3.0816640986132513,0.030816640986132512,1.0,1.12326656394453
Muzdalifah,250,170,D_250_Muzdalifah_0170,62500.0,21.389727595099775,39.91637342130558,0,0,0,0,0,5,0,0.6706798841174301,0.6706798841174301,7.472695664224003,4.350904597311335,5.0,3.0816640986132513,0.030816640986132512,1.0,1.12326656394453
Muzdalifah,250,171,D_250_Muzdalifah_0171,62500.0,21.39198611249118,39.916387489893786,0,0,0,0,0,4,0,0.7480370253484815,0.7480370253484815,7.641234468093005,4.185779782675906,4.0,2.4653312788906008,0.024653312788906007,1.0,1.0986132511556241
Muzdalifah,250,172,D_250_Muzdalifah_0172,62500.0,21.394244629266,39.916401560329746,0,0,0,0,0,0,0,0.8912391798078897,0.8912391798078897,7.814137694117821,4.029399917515886,0.0,0.0,0.0,1.0,1.0
Muzdalifah,250,173,D_250_Muzdalifah_0173,62500.0,21.396503145424173,39.91641563261357,0,0,0,0,0,0,0,0.9400267821669002,1.074269593704055,7.99112204943044,3.8825191572441047,0.0,0.0,0.0,1.0,1.0
Muzdalifah,250,174,D_250_Muzdalifah_0174,62500.0,21.398761660965658,39.9164297067454,0,0,0,0,4,0,0,0.9859266321831275,1.280157429494322,8.171922375742058,3.7465779476020393,8.0,4.9306625577812015,0.04930662557781201,1.0,1.197226502311248
Muzdalifah,250,175,D_250_Muzdalifah_0175,62500.0,21.401020175890395,39.91644378272535,0,0,0,0,0,0,0,1.088784779882999,1.4995168984116003,8.356290984726066,3.6228079756658853,0.0,0.0,0.0,1.0,1.0
Muzdalifah,250,176,D_250_Muzdalifah_0176,62500.0,21.40327869019833,39.91645786055356,0,0,0,0,0,0,0,1.1861379330289055,1.7272228614033514,8.543996882471019,3.512496112401947,0.0,0.0,0.0,1.0,1.0
Muzdalifah,250,177,D_250_Muzdalifah_0177,62500.0,21.405537203889423,39.916471940230146,0,0,0,0,0,0,0,1.0019991481667834,1.7036883310915758,8.734824922912587,3.416946041530248,0.0,0.0,0.0,1.0,1.0
Muzdalifah,250,178,D_250_Muzdalifah_0178,62500.0,21.407795716963605,39.91648602175525,0,0,0,0,0,0,0,0.8521040955680445,1.5972410413260048,8.928574922135965,3.33742588858834,0.0,0.0,0.0,1.0,1.0
Muzdalifah,250,179,D_250_Muzdalifah_0179,62500.0,21.364870687337135,39.91862987985737,0,0,0,0,0,0,0,1.8597378794681934,2.104778454571004,5.774356522409378,6.659608010547351,0.0,0.0,0.0,1.0,1.0
Muzdalifah,250,180,D_250_Muzdalifah_0180,62500.0,21.36712920998136,39.918643965085174,0,0,0,0,0,0,0,1.9344319315858436,2.0321882399119144,5.87498740033986,6.447151342127769,0.0,0.0,0.0,1.0,1.0
Muzdalifah,250,181,D_250_Muzdalifah_0181,62500.0,21.369387732009546,39.91865805216417,0,0,0,0,0,0,0,1.9885888821086837,1.9885888821086837,5.984376380243181,6.237478817795963,0.0,0.0,0.0,1.0,1.0
Muzdalifah,250,182,D_250_Muzdalifah_0182,62500.0,21.37164625342162,39.91867214109448,0,0,0,0,0,0,0,1.9339051032231742,1.9339051032231742,6.10205247164205,6.030880829249303,0.0,0.0,0.0,1.0,1.0
Muzdalifah,250,183,D_250_Muzdalifah_0183,62500.0,21.373904774217532,39.918686231876244,0,0,0,0,0,0,0,1.6904787726132553,1.6904787726132553,6.227545910945437,5.827684372952965,0.0,0.0,0.0,1.0,1.0
Muzdalifah,250,184,D_250_Muzdalifah_0184,62500.0,21.37616329439724,39.91870032450958,0,0,0,0,0,0,0,1.4492922455596733,1.4492922455596733,6.360393995594426,5.628257876547026,0.0,0.0,0.0,1.0,1.0
Muzdalifah,250,185,D_250_Muzdalifah_0185,62500.0,21.378421813960685,39.918714418994625,0,0,0,2,0,0,0,1.2116837646113705,1.2116837646113705,6.500145804938071,5.433016500901416,6.0,3.6979969183359014,0.03697996918335902,1.0,1.147919876733436
Muzdalifah,250,186,D_250_Muzdalifah_0186,62500.0,21.38068033290781,39.9187285153315,0,0,0,0,5,0,0,0.9802586790261872,0.9802586790261872,6.64636586351627,5.2424278605642725,10.0,6.163328197226503,0.061633281972265024,1.0,1.2465331278890601
Muzdalifah,250,187,D_250_Muzdalifah_0187,62500.0,21.382938851238578,39.91874261352034,0,0,0,0,8,0,0,0.7606816746770936,0.7606816746770936,6.79863684115976,5.057018039059573,16.0,9.861325115562403,0.09861325115562403,1.0,1.394453004622496
Muzdalifah,250,188,D_250_Muzdalifah_0188,62500.0,21.38519736895292,39.918756713561265,0,0,0,0,1,1,0,0.5668916497646884,0.5668916497646884,6.956561406631522,4.877377678786764,3.0,1.8489984591679507,0.01848998459167951,1.0,1.073959938366718
Muzdalifah,250,189,D_250_Muzdalifah_0189,62500.0,21.387455886050777,39.91877081545441,0,0,0,0,0,4,0,0.4348513251173468,0.4348513251173468,7.119763360568631,4.704167789915746,4.0,2.4653312788906008,0.024653312788906007,1.0,1.0986132511556241
Muzdalifah,250,190,D_250_Muzdalifah_0190,62500.0,21.389714402532114,39.9187849191999,0,0,0,0,0,2,0,0.4246372060373407,0.4246372060373407,7.287888172629701,4.538124741546251,2.0,1.2326656394453004,0.012326656394453003,1.0,1.049306625577812
Muzdalifah,250,191,D_250_Muzdalifah_0191,62500.0,21.391972918396874,39.91879902479786,0,0,0,0,0,0,0,0.538576495108758,0.538576495108758,7.460603040171503,4.38006366894223,0.0,0.0,0.0,1.0,1.0
Muzdalifah,250,192,D_250_Muzdalifah_0192,62500.0,21.394231433645,39.91881313224843,0,0,0,0,0,0,0,0.7244394560044817,0.7244394560044817,7.637596574137485,4.23064538761605,0.0,0.0,0.0,1.0,1.0
Muzdalifah,250,193,D_250_Muzdalifah_0193,62500.0,21.396489948276443,39.91882724155173,0,0,0,0,0,0,0,0.9405107175085804,0.9405107175085804,7.81857820422211,4.090996419803786,0.0,0.0,0.0,1.0,1.0
Muzdalifah,250,194,D_250_Muzdalifah_0194,62500.0,21.398748462291138,39.918841352707894,0,0,0,0,0,0,0,1.170174471641276,1.170174471641276,8.003277381285583,3.9622144083754276,0.0,0.0,0.0,1.0,1.0
Muzdalifah,250,195,D_250_Muzdalifah_0195,62500.0,21.401006975689054,39.91885546571704,0,0,0,0,0,0,0,1.310439424170572,1.4067893155740752,8.191442641443434,3.8453913102606707,0.0,0.0,0.0,1.0,1.0
Muzdalifah,250,196,D_250_Muzdalifah_0196,62500.0,21.40326548847011,39.918869580579305,0,0,0,0,0,0,0,1.3553604710873524,1.6473627599122818,8.382840583854508,3.741647450003637,0.0,0.0,0.0,1.0,1.0
Muzdalifah,250,197,D_250_Muzdalifah_0197,62500.0,21.405524000634284,39.91888369729481,0,0,0,0,0,0,0,1.197531253597586,1.890384073959111,8.577254803291002,3.652097609759241,0.0,0.0,0.0,1.0,1.0
Muzdalifah,250,198,D_250_Muzdalifah_0198,62500.0,21.407782512181505,39.918897815863694,0,0,0,0,0,0,0,1.0752489014641589,1.8322490340034339,8.77448480919757,3.5778077452959374,0.0,0.0,0.0,1.0,1.0
Muzdalifah,250,199,D_250_Muzdalifah_0199,62500.0,21.364857476942912,39.92104096911403,0,0,0,0,0,0,0,1.872089054020446,1.872089054020446,5.544395979233031,6.792612473053043,0.0,0.0,0.0,1.0,1.0
Muzdalifah,250,200,D_250_Muzdalifah_0200,62500.0,21.367115998056985,39.92105509129802,0,0,0,0,0,0,0,1.7900877424844703,1.7900877424844703,5.649124753516759,6.584448783552744,0.0,0.0,0.0,1.0,1.0
Muzdalifah,250,201,D_250_Muzdalifah_0201,62500.0,21.36937451855496,39.92106921533806,0,0,0,0,0,0,0,1.7404340910827758,1.7404340910827758,5.762802633012531,6.379290505799421,0.0,0.0,0.0,1.0,1.0
Muzdalifah,250,202,D_250_Muzdalifah_0202,62500.0,21.371633038436787,39.921083341234265,0,0,0,0,0,0,0,1.725922224497126,1.725922224497126,5.884911035293273,6.177437084385083,0.0,0.0,0.0,1.0,1.0
Muzdalifah,250,203,D_250_Muzdalifah_0203,62500.0,21.373891557702407,39.92109746898678,0,0,0,0,0,0,0,1.6472355187029832,1.6472355187029832,6.014936541608475,5.979223235980532,0.0,0.0,0.0,1.0,1.0
Muzdalifah,250,204,D_250_Muzdalifah_0204,62500.0,21.376150076351774,39.921111598595736,0,0,0,0,0,0,0,1.398933469663397,1.398933469663397,6.152377207700883,5.78502308377788,0.0,0.0,0.0,1.0,1.0
Muzdalifah,250,205,D_250_Muzdalifah_0205,62500.0,21.37840859438484,39.92112573006124,0,0,0,0,0,0,0,1.1509780069157218,1.1509780069157218,6.296747494706905,5.595254565611503,0.0,0.0,0.0,1.0,1.0
Muzdalifah,250,206,D_250_Muzdalifah_0206,62500.0,21.380667111801536,39.921139863383445,0,0,0,0,3,0,0,0.9041459532548214,0.9041459532548214,6.447581928006658,5.410384018547094,6.0,3.6979969183359014,0.03697996918335902,1.0,1.147919876733436
Muzdalifah,250,207,D_250_Muzdalifah_0207,62500.0,21.38292562860182,39.921153998562474,0,0,0,0,1,0,0,0.6597040527164071,0.6597040527164071,6.604437631215729,5.230930777816052,2.0,1.2326656394453004,0.012326656394453003,1.0,1.049306625577812
Muzdalifah,250,208,D_250_Muzdalifah_0208,62500.0,21.38518414478564,39.92116813559844,0,0,0,0,0,1,0,0.4218281279784864,0.4218281279784864,6.766895900697662,5.057471539856322,1.0,0.6163328197226502,0.006163328197226502,1.0,1.024653312788906
Muzdalifah,250,209,D_250_Muzdalifah_0209,62500.0,21.387442660352935,39.92118227449149,0,0,0,0,0,2,0,0.2137018997042765,0.2137018997042765,6.934562988187445,4.890644124306134,2.0,1.2326656394453004,0.012326656394453003,1.0,1.049306625577812
Muzdalifah,250,210,D_250_Muzdalifah_0210,62500.0,21.389701175303667,39.92119641524175,0,0,0,0,0,0,0,0.18926702444596172,0.18926702444596172,7.107070250349266,4.731150127058276,0.0,0.0,0.0,1.0,1.0
Muzdalifah,250,211,D_250_Muzdalifah_0211,62500.0,21.391959689637762,39.921210557849335,0,0,0,0,0,0,0,0.3815362248529797,0.3815362248529797,7.284073808636205,4.579603234467638,0.0,0.0,0.0,1.0,1.0
Muzdalifah,250,212,D_250_Muzdalifah_0212,62500.0,21.39421820335519,39.92122470231439,0,0,0,0,0,0,0,0.6166990961623818,0.6166990961623818,7.465253844037746,4.436852160737034,0.0,0.0,0.0,1.0,1.0
Muzdalifah,250,213,D_250_Muzdalifah_0213,62500.0,21.396476716455876,39.92123884863703,0,0,0,0,0,0,0,0.8602706896901311,0.8602706896901311,7.650313631621955,4.303899209708254,0.0,0.0,0.0,1.0,1.0
Muzdalifah,250,214,D_250_Muzdalifah_0214,62500.0,21.39873522893979,39.921252996817394,0,0,0,0,0,0,0,1.1067129455610292,1.1067129455610292,7.838978400814809,4.181679054927311,0.0,0.0,0.0,1.0,1.0
Muzdalifah,250,215,D_250_Muzdalifah_0215,62500.0,21.40099374080686,39.921267146855605,0,0,0,0,0,0,0,1.3544598289372796,1.3544598289372796,8.030994090067647,4.0711584382713735,0.0,0.0,0.0,1.0,1.0
Muzdalifah,250,216,D_250_Muzdalifah_0216,62500.0,21.403252252057037,39.92128129875179,0,0,0,0,0,0,0,1.5466353212707173,1.6029065202117183,8.226126049420946,3.973313773237478,0.0,0.0,0.0,1.0,1.0
Muzdalifah,250,217,D_250_Muzdalifah_0217,62500.0,21.405510762690273,39.9212954525061,0,0,0,0,0,0,0,1.4103758058613494,1.8517713673317435,8.424157731620546,3.8891019081131173,0.0,0.0,0.0,1.0,1.0
Muzdalifah,250,218,D_250_Muzdalifah_0218,62500.0,21.407769272706524,39.921309608118634,0,0,0,0,0,0,0,1.3081433447890665,2.0707713782831885,8.624889401811632,3.8194246900259112,0.0,0.0,0.0,1.0,1.0
Muzdalifah,250,219,D_250_Muzdalifah_0219,62500.0,21.36710275151202,39.92346621565482,0,0,0,0,0,0,0,1.5504964395799206,1.5504964395799206,5.425379618740006,6.728236852115012,0.0,0.0,0.0,1.0,1.0
Muzdalifah,250,220,D_250_Muzdalifah_0220,62500.0,21.36936127047579,39.92348037665576,0,0,0,0,0,0,0,1.4928951432568833,1.4928951432568833,5.543647509871081,6.527599306966686,0.0,0.0,0.0,1.0,1.0
Muzdalifah,250,221,D_250_Muzdalifah_0221,62500.0,21.371619788823352,39.92349453951774,0,0,0,0,0,0,0,1.4759514248002779,1.4759514248002779,5.67047717744814,6.330476623956951,0.0,0.0,0.0,1.0,1.0
Muzdalifah,250,222,D_250_Muzdalifah_0222,62500.0,21.37387830655467,39.92350870424089,0,0,0,0,0,0,0,1.5010427402242583,1.5010427402242583,5.8053074962675835,6.137207496949963,0.0,0.0,0.0,1.0,1.0
Muzdalifah,250,223,D_250_Muzdalifah_0223,62500.0,21.37613682366969,39.923522870825316,0,0,0,0,0,0,0,1.3886149826046568,1.3886149826046568,5.947594373566592,5.948167569493337,0.0,0.0,0.0,1.0,1.0
Muzdalifah,250,224,D_250_Muzdalifah_0224,62500.0,21.378395340168364,39.923537039271174,0,0,0,0,2,0,0,1.138967315214164,1.138967315214164,6.0968157704445485,5.763772983812401,4.0,2.4653312788906008,0.024653312788906007,1.0,1.0986132511556241
Muzdalifah,250,225,D_250_Muzdalifah_0225,62500.0,21.38065385605061,39.92355120957858,0,0,0,0,3,1,0,0.8895175773070428,0.8895175773070428,6.252475209467185,5.584483913763127,7.0,4.314329738058552,0.04314329738058552,1.0,1.1725731895223421
Muzdalifah,250,226,D_250_Muzdalifah_0226,62500.0,21.382912371316415,39.92356538174766,0,0,0,0,0,1,0,0.6404970691191498,0.6404970691191498,6.414103986626824,5.410807902451589,1.0,0.6163328197226502,0.006163328197226502,1.0,1.024653312788906
Muzdalifah,250,227,D_250_Muzdalifah_0227,62500.0,21.385170885965703,39.92357955577855,0,0,0,0,0,1,0,0.3927231477290983,0.3927231477290983,6.581262314899969,5.243302750307863,1.0,0.6163328197226502,0.006163328197226502,1.0,1.024653312788906
Muzdalifah,250,228,D_250_Muzdalifah_0228,62500.0,21.387429399998418,39.92359373167137,0,0,0,0,0,1,0,0.1524022505551714,0.1524022505551714,6.753539617399373,5.082578607905582,1.0,0.6163328197226502,0.006163328197226502,1.0,1.024653312788906
Muzdalifah,250,229,D_250_Muzdalifah_0229,62500.0,21.389687913414527,39.92360790942626,0,0,0,0,0,0,0,0.11758471323365927,0.11758471323365927,6.930554167600398,4.929216081136628,0.0,0.0,0.0,1.0,1.0
Muzdalifah,250,230,D_250_Muzdalifah_0230,62500.0,21.39194642621396,39.92362208904334,0,0,0,0,0,1,0,0.3533415665950157,0.3533415665950157,7.111952247892532,4.7838334508661955,1.0,0.6163328197226502,0.006163328197226502,1.0,1.024653312788906
Muzdalifah,250,231,D_250_Muzdalifah_0231,62500.0,21.394204938396673,39.92363627052275,0,0,0,0,0,0,0,0.6006239699057261,0.6006239699057261,7.297406969777965,4.647359873811885,0.0,0.0,0.0,1.0,1.0
Muzdalifah,250,232,D_250_Muzdalifah_0232,62500.0,21.3964634499626,39.92365045386461,0,0,0,0,0,0,0,0.8488644823123201,0.8488644823123201,7.486616872047374,4.520602294806219,0.0,0.0,0.0,1.0,1.0
Muzdalifah,250,233,D_250_Muzdalifah_0233,62500.0,21.398721960911708,39.92366463906905,0,0,0,0,0,0,0,1.0978701169372445,1.0978701169372445,7.679304388750635,4.4043996661176985,0.0,0.0,0.0,1.0,1.0
Muzdalifah,250,234,D_250_Muzdalifah_0234,62500.0,21.400980471243926,39.923678826136204,0,0,0,0,0,0,0,1.3472441048289037,1.3472441048289037,7.8752142574881825,4.299607857699134,0.0,0.0,0.0,1.0,1.0
Muzdalifah,250,235,D_250_Muzdalifah_0235,62500.0,21.40323898095921,39.92369301506619,0,0,0,0,0,0,0,1.596813878424367,1.596813878424367,8.074111920676202,4.207079633317936,0.0,0.0,0.0,1.0,1.0
Muzdalifah,250,236,D_250_Muzdalifah_0236,62500.0,21.405497490057503,39.92370720585915,0,0,0,0,0,0,0,1.6337805006105002,1.8465000532523967,8.275781957849416,4.127639804073148,0.0,0.0,0.0,1.0,1.0
Muzdalifah,250,237,D_250_Muzdalifah_0237,62500.0,21.36708947034658,39.925877338150705,0,0,0,0,0,0,0,1.3147867859492934,1.3147867859492934,5.204025128117959,6.878108496751693,0.0,0.0,0.0,1.0,1.0
Muzdalifah,250,238,D_250_Muzdalifah_0238,62500.0,21.369347987772127,39.92589153611244,0,0,0,0,0,0,0,1.2463390357831425,1.2463390357831425,5.327209517218514,6.681972617965542,0.0,0.0,0.0,1.0,1.0
Muzdalifah,250,239,D_250_Muzdalifah_0239,62500.0,21.37160650458143,39.925905735940056,0,0,0,0,0,0,0,1.2259925333079453,1.2259925333079453,5.4590699708470405,6.489540788175595,0.0,0.0,0.0,1.0,1.0
Muzdalifah,250,240,D_250_Muzdalifah_0240,62500.0,21.37386502077443,39.925919937633694,0,0,0,0,0,0,0,1.256086936217718,1.256086936217718,5.598993539276883,6.301152372030702,0.0,0.0,0.0,1.0,1.0
Muzdalifah,250,241,D_250_Muzdalifah_0241,62500.0,21.376123536351095,39.92593414119349,0,0,0,0,0,0,0,1.3332108201431585,1.3332108201431585,5.746391246610751,6.117180951198156,0.0,0.0,0.0,1.0,1.0
Muzdalifah,250,242,D_250_Muzdalifah_0242,62500.0,21.37838205131136,39.92594834661955,0,0,0,0,3,0,0,1.1803043191277305,1.1803043191277305,5.900703014504717,5.938037080033689,6.0,3.6979969183359014,0.03697996918335902,1.0,1.147919876733436
Muzdalifah,250,243,D_250_Muzdalifah_0243,62500.0,21.380640565655163,39.92596255391202,0,0,0,0,1,1,0,0.941866901936577,0.941866901936577,6.061400809354668,5.7641708803615845,3.0,1.8489984591679507,0.01848998459167951,1.0,1.073959938366718
Muzdalifah,250,244,D_250_Muzdalifah_0244,62500.0,21.38289907938247,39.925976763071034,0,0,0,0,0,1,0,0.7114128451016579,0.7114128451016579,6.227990324166038,5.596074294732146,1.0,0.6163328197226502,0.006163328197226502,1.0,1.024653312788906
Muzdalifah,250,245,D_250_Muzdalifah_0245,62500.0,21.385157592493215,39.92599097409671,0,0,0,0,0,0,0,0.5001032007372734,0.5001032007372734,6.4000114987526535,5.434282757302505,0.0,0.0,0.0,1.0,1.0
Muzdalifah,250,246,D_250_Muzdalifah_0246,62500.0,21.387416104987345,39.92600518698918,0,0,0,0,0,0,0,0.34510605123598714,0.34510605123598714,6.577038154855616,5.279353801737996,0.0,0.0,0.0,1.0,1.0
Muzdalifah,250,247,D_250_Muzdalifah_0247,62500.0,21.38967461686482,39.926019401748576,0,0,0,0,0,1,0,0.3309408467082031,0.3309408467082031,6.758676985674558,5.13171198285873,1.0,0.6163328197226502,0.006163328197226502,1.0,1.024653312788906
Muzdalifah,250,248,D_250_Muzdalifah_0248,62500.0,21.391933128125576,39.92603361837503,0,0,0,0,0,1,0,0.469623191417886,0.469623191417886,6.944566098968841,4.992229881135915,1.0,0.6163328197226502,0.006163328197226502,1.0,1.024653312788906
Muzdalifah,250,249,D_250_Muzdalifah_0249,62500.0,21.394191638769563,39.92604783686866,0,0,0,0,0,0,0,0.6756996668750833,0.6756996668750833,7.134373273750659,4.861609866823617,0.0,0.0,0.0,1.0,1.0
Muzdalifah,250,250,D_250_Muzdalifah_0250,62500.0,21.39645014879672,39.92606205722961,0,0,0,0,0,0,0,0.9042091227767373,0.9042091227767373,7.327794055202975,4.740584542889957,0.0,0.0,0.0,1.0,1.0
Muzdalifah,250,251,D_250_Muzdalifah_0251,62500.0,21.398708658207006,39.926076279457995,0,0,0,0,0,0,0,1.1417610238619351,1.1417610238619351,7.524549781995495,4.62990638343559,0.0,0.0,0.0,1.0,1.0
Muzdalifah,250,252,D_250_Muzdalifah_0252,62500.0,21.40096716700037,39.92609050355396,0,0,0,0,0,0,0,1.3837060141185455,1.3837060141185455,7.724385614920376,4.530333810048446,0.0,0.0,0.0,1.0,1.0
Muzdalifah,250,253,D_250_Muzdalifah_0253,62500.0,21.403225675176742,39.92610472951762,0,0,0,0,0,0,0,1.628086739521396,1.628086739521396,7.9270686154624155,4.442613616055138,0.0,0.0,0.0,1.0,1.0
Muzdalifah,250,254,D_250_Muzdalifah_0254,62500.0,21.40548418273609,39.926118957349104,0,0,0,0,0,0,0,1.8639521277627122,1.8739505141019568,8.132385907008446,4.367460023016689,0.0,0.0,0.0,1.0,1.0
Muzdalifah,250,255,D_250_Muzdalifah_0255,62500.0,21.369334670444097,39.92830269370322,0,0,0,0,0,0,0,1.0014919248170284,1.0014919248170284,5.113833666339491,6.841999957773355,0.0,0.0,0.0,1.0,1.0
Muzdalifah,250,256,D_250_Muzdalifah_0256,62500.0,21.37159318571112,39.92831693049635,0,0,0,0,0,0,0,0.9760546988174875,0.9760546988174875,5.25105498669054,6.654197547136997,0.0,0.0,0.0,1.0,1.0
Muzdalifah,250,257,D_250_Muzdalifah_0257,62500.0,21.373851700361804,39.92833116916036,0,0,0,0,0,0,0,1.0135972941428348,1.0135972941428348,5.3963749109479,6.470604807162733,0.0,0.0,0.0,1.0,1.0
Muzdalifah,250,258,D_250_Muzdalifah_0258,62500.0,21.376110214396096,39.928345409695375,0,0,0,0,2,0,0,1.1075010063927404,1.1075010063927404,5.549157223017595,6.291590271515693,4.0,2.4653312788906008,0.024653312788906007,1.0,1.0986132511556241
Muzdalifah,250,259,D_250_Muzdalifah_0259,62500.0,21.37836872781395,39.92835965210152,0,0,0,0,3,0,0,1.2422023445775727,1.2422023445775727,5.708802816005184,6.117555861517272,6.0,3.6979969183359014,0.03697996918335902,1.0,1.147919876733436
Muzdalifah,250,260,D_250_Muzdalifah_0260,62500.0,21.380627240615294,39.928373896378936,0,0,0,0,0,0,0,1.05260866497907,1.05260866497907,5.874752190372722,5.948938669455062,0.0,0.0,0.0,1.0,1.0
Muzdalifah,250,261,D_250_Muzdalifah_0261,62500.0,21.382885752800096,39.928388142527744,0,0,0,0,0,0,0,0.8526312079680465,0.8526312079680465,6.046486335430641,5.7862123074677445,0.0,0.0,0.0,1.0,1.0
Muzdalifah,250,262,D_250_Muzdalifah_0262,62500.0,21.38514426436829,39.92840239054809,0,0,0,0,0,0,0,0.6862761485095342,0.6862761485095342,6.223526388697155,5.629887604672462,0.0,0.0,0.0,1.0,1.0
Muzdalifah,250,263,D_250_Muzdalifah_0263,62500.0,21.38740277531982,39.92841664044007,0,0,0,0,0,0,0,0.5830694017225653,0.5830694017225653,6.40543241452677,5.480316894524017,0.0,0.0,0.0,1.0,1.0
Muzdalifah,250,264,D_250_Muzdalifah_0264,62500.0,21.38966128565465,39.92843089220384,0,0,0,0,0,1,0,0.5746455631549268,0.5746455631549268,6.591801584038358,5.338236092146524,1.0,0.6163328197226502,0.006163328197226502,1.0,1.024653312788906
Muzdalifah,250,265,D_250_Muzdalifah_0265,62500.0,21.39191979537271,39.92844514583953,0,0,0,0,0,0,0,0.6642602059067071,0.6642602059067071,6.782265980451592,5.2042920639205335,0.0,0.0,0.0,1.0,1.0
Muzdalifah,250,266,D_250_Muzdalifah_0266,62500.0,21.394178304473968,39.92845940134726,0,0,0,0,0,0,0,0.8229615538096534,0.8229615538096534,6.976490201802864,5.079128586448336,0.0,0.0,0.0,1.0,1.0
Muzdalifah,250,267,D_250_Muzdalifah_0267,62500.0,21.396436812958346,39.928473658727164,0,0,0,0,0,0,0,1.0189650715046012,1.0189650715046012,7.174168888596905,4.963409967831302,0.0,0.0,0.0,1.0,1.0
Muzdalifah,250,268,D_250_Muzdalifah_0268,62500.0,21.398695320825805,39.92848791797937,0,0,0,0,0,0,0,1.2346310845122745,1.2346310845122745,7.37502426764632,4.857811216984205,0.0,0.0,0.0,1.0,1.0
Muzdalifah,250,269,D_250_Muzdalifah_0269,62500.0,21.400953828076293,39.92850217910401,0,0,0,0,0,0,0,1.4612795806215637,1.4612795806215637,7.5788037746489065,4.763005472487722,0.0,0.0,0.0,1.0,1.0
Muzdalifah,250,270,D_250_Muzdalifah_0270,62500.0,21.40321233470975,39.92851644210121,0,0,0,0,0,0,0,1.6945094011657507,1.6945094011657507,7.785277796000146,4.679648751993939,0.0,0.0,0.0,1.0,1.0
Muzdalifah,250,271,D_250_Muzdalifah_0271,62500.0,21.36932131849181,39.93071384942326,0,0,0,0,0,0,0,0.7600073413004503,0.7600073413004503,4.903919686702759,7.007293969650475,0.0,0.0,0.0,1.0,1.0
Muzdalifah,250,272,D_250_Muzdalifah_0272,62500.0,21.37157983221255,39.93072812318177,0,0,0,0,0,0,0,0.7261596645645909,0.7261596645645909,5.046851691885869,6.82404208305117,0.0,0.0,0.0,1.0,1.0
Muzdalifah,250,273,D_250_Muzdalifah_0273,62500.0,21.373838345316898,39.930742398816015,0,0,0,0,2,0,0,0.7758895269627882,0.7758895269627882,5.19788377189714,6.645143484185032,4.0,2.4653312788906008,0.024653312788906007,1.0,1.0986132511556241
Muzdalifah,250,274,D_250_Muzdalifah_0274,62500.0,21.37609685780481,39.930756676326126,0,0,0,0,4,0,0,0.8927497517204782,0.8927497517204782,5.3563307788459085,6.470959241067758,8.0,4.9306625577812015,0.04930662557781201,1.0,1.197226502311248
Muzdalifah,250,275,D_250_Muzdalifah_0275,62500.0,21.378355369676232,39.930770955712234,0,0,0,0,1,0,0,1.0552299772609106,1.0552299772609106,5.521554411456288,6.301880280814104,2.0,1.2326656394453004,0.012326656394453003,1.0,1.049306625577812
Muzdalifah,250,276,D_250_Muzdalifah_0276,62500.0,21.38061388093111,39.93078523697446,0,0,0,0,0,0,0,1.2057598194559458,1.2057598194559458,5.692964677997991,6.138328489732941,0.0,0.0,0.0,1.0,1.0
Muzdalifah,250,277,D_250_Muzdalifah_0277,62500.0,21.382872391569396,39.930799520112934,0,0,0,0,0,0,0,1.0357855557143403,1.0357855557143403,5.870019636354989,5.980757328467735,0.0,0.0,0.0,1.0,1.0
Muzdalifah,250,278,D_250_Muzdalifah_0278,62500.0,21.38513090159103,39.9308138051278,0,0,0,0,0,0,0,0.9037957139965286,0.9037957139965286,6.052223908403715,5.829517874901392,0.0,0.0,0.0,1.0,1.0
Muzdalifah,250,279,D_250_Muzdalifah_0279,62500.0,21.387389410995954,39.930828092019176,0,0,0,0,0,0,0,0.8281555819111074,0.8281555819111074,6.23912637664232,5.685171058542151,0.0,0.0,0.0,1.0,1.0
Muzdalifah,250,280,D_250_Muzdalifah_0280,62500.0,21.38964791978413,39.9308423807872,0,0,0,0,0,0,0,0.8221394057502313,0.8221394057502313,6.430317383300321,5.548338605021843,0.0,0.0,0.0,1.0,1.0
Muzdalifah,250,281,D_250_Muzdalifah_0281,62500.0,21.391906427955497,39.93085667143199,0,0,0,0,0,0,0,0.8870948654934947,0.8870948654934947,6.6254256735876735,5.419589706524486,0.0,0.0,0.0,1.0,1.0
Muzdalifah,250,282,D_250_Muzdalifah_0282,62500.0,21.394164935510002,39.93087096395369,0,0,0,0,0,0,0,1.0114155418434598,1.0114155418434598,6.824115258588109,5.299513552974141,0.0,0.0,0.0,1.0,1.0
Muzdalifah,250,283,D_250_Muzdalifah_0283,62500.0,21.39642344244759,39.93088525835242,0,0,0,0,0,0,0,1.1764291292636704,1.1764291292636704,7.026082320095277,5.188712288154648,0.0,0.0,0.0,1.0,1.0
Muzdalifah,250,284,D_250_Muzdalifah_0284,62500.0,21.39868194876821,39.93089955462831,0,0,0,0,0,0,0,1.3674829410554472,1.3674829410554472,7.231052238437766,5.087791910086092,0.0,0.0,0.0,1.0,1.0
Muzdalifah,250,285,D_250_Muzdalifah_0285,62500.0,21.40094045447181,39.9309138527815,0,0,0,0,0,0,0,1.5751297381407137,1.5751297381407137,7.438776793349575,4.997351081465852,0.0,0.0,0.0,1.0,1.0
Muzdalifah,250,286,D_250_Muzdalifah_0286,62500.0,21.40319895955834,39.930928152812115,0,0,0,0,0,0,0,1.7936158423343642,1.7936158423343642,7.649031565337967,4.9179679891717845,0.0,0.0,0.0,1.0,1.0
Muzdalifah,250,287,D_250_Muzdalifah_0287,62500.0,21.371566444085815,39.933139313991454,0,0,0,0,0,0,0,0.4763747913118641,0.4763747913118641,4.846941873649295,6.9986967148307455,0.0,0.0,0.0,1.0,1.0
Muzdalifah,250,288,D_250_Muzdalifah_0288,62500.0,21.373824955639822,39.93315362659581,0,0,0,0,4,0,0,0.5485777734468759,0.5485777734468759,5.004011314215359,6.824378160707107,8.0,4.9306625577812015,0.04930662557781201,1.0,1.197226502311248
Muzdalifah,250,289,D_250_Muzdalifah_0289,62500.0,21.376083466577352,39.93316794108088,0,0,0,0,2,0,0,0.7017447963704598,0.7017447963704598,5.168405260721696,6.654886840096498,4.0,2.4653312788906008,0.024653312788906007,1.0,1.0986132511556241
Muzdalifah,250,290,D_250_Muzdalifah_0290,62500.0,21.37834197689834,39.933182257446816,0,0,0,0,0,0,0,0.8994186705567683,0.8994186705567683,5.339447222823359,6.490600929701577,0.0,0.0,0.0,1.0,1.0
Muzdalifah,250,291,D_250_Muzdalifah_0291,62500.0,21.380600486602738,39.93319657569372,0,0,0,0,0,0,0,1.118240640765301,1.118240640765301,5.5165188617076675,6.331925615703047,0.0,0.0,0.0,1.0,1.0
Muzdalifah,250,292,D_250_Muzdalifah_0292,62500.0,21.38285899569049,39.933210895821745,0,0,0,0,0,0,0,1.2424666828739832,1.2424666828739832,5.699058172877062,6.17921386935137,0.0,0.0,0.0,1.0,1.0
Muzdalifah,250,293,D_250_Muzdalifah_0293,62500.0,21.385117504161556,39.933225217831,0,0,0,0,0,0,0,1.1347768209052866,1.1347768209052866,5.886556528574003,6.032874551511475,0.0,0.0,0.0,1.0,1.0
Muzdalifah,250,294,D_250_Muzdalifah_0294,62500.0,21.387376012015867,39.93323954172163,0,0,0,0,0,0,0,1.0755061173586784,1.0755061173586784,6.078555047900577,5.893510555294291,0.0,0.0,0.0,1.0,1.0
Muzdalifah,250,295,D_250_Muzdalifah_0295,62500.0,21.389634519253367,39.933253867493775,0,0,0,0,0,0,0,1.0707982451055118,1.0707982451055118,6.2746406412334075,5.761628066480485,0.0,0.0,0.0,1.0,1.0
Muzdalifah,250,296,D_250_Muzdalifah_0296,62500.0,21.39189302587403,39.93326819514754,0,0,0,0,0,0,0,1.1214423657141823,1.1214423657141823,6.474441974632128,5.637752148467161,0.0,0.0,0.0,1.0,1.0
Muzdalifah,250,297,D_250_Muzdalifah_0297,62500.0,21.394151531877775,39.93328252468307,0,0,0,0,0,0,0,1.222152640841642,1.222152640841642,6.677625520283294,5.52242162449016,0.0,0.0,0.0,1.0,1.0
Muzdalifah,250,298,D_250_Muzdalifah_0298,62500.0,21.396410037264555,39.933296856100505,0,0,0,0,0,0,0,1.3618667979702634,1.3618667979702634,6.883891798641166,5.416182411046268,0.0,0.0,0.0,1.0,1.0
Muzdalifah,250,299,D_250_Muzdalifah_0299,62500.0,21.398668542034336,39.93331118939996,0,0,0,0,0,0,0,1.529936362503799,1.529936362503799,7.092971873739491,5.319579233437303,0.0,0.0,0.0,1.0,1.0
Muzdalifah,250,300,D_250_Muzdalifah_0300,62500.0,21.400927046187046,39.93332552458157,0,0,0,0,0,0,0,1.718059769393642,1.718059769393642,7.304624131871528,5.233145758710324,0.0,0.0,0.0,1.0,1.0
Muzdalifah,250,301,D_250_Muzdalifah_0301,62500.0,21.376070040713827,39.935579203954795,0,0,0,0,0,0,0,0.5593651752380202,0.5593651752380202,4.9859348637642045,6.843005495352086,0.0,0.0,0.0,1.0,1.0
Muzdalifah,250,302,D_250_Muzdalifah_0302,62500.0,21.37832854948037,39.935593557300415,0,0,0,0,0,0,0,0.7933458167672829,0.7933458167672829,5.163025292593457,6.6833454035813755,0.0,0.0,0.0,1.0,1.0
Muzdalifah,250,303,D_250_Muzdalifah_0303,62500.0,21.38058705763028,39.93560791253187,0,0,0,0,0,0,0,1.034845771453521,1.034845771453521,5.345943684535046,6.529325342833961,0.0,0.0,0.0,1.0,1.0
Muzdalifah,250,304,D_250_Muzdalifah_0304,62500.0,21.3828455651635,39.9356222696493,0,0,0,0,0,0,0,1.2796147687520334,1.2796147687520334,5.534112176716381,6.381220944589231,0.0,0.0,0.0,1.0,1.0
Muzdalifah,250,305,D_250_Muzdalifah_0305,62500.0,21.38510407207998,39.93563662865283,0,0,0,0,0,0,0,1.372439497351094,1.372439497351094,5.727013295841114,6.239621146732765,0.0,0.0,0.0,1.0,1.0
Muzdalifah,250,306,D_250_Muzdalifah_0306,62500.0,21.38736257837966,39.935650989542594,0,0,0,0,0,0,0,1.323852389468461,1.323852389468461,5.924184753786911,6.104978572103684,0.0,0.0,0.0,1.0,1.0
Muzdalifah,250,307,D_250_Muzdalifah_0307,62500.0,21.389621084062487,39.935665352318715,0,0,0,0,0,0,0,1.3199638483514404,1.3199638483514404,6.12521417611349,5.977763350696946,0.0,0.0,0.0,1.0,1.0
Muzdalifah,250,308,D_250_Muzdalifah_0308,62500.0,21.391879589128425,39.93567971698133,0,0,0,0,0,0,0,1.3613701402823268,1.3613701402823268,6.3297339920033,5.858459352767246,0.0,0.0,0.0,1.0,1.0
Muzdalifah,250,309,D_250_Muzdalifah_0309,62500.0,21.394138093577407,39.93569408353058,0,0,0,0,0,0,0,1.4454593583874646,1.4454593583874646,6.5374166240023595,5.74755924711668,0.0,0.0,0.0,1.0,1.0
Muzdalifah,250,310,D_250_Muzdalifah_0310,62500.0,21.396396597409378,39.93570845196657,0,0,0,0,0,0,0,1.5653679614223226,1.5653679614223226,6.7479700519521275,5.645558308104425,0.0,0.0,0.0,1.0,1.0
Muzdalifah,250,311,D_250_Muzdalifah_0311,62500.0,21.380573594013846,39.93801924748406,0,0,0,0,0,0,0,1.008141562842876,1.008141562842876,5.1818189282204585,6.7301104101681535,0.0,0.0,0.0,1.0,1.0
Muzdalifah,250,312,D_250_Muzdalifah_0312,62500.0,21.38283209998852,39.93803364159076,0,0,0,0,0,0,0,1.2581166863388955,1.2581166863388955,5.37573540188914,6.5865224089912715,0.0,0.0,0.0,1.0,1.0
Muzdalifah,250,313,D_250_Muzdalifah_0313,62500.0,21.385090605346406,39.93804803758843,0,0,0,0,0,0,0,1.5081000570775962,1.5081000570775962,5.574120093555985,6.449431661412859,0.0,0.0,0.0,1.0,1.0
Muzdalifah,250,314,D_250_Muzdalifah_0314,62500.0,21.38734911008745,39.938062435477185,0,0,0,0,0,1,0,1.5727227631489182,1.5727227631489182,5.776512661082372,6.319261037995271,1.0,0.6163328197226502,0.006163328197226502,1.0,1.024653312788906
Muzdalifah,250,315,D_250_Muzdalifah_0315,62500.0,21.389607614211595,39.938076835257164,0,0,0,0,0,0,0,1.5693948643309765,1.5693948643309765,5.982506350176767,6.196446673490825,0.0,0.0,0.0,1.0,1.0
Muzdalifah,250,316,D_250_Muzdalifah_0316,62500.0,21.3918661177188,39.93809123692851,0,0,0,0,0,0,0,1.604376619776673,1.604376619776673,6.191741753026018,6.081434262450426,0.0,0.0,0.0,1.0,1.0
Arafat,250,1,D_250_Arafat_0001,62500.0,21.34780691393018,39.949539649535886,0,0,0,0,0,0,0,0.7936978394211048,2.51547789655817,2.143218699327907,10.084546933019107,0.0,0.0,0.0,1.0,1.0
Arafat,250,2,D_250_Arafat_0002,62500.0,21.35006542119304,39.949554195888446,0,0,0,0,0,0,0,0.9104948597830012,2.47177921716573,2.1979092686589916,9.89841418977133,0.0,0.0,0.0,1.0,1.0
Arafat,250,3,D_250_Arafat_0003,62500.0,21.35232392783965,39.94956874415369,0,0,0,0,0,0,0,0.8619584616352282,2.3910744356351676,2.278864610582515,9.715149000415165,0.0,0.0,0.0,1.0,1.0
Arafat,250,4,D_250_Arafat_0004,62500.0,21.35458243386996,39.94958329433174,0,0,0,0,0,0,0,0.7964181268849355,2.1780280106821444,2.383409883648571,9.534916713231905,0.0,0.0,0.0,1.0,1.0
Arafat,250,5,D_250_Arafat_0005,62500.0,21.356840939283913,39.94959784642273,0,0,0,0,0,0,0,0.8065923853330439,1.9736704572658532,2.508597503303786,9.357892570246278,0.0,0.0,0.0,1.0,1.0
Arafat,250,6,D_250_Arafat_0006,62500.0,21.35909944408146,39.9496124004268,0,0,0,0,0,0,0,0.8898880375213446,1.7809952645787652,2.6515052694064716,9.18426208164117,0.0,0.0,0.0,1.0,1.0
Arafat,250,7,D_250_Arafat_0007,62500.0,21.361357948262544,39.94962695634408,0,0,0,0,0,0,0,1.0286934249668025,1.6042173141504146,2.809430361087205,9.014221353631893,0.0,0.0,0.0,1.0,1.0
Arafat,250,8,D_250_Arafat_0008,62500.0,21.363616451827124,39.94964151417471,0,0,0,0,3,0,0,1.1600988251464144,1.4491660531450334,2.9799861935765533,8.847977353060672,6.0,3.6979969183359014,0.03697996918335902,1.0,1.147919876733436
Arafat,250,9,D_250_Arafat_0009,62500.0,21.343276256817617,39.95192127753017,0,0,0,0,0,1,0,0.5443345770209767,2.4443661851554963,1.8705111322519952,10.62588294870099,1.0,0.6163328197226502,0.006163328197226502,1.0,1.024653312788906
Arafat,250,10,D_250_Arafat_0010,62500.0,21.34553476373152,39.95193585696626,0,0,0,0,0,1,0,0.495599877360329,2.3466975726478583,1.8671450548864534,10.43742808681793,1.0,0.6163328197226502,0.006163328197226502,1.0,1.024653312788906
Arafat,250,11,D_250_Arafat_0011,62500.0,21.347793270029236,39.951950438319614,0,0,0,0,0,0,0,0.5656309266107544,2.2724552686050976,1.8970106526045742,10.251605810579,0.0,0.0,0.0,1.0,1.0
Arafat,250,12,D_250_Arafat_0012,62500.0,21.350051775710703,39.951965021590375,0,0,0,0,0,0,0,0.7145655190434064,2.2239866002633155,1.9585883120767182,10.068561879608154,0.0,0.0,0.0,1.0,1.0
Arafat,250,13,D_250_Arafat_0013,62500.0,21.352310280775885,39.951979606778664,0,0,0,0,0,0,0,0.6402744354016223,2.2029933836692512,2.049020970198164,9.888450583964095,0.0,0.0,0.0,1.0,1.0
Arafat,250,14,D_250_Arafat_0014,62500.0,21.35456878522471,39.951994193884616,0,0,0,0,0,0,0,0.5488722946872129,2.210258649758035,2.164695289508461,9.711435093718189,0.0,0.0,0.0,1.0,1.0
Arafat,250,15,D_250_Arafat_0015,62500.0,21.356827289057144,39.95200878290837,0,0,0,0,0,0,0,0.5635337071742443,2.1341657420947637,2.301808953090681,9.537687780982482,0.0,0.0,0.0,1.0,1.0
Arafat,250,16,D_250_Arafat_0016,62500.0,21.359085792273106,39.952023373850054,0,0,0,0,0,0,0,0.677406585713401,1.9573534359688025,2.456774962554917,9.36739050298982,0.0,0.0,0.0,1.0,1.0
Arafat,250,17,D_250_Arafat_0017,62500.0,21.361344294872577,39.9520379667098,0,0,0,0,1,0,0,0.8515803694392138,1.7979993136447137,2.6264352222632503,9.200734832800327,2.0,1.2326656394453004,0.012326656394453003,1.0,1.049306625577812
Arafat,250,18,D_250_Arafat_0018,62500.0,21.363602796855485,39.95205256148775,0,0,0,0,3,0,0,0.9199300893565647,1.6611353317640456,2.808127621183429,9.037922222032373,6.0,3.6979969183359014,0.03697996918335902,1.0,1.147919876733436
Arafat,250,19,D_250_Arafat_0019,62500.0,21.365861298221777,39.95206715818402,0,0,0,0,0,0,0,1.0257279744540777,1.5511654170791025,2.9996665642970384,8.879164077744477,0.0,0.0,0.0,1.0,1.0
Arafat,250,20,D_250_Arafat_0020,62500.0,21.3681197989714,39.952081756798755,0,0,0,0,1,0,0,1.1759950620014321,1.4747843003191188,3.1992840225697208,8.724681733307484,2.0,1.2326656394453004,0.012326656394453003,1.0,1.049306625577812
Arafat,250,21,D_250_Arafat_0021,62500.0,21.338745568996462,39.95430276365185,0,0,0,0,0,0,0,0.7616960368603222,2.4994445475326215,1.740470453242018,11.168961009633968,0.0,0.0,0.0,1.0,1.0
Arafat,250,22,D_250_Arafat_0022,62500.0,21.34100407555738,39.95431737615246,0,0,0,0,0,0,0,0.5342624702954165,2.3514434920980487,1.6633268346049046,10.978442815933649,0.0,0.0,0.0,1.0,1.0
Arafat,250,23,D_250_Arafat_0023,62500.0,21.34326258150217,39.95433199057492,0,0,0,0,0,2,0,0.3335898927986525,2.221789807085716,1.6214422341930863,10.79035325143373,2.0,1.2326656394453004,0.012326656394453003,1.0,1.049306625577812
Arafat,250,24,D_250_Arafat_0024,62500.0,21.345521086830775,39.95434660691937,0,0,0,0,0,2,0,0.24617336020858144,2.1138621992007187,1.6175579368088686,10.604821541107038,2.0,1.2326656394453004,0.012326656394453003,1.0,1.049306625577812
Arafat,250,25,D_250_Arafat_0025,62500.0,21.347779591543134,39.954361225185934,0,0,0,0,0,2,0,0.3610785806870791,2.0311269895182367,1.651942020484272,10.421984290274535,2.0,1.2326656394453004,0.012326656394453003,1.0,1.049306625577812
Arafat,250,26,D_250_Arafat_0026,62500.0,21.350038095639217,39.95437584537476,0,0,0,0,0,0,0,0.5630356390424298,1.9767499330692113,1.7223040379532166,10.241985802310536,0.0,0.0,0.0,1.0,1.0
Arafat,250,27,D_250_Arafat_0027,62500.0,21.352296599118954,39.95439046748597,0,0,0,0,0,0,0,0.44936657160180893,1.953101059399858,1.8244862178866277,10.064978380639072,0.0,0.0,0.0,1.0,1.0
Arafat,250,28,D_250_Arafat_0028,62500.0,21.3545551019823,39.9544050915197,0,0,0,0,0,0,0,0.3053518608417248,1.9612922267139496,1.9535016558392129,9.891122607203554,0.0,0.0,0.0,1.0,1.0
Arafat,250,29,D_250_Arafat_0029,62500.0,21.35681360422919,39.95441971747608,0,0,0,0,0,0,0,0.3309821780184613,2.0009324448637136,2.104420936855277,9.720587588141708,0.0,0.0,0.0,1.0,1.0
Arafat,250,30,D_250_Arafat_0030,62500.0,21.35907210585957,39.954434345355246,0,0,0,0,1,0,0,0.50085790940364,2.070215954737088,2.2728850035985406,9.553551155813002,2.0,1.2326656394453004,0.012326656394453003,1.0,1.049306625577812
Arafat,250,31,D_250_Arafat_0031,62500.0,21.361330606873416,39.95444897515733,0,0,0,0,3,0,0,0.6251935270194149,2.004267914405096,2.4552851157638362,9.39020001462894,6.0,3.6979969183359014,0.03697996918335902,1.0,1.147919876733436
Arafat,250,32,D_250_Arafat_0032,62500.0,21.36358910727064,39.95446360688246,0,0,0,0,2,0,0,0.6868139882829001,1.8821775622836698,2.6487438078832257,9.23072981636548,4.0,2.4653312788906008,0.024653312788906007,1.0,1.0986132511556241
Arafat,250,33,D_250_Arafat_0033,62500.0,21.365847607051215,39.95447824053078,0,0,0,0,0,0,0,0.823140305643668,1.7850677738645289,2.851010789160228,9.075345148849161,0.0,0.0,0.0,1.0,1.0
Arafat,250,34,D_250_Arafat_0034,62500.0,21.36810610621507,39.95449287610242,0,0,0,0,1,1,0,1.0041944388659196,1.7191106824795288,3.0603400595385346,8.924160497700512,3.0,1.8489984591679507,0.01848998459167951,1.0,1.073959938366718
Arafat,250,35,D_250_Arafat_0035,62500.0,21.37036460476216,39.95450751359751,0,0,0,0,0,1,0,1.2100632129452273,1.6879621204105255,3.275377846924629,8.777452190337273,1.0,0.6163328197226502,0.006163328197226502,1.0,1.024653312788906
Arafat,250,36,D_250_Arafat_0036,62500.0,21.37262310269243,39.95452215301618,0,0,0,0,0,0,0,1.4300697492071548,1.6935438291542275,3.495070643096204,8.635490334578282,0.0,0.0,0.0,1.0,1.0
Arafat,250,37,D_250_Arafat_0037,62500.0,21.336473356694658,39.95669875350018,0,0,0,0,0,0,0,0.8426442503354992,2.4852733241213505,1.6346503177886722,11.521176513618501,0.0,0.0,0.0,1.0,1.0
Arafat,250,38,D_250_Arafat_0038,62500.0,21.33873186228248,39.95671340097273,0,0,0,0,0,0,0,0.6322009523319544,2.3094689748790524,1.511456390887578,11.33106459631909,0.0,0.0,0.0,1.0,1.0
Arafat,250,39,D_250_Arafat_0039,62500.0,21.34099036725419,39.95672805037186,0,0,0,0,0,1,0,0.45891330290099963,2.148420442154798,1.4219420458173389,11.143318245206732,1.0,0.6163328197226502,0.006163328197226502,1.0,1.024653312788906
Arafat,250,40,D_250_Arafat_0040,62500.0,21.343248871609706,39.9567427016977,0,0,0,0,0,1,0,0.21494416423024046,2.005685380763477,1.3727118932141202,10.958059049939392,1.0,0.6163328197226502,0.006163328197226502,1.0,1.024653312788906
Arafat,250,41,D_250_Arafat_0041,62500.0,21.345507375349005,39.95675735495037,0,0,0,0,0,3,2,0.009125676991335792,1.885427616470081,1.3681215961601476,10.775415294547116,3.5,2.157164869029276,0.02157164869029276,1.0,1.086286594761171
Arafat,250,42,D_250_Arafat_0042,62500.0,21.347765878472014,39.95677201013002,0,0,0,0,0,2,0,0.24856184594007977,1.7921776550576023,1.4086076323760588,10.595522233375817,2.0,1.2326656394453004,0.012326656394453003,1.0,1.049306625577812
Arafat,250,43,D_250_Arafat_0043,62500.0,21.35002438097869,39.95678666723677,0,0,0,0,0,1,0,0.4364947407901986,1.7303075442323776,1.4905013324705156,10.418522353288044,1.0,0.6163328197226502,0.006163328197226502,1.0,1.024653312788906
Arafat,250,44,D_250_Arafat_0044,62500.0,21.35228288286898,39.956801326270764,0,0,0,0,0,0,0,0.3448322472122656,1.7032403376996441,1.6074865418424746,10.244565615679564,0.0,0.0,0.0,1.0,1.0
Arafat,250,45,D_250_Arafat_0045,62500.0,21.354541384142824,39.956815987232126,0,0,0,0,0,0,0,0.10108769442321576,1.7126269583032125,1.7525500684182957,10.07380967072365,0.0,0.0,0.0,1.0,1.0
Arafat,250,46,D_250_Arafat_0046,62500.0,21.35679988480017,39.956830650121006,0,0,0,0,0,0,0,0.1628746917422772,1.757883542401666,1.9193359535061258,9.90642003500592,0.0,0.0,0.0,1.0,1.0
Arafat,250,47,D_250_Arafat_0047,62500.0,21.35905838484097,39.95684531493752,0,0,0,0,3,0,0,0.4096798853452317,1.8363599862190272,2.102681445804277,9.74257022237808,6.0,3.6979969183359014,0.03697996918335902,1.0,1.147919876733436
Arafat,250,48,D_250_Arafat_0048,62500.0,21.36131688426517,39.9568599816818,0,0,0,0,2,0,0,0.37591093549464927,1.9440374094461406,2.298627421449127,9.582441816466687,4.0,2.4653312788906008,0.024653312788906007,1.0,1.0986132511556241
Arafat,250,49,D_250_Arafat_0049,62500.0,21.363575383072714,39.956874650353996,0,0,0,0,0,0,0,0.4713337879873986,2.0763778316254915,2.504217798584252,9.426224471864158,0.0,0.0,0.0,1.0,1.0
Arafat,250,50,D_250_Arafat_0050,62500.0,21.36583388126355,39.956889320954225,0,0,0,0,0,0,0,0.6542186545587322,2.0228246991366166,2.7172643490934876,9.274051995787094,0.0,0.0,0.0,1.0,1.0
Arafat,250,51,D_250_Arafat_0051,62500.0,21.368092378837627,39.95690399348264,0,0,0,0,1,1,0,0.871119140098945,1.9648649685825004,2.9361444622093695,9.126120029097848,3.0,1.8489984591679507,0.01848998459167951,1.0,1.073959938366718
Arafat,250,52,D_250_Arafat_0052,62500.0,21.37035087579489,39.956918667939355,0,0,0,0,0,1,0,1.1021320540301933,1.9376710056375093,3.1596460344587722,8.982710790760173,1.0,0.6163328197226502,0.006163328197226502,1.0,1.024653312788906
Arafat,250,53,D_250_Arafat_0053,62500.0,21.372609372135283,39.95693334432451,0,0,0,0,0,0,0,1.3399781986267167,1.942535329772368,3.3580526449025996,8.844044296326066,0.0,0.0,0.0,1.0,1.0
Arafat,250,54,D_250_Arafat_0054,62500.0,21.374867867858764,39.956948022638244,0,0,0,0,0,0,0,1.581577718946808,1.9792215865686715,3.560698869203222,8.710347058545715,0.0,0.0,0.0,1.0,1.0
Arafat,250,55,D_250_Arafat_0055,62500.0,21.334201112394187,39.959094669566156,0,0,0,0,0,1,0,0.9404936824863598,2.521099749115021,1.5146440106524202,11.873471542947549,1.0,0.6163328197226502,0.006163328197226502,1.0,1.024653312788906
Arafat,250,56,D_250_Arafat_0056,62500.0,21.336459617004966,39.95910935200095,0,0,0,0,0,0,0,0.7557908595515932,2.3212081757842267,1.4032368239728241,11.683742684139641,0.0,0.0,0.0,1.0,1.0
Arafat,250,57,D_250_Arafat_0057,62500.0,21.33871812099962,39.95912403636704,0,0,0,0,0,1,0,0.5134329593375924,2.1319171760805466,1.290257123406544,11.496319399581237,1.0,0.6163328197226502,0.006163328197226502,1.0,1.024653312788906
Arafat,250,58,D_250_Arafat_0058,62500.0,21.340976624378097,39.95913872266455,0,0,0,0,0,1,0,0.28461725894010653,1.9563062889044163,1.184137747312206,11.31131629675297,1.0,0.6163328197226502,0.006163328197226502,1.0,1.024653312788906
Arafat,250,59,D_250_Arafat_0059,62500.0,21.343235127140357,39.95915341089363,0,0,0,0,0,1,0,0.13281002365978198,1.7983875406448646,1.124544781108303,11.128854073676708,1.0,0.6163328197226502,0.006163328197226502,1.0,1.024653312788906
Arafat,250,60,D_250_Arafat_0060,62500.0,21.34549362928633,39.95916810105439,0,0,0,0,0,0,2,0.12291874827776642,1.6632081038422104,1.1189368725831752,10.949059759686765,0.5,0.3081664098613251,0.003081664098613251,1.0,1.012326656394453
Arafat,250,61,D_250_Arafat_0061,62500.0,21.347752130815977,39.95918279314698,0,0,0,0,0,1,1,0.0997896034893694,1.5567031338781703,1.168091813572252,10.772066944147412,1.25,0.7704160246533128,0.007704160246533128,1.0,1.0308166409861326
Arafat,250,62,D_250_Arafat_0062,62500.0,21.350010631729244,39.95919748717154,0,0,0,0,0,1,0,0.27155337537306495,1.485054913922658,1.26564499171087,10.59801598777784,1.0,0.6163328197226502,0.006163328197226502,1.0,1.024653312788906
Arafat,250,63,D_250_Arafat_0063,62500.0,21.352269132026073,39.95921218312818,0,0,0,0,0,0,0,0.4011087655010278,1.4534275171832782,1.4015263126859605,10.4270542103317,0.0,0.0,0.0,1.0,1.0
Arafat,250,64,D_250_Arafat_0064,62500.0,21.354527631706418,39.95922688101705,0,0,0,0,0,0,0,0.22846812689760218,1.4644162652897792,1.5657888635634754,10.259336047386176,0.0,0.0,0.0,1.0,1.0
Arafat,250,65,D_250_Arafat_0065,62500.0,21.356786130770207,39.95924158083829,0,0,0,0,1,0,0,0.26173866404190127,1.5170953985774858,1.7504609465417091,10.095023167937692,2.0,1.2326656394453004,0.012326656394453003,1.0,1.049306625577812
Arafat,250,66,D_250_Arafat_0066,62500.0,21.359044629217404,39.959256282592015,0,0,0,0,3,0,0,0.2467885903923865,1.607371114187603,1.9497518522817183,9.934284543398185,6.0,3.6979969183359014,0.03697996918335902,1.0,1.147919876733436
Arafat,250,67,D_250_Arafat_0067,62500.0,21.361303127047957,39.95927098627837,0,0,0,0,0,0,0,0.12942610487049663,1.7293655915000774,2.1596182638568995,9.77729645746724,0.0,0.0,0.0,1.0,1.0
Arafat,250,68,D_250_Arafat_0068,62500.0,21.36356162426181,39.95928569189749,0,0,0,0,0,0,0,0.31240618575187734,1.8769040464030464,2.3772609881316322,9.624211149616723,0.0,0.0,0.0,1.0,1.0
Arafat,250,69,D_250_Arafat_0069,62500.0,21.365820120858903,39.9593003994495,0,0,0,0,1,0,0,0.550857634212438,2.04446380494834,2.600728468295158,9.475149952235334,2.0,1.2326656394453004,0.012326656394453003,1.0,1.049306625577812
Arafat,250,70,D_250_Arafat_0070,62500.0,21.368078616839192,39.95931510893455,0,0,0,0,1,1,0,0.7964236570093908,2.21157119508059,2.8102703634131334,9.330406903360839,3.0,1.8489984591679507,0.01848998459167951,1.0,1.073959938366718
Arafat,250,71,D_250_Arafat_0071,62500.0,21.37033711220262,39.95932982035276,0,0,0,0,0,1,0,1.0440963316276421,2.187446395282809,3.008268336881859,9.190186034418561,1.0,0.6163328197226502,0.006163328197226502,1.0,1.024653312788906
Arafat,250,72,D_250_Arafat_0072,62500.0,21.37259560694913,39.95934453370426,0,0,0,0,0,0,0,1.292665331008915,2.1917564448545197,3.2135241181440826,9.054697439018064,0.0,0.0,0.0,1.0,1.0
Arafat,250,73,D_250_Arafat_0073,62500.0,21.37485410107868,39.959359248989195,0,0,0,0,0,0,0,1.5416971707395961,2.2243360570936415,3.424733001140594,8.924156659152654,0.0,0.0,0.0,1.0,1.0
Arafat,250,74,D_250_Arafat_0074,62500.0,21.377112594591203,39.95937396620769,0,0,0,0,0,0,0,1.7909987924453112,2.2839758046469,3.6408591019578362,8.79878391836264,0.0,0.0,0.0,1.0,1.0
Arafat,250,75,D_250_Arafat_0075,62500.0,21.33192883610712,39.96149051185974,0,0,0,0,0,1,0,1.006267619136414,2.5948922494387796,1.4683616501526875,12.22583922290883,1.0,0.6163328197226502,0.006163328197226502,1.0,1.024653312788906
Arafat,250,76,D_250_Arafat_0076,62500.0,21.334187339736868,39.96150522924708,0,0,0,0,0,1,0,0.784882285451907,2.385868362824356,1.3061443414826759,12.036472129840092,1.0,0.6163328197226502,0.006163328197226502,1.0,1.024653312788906
Arafat,250,77,D_250_Arafat_0077,62500.0,21.336445842750507,39.96151994857043,0,0,0,0,0,0,0,0.586946234939752,2.173575693429122,1.175134097001403,11.84935348280313,0.0,0.0,0.0,1.0,1.0
Arafat,250,78,D_250_Arafat_0078,62500.0,21.33870434514798,39.961534669829916,0,0,0,0,0,1,0,0.44493995482951687,1.970150944827732,1.081677617152059,11.664591488278532,1.0,0.6163328197226502,0.006163328197226502,1.0,1.024653312788906
Arafat,250,79,D_250_Arafat_0079,62500.0,21.340962846929234,39.961549393025685,0,0,0,0,0,2,1,0.2591861779587028,1.7786394226333004,0.9525991956515877,11.482299909705432,2.25,1.386748844375963,0.01386748844375963,1.0,1.0554699537750385
Arafat,250,80,D_250_Arafat_0080,62500.0,21.343221348094215,39.96156411815787,0,0,0,0,0,1,1,0.08993215385888731,1.6033158285518907,0.8774189350956291,11.302598278467775,1.25,0.7704160246533128,0.007704160246533128,1.0,1.0308166409861326
Arafat,250,81,D_250_Arafat_0081,62500.0,21.345479848642864,39.96157884522659,0,0,0,2,0,0,0,0.25820688603041664,1.4500638249486646,0.8702199421828045,11.125612094281557,6.0,3.6979969183359014,0.03697996918335902,1.0,1.147919876733436
Arafat,250,82,D_250_Arafat_0082,62500.0,21.34773834857514,39.96159357423199,0,0,0,0,0,0,0,0.14212864817991877,1.3265551427530136,0.9325778830108182,10.951473010532666,0.0,0.0,0.0,1.0,1.0
Arafat,250,83,D_250_Arafat_0083,62500.0,21.349996847890985,39.96160830517421,0,0,0,0,1,2,2,0.08116736865115727,1.2416972244086655,1.0521978274018795,10.780318999381548,4.5,2.773497688751926,0.02773497688751926,1.0,1.110939907550077
Arafat,250,84,D_250_Arafat_0084,62500.0,21.35225534659035,39.96162303805337,0,0,0,0,1,1,0,0.3303606654210037,1.2036924222756824,1.212245448784004,10.612294490656963,3.0,1.8489984591679507,0.01848998459167951,1.0,1.073959938366718
Arafat,250,85,D_250_Arafat_0085,62500.0,21.354513844673182,39.961637772869615,0,0,0,0,2,0,0,0.4681630571204826,1.2169383294907001,1.3989130738562088,10.44755047771627,4.0,2.4653312788906008,0.024653312788906007,1.0,1.0986132511556241
Arafat,250,86,D_250_Arafat_0086,62500.0,21.356772342139415,39.96165250962307,0,0,0,0,5,0,0,0.480104348315301,1.2798446578094278,1.6029274931556083,10.286244582569033,10.0,6.163328197226503,0.061633281972265024,1.0,1.2465331278890601
Arafat,250,87,D_250_Arafat_0087,62500.0,21.359030838989,39.96166724831389,0,0,0,0,2,0,0,0.2476826468393528,1.3856643888269078,1.8184595976876743,10.128541071666351,4.0,2.4653312788906008,0.024653312788906007,1.0,1.0986132511556241
Arafat,250,88,D_250_Arafat_0088,62500.0,21.3612893352219,39.96168198894217,0,0,0,0,0,0,0,0.13112285010414945,1.5254931166028785,2.0418653404499314,9.974609661004251,0.0,0.0,0.0,1.0,1.0
Arafat,250,89,D_250_Arafat_0089,62500.0,21.363547830838044,39.961696731508084,0,0,0,0,0,0,0,0.31311293504664245,1.6909147521807477,2.267977395173732,9.824503369086374,0.0,0.0,0.0,1.0,1.0
Arafat,250,90,D_250_Arafat_0090,62500.0,21.365806325837394,39.96171147601174,0,0,0,0,1,1,0,0.5512587580869901,1.8751682989753733,2.4588168569917492,9.678527409380413,3.0,1.8489984591679507,0.01848998459167951,1.0,1.073959938366718
Arafat,250,91,D_250_Arafat_0091,62500.0,21.36806482021988,39.961726222453294,0,0,0,0,0,1,0,0.7967011526549327,2.0732389152777135,2.6594810033979455,9.536871561422343,1.0,0.6163328197226502,0.006163328197226502,1.0,1.024653312788906
Arafat,250,92,D_250_Arafat_0092,62500.0,21.37032331398546,39.96174097083286,0,0,0,0,0,1,0,1.0443080172610886,2.2815308567191517,2.867908310710491,9.399731142112769,1.0,0.6163328197226502,0.006163328197226502,1.0,1.024653312788906
Arafat,250,93,D_250_Arafat_0093,62500.0,21.37258180713408,39.96175572115058,0,0,0,0,0,0,0,1.2928363172458737,2.4411368498527075,3.082524444323201,9.267306615675505,0.0,0.0,0.0,1.0,1.0
Arafat,250,94,D_250_Arafat_0094,62500.0,21.37484029966569,39.96177047340659,0,0,0,0,0,0,0,1.541840540219371,2.470429861589753,3.3021229264002,9.139802966906963,0.0,0.0,0.0,1.0,1.0
Arafat,250,95,D_250_Arafat_0095,62500.0,21.377098791580224,39.96178522760102,0,0,0,0,0,0,0,1.7911222068128263,2.5242619282396057,3.525772921256498,9.017428937275842,0.0,0.0,0.0,1.0,1.0
Arafat,250,96,D_250_Arafat_0096,62500.0,21.379357282877645,39.96179998373401,0,0,0,0,0,0,0,2.040579640203277,2.6011099291812907,3.752750133365308,8.900396114991628,0.0,0.0,0.0,1.0,1.0
Arafat,250,97,D_250_Arafat_0097,62500.0,21.329656527845504,39.96388628039092,0,0,0,0,0,1,0,1.1792458080689452,2.391590499655787,1.505996478174168,12.578273447800642,1.0,0.6163328197226502,0.006163328197226502,1.0,1.024653312788906
Arafat,250,98,D_250_Arafat_0098,62500.0,21.331915030490258,39.963901032721104,0,0,0,0,0,1,0,0.9322480123561122,2.347829032273799,1.3011350803898445,12.389248546850936,1.0,0.6163328197226502,0.006163328197226502,1.0,1.024653312788906
Arafat,250,99,D_250_Arafat_0099,62500.0,21.33417353251892,39.963915786992004,0,0,0,0,0,1,0,0.6874242047205377,2.2701964109883805,1.1148451025004225,12.202417636831209,1.0,0.6163328197226502,0.006163328197226502,1.0,1.024653312788906
Arafat,250,100,D_250_Arafat_0100,62500.0,21.336432033931413,39.96393054320376,0,0,0,0,0,1,0,0.44834999490287225,2.0459362636221683,0.9580222897810192,12.017883042019118,1.0,0.6163328197226502,0.006163328197226502,1.0,1.024653312788906
Arafat,250,101,D_250_Arafat_0101,62500.0,21.338690534727693,39.96394530135652,0,0,0,0,0,1,0,0.23341679164778925,1.8283650196675594,0.8471917214334411,11.835752170422127,1.0,0.6163328197226502,0.006163328197226502,1.0,1.024653312788906
Arafat,250,102,D_250_Arafat_0102,62500.0,21.340949034907705,39.96396006145041,0,0,0,0,0,0,0,0.18151881257018332,1.6201796491388452,0.7332859268406005,11.656137699411989,0.0,0.0,0.0,1.0,1.0
Arafat,250,103,D_250_Arafat_0103,62500.0,21.343207534471404,39.96397482348555,0,0,0,0,0,0,2,0.07684129964563503,1.4254983499897105,0.6325559347684395,11.479157752015379,0.5,0.3081664098613251,0.003081664098613251,1.0,1.012326656394453
Arafat,250,104,D_250_Arafat_0104,62500.0,21.345466033418724,39.96398958746211,0,0,0,0,0,0,1,0.1088636525920675,1.2506434328629017,0.6225317427401355,11.304936060131261,0.25,0.15408320493066255,0.0015408320493066254,1.0,1.0061633281972264
Arafat,250,105,D_250_Arafat_0105,62500.0,21.347724531749623,39.96400435338018,0,0,0,0,0,0,0,0.13768757769521664,1.105066715860549,0.707081700249247,11.133602110353031,0.0,0.0,0.0,1.0,1.0
Arafat,250,106,D_250_Arafat_0106,62500.0,21.34998302946404,39.96401912123993,0,0,0,0,0,0,0,0.16705481782440207,1.0016166416561454,0.8587102485330322,10.965291267433749,0.0,0.0,0.0,1.0,1.0
Arafat,250,107,D_250_Arafat_0107,62500.0,21.35224152656193,39.96403389104148,0,0,1,0,3,1,0,0.39151901055687627,0.9540960890718769,1.0487144754622002,10.800144869753376,9.0,5.546995377503852,0.05546995377503852,1.0,1.221879815100154
Arafat,250,108,D_250_Arafat_0108,62500.0,21.354500023043236,39.96404866278496,0,0,1,0,6,0,4,0.6266006827531687,0.9707537265042905,1.2598495192491257,10.638310290439057,15.0,9.244992295839754,0.09244992295839755,1.0,1.3697996918335902
Arafat,250,109,D_250_Arafat_0109,62500.0,21.3567585189079,39.96406343647051,0,0,0,0,3,0,0,0.5966089761885471,1.0485352868939044,1.4831181919390475,10.479940957069504,6.0,3.6979969183359014,0.03697996918335902,1.0,1.147919876733436
Arafat,250,110,D_250_Arafat_0110,62500.0,21.359017014155874,39.964078212098265,0,0,0,0,0,0,0,0.4321906740581454,1.1753678990858134,1.7137847972743967,10.325196322185077,0.0,0.0,0.0,1.0,1.0
Arafat,250,111,D_250_Arafat_0111,62500.0,21.36127550878711,39.96409298966836,0,0,0,0,0,0,0,0.37767087128466986,1.3373679929402809,1.9149105163865032,10.17414695593856,0.0,0.0,0.0,1.0,1.0
Arafat,250,112,D_250_Arafat_0112,62500.0,21.363534002801536,39.96410776918093,0,0,0,0,1,0,0,0.4727386120162064,1.5233570162246377,2.1080657382955073,10.027028106371908,2.0,1.2326656394453004,0.012326656394453003,1.0,1.049306625577812
Arafat,250,113,D_250_Arafat_0113,62500.0,21.365792496199127,39.964122550636105,0,0,0,0,1,0,0,0.6552314885329437,1.7255955636302924,2.3121418702543193,9.884043656869924,2.0,1.2326656394453004,0.012326656394453003,1.0,1.049306625577812
Arafat,250,114,D_250_Arafat_0114,62500.0,21.36805098897981,39.96413733403402,0,0,0,0,0,0,0,0.8718800444093125,1.9390058018377,2.5244918101255354,9.74537558926535,0.0,0.0,0.0,1.0,1.0
Arafat,250,115,D_250_Arafat_0115,62500.0,21.370309481143533,39.9641521193748,0,0,0,0,0,0,0,1.102733567147238,2.1602793684845434,2.7431948109091087,9.61121073230565,0.0,0.0,0.0,1.0,1.0
Arafat,250,116,D_250_Arafat_0116,62500.0,21.37256797269025,39.96416690665861,0,0,0,0,0,0,0,1.340472986817474,2.387230696903777,2.9668462450565953,9.481740246691302,0.0,0.0,0.0,1.0,1.0
Arafat,250,117,D_250_Arafat_0117,62500.0,21.374826463619904,39.96418169588556,0,0,0,0,0,0,0,1.5819969458445384,2.6183838241517248,3.1944069109952444,9.35715899569223,0.0,0.0,0.0,1.0,1.0
Arafat,250,118,D_250_Arafat_0118,62500.0,21.377084953932457,39.96419648705578,0,0,0,0,0,0,0,1.8258041639057392,2.7662702486393864,3.4250977189303575,9.237664793420596,0.0,0.0,0.0,1.0,1.0
Arafat,250,119,D_250_Arafat_0119,62500.0,21.379343443627818,39.96421128016942,0,0,0,0,0,1,0,1.9716191169810897,2.8365693486733194,3.6583265648968104,9.123457524455338,1.0,0.6163328197226502,0.006163328197226502,1.0,1.024653312788906
Arafat,250,120,D_250_Arafat_0120,62500.0,21.38160193270598,39.96422607522661,0,0,0,0,0,1,0,2.107953497822434,2.9266021682419607,3.893637390235184,9.014738130721218,1.0,0.6163328197226502,0.006163328197226502,1.0,1.024653312788906
Arafat,250,121,D_250_Arafat_0121,62500.0,21.329642689277186,39.966296762432975,0,0,0,0,0,1,0,1.155917201263094,2.147363718323031,1.389205511814203,12.742068033834961,1.0,0.6163328197226502,0.006163328197226502,1.0,1.024653312788906
Arafat,250,122,D_250_Arafat_0122,62500.0,21.33190119031689,39.96631155164173,0,0,0,0,0,1,0,0.9222788037038349,2.1013713275212376,1.1639669493602691,12.555509324869305,1.0,0.6163328197226502,0.006163328197226502,1.0,1.024653312788906
Arafat,250,123,D_250_Arafat_0123,62500.0,21.33415969074044,39.96632634279606,0,0,0,0,0,0,0,0.6738426169775243,2.071239298571494,0.9511814571106512,12.37118955617775,0.0,0.0,0.0,1.0,1.0
Arafat,250,124,D_250_Arafat_0124,62500.0,21.336418190547786,39.9663411358961,0,0,0,0,0,0,0,0.42723477521014197,1.9422355919256011,0.7613627712852997,12.18921029693404,0.0,0.0,0.0,1.0,1.0
Arafat,250,125,D_250_Arafat_0125,62500.0,21.338676689738868,39.966355930941994,0,0,0,0,0,0,0,0.18972409926681008,1.7115322213976298,0.6161171760690669,12.0096779428461,0.0,0.0,0.0,1.0,1.0
Arafat,250,126,D_250_Arafat_0126,62500.0,21.34093518831364,39.966370727933864,0,0,0,0,0,0,1,0.12025354271847581,1.4870796869105642,0.5412682084225021,11.832703871849642,0.25,0.15408320493066255,0.0015408320493066254,1.0,1.0061633281972264
Arafat,250,127,D_250_Arafat_0127,62500.0,21.343193686272045,39.966385526871846,0,0,0,0,0,0,1,0.009050344817182083,1.2721908054854578,0.39419542559142035,11.658404588402604,0.25,0.15408320493066255,0.0015408320493066254,1.0,1.0061633281972264
Arafat,250,128,D_250_Arafat_0128,62500.0,21.345452183614025,39.966400327756084,0,0,0,0,0,0,0,0.21356154102510091,1.0726289646944343,0.3779005076279957,11.486901852757695,0.0,0.0,0.0,1.0,1.0
Arafat,250,129,D_250_Arafat_0129,62500.0,21.347710680339535,39.96641513058671,0,0,0,0,0,0,1,0.1044394394580027,0.8986636446642147,0.5052005084852872,11.318322791071544,0.25,0.15408320493066255,0.0015408320493066254,1.0,1.0061633281972264
Arafat,250,130,D_250_Arafat_0130,62500.0,21.349969176448518,39.966429935363855,0,0,0,0,2,0,0,0.30547639264571297,0.7678930892910065,0.7018876789644398,11.152799981658905,4.0,2.4653312788906008,0.024653312788906007,1.0,1.0986132511556241
Arafat,250,131,D_250_Arafat_0131,62500.0,21.352227671940923,39.966444742087646,0,0,1,0,8,0,4,0.39065126818223617,0.7047859582317186,0.9246972877598293,10.990471512127778,19.0,11.710323574730355,0.11710323574730355,1.0,1.468412942989214
Arafat,250,132,D_250_Arafat_0132,62500.0,21.354486166816702,39.96645955075823,0,0,1,0,3,0,1,0.40080255150917066,0.7271772117306191,1.1586560465033098,10.831481001547923,8.25,5.084745762711864,0.05084745762711864,1.0,1.2033898305084745
Arafat,250,133,D_250_Arafat_0133,62500.0,21.356744661075783,39.966474361375745,0,0,0,0,2,0,0,0.5419196963205282,0.8281607015549781,1.3831067331585314,10.675977581228565,4.0,2.4653312788906008,0.024653312788906007,1.0,1.0986132511556241
Arafat,250,134,D_250_Arafat_0134,62500.0,21.35900315471813,39.96648917394032,0,0,0,0,0,1,0,0.6612343487299495,0.9838259998291108,1.5620637331799954,10.52405179162846,1.0,0.6163328197226502,0.006163328197226502,1.0,1.024653312788906
Arafat,250,135,D_250_Arafat_0135,62500.0,21.361261647743692,39.966503988452075,0,0,0,0,0,0,0,0.6269588281653016,1.1725941532684978,1.7584373681550283,10.375870685287888,0.0,0.0,0.0,1.0,1.0
Arafat,250,136,D_250_Arafat_0136,62500.0,21.363520140152406,39.96651880491117,0,0,0,0,1,0,0,0.6884212957836907,1.3809563710049575,1.967018263497251,10.231652791350717,2.0,1.2326656394453004,0.012326656394453003,1.0,1.049306625577812
Arafat,250,137,D_250_Arafat_0137,62500.0,21.365778631944224,39.966533623317716,0,0,0,0,0,0,0,0.82448189110652,1.6012819704720644,2.184312184679539,10.091568025222507,0.0,0.0,0.0,1.0,1.0
Arafat,250,138,D_250_Arafat_0138,62500.0,21.36803712311909,39.96654844367187,0,0,0,0,0,0,0,1.0052944330078981,1.829253235421114,2.407961501217837,9.955790856211857,0.0,0.0,0.0,1.0,1.0
Arafat,250,139,D_250_Arafat_0139,62500.0,21.370295613676955,39.96656326597375,0,0,0,0,0,0,0,1.2109762199608871,2.06233626007941,2.6363492679375806,9.824499882313093,0.0,0.0,0.0,1.0,1.0
Arafat,250,140,D_250_Arafat_0140,62500.0,21.37255410361776,39.96657809022349,0,0,0,0,0,0,0,1.43084237901484,2.29897679413648,2.868343831161595,9.69787730910782,0.0,0.0,0.0,1.0,1.0
Arafat,250,141,D_250_Arafat_0141,62500.0,21.374812592941453,39.96659291642125,0,0,0,0,0,0,0,1.5310837965039092,2.5381800074694785,3.103136349722734,9.576108325799511,0.0,0.0,0.0,1.0,1.0
Arafat,250,142,D_250_Arafat_0142,62500.0,21.377071081647994,39.966607744567135,0,0,0,0,0,0,0,1.631242818603537,2.7792842964794873,3.340136834948277,9.459380372539476,0.0,0.0,0.0,1.0,1.0
Arafat,250,143,D_250_Arafat_0143,62500.0,21.379329569737305,39.966622574661294,0,0,0,0,0,1,0,1.7598330494298073,3.021834649843898,3.5789066692756957,9.347882294794013,1.0,0.6163328197226502,0.006163328197226502,1.0,1.024653312788906
Arafat,250,144,D_250_Arafat_0144,62500.0,21.381588057209356,39.96663740670386,0,0,0,0,0,0,0,1.9108470325192108,3.1575865874597997,3.8191140096354563,9.241803382579707,0.0,0.0,0.0,1.0,1.0
Arafat,250,145,D_250_Arafat_0145,62500.0,21.327370316109683,39.96869241839267,0,0,0,0,0,0,0,1.2687548759486,1.9829830890499553,1.5546161618511611,13.09492710946149,0.0,0.0,0.0,1.0,1.0
Arafat,250,146,D_250_Arafat_0146,62500.0,21.329628816156475,39.968707242529575,0,0,0,0,0,0,0,1.0349268653965753,1.9046355975609646,1.3102513178153745,12.908626287491275,0.0,0.0,0.0,1.0,1.0
Arafat,250,147,D_250_Arafat_0147,62500.0,21.33188731558712,39.96872206861678,0,0,0,0,0,0,0,0.8108071892847366,1.855028635444548,1.0684968979763187,12.724509784589431,0.0,0.0,0.0,1.0,1.0
Arafat,250,148,D_250_Arafat_0148,62500.0,21.33414581440156,39.968736896654406,0,0,0,0,0,0,0,0.6072421096004857,1.8217759495989647,0.8316325667824137,12.542673793339024,0.0,0.0,0.0,1.0,1.0
Arafat,250,149,D_250_Arafat_0149,62500.0,21.33640431259975,39.968751726642594,0,0,0,0,0,0,0,0.4528550111771778,1.8214728378721845,0.6054253308882903,12.363218938210018,0.0,0.0,0.0,1.0,1.0
Arafat,250,150,D_250_Arafat_0150,62500.0,21.338662810181628,39.96876655858148,0,0,0,0,0,0,0,0.24221622183417518,1.6250435208389518,0.40800359854943175,12.186250413565125,0.0,0.0,0.0,1.0,1.0
Arafat,250,151,D_250_Arafat_0151,62500.0,21.340921307147145,39.9687813924712,0,0,0,2,0,0,1,0.02829921009654304,1.386661420448544,0.3023144746408546,12.011878111690843,6.25,3.852080123266564,0.03852080123266564,1.0,1.1540832049306626
Arafat,250,152,D_250_Arafat_0152,62500.0,21.34317980349625,39.968796228311895,0,0,0,0,0,0,0,0.188820169747905,1.1532100178632203,0.188820169747905,11.840216737801676,0.0,0.0,0.0,1.0,1.0
Arafat,250,153,D_250_Arafat_0153,62500.0,21.34543829922888,39.96881106610369,0,0,0,0,0,0,2,0.1518940966987311,0.9284162835925514,0.1518940966987311,11.671385908542321,0.5,0.3081664098613251,0.003081664098613251,1.0,1.012326656394453
Arafat,250,154,D_250_Arafat_0154,62500.0,21.34769679434499,39.968825905846714,0,0,0,0,0,1,1,0.13496963162163714,0.7204305976147326,0.3680904463854221,11.505510230064619,1.25,0.7704160246533128,0.007704160246533128,1.0,1.0308166409861326
Arafat,250,155,D_250_Arafat_0155,62500.0,21.349955288844537,39.96884074754112,0,0,0,0,1,0,2,0.08331410382487842,0.5487109405864227,0.6106630305074273,11.34271935128975,2.5,1.5408320493066257,0.015408320493066256,1.0,1.061633281972265
Arafat,250,156,D_250_Arafat_0156,62500.0,21.352213782727453,39.96885559118704,0,0,1,0,1,0,2,0.1659222574186064,0.4562314617153804,0.8575127386440455,11.183147987491015,4.5,2.773497688751926,0.02773497688751926,1.0,1.110939907550077
Arafat,250,157,D_250_Arafat_0157,62500.0,21.354472275993686,39.968870436784584,0,0,1,0,2,1,0,0.18858543811959155,0.49011284108730363,1.0301189523822303,11.026935908860887,7.0,4.314329738058552,0.04314329738058552,1.0,1.1725731895223421
Arafat,250,158,D_250_Arafat_0158,62500.0,21.35673076864319,39.96888528433392,0,0,0,0,2,2,0,0.4106077683564089,0.6302967930573536,1.2096296653376282,10.874192657145748,6.0,3.6979969183359014,0.03697996918335902,1.0,1.147919876733436
Arafat,250,159,D_250_Arafat_0159,62500.0,21.3589892606759,39.96890013383517,0,0,0,0,0,1,0,0.5584912411325162,0.824219326197888,1.4107667413405311,10.725021785976047,1.0,0.6163328197226502,0.006163328197226502,1.0,1.024653312788906
Arafat,250,160,D_250_Arafat_0160,62500.0,21.361247752091778,39.968914985288464,0,0,0,0,2,1,0,0.693885853007971,1.0423055924333402,1.6255219683782622,10.57965588639816,5.0,3.0816640986132513,0.030816640986132512,1.0,1.12326656394453
Arafat,250,161,D_250_Arafat_0161,62500.0,21.36350624289076,39.96892983869394,0,0,0,0,1,0,0,0.8774592293198705,1.2721888218175526,1.8491567107436024,10.438253926760815,2.0,1.2326656394453004,0.012326656394453003,1.0,1.049306625577812
Arafat,250,162,D_250_Arafat_0162,62500.0,21.3657647330728,39.968944694051736,0,0,0,0,0,0,0,1.027235354707026,1.5084852828905055,2.078807208977268,10.300979147851718,0.0,0.0,0.0,1.0,1.0
Arafat,250,163,D_250_Arafat_0163,62500.0,21.368023222637838,39.96895955136198,0,0,0,0,0,0,0,1.1773100620627335,1.7485969515691613,2.3126820540886324,10.167998710140274,0.0,0.0,0.0,1.0,1.0
Arafat,250,164,D_250_Arafat_0164,62500.0,21.37028171158583,39.968974410624824,0,0,0,0,0,0,0,1.1942165806035168,1.9911440805166962,2.549619021444454,10.039483260325337,0.0,0.0,0.0,1.0,1.0
Arafat,250,165,D_250_Arafat_0165,62500.0,21.37254019991671,39.96898927184038,0,0,0,0,0,0,0,1.2218382800997618,2.235334024193341,2.788837755359593,9.915606411071941,0.0,0.0,0.0,1.0,1.0
Arafat,250,166,D_250_Arafat_0166,62500.0,21.374798687630445,39.9690041350088,0,0,0,0,0,0,0,1.2979307855374769,2.4806816905955733,3.0297978310321123,9.796544128631757,0.0,0.0,0.0,1.0,1.0
Arafat,250,167,D_250_Arafat_0167,62500.0,21.37705717472696,39.96901900013022,0,0,0,0,0,0,0,1.414410227294445,2.7268746029833917,3.272114571364311,9.682474024192768,0.0,0.0,0.0,1.0,1.0
Arafat,250,168,D_250_Arafat_0168,62500.0,21.379315661206213,39.96903386720476,0,0,0,0,0,0,0,1.5588074911839032,2.9737028349745276,3.515507451185733,9.573574546328349,0.0,0.0,0.0,1.0,1.0
Arafat,250,169,D_250_Arafat_0169,62500.0,21.381574147068154,39.969048736232565,0,0,0,0,0,0,0,1.727485112640081,3.2210203354023172,3.759767480915565,9.470024073836584,0.0,0.0,0.0,1.0,1.0
Arafat,250,170,D_250_Arafat_0170,62500.0,21.383832632312725,39.969063607213776,0,0,0,0,0,0,0,1.9140347003686147,3.4687224523468254,4.004735994014828,9.371999910583801,0.0,0.0,0.0,1.0,1.0
Arafat,250,171,D_250_Arafat_0171,62500.0,21.327356410049717,39.97110285966552,0,0,0,0,0,0,0,1.2122986330879963,1.7531935866253907,1.5260071993509072,13.26176650576165,0.0,0.0,0.0,1.0,1.0
Arafat,250,172,D_250_Arafat_0172,62500.0,21.329614908483496,39.971117720675885,0,0,0,0,0,0,0,0.9648847896320359,1.6640620722264872,1.2761759587215589,13.077842615712381,0.0,0.0,0.0,1.0,1.0
Arafat,250,173,D_250_Arafat_0173,62500.0,21.331873406301067,39.97113258364139,0,0,0,0,0,0,0,0.7192616622200099,1.608685943367858,1.0264269008394997,12.896142218095465,0.0,0.0,0.0,1.0,1.0
Arafat,250,174,D_250_Arafat_0174,62500.0,21.334131903502396,39.971147448562185,0,0,0,0,0,0,0,0.4781966334215718,1.5724830648142072,0.7768392934932359,12.71676062279013,0.0,0.0,0.0,1.0,1.0
Arafat,250,175,D_250_Arafat_0175,62500.0,21.336390400087417,39.971162315438384,0,0,0,0,0,0,0,0.2549641184401418,1.5721318894089076,0.5276422965069802,12.539797341478327,0.0,0.0,0.0,1.0,1.0
Arafat,250,176,D_250_Arafat_0176,62500.0,21.338648896056085,39.97117718427014,0,0,0,0,0,0,0,0.1623002870243678,1.5739092554397816,0.27988122161240137,12.36535620163642,0.0,0.0,0.0,1.0,1.0
Arafat,250,177,D_250_Arafat_0177,62500.0,21.34090739140834,39.97119205505758,0,0,0,0,0,0,1,0.05710169313899681,1.326368649621486,0.05710169313899681,12.193545449185386,0.25,0.15408320493066255,0.0015408320493066254,1.0,1.0061633281972264
Arafat,250,178,D_250_Arafat_0178,62500.0,21.343165886144135,39.971206927800836,0,0,0,0,0,1,0,0.17138908663109104,1.0799616868382136,0.17138908663109104,12.024477836868883,1.0,0.6163328197226502,0.006163328197226502,1.0,1.024653312788906
Arafat,250,179,D_250_Arafat_0179,62500.0,21.345424380263413,39.97122180250005,0,0,0,0,0,1,1,0.16832955640157235,0.8356917466256057,0.16832955640157235,11.858270695061414,1.25,0.7704160246533128,0.007704160246533128,1.0,1.0308166409861326
Arafat,250,180,D_250_Arafat_0180,62500.0,21.347682873766118,39.97123667915535,0,0,0,0,0,2,1,0.12200576117328703,0.5961913666918297,0.37517142703922157,11.695045981327038,2.25,1.386748844375963,0.01386748844375963,1.0,1.0554699537750385
Arafat,250,181,D_250_Arafat_0181,62500.0,21.34994136665221,39.971251557766884,0,0,0,0,1,0,0,0.0069989338724749505,0.3708201667352891,0.554298661010383,11.534930304659627,2.0,1.2326656394453004,0.012326656394453003,1.0,1.049306625577812
Arafat,250,182,D_250_Arafat_0182,62500.0,21.352199858921626,39.97126643833478,0,0,0,0,1,0,0,0.053752845323600064,0.21111856004933233,0.6777210907192297,11.378054919948154,2.0,1.2326656394453004,0.012326656394453003,1.0,1.049306625577812
Arafat,250,183,D_250_Arafat_0183,62500.0,21.354458350574312,39.97128132085916,0,0,0,0,1,1,0,0.18837794362731325,0.2768293639356552,0.8581169780475277,11.224547464221747,3.0,1.8489984591679507,0.01848998459167951,1.0,1.073959938366718
Arafat,250,184,D_250_Arafat_0184,62500.0,21.35671684161022,39.97129620534018,0,0,0,0,0,3,0,0.2621256038427203,0.4834231552964084,1.0669693618943237,11.074452227604992,3.0,1.8489984591679507,0.01848998459167951,1.0,1.073959938366718
Arafat,250,185,D_250_Arafat_0185,62500.0,21.35897533202929,39.97131109177797,0,0,0,0,3,2,0,0.3424138777370167,0.7181652995073289,1.290535737757362,10.928015305005916,8.0,4.9306625577812015,0.04930662557781201,1.0,1.197226502311248
Arafat,250,186,D_250_Arafat_0186,62500.0,21.361233821831476,39.971325980172665,0,0,0,0,5,0,0,0.5298154261447301,0.9606377297171745,1.5223473196470958,10.785385708048734,10.0,6.163328197226503,0.061633281972265024,1.0,1.2465331278890601
Arafat,250,187,D_250_Arafat_0187,62500.0,21.36349231101672,39.97134087052439,0,0,0,0,0,0,0,0.7544279341958006,1.2061875053638564,1.7591475869990147,10.646716453269537,0.0,0.0,0.0,1.0,1.0
Arafat,250,188,D_250_Arafat_0188,62500.0,21.365750799584973,39.9713557628333,0,0,0,0,0,0,0,0.9912712191973317,1.4532555688644717,1.9991646015404072,10.51216426818277,0.0,0.0,0.0,1.0,1.0
Arafat,250,189,D_250_Arafat_0189,62500.0,21.368009287536186,39.97137065709951,0,0,0,0,0,0,0,0.9745893659324814,1.7011805309182546,2.2413652034552456,10.381889229143074,0.0,0.0,0.0,1.0,1.0
Arafat,250,190,D_250_Arafat_0190,62500.0,21.370267774870285,39.97138555332317,0,0,0,0,0,0,0,0.9442245355409188,1.9496355169915813,2.4851110330260364,10.256054325671998,0.0,0.0,0.0,1.0,1.0
Arafat,250,191,D_250_Arafat_0191,62500.0,21.372526261587236,39.97140045150441,0,0,0,0,0,0,0,0.978925694241525,2.1984408337398453,2.7299882266551063,10.134824946493831,0.0,0.0,0.0,1.0,1.0
Arafat,250,192,D_250_Arafat_0192,62500.0,21.37478474768699,39.97141535164336,0,0,0,0,0,0,0,1.0723950093948775,2.447489642428434,2.9757174914435764,10.018368283358924,0.0,0.0,0.0,1.0,1.0
Arafat,250,193,D_250_Arafat_0193,62500.0,21.377043233169488,39.97143025374016,0,0,0,0,0,0,0,1.2076527677501656,2.6967144825016574,3.2221038872281897,9.906852649855573,0.0,0.0,0.0,1.0,1.0
Arafat,250,194,D_250_Arafat_0194,62500.0,21.379301718034665,39.97144515779495,0,0,0,0,0,0,0,1.3739538665023272,2.9460706798164047,3.469007398565009,9.800446713843646,0.0,0.0,0.0,1.0,1.0
Arafat,250,195,D_250_Arafat_0195,62500.0,21.381560202282483,39.971460063807875,0,0,0,0,0,0,0,1.5627134244955962,3.1955274839709342,3.716324959217981,9.699318643895925,0.0,0.0,0.0,1.0,1.0
Arafat,250,196,D_250_Arafat_0196,62500.0,21.38381868591288,39.97147497177904,0,0,0,0,0,0,0,1.718685382759906,3.4450630402292095,3.9639790707967024,9.603635172202527,0.0,0.0,0.0,1.0,1.0
Arafat,250,197,D_250_Arafat_0197,62500.0,21.325083972008667,39.97349840305953,0,0,0,0,0,0,0,1.4554251388699002,1.6642532093622024,1.786235546926741,13.614928170084932,0.0,0.0,0.0,1.0,1.0
Arafat,250,198,D_250_Arafat_0198,62500.0,21.32734246944161,39.97351329898336,0,0,0,0,0,0,0,1.2060667545085146,1.5297560501304448,1.538039184888592,13.431187054932025,0.0,0.0,0.0,1.0,1.0
Arafat,250,199,D_250_Arafat_0199,62500.0,21.329600966258354,39.97352819686705,0,0,0,0,0,0,0,0.9570432058203721,1.426733472288713,1.290539282393548,13.249615176773057,0.0,0.0,0.0,1.0,1.0
Arafat,250,200,D_250_Arafat_0200,62500.0,21.331859462458848,39.973543096710735,0,0,0,0,0,0,0,0.7087075414324081,1.362344754086614,1.0442311739020935,13.070302940658118,0.0,0.0,0.0,1.0,1.0
Arafat,250,201,D_250_Arafat_0201,62500.0,21.33411795804305,39.97355799851454,0,0,0,0,0,0,0,0.4621699479189468,1.3234569761491133,0.8002161268663824,12.893344623819594,0.0,0.0,0.0,1.0,1.0
Arafat,250,202,D_250_Arafat_0202,62500.0,21.336376453010903,39.973572902278626,0,0,0,0,0,0,0,0.22346306682679234,1.3230397032163073,0.5614917228643039,12.718838477493886,0.0,0.0,0.0,1.0,1.0
Arafat,250,203,D_250_Arafat_0203,62500.0,21.33863494736235,39.97358780800311,0,0,0,0,0,0,0,0.10616225182177043,1.369061629312441,0.3394113433478828,12.546886818832007,0.0,0.0,0.0,1.0,1.0
Arafat,250,204,D_250_Arafat_0204,62500.0,21.340893441097336,39.97360271568813,0,0,0,0,0,0,0,0.20031766058264663,1.3117460479975056,0.20031766058264663,12.377596110415855,0.0,0.0,0.0,1.0,1.0
Arafat,250,205,D_250_Arafat_0205,62500.0,21.34315193421582,39.97361762533382,0,0,0,0,0,0,1,0.11563381881907596,1.0619515736495664,0.11563381881907596,12.211077024594639,0.25,0.15408320493066255,0.0015408320493066254,1.0,1.0061633281972264
Arafat,250,206,D_250_Arafat_0206,62500.0,21.345410426717727,39.973632536940315,0,0,0,0,0,2,0,0.2037351405682568,0.8122835681684732,0.2037351405682568,12.047444489541524,2.0,1.2326656394453004,0.012326656394453003,1.0,1.049306625577812
Arafat,250,207,D_250_Arafat_0207,62500.0,21.34766891860303,39.97364745050776,0,0,0,0,0,0,1,0.13098881835920298,0.5629103351833421,0.28356273793730785,11.886817713609716,0.25,0.15408320493066255,0.0015408320493066254,1.0,1.0061633281972264
Arafat,250,208,D_250_Arafat_0208,62500.0,21.349927409871658,39.97366236603628,0,0,0,0,0,0,0,0.22763363201053174,0.31453377528643645,0.327821136527621,11.729320184247127,0.0,0.0,0.0,1.0,1.0
Arafat,250,209,D_250_Arafat_0209,62500.0,21.35218590052357,39.97367728352602,0,0,0,0,0,0,0,0.07742703749759781,0.07742703749759781,0.5094365208365218,11.575079637418849,0.0,0.0,0.0,1.0,1.0
Arafat,250,210,D_250_Arafat_0210,62500.0,21.3544443905587,39.97369220297711,0,0,0,0,0,0,2,0.19508561319423415,0.19508561319423415,0.7325192420474554,11.42413637757137,0.5,0.3081664098613251,0.003081664098613251,1.0,1.012326656394453
Arafat,250,211,D_250_Arafat_0211,62500.0,21.356702879977004,39.97370712438968,0,0,0,0,0,1,2,0.02656241426877817,0.44172598612158454,0.9688360600109481,11.276698024611985,1.5,0.9244992295839753,0.009244992295839754,1.0,1.036979969183359
Arafat,250,212,D_250_Arafat_0212,62500.0,21.35896136877842,39.97372204776388,1,0,0,0,2,1,1,0.20365184124682723,0.6907859995358925,1.2106618778111815,11.13292166069744,9.25,5.701078582434515,0.05701078582434515,1.0,1.2280431432973806
Arafat,250,213,D_250_Arafat_0213,62500.0,21.361219856962904,39.97373697309983,1,0,0,0,0,0,0,0.4526932676296879,0.9403450151378047,1.4552529173971975,10.992950971789359,4.0,2.4653312788906008,0.024653312788906007,1.0,1.0986132511556241
Arafat,250,214,D_250_Arafat_0214,62500.0,21.3634783445304,39.97375190039767,0,0,0,0,0,0,0,0.7024160566724437,1.190089155414095,1.7014170343571895,10.856933150439076,0.0,0.0,0.0,1.0,1.0
Arafat,250,215,D_250_Arafat_0215,62500.0,21.36573683148086,39.973766829657556,0,0,0,0,0,0,0,0.8176461441582943,1.4399220979532017,1.9485581325709973,10.725018591967162,0.0,0.0,0.0,1.0,1.0
Arafat,250,216,D_250_Arafat_0216,62500.0,21.367995317814227,39.9737817608796,0,0,0,0,0,0,0,0.7350041934014959,1.689804455702986,2.196346436065206,10.597360528121124,0.0,0.0,0.0,1.0,1.0
Arafat,250,217,D_250_Arafat_0217,62500.0,21.37025380353044,39.973796694063935,0,0,0,0,0,0,0,0.6942382196671193,1.939717131143967,2.444585146486841,10.474114593984448,0.0,0.0,0.0,1.0,1.0
Arafat,250,218,D_250_Arafat_0218,62500.0,21.37251228862945,39.973811629210715,0,0,0,0,0,0,0,0.7407443870697633,2.1896497434962283,2.6931497191266307,10.35543832451608,0.0,0.0,0.0,1.0,1.0
Arafat,250,219,D_250_Arafat_0219,62500.0,21.374770773111216,39.973826566320064,0,0,0,0,0,0,0,0.8584693473492317,2.4395961652562117,2.941957559319918,10.241490577928328,0.0,0.0,0.0,1.0,1.0
Arafat,250,220,D_250_Arafat_0220,62500.0,21.37702925697567,39.97384150539213,0,0,0,0,0,0,0,1.0204379648760014,2.6895525464047974,3.190951762726501,10.132430884182385,0.0,0.0,0.0,1.0,1.0
Arafat,250,221,D_250_Arafat_0221,62500.0,21.379287740222765,39.97385644642703,0,0,0,0,0,0,0,1.21269025723073,2.939516346308053,3.4400918626186603,10.028418718206346,0.0,0.0,0.0,1.0,1.0
Arafat,250,222,D_250_Arafat_0222,62500.0,21.381546222852457,39.973871389424914,0,0,0,0,0,0,0,1.3817599792547752,3.189485820716556,3.689348302134522,9.929612699023552,0.0,0.0,0.0,1.0,1.0
Arafat,250,223,D_250_Arafat_0223,62500.0,21.38380470486467,39.97388633438592,0,0,0,0,0,0,0,1.5044239102762658,3.43945973241317,3.9386989940424035,9.836169717809273,0.0,0.0,0.0,1.0,1.0
Arafat,250,224,D_250_Arafat_0224,62500.0,21.386063186259367,39.97390128131017,0,0,0,0,0,0,0,1.652889151304618,3.6894371794667262,4.1881271037157415,9.748243999946169,0.0,0.0,0.0,1.0,1.0
Arafat,250,225,D_250_Arafat_0225,62500.0,21.32506999847351,39.975908803549174,0,0,0,0,0,0,2,1.4701035900910824,1.4701035900910824,1.8309844321803062,13.78454220958405,0.5,0.3081664098613251,0.003081664098613251,1.0,1.012326656394453
Arafat,250,226,D_250_Arafat_0226,62500.0,21.327328494285464,39.97592373634134,0,0,0,0,0,0,0,1.2350237042434384,1.3159101008948133,1.5897896389254549,13.603092315933376,0.0,0.0,0.0,1.0,1.0
Arafat,250,227,D_250_Arafat_0227,62500.0,21.32958698948117,39.97593867109822,0,0,0,0,0,0,0,1.0024368592387989,1.1945853764697216,1.3517981362551208,13.423845841777498,0.0,0.0,0.0,1.0,1.0
Arafat,250,228,D_250_Arafat_0228,62500.0,21.331845484060583,39.975953607819946,0,0,0,0,0,0,0,0.7806892874107537,1.1168925864708814,1.119055542111699,13.246892232210858,0.0,0.0,0.0,1.0,1.0
Arafat,250,229,D_250_Arafat_0229,62500.0,21.334103978023652,39.97596854650665,0,0,0,0,0,0,0,0.5687970651322655,1.0748831314650107,0.8956631127153772,13.072324599695714,0.0,0.0,0.0,1.0,1.0
Arafat,250,230,D_250_Arafat_0230,62500.0,21.33636247137032,39.97598348715847,0,0,0,2,0,0,0,0.39983094274869757,1.0743693195903201,0.6907528621924693,12.900239806600924,6.0,3.6979969183359014,0.03697996918335902,1.0,1.147919876733436
Arafat,250,231,D_250_Arafat_0231,62500.0,21.338620964100542,39.975998429775544,0,0,0,0,0,0,0,0.3481371342668659,1.1305596505474216,0.526371182508293,12.730738536935412,0.0,0.0,0.0,1.0,1.0
Arafat,250,232,D_250_Arafat_0232,62500.0,21.34087945621426,39.97601337435801,0,0,0,0,0,0,0,0.4494371223244345,1.1966785572836318,0.4494371223244345,12.563925354912522,0.0,0.0,0.0,1.0,1.0
Arafat,250,233,D_250_Arafat_0233,62500.0,21.343137947711412,39.976028320905996,0,0,0,0,0,1,0,0.23751806351430377,0.9868285261838747,0.34981157941544205,12.399908747721296,1.0,0.6163328197226502,0.006163328197226502,1.0,1.024653312788906
Arafat,250,234,D_250_Arafat_0234,62500.0,21.345396438591955,39.97604326941965,0,0,0,0,0,2,0,0.14636968745884787,0.7879622110653743,0.21980844191272192,12.23880114961496,2.0,1.2326656394453004,0.012326656394453003,1.0,1.049306625577812
Arafat,250,235,D_250_Arafat_0235,62500.0,21.34765492885583,39.97605821989909,0,0,0,0,0,0,1,0.0750167868070868,0.6252051873979789,0.0750167868070868,12.080718944161305,0.25,0.15408320493066255,0.0015408320493066254,1.0,1.0061633281972264
Arafat,250,236,D_250_Arafat_0236,62500.0,21.349913418502997,39.97607317234447,0,0,0,0,0,1,0,0.18079377619436654,0.4305292040434532,0.18079377619436654,11.925782441241294,1.0,0.6163328197226502,0.006163328197226502,1.0,1.024653312788906
Arafat,250,237,D_250_Arafat_0237,62500.0,21.35217190753339,39.97608812675591,0,0,0,0,0,1,1,0.2732361181359734,0.3040046806777904,0.4298200329421344,11.774051630819097,1.25,0.7704160246533128,0.007704160246533128,1.0,1.0308166409861326
Arafat,250,238,D_250_Arafat_0238,62500.0,21.35443039594696,39.976103083133566,0,0,0,0,0,1,4,0.06015676299886114,0.3528204872363866,0.679561720468521,11.62567495546526,2.0,1.2326656394453004,0.012326656394453003,1.0,1.049306625577812
Arafat,250,239,D_250_Arafat_0239,62500.0,21.356688883743647,39.976118041477555,1,0,0,0,3,1,2,0.0412671014659877,0.5306088451519039,0.9294423075876712,11.48082508076273,11.5,7.0878274268104775,0.07087827426810478,1.0,1.2835130970724191
Arafat,250,240,D_250_Arafat_0240,62500.0,21.358947370923403,39.97613300178802,1,0,0,0,2,0,1,0.2610279435241936,0.7507391004158189,1.1793735092589004,11.339637159098562,8.25,5.084745762711864,0.05084745762711864,1.0,1.2033898305084745
Arafat,250,241,D_250_Arafat_0241,62500.0,21.36120585748618,39.9761479640651,1,0,0,0,0,0,0,0.5041408566398546,0.9852272058935791,1.4293287744775212,11.202249651964879,4.0,2.4653312788906008,0.024653312788906007,1.0,1.0986132511556241
Arafat,250,242,D_250_Arafat_0242,62500.0,21.36346434343192,39.97616292830893,1,0,0,0,0,0,0,0.6426706115013071,1.225861369638747,1.6792973580510306,11.068804074058118,4.0,2.4653312788906008,0.024653312788906007,1.0,1.0986132511556241
Arafat,250,243,D_250_Arafat_0243,62500.0,21.36572282876057,39.976177894519644,1,0,0,0,0,0,0,0.5684543755332433,1.4696256489025705,1.9292740831631285,10.939444684024139,4.0,2.4653312788906008,0.024653312788906007,1.0,1.0986132511556241
Arafat,250,244,D_250_Arafat_0244,62500.0,21.367981313472086,39.976192862697374,1,0,0,0,0,0,0,0.505606464008216,1.7151859952355069,2.17925614813236,10.814318118113704,4.0,2.4653312788906008,0.024653312788906007,1.0,1.0986132511556241
Arafat,250,245,D_250_Arafat_0245,62500.0,21.3702397975664,39.97620783284226,1,0,0,0,0,0,0,0.44426730441894907,1.961868101731544,2.4292419044591766,10.69357296345336,4.0,2.4653312788906008,0.024653312788906007,1.0,1.0986132511556241
Arafat,250,246,D_250_Arafat_0246,62500.0,21.37249828104346,39.97622280495445,0,0,0,0,0,0,0,0.513915342351702,2.2092962451720797,2.6792303188767117,10.577359268250229,0.0,0.0,0.0,1.0,1.0
Arafat,250,247,D_250_Arafat_0247,62500.0,21.374756763903232,39.976237779034065,0,0,0,0,0,0,0,0.6669618077850152,2.4572450730993776,2.9292207108369226,10.465827987052787,0.0,0.0,0.0,1.0,1.0
Arafat,250,248,D_250_Arafat_0248,62500.0,21.377015246145643,39.97625275508125,0,0,0,0,0,0,0,0.865541491129059,2.7055714367968333,3.1792126138406855,10.359130360195094,0.0,0.0,0.0,1.0,1.0
Arafat,250,249,D_250_Arafat_0249,62500.0,21.37927372777064,39.97626773309613,0,0,0,0,0,0,0,1.0557659947297746,2.9541801316017606,3.4292056974190803,10.257417227765188,0.0,0.0,0.0,1.0,1.0
Arafat,250,250,D_250_Arafat_0250,62500.0,21.38153220877819,39.976282713078845,0,0,0,0,0,0,0,1.160571979573456,3.1987094272992787,3.6791997209201948,10.160838279856266,0.0,0.0,0.0,1.0,1.0
Arafat,250,251,D_250_Arafat_0251,62500.0,21.383790689168215,39.97629769502954,0,0,0,0,0,0,0,1.301044677447039,3.442891206953572,3.929194504936985,10.069541246468521,0.0,0.0,0.0,1.0,1.0
Arafat,250,252,D_250_Arafat_0252,62500.0,21.386049168940676,39.97631267894834,0,0,0,0,0,0,0,1.4701933537473362,3.6878527255766556,4.179189912989688,9.983671032203995,0.0,0.0,0.0,1.0,1.0
Arafat,250,253,D_250_Arafat_0253,62500.0,21.325055990394446,39.97831920207424,0,0,0,0,0,0,2,1.2952491599398885,1.2952491599398885,1.9077134356785883,13.956573317940057,0.5,0.3081664098613251,0.003081664098613251,1.0,1.012326656394453
Arafat,250,254,D_250_Arafat_0254,62500.0,21.327314484581397,39.978334171734616,0,0,0,0,0,0,0,1.117177342396137,1.117177342396137,1.6775868555209572,13.777389281247654,0.0,0.0,0.0,1.0,1.0
Arafat,250,255,D_250_Arafat_0255,62500.0,21.32957297815206,39.97834914336455,0,0,0,0,0,0,0,0.9292773289507007,0.9713393034370662,1.4540374008136046,13.600440141224809,0.0,0.0,0.0,1.0,1.0
Arafat,250,256,D_250_Arafat_0256,62500.0,21.331831471106387,39.97836411696417,0,0,0,0,0,0,0,0.6842166768057556,0.8740222368108913,1.2406255954609646,13.425814264432546,0.0,0.0,0.0,1.0,1.0
Arafat,250,257,D_250_Arafat_0257,62500.0,21.334089963444317,39.978379092533636,0,0,0,0,0,0,0,0.44468929325594825,0.8271693447525117,1.043589465863355,13.253603483243406,0.0,0.0,0.0,1.0,1.0
Arafat,250,258,D_250_Arafat_0258,62500.0,21.336348455165805,39.978394070073065,0,0,0,0,0,0,0,0.2287895851078841,0.8265015507954235,0.8740744123980824,13.08390316071787,0.0,0.0,0.0,1.0,1.0
Arafat,250,259,D_250_Arafat_0259,62500.0,21.338606946270787,39.978409049582595,0,0,0,0,0,0,0,0.17871983933296479,0.8983320666859113,0.7509548478817771,12.916812244011464,0.0,0.0,0.0,1.0,1.0
Arafat,250,260,D_250_Arafat_0260,62500.0,21.340865436759216,39.97842403106237,0,0,0,0,0,0,0,0.36950898187806447,1.0275680953616266,0.5687965790201971,12.752433304081455,0.0,0.0,0.0,1.0,1.0
Arafat,250,261,D_250_Arafat_0261,62500.0,21.34312392663104,39.97843901451251,0,0,0,0,0,2,0,0.22604638833120616,0.8606147807209749,0.31994120598566916,12.590872559240966,2.0,1.2326656394453004,0.012326656394453003,1.0,1.049306625577812
Arafat,250,262,D_250_Arafat_0262,62500.0,21.345382415886206,39.97845399993318,0,0,0,0,0,1,1,0.07870960722840335,0.6392795445274265,0.07870960722840335,12.432239879886831,1.25,0.7704160246533128,0.007704160246533128,1.0,1.0308166409861326
Arafat,250,263,D_250_Arafat_0263,62500.0,21.347640904524656,39.97846898732449,0,0,0,0,0,0,0,0.18715776567520423,0.4352513561280754,0.18715776567520423,12.276648771511297,0.0,0.0,0.0,1.0,1.0
Arafat,250,264,D_250_Arafat_0264,62500.0,21.349899392546337,39.97848397668658,0,0,0,0,0,2,0,0.28793416168800856,0.29058703221864,0.28793416168800856,12.124177977786294,2.0,1.2326656394453004,0.012326656394453003,1.0,1.049306625577812
Arafat,250,265,D_250_Arafat_0265,62500.0,21.352157879951207,39.97849896801961,0,0,0,0,0,1,0,0.28233475215259707,0.32316853741653917,0.4847318358378528,11.974920375600686,1.0,0.6163328197226502,0.006163328197226502,1.0,1.024653312788906
Arafat,250,266,D_250_Arafat_0266,62500.0,21.354416366739205,39.97851396132368,0,0,0,0,0,0,1,0.16345362160034513,0.4606288187254988,0.7155584000502642,11.829063545645312,0.25,0.15408320493066255,0.0015408320493066254,1.0,1.0061633281972264
Arafat,250,267,D_250_Arafat_0267,62500.0,21.356674852910274,39.97852895659895,1,0,0,0,3,0,1,0.2745055322723053,0.5907229948839063,0.9560767202951094,11.686734819095244,10.25,6.317411402157165,0.06317411402157165,1.0,1.2526964560862865
Arafat,250,268,D_250_Arafat_0268,62500.0,21.358933338464364,39.97854395384555,1,0,0,0,0,0,1,0.38844678753441303,0.7718701923895318,1.2004755583925943,11.54806464723815,4.25,2.6194144838212634,0.026194144838212634,1.0,1.1047765793528506
Arafat,250,269,D_250_Arafat_0269,62500.0,21.361191823401423,39.97855895306362,2,0,0,0,0,0,1,0.4907836117858107,0.9836368519552314,1.4467897005113668,11.413186385130576,8.25,5.084745762711864,0.05084745762711864,1.0,1.2033898305084745
Arafat,250,270,D_250_Arafat_0270,62500.0,21.363450307721394,39.9785739542533,1,0,0,0,0,0,0,0.4243831868712558,1.210082360481857,1.694183965428055,11.282236029558513,4.0,2.4653312788906008,0.024653312788906007,1.0,1.0986132511556241
Arafat,250,271,D_250_Arafat_0271,62500.0,21.365708791424243,39.978588957414715,1,0,0,0,0,0,0,0.32052384789412,1.4443189335372877,1.9422456538556825,11.15535190801288,4.0,2.4653312788906008,0.024653312788906007,1.0,1.0986132511556241
Arafat,250,272,D_250_Arafat_0272,62500.0,21.367967274509887,39.97860396254801,2,0,0,0,0,0,0,0.309910678383303,1.6830968612647441,2.1907480574290252,11.03267431571081,8.0,4.9306625577812015,0.04930662557781201,1.0,1.197226502311248
Arafat,250,273,D_250_Arafat_0273,62500.0,21.37022575697829,39.978618969653304,2,0,0,0,0,0,1,0.19437121676006164,1.9247267096978153,2.4395565011568814,10.914345098148736,8.25,5.084745762711864,0.05084745762711864,1.0,1.2033898305084745
Arafat,250,274,D_250_Arafat_0274,62500.0,21.372484238829397,39.97863397873076,1,0,0,0,0,0,0,0.31365979329113314,2.168255236278498,2.688586021228364,10.800507177277447,4.0,2.4653312788906008,0.024653312788906007,1.0,1.0986132511556241
Arafat,250,275,D_250_Arafat_0275,62500.0,21.374742720063157,39.978648989780496,0,0,0,0,0,0,0,0.5269786387980974,2.413107671090138,2.9377803976390613,10.691304020153952,0.0,0.0,0.0,1.0,1.0
Arafat,250,276,D_250_Arafat_0276,62500.0,21.377001200679512,39.97866400280266,0,0,0,0,0,0,0,0.7549986960156577,2.658918294137489,3.1871009610553727,10.586879049856876,0.0,0.0,0.0,1.0,1.0
Arafat,250,277,D_250_Arafat_0277,62500.0,21.37925968067841,39.97867901779738,0,0,0,0,0,0,0,0.8229875546620639,2.9054439174632094,3.4365202468729676,10.487374999552403,0.0,0.0,0.0,1.0,1.0
Arafat,250,278,D_250_Arafat_0278,62500.0,21.381518160059805,39.9786940347648,0,0,0,0,0,0,0,0.9504693361313864,3.1525168072746106,3.6860182146017126,10.39293321185964,0.0,0.0,0.0,1.0,1.0
Arafat,250,279,D_250_Arafat_0279,62500.0,21.383776638823633,39.97870905370505,0,0,0,0,0,0,0,1.1167556597643054,3.4000176591855884,3.9355799000380314,10.303692887072744,0.0,0.0,0.0,1.0,1.0
Arafat,250,280,D_250_Arafat_0280,62500.0,21.386035116969847,39.97872407461828,0,0,0,0,0,0,0,1.3099215428052093,3.6478593648054463,4.185193904801917,10.219790285326399,0.0,0.0,0.0,1.0,1.0
Arafat,250,281,D_250_Arafat_0281,62500.0,21.32504194777158,39.980729598629885,0,0,0,0,0,0,0,1.1485365501590645,1.1485365501590645,2.0127685198379286,14.130933218661408,0.0,0.0,0.0,1.0,1.0
Arafat,250,282,D_250_Arafat_0282,62500.0,21.327300440329534,39.98074460515833,0,0,0,0,0,0,0,0.9431601322625943,0.9431601322625943,1.7961526158983978,13.953988328011091,0.0,0.0,0.0,1.0,1.0
Arafat,250,283,D_250_Arafat_0283,62500.0,21.32955893227115,39.98075961366118,0,0,0,0,0,0,0,0.7648306107419492,0.7648306107419492,1.5893682155959792,13.779307199067416,0.0,0.0,0.0,1.0,1.0
Arafat,250,284,D_250_Arafat_0284,62500.0,21.331817423596377,39.980774624138576,0,0,0,0,0,0,0,0.6366951320421823,0.6366951320421823,1.39678861317482,13.606977016011768,0.0,0.0,0.0,1.0,1.0
Arafat,250,285,D_250_Arafat_0285,62500.0,21.334075914305163,39.98078963659065,0,0,0,0,0,1,0,0.4259404475718127,0.5807090949737548,1.225130823644123,13.437088231543092,1.0,0.6163328197226502,0.006163328197226502,1.0,1.024653312788906
Arafat,250,286,D_250_Arafat_0286,62500.0,21.33633440439745,39.98080465101754,0,0,0,0,0,1,1,0.18979297035201043,0.5804654960094637,1.0843766136315451,13.269734615668664,1.25,0.7704160246533128,0.007704160246533128,1.0,1.0308166409861326
Arafat,250,287,D_250_Arafat_0287,62500.0,21.338592893873198,39.980819667419404,0,0,0,0,0,1,0,0.12496990962788647,0.6788489380020073,0.8675114826078933,13.105013292563902,1.0,0.6163328197226502,0.006163328197226502,1.0,1.024653312788906
Arafat,250,288,D_250_Arafat_0288,62500.0,21.340851382732335,39.98083468579635,0,0,0,0,0,1,0,0.3467183078952784,0.8424556778818656,0.6375021564191218,12.943024763411291,1.0,0.6163328197226502,0.006163328197226502,1.0,1.024653312788906
Arafat,250,289,D_250_Arafat_0289,62500.0,21.34310987097482,39.980849706148526,0,0,0,0,0,1,0,0.41325429079391307,0.7079611005908797,0.43039728904991426,12.783872912943057,1.0,0.6163328197226502,0.006163328197226502,1.0,1.024653312788906
Arafat,250,290,D_250_Arafat_0290,62500.0,21.345368358600595,39.98086472847606,0,0,0,0,0,0,0,0.2860644225384519,0.5116950390719779,0.29845377096629316,12.627664997230509,0.0,0.0,0.0,1.0,1.0
Arafat,250,291,D_250_Arafat_0291,62500.0,21.347626845609607,39.9808797527791,0,0,0,0,0,1,0,0.18609343448249896,0.3038035012704285,0.3433765868350458,12.47449764394873,1.0,0.6163328197226502,0.006163328197226502,1.0,1.024653312788906
Arafat,250,292,D_250_Arafat_0292,62500.0,21.349885332001815,39.980894779057785,0,0,0,0,0,1,1,0.08565233612165894,0.08565233612165894,0.5080607969754543,12.324411459936771,1.25,0.7704160246533128,0.007704160246533128,1.0,1.0308166409861326
Arafat,250,293,D_250_Arafat_0293,62500.0,21.352143817777144,39.98090980731224,1,0,0,0,0,0,3,0.11399720189541411,0.11399720189541411,0.6404565907468613,12.177608311928873,4.75,2.9275808936825887,0.029275808936825888,1.0,1.1171032357473036
Arafat,250,294,D_250_Arafat_0294,62500.0,21.35440230293556,39.9809248375426,1,0,0,0,2,0,30,0.09845070498520155,0.2388503703872276,0.8290015173923697,12.034208348025953,15.5,9.553158705701078,0.09553158705701077,1.0,1.382126348228043
Arafat,250,295,D_250_Arafat_0295,62500.0,21.356660787476997,39.980939869749015,1,0,0,0,2,0,1,0.1997574140223536,0.42502464767367926,1.0436965014057538,11.894334656828683,8.25,5.084745762711864,0.05084745762711864,1.0,1.2033898305084745
Arafat,250,296,D_250_Arafat_0296,62500.0,21.35891927140141,39.980954903931625,2,0,0,0,0,0,2,0.2551837546518889,0.6537612819333066,1.271361969800249,11.758113083891233,8.5,5.238828967642527,0.05238828967642527,1.0,1.2095531587057011
Arafat,250,297,D_250_Arafat_0297,62500.0,21.36117775470875,39.980969940090546,2,0,0,0,0,0,0,0.30193514551642037,0.893958431013448,1.5061275276224546,11.62567200889964,8.0,4.9306625577812015,0.04930662557781201,1.0,1.197226502311248
Arafat,250,298,D_250_Arafat_0298,62500.0,21.363436237398947,39.980984978225926,1,0,0,0,0,0,0,0.1744034662009746,1.1383846182222292,1.7451300813033643,11.497142080684702,4.0,2.4653312788906008,0.024653312788906007,1.0,1.0986132511556241
Arafat,250,299,D_250_Arafat_0299,62500.0,21.365694719471968,39.98100001833791,1,0,0,0,0,0,0,0.08561949004062311,1.3848022969470823,1.9868411793290488,11.372655907411835,4.0,2.4653312788906008,0.024653312788906007,1.0,1.0986132511556241
Arafat,250,300,D_250_Arafat_0300,62500.0,21.367953200927744,39.981015060426614,2,0,0,0,0,0,0,0.20602320075720085,1.6323097942041702,2.2303804032239447,11.252347699628183,8.0,4.9306625577812015,0.04930662557781201,1.0,1.197226502311248
Arafat,250,301,D_250_Arafat_0301,62500.0,21.370211681766225,39.9810301044922,1,0,0,0,0,0,3,0.026117362367746998,1.8804768349755883,2.4752081961510153,11.136352864302838,4.75,2.9275808936825887,0.029275808936825888,1.0,1.1171032357473036
Arafat,250,302,D_250_Arafat_0302,62500.0,21.37247016198737,39.981045150534776,1,0,0,0,0,0,1,0.23717271898992986,2.129072800423873,2.7209767521059276,11.024807548578995,4.25,2.6194144838212634,0.026194144838212634,1.0,1.1047765793528506
Arafat,250,303,D_250_Arafat_0303,62500.0,21.37472864159111,39.98106019855451,1,0,0,0,0,0,0,0.4853606066164985,2.3779631729969446,2.9674523343616968,10.917848132674438,4.0,2.4653312788906008,0.024653312788906007,1.0,1.0986132511556241
Arafat,250,304,D_250_Arafat_0304,62500.0,21.3769871205774,39.98107524855151,0,0,0,0,0,0,0,0.5076314711345591,2.6270642768601307,3.2144723094026553,10.81561067222194,0.0,0.0,0.0,1.0,1.0
Arafat,250,305,D_250_Arafat_0305,62500.0,21.379245598946188,39.98109030052595,0,0,0,0,0,0,0,0.6033774772873762,2.8763213619794965,3.4619201462662597,10.718230291331654,0.0,0.0,0.0,1.0,1.0
Arafat,250,306,D_250_Arafat_0306,62500.0,21.381504076697418,39.98110535447792,0,0,0,0,0,0,0,0.7634251173680218,3.1256971126461583,3.709710227272739,10.625840528775019,0.0,0.0,0.0,1.0,1.0
Arafat,250,307,D_250_Arafat_0307,62500.0,21.383762553831037,39.98112041040759,0,0,0,0,0,0,0,0.9625846220036702,3.3751652259747935,3.957778270891349,10.538572640917563,0.0,0.0,0.0,1.0,1.0
Arafat,250,308,D_250_Arafat_0308,62500.0,21.386021030346992,39.98113546831509,0,0,0,0,0,0,0,1.1812368091147176,3.624706631612333,4.206075095947227,10.456554866342668,0.0,0.0,0.0,1.0,1.0
Arafat,250,309,D_250_Arafat_0309,62500.0,21.32502787060505,39.98313999321126,0,0,0,0,0,0,1,1.0419222753054012,1.0419222753054012,2.141985918775502,14.307536771977926,0.25,0.15408320493066255,0.0015408320493066254,1.0,1.0061633281972264
Arafat,250,310,D_250_Arafat_0310,62500.0,21.32728636152999,39.98315503660763,0,0,0,0,0,0,0,0.8099486748034672,0.8099486748034672,1.9398532886227817,14.132803158237996,0.0,0.0,0.0,1.0,1.0
Arafat,250,311,D_250_Arafat_0311,62500.0,21.329544851838556,39.98317008198326,0,0,0,0,0,0,0,0.5928167371576155,0.5928167371576155,1.7501308198328236,13.960359656452379,0.0,0.0,0.0,1.0,1.0
Arafat,250,312,D_250_Arafat_0312,62500.0,21.331803341530666,39.98318512933829,0,0,0,0,0,1,0,0.41454373942023326,0.41454373942023326,1.5773030754033295,13.790292178395083,1.0,0.6163328197226502,0.006163328197226502,1.0,1.024653312788906
Arafat,250,313,D_250_Arafat_0313,62500.0,21.334061830606302,39.983200178672845,0,0,0,0,0,2,0,0.334366402897065,0.334366402897065,1.4240049050566947,13.622689712149576,2.0,1.2326656394453004,0.012326656394453003,1.0,1.049306625577812
Arafat,250,314,D_250_Arafat_0314,62500.0,21.336320319065393,39.983215229987074,0,0,0,0,0,1,0,0.3402580941693902,0.3402580941693902,1.1965044072664384,13.45764435633173,1.0,0.6163328197226502,0.006163328197226502,1.0,1.024653312788906
Arafat,250,315,D_250_Arafat_0315,62500.0,21.338578806907886,39.98323028328112,0,0,0,0,0,1,0,0.35255379114910035,0.48956231392614974,0.9800283789720051,13.295251342096119,1.0,0.6163328197226502,0.006163328197226502,1.0,1.024653312788906
Arafat,250,316,D_250_Arafat_0316,62500.0,21.34083729413372,39.9832453385551,0,0,0,0,0,0,0,0.34428395318125765,0.6989756417684856,0.7837655584248274,13.135609040981311,0.0,0.0,0.0,1.0,1.0
Arafat,250,317,D_250_Arafat_0317,62500.0,21.343095780742868,39.98326039580916,0,0,0,0,0,0,1,0.3646943655920764,0.6155087508564684,0.626993841720528,12.97881895649644,0.25,0.15408320493066255,0.0015408320493066254,1.0,1.0061633281972264
Arafat,250,318,D_250_Arafat_0318,62500.0,21.345354266735242,39.98327545504344,0,0,0,0,0,1,0,0.22924293897125902,0.3734620669384151,0.5449349544101129,12.824985697204994,1.0,0.6163328197226502,0.006163328197226502,1.0,1.024653312788906
Arafat,250,319,D_250_Arafat_0319,62500.0,21.347612752110816,39.98329051625807,0,0,0,0,0,1,1,0.07314531826039586,0.15841972258193246,0.5707774798644711,12.67412788580205,1.25,0.7704160246533128,0.007704160246533128,1.0,1.0308166409861326
Arafat,250,320,D_250_Arafat_0320,62500.0,21.349871236869525,39.9833055794532,0,0,0,0,0,0,2,0.0,0.0,0.6925458529966965,12.5264338113688,0.5,0.3081664098613251,0.003081664098613251,1.0,1.012326656394453
Arafat,250,321,D_250_Arafat_0321,62500.0,21.35212972101132,39.983320644628954,0,0,0,0,0,0,3,0.056256870092532274,0.056256870092532274,0.8428548727909511,12.38202610219918,0.75,0.4622496147919877,0.004622496147919877,1.0,1.0184899845916795
Arafat,250,322,D_250_Arafat_0322,62500.0,21.354388204536146,39.98333571178548,0,0,0,0,12,0,4,0.12453235868968997,0.12453235868968997,0.9937118333778707,12.241021066907784,25.0,15.408320493066256,0.15408320493066255,1.0,1.61633281972265
Arafat,250,323,D_250_Arafat_0323,62500.0,21.356646687443945,39.983350780922905,1,0,0,0,9,0,1,0.07211181704415602,0.3704944952165453,1.1787799111806105,12.103537628537309,22.25,13.713405238828967,0.13713405238828968,1.0,1.5485362095531587
Arafat,250,324,D_250_Arafat_0324,62500.0,21.35890516973467,39.98336585204136,2,0,0,0,1,0,0,0.16619084575210596,0.6196967271260256,1.384406352994209,11.969697134445672,10.0,6.163328197226503,0.061633281972265024,1.0,1.2465331278890601
Arafat,250,325,D_250_Arafat_0325,62500.0,21.361163651408276,39.983380925141006,1,0,0,0,1,0,0,0.2434119975164919,0.8693571741440068,1.6026976699984576,11.839623129783114,6.0,3.6979969183359014,0.03697996918335902,1.0,1.147919876733436
Arafat,250,326,D_250_Arafat_0326,62500.0,21.36342213246469,39.98339600022196,1,0,0,0,0,0,2,0.04672574769868054,1.1191692270879314,1.8291251167228129,11.71344109219121,4.5,2.773497688751926,0.02773497688751926,1.0,1.110939907550077
Arafat,250,327,D_250_Arafat_0327,62500.0,21.365680612903876,39.983411077284366,2,0,0,0,0,0,0,0.172667201622892,1.3690498973688077,2.0610088703918774,11.591278125606856,8.0,4.9306625577812015,0.04930662557781201,1.0,1.197226502311248
Arafat,250,328,D_250_Arafat_0328,62500.0,21.367939092725774,39.983426156328356,2,0,0,0,0,0,1,0.05812351709888754,1.6189674129242035,2.296696853100505,11.47326261139831,8.25,5.084745762711864,0.05084745762711864,1.0,1.2033898305084745
Arafat,250,329,D_250_Arafat_0329,62500.0,21.37019757193033,39.98344123735408,1,0,0,0,0,0,1,0.05884128052792136,1.8689069925321147,2.535128262287634,11.35952381550603,4.25,2.6194144838212634,0.026194144838212634,1.0,1.1047765793528506
Arafat,250,330,D_250_Arafat_0330,62500.0,21.372456050517492,39.98345632036166,1,0,0,0,0,0,0,0.27469236087628013,2.1188608282188754,2.7755961841480614,11.250191450814828,4.0,2.4653312788906008,0.024653312788906007,1.0,1.0986132511556241
Arafat,250,331,D_250_Arafat_0331,62500.0,21.374714528487207,39.98347140535124,1,0,0,0,0,0,4,0.29676742719481525,2.3688244071659943,3.0176138004497925,11.145395194649915,5.0,3.0816640986132513,0.030816640986132512,1.0,1.12326656394453
Arafat,250,332,D_250_Arafat_0332,62500.0,21.37697300583943,39.98348649232295,1,0,0,0,0,0,5,0.26524778978745506,2.618794939396796,3.260836076817232,11.045264162068003,5.25,3.235747303543914,0.03235747303543914,1.0,1.1294298921417565
Arafat,250,333,D_250_Arafat_0333,62500.0,21.37923148257409,39.98350158127695,0,0,0,0,0,0,0,0.41047852080364283,2.8687706072872423,3.5050122383638773,10.949926336501179,0.0,0.0,0.0,1.0,1.0
Arafat,250,334,D_250_Arafat_0334,62500.0,21.381489958691155,39.983516672213355,0,0,0,0,0,0,0,0.6222892098781059,3.11875017592948,3.7499559547131103,10.859507960296382,0.0,0.0,0.0,1.0,1.0
Arafat,250,335,D_250_Arafat_0335,62500.0,21.38374843419055,39.983531765132305,0,0,0,0,0,0,0,0.8549825176109088,3.368732776948196,3.9955260646748476,10.774132888760878,0.0,0.0,0.0,1.0,1.0
Arafat,250,336,D_250_Arafat_0336,62500.0,21.386006909072233,39.98354686003395,0,0,0,0,0,0,0,1.0953293340862642,3.618717781909782,4.2416137736366135,10.693921912451819,0.0,0.0,0.0,1.0,1.0
Arafat,250,337,D_250_Arafat_0337,62500.0,21.32501375889495,39.98555038581351,0,0,0,0,0,0,1,0.9884674240984789,0.9884674240984789,2.2912813528710294,14.486301920529359,0.25,0.15408320493066255,0.0015408320493066254,1.0,1.0061633281972264
Arafat,250,338,D_250_Arafat_0338,62500.0,21.327272248182883,39.985565466077674,0,0,0,0,0,0,0,0.7399207231468726,0.7399207231468726,2.1035439960130584,14.313750730005534,0.0,0.0,0.0,1.0,1.0
Arafat,250,339,D_250_Arafat_0339,62500.0,21.32953073685438,39.98558054832594,0,0,0,0,0,0,0,0.492846329580022,0.492846329580022,1.929980426924241,14.143513587108943,0.0,0.0,0.0,1.0,1.0
Arafat,250,340,D_250_Arafat_0340,62500.0,21.331789224909386,39.985595632558464,0,0,0,0,0,1,0,0.2516194201940869,0.2516194201940869,1.7555160477127492,13.975675054062204,1.0,0.6163328197226502,0.006163328197226502,1.0,1.024653312788906
Arafat,250,341,D_250_Arafat_0341,62500.0,21.334047712347857,39.985610718775376,0,0,0,0,0,1,0,0.08802371082037522,0.08802371082037522,1.5364470120246507,13.810322582935491,1.0,0.6163328197226502,0.006163328197226502,1.0,1.024653312788906
Arafat,250,342,D_250_Arafat_0342,62500.0,21.336306199169737,39.9856258069768,0,0,0,0,0,0,0,0.14003909896189112,0.14003909896189112,1.3283456808157892,13.647546536749356,0.0,0.0,0.0,1.0,1.0
Arafat,250,343,D_250_Arafat_0343,62500.0,21.338564685374976,39.98564089716289,0,0,0,0,0,0,0,0.35532383723385286,0.3788226996986832,1.13724890623137,13.48744019822667,0.0,0.0,0.0,1.0,1.0
Arafat,250,344,D_250_Arafat_0344,62500.0,21.34082317096351,39.985655989333765,0,0,0,0,0,0,0,0.12540163150087907,0.6258419010869805,0.9732255143115252,13.33009976439569,0.0,0.0,0.0,1.0,1.0
Arafat,250,345,D_250_Arafat_0345,62500.0,21.34308165593529,39.98567108348958,0,0,0,0,0,1,0,0.17377027668613226,0.6176512971021192,0.8520567637718849,13.17562432512188,1.0,0.6163328197226502,0.006163328197226502,1.0,1.024653312788906
Arafat,250,346,D_250_Arafat_0346,62500.0,21.345340140290265,39.98568617963047,0,0,0,0,0,2,1,0.37657275812941826,0.37657275812941826,0.7936205363219269,13.0240515008775,2.25,1.386748844375963,0.01386748844375963,1.0,1.0554699537750385
Arafat,250,347,D_250_Arafat_0347,62500.0,21.347598624028386,39.985701277756554,0,0,0,0,0,0,0,0.14402637860899872,0.14402637860899872,0.8115826406807798,12.875517226987341,0.0,0.0,0.0,1.0,1.0
Arafat,250,348,D_250_Arafat_0348,62500.0,21.349857107149596,39.985716377867995,0,0,0,0,0,0,0,0.041858262829571224,0.041858262829571224,0.9013873804513091,12.73015986652902,0.0,0.0,0.0,1.0,1.0
Arafat,250,349,D_250_Arafat_0349,62500.0,21.35211558965384,39.985731479964905,0,0,0,0,2,0,0,0.13783802815756743,0.13783802815756743,1.0446683859576482,12.588089473479465,4.0,2.4653312788906008,0.024653312788906007,1.0,1.0986132511556241
Arafat,250,350,D_250_Arafat_0350,62500.0,21.354374071541077,39.98574658404745,0,0,0,0,6,0,1,0.22431755447716198,0.22431755447716198,1.188563376413545,12.449418579084842,12.25,7.550077041602465,0.07550077041602465,1.0,1.3020030816640986
Arafat,250,351,D_250_Arafat_0351,62500.0,21.356632552811224,39.985761690115744,1,0,0,0,4,0,2,0.2947277458185258,0.44517407675049314,1.3471235173358551,12.314262029135211,12.5,7.704160246533128,0.07704160246533127,1.0,1.308166409861325
Arafat,250,352,D_250_Arafat_0352,62500.0,21.358891033464257,39.98577679816993,1,0,0,0,0,0,1,0.3284741225750881,0.682359951935343,1.5302942992010014,12.18273678970122,4.25,2.6194144838212634,0.026194144838212634,1.0,1.1047765793528506
Arafat,250,353,D_250_Arafat_0353,62500.0,21.361149513500116,39.985791908210146,1,0,0,0,1,0,0,0.14214758662951182,0.9150967796311384,1.7302772937812145,12.054961719229055,6.0,3.6979969183359014,0.03697996918335902,1.0,1.147919876733436
Arafat,250,354,D_250_Arafat_0354,62500.0,21.36340799291874,39.985807020236535,1,0,0,0,1,0,1,0.15895050401001867,1.1550584308666922,1.9418852655557697,11.931057305076374,6.25,3.852080123266564,0.03852080123266564,1.0,1.1540832049306626
Arafat,250,355,D_250_Arafat_0355,62500.0,21.36566647172009,39.98582213424923,2,0,0,0,1,0,0,0.3253632871782661,1.398541326290064,2.1617070235789027,11.811145362832287,10.0,6.163328197226503,0.061633281972265024,1.0,1.2465331278890601
Arafat,250,356,D_250_Arafat_0356,62500.0,21.367924949904097,39.98583725024837,1,0,0,0,0,0,2,0.27057183709668536,1.643981661687902,2.3874748432178543,11.695348697105745,4.5,2.773497688751926,0.02773497688751926,1.0,1.110939907550077
Arafat,250,357,D_250_Arafat_0357,62500.0,21.370183427470717,39.9858523682341,1,0,0,0,0,0,2,0.061707822197246756,1.890617244867681,2.6176506638980452,11.583790722895133,4.5,2.773497688751926,0.02773497688751926,1.0,1.110939907550077
Arafat,250,358,D_250_Arafat_0358,62500.0,21.37244190441989,39.98586748820654,1,0,0,0,0,0,2,0.06538138616436051,2.1380344780232163,2.8511671065396422,11.476595047171863,4.5,2.773497688751926,0.02773497688751926,1.0,1.110939907550077
Arafat,250,359,D_250_Arafat_0359,62500.0,21.374700380751577,39.98588261016583,1,0,0,0,0,0,13,0.15058286010342717,2.3859902120170045,3.0872662244486455,11.373885010923404,7.25,4.4684129429892145,0.044684129429892146,1.0,1.1787365177195686
Arafat,250,360,D_250_Arafat_0360,62500.0,21.37695885646571,39.98589773411212,1,0,0,0,0,0,13,0.06455480039404832,2.6343323925552555,3.3253979629255133,11.275783192605578,7.25,4.4684129429892145,0.044684129429892146,1.0,1.1787365177195686
Arafat,250,361,D_250_Arafat_0361,62500.0,21.37921733156224,39.985912860045545,1,0,0,0,0,0,3,0.31291942564098857,2.8829611542805846,3.5651550433377945,11.182410874743638,4.75,2.9275808936825887,0.029275808936825888,1.0,1.1171032357473036
Arafat,250,362,D_250_Arafat_0362,62500.0,21.38147580604112,39.985927987966235,0,0,0,0,0,0,0,0.5627342282401675,3.131808244403828,3.80623033384012,11.093887476287254,0.0,0.0,0.0,1.0,1.0
Arafat,250,363,D_250_Arafat_0363,62500.0,21.38373427990229,39.985943117874335,0,0,0,0,0,0,0,0.8126629413986021,3.380825452805976,4.048388349139992,11.010329954250304,0.0,0.0,0.0,1.0,1.0
Arafat,250,364,D_250_Arafat_0364,62500.0,21.385992753145697,39.98595824976998,0,0,0,0,0,0,0,1.0626251931006523,3.629977769210946,4.291445804931036,10.931852179132312,0.0,0.0,0.0,1.0,1.0
Arafat,250,365,D_250_Arafat_0365,62500.0,21.32499961264142,39.98796077643178,0,0,0,0,0,0,0,0.9966336881206795,0.9966336881206795,2.4569975172548424,14.66714962710767,0.0,0.0,0.0,1.0,1.0
Arafat,250,366,D_250_Arafat_0366,62500.0,21.327258100288326,39.9879758935636,0,0,0,0,0,0,0,0.7491888548616727,0.7491888548616727,2.2829287997974332,14.496751181280791,0.0,0.0,0.0,1.0,1.0
Arafat,250,367,D_250_Arafat_0367,62500.0,21.329516587318754,39.98799101268438,0,0,0,0,0,1,0,0.5017440216026658,0.5017440216026658,2.0942500371083814,14.328688406130107,1.0,0.6163328197226502,0.006163328197226502,1.0,1.024653312788906
Arafat,250,368,D_250_Arafat_0368,62500.0,21.331775073732636,39.988006133794265,0,0,0,0,0,1,0,0.2542991883436591,0.2542991883436591,1.881413310495847,14.163044449127762,1.0,0.6163328197226502,0.006163328197226502,1.0,1.024653312788906
Arafat,250,369,D_250_Arafat_0369,62500.0,21.334033559529946,39.98802125689338,0,0,0,0,0,1,0,0.006854355084652273,0.006854355084652273,1.678853439670488,13.99990516739203,1.0,0.6163328197226502,0.006163328197226502,1.0,1.024653312788906
Arafat,250,370,D_250_Arafat_0370,62500.0,21.33629204471061,39.988036381981864,0,0,0,0,0,0,0,0.09398226063436763,0.09398226063436763,1.4907654741359935,13.83935913703996,0.0,0.0,0.0,1.0,1.0
Arafat,250,371,D_250_Arafat_0371,62500.0,21.33855052927458,39.98805150905986,0,0,0,0,0,0,0,0.3411501333490001,0.3411501333490001,1.323334623539488,13.681497650183356,0.0,0.0,0.0,1.0,1.0
Arafat,250,372,D_250_Arafat_0372,62500.0,21.3408090132218,39.9880666381275,0,0,0,0,0,0,0,0.1947298075489476,0.5892510383239111,1.1853469335350237,13.526414697915117,0.0,0.0,0.0,1.0,1.0
Arafat,250,373,D_250_Arafat_0373,62500.0,21.34306749655222,39.98808176918493,0,0,0,0,0,1,0,0.2288891387212221,0.70210728078596,1.0880625808396174,13.374166042387607,1.0,0.6163328197226502,0.006163328197226502,1.0,1.024653312788906
Arafat,250,374,D_250_Arafat_0374,62500.0,21.345325979265787,39.98809690223228,0,0,0,0,0,1,0,0.4380191522080234,0.4956593319246154,1.0429348046766174,13.224838134899501,1.0,0.6163328197226502,0.006163328197226502,1.0,1.024653312788906
Arafat,250,375,D_250_Arafat_0375,62500.0,21.347584461362445,39.988112037269694,0,0,0,0,0,1,1,0.3474801762253082,0.3474801762253082,1.0566673240847086,13.07858440578454,1.25,0.7704160246533128,0.007704160246533128,1.0,1.0308166409861326
Arafat,250,376,D_250_Arafat_0376,62500.0,21.34984294284215,39.988127174297304,0,0,0,0,1,0,2,0.27740541250971806,0.27740541250971806,1.1271107579873523,12.935509128912123,2.5,1.5408320493066257,0.015408320493066256,1.0,1.061633281972265
Arafat,250,377,D_250_Arafat_0377,62500.0,21.352101423704834,39.988142313315244,0,0,0,0,1,0,0,0.3450101903992731,0.3796993428898355,1.2446732453753915,12.79571892427726,2.0,1.2326656394453004,0.012326656394453003,1.0,1.049306625577812
Arafat,250,378,D_250_Arafat_0378,62500.0,21.35435990395046,39.98815745432366,0,0,0,0,4,0,0,0.14230094873180574,0.42190134940063506,1.3975136188015465,12.659322618293821,8.0,4.9306625577812015,0.04930662557781201,1.0,1.197226502311248
Arafat,250,379,D_250_Arafat_0379,62500.0,21.35661838357897,39.98817259732269,1,0,0,0,1,0,0,0.2155622614016687,0.5774364853082963,1.5378431203850682,12.526431076686764,6.0,3.6979969183359014,0.03697996918335902,1.0,1.147919876733436
Arafat,250,380,D_250_Arafat_0380,62500.0,21.358876862590296,39.98818774231247,1,0,0,0,0,0,1,0.4009851326472069,0.7786491430222201,1.700594112104191,12.39715700811772,4.25,2.6194144838212634,0.026194144838212634,1.0,1.1047765793528506
Arafat,250,381,D_250_Arafat_0381,62500.0,21.361135340984397,39.98820288929313,1,0,0,0,0,0,0,0.20210987839425984,1.0020758859953058,1.8825724966999813,12.271614736816854,4.0,2.4653312788906008,0.024653312788906007,1.0,1.0986132511556241
Arafat,250,382,D_250_Arafat_0382,62500.0,21.36339381876122,39.98821803826482,1,0,0,0,0,0,0,0.214260890703336,1.2357255660774025,2.078734729718768,12.149919942690937,4.0,2.4653312788906008,0.024653312788906007,1.0,1.0986132511556241
Arafat,250,383,D_250_Arafat_0383,62500.0,21.365652295920718,39.988233189227664,0,0,0,0,0,0,0,0.4194842733946426,1.4705570581234846,2.2854314576785537,12.032189367639514,0.0,0.0,0.0,1.0,1.0
Arafat,250,384,D_250_Arafat_0384,62500.0,21.36791077246283,39.988248342181805,1,0,0,0,0,0,2,0.2875510834664403,1.705665830056328,2.500051163267359,11.91854048714337,4.5,2.773497688751926,0.02773497688751926,1.0,1.110939907550077
Arafat,250,385,D_250_Arafat_0385,62500.0,21.370169248387505,39.9882634971274,1,0,0,0,0,0,6,0.05087889824855893,1.9444931952688054,2.720719516995869,11.809091146596085,5.5,3.389830508474576,0.03389830508474576,1.0,1.1355932203389831
Arafat,250,386,D_250_Arafat_0386,62500.0,21.37242772369468,39.98827865406455,1,0,0,0,0,0,3,0.16894283350302625,2.1858205894061005,2.946077657050132,11.703959162332737,4.75,2.9275808936825887,0.029275808936825888,1.0,1.1171032357473036
Arafat,250,387,D_250_Arafat_0387,62500.0,21.374686198384325,39.98829381299343,1,0,0,0,0,0,14,0.25865015598259905,2.4289029440668433,3.1751271521905626,11.603261887869754,7.5,4.622496147919877,0.04622496147919877,1.0,1.184899845916795
Arafat,250,388,D_250_Arafat_0388,62500.0,21.37694467245636,39.98830897391416,1,0,0,0,0,0,10,0.230244211425865,2.673261561149886,3.4071236114625356,11.507115746503514,6.5,4.006163328197227,0.040061633281972264,1.0,1.160246533127889
Arafat,250,389,D_250_Arafat_0389,62500.0,21.37920314591075,39.98832413682687,1,0,0,0,0,0,2,0.3876206882054519,2.9185758919285396,3.641503834268649,11.41563573211617,4.5,2.773497688751926,0.02773497688751926,1.0,1.110939907550077
Arafat,250,390,D_250_Arafat_0390,62500.0,21.38146161874744,39.98833930173171,0,0,0,0,0,1,0,0.6082893668745198,3.1646236900414264,3.877835613612448,11.32893488079554,1.0,0.6163328197226502,0.006163328197226502,1.0,1.024653312788906
Arafat,250,391,D_250_Arafat_0391,62500.0,21.383720090966367,39.98835446862881,0,0,0,0,0,1,0,0.8454204232675149,3.4112462476632146,4.115782783069192,11.247123716677264,1.0,0.6163328197226502,0.006163328197226502,1.0,1.024653312788906
Arafat,250,392,D_250_Arafat_0392,62500.0,21.38597856256749,39.988369637518325,0,0,0,0,0,0,0,1.0879330181194695,3.6583273260906144,4.355080572000539,11.170309676243651,0.0,0.0,0.0,1.0,1.0
Arafat,250,393,D_250_Arafat_0393,62500.0,21.32498543184457,39.990371165061234,0,0,0,0,0,0,0,1.0333028288340598,1.0333028288340598,2.636039332327654,14.850003805898393,0.0,0.0,0.0,1.0,1.0
Arafat,250,394,D_250_Arafat_0394,62500.0,21.327243917846445,39.99038631906058,0,0,0,0,0,0,0,0.7890601043184885,0.7890601043184885,2.4371971282766443,14.681727747891188,0.0,0.0,0.0,1.0,1.0
Arafat,250,395,D_250_Arafat_0395,62500.0,21.329502403231796,39.99040147505373,0,0,0,1,0,1,0,0.5500154183091029,0.5500154183091029,2.229072154297032,14.515806773693267,4.0,2.4653312788906008,0.024653312788906007,1.0,1.0986132511556241
Arafat,250,396,D_250_Arafat_0396,62500.0,21.33176088800056,39.99041663304083,0,0,0,0,0,1,0,0.3277469641787262,0.3277469641787262,2.030417566916937,14.35232256184346,1.0,0.6163328197226502,0.006163328197226502,1.0,1.024653312788906
Arafat,250,397,D_250_Arafat_0397,62500.0,21.33401937215269,39.99043179302201,0,0,0,0,0,1,0,0.1931817400247884,0.1931817400247884,1.8442961592508345,14.191359326970835,1.0,0.6163328197226502,0.006163328197226502,1.0,1.024653312788906
Arafat,250,398,D_250_Arafat_0398,62500.0,21.336277855688127,39.990446954997424,0,0,0,0,0,0,1,0.21288973066726533,0.21288973066726533,1.6748913845410587,14.033003818684133,0.25,0.15408320493066255,0.0015408320493066254,1.0,1.0061633281972264
Arafat,250,399,D_250_Arafat_0399,62500.0,21.338536338606826,39.990462118967194,0,0,0,0,0,0,0,0.38876246100413175,0.38876246100413175,1.5277741904458098,13.877345308206639,0.0,0.0,0.0,1.0,1.0
Arafat,250,400,D_250_Arafat_0400,62500.0,21.340794820908727,39.99047728493146,1,0,0,0,0,0,0,0.4302485638709536,0.6180214112378287,1.4099385816321344,13.72445689858794,4.0,2.4653312788906008,0.024653312788906007,1.0,1.0986132511556241
Arafat,250,401,D_250_Arafat_0401,62500.0,21.34305330259378,39.990492452890365,0,0,0,0,0,1,0,0.44674866154193543,0.8488891263956028,1.3291951064299476,13.574378200349969,1.0,0.6163328197226502,0.006163328197226502,1.0,1.024653312788906
Arafat,250,402,D_250_Arafat_0402,62500.0,21.345311783661923,39.99050762284404,0,0,0,0,0,0,0,0.5822842145086911,0.6879943956922838,1.2925140068640668,13.427277084020973,0.0,0.0,0.0,1.0,1.0
Arafat,250,403,D_250_Arafat_0403,62500.0,21.347570264113116,39.99052279479263,0,0,0,0,0,2,0,0.5683495491801317,0.5683495491801317,1.3036200692388447,13.283252472794949,2.0,1.2326656394453004,0.012326656394453003,1.0,1.049306625577812
Arafat,250,404,D_250_Arafat_0404,62500.0,21.349828743947302,39.99053796873628,0,0,0,0,1,0,3,0.526455517220842,0.526455517220842,1.3613442297614426,13.142405511204997,2.75,1.694915254237288,0.01694915254237288,1.0,1.0677966101694916
Arafat,250,405,D_250_Arafat_0405,62500.0,21.352087223164425,39.99055314467511,0,0,0,0,1,0,2,0.3468828088141013,0.5969000026564496,1.4601681200763357,13.004839444833214,2.5,1.5408320493066257,0.015408320493066256,1.0,1.061633281972265
Arafat,250,406,D_250_Arafat_0406,62500.0,21.354345701764434,39.99056832260926,0,0,0,0,3,0,1,0.14678287223443237,0.6543493085582678,1.592458403183501,12.870659476142945,6.25,3.852080123266564,0.03852080123266564,1.0,1.1540832049306626
Arafat,250,407,D_250_Arafat_0407,62500.0,21.356604179747276,39.99058350253889,0,0,0,0,0,0,0,0.21854688309838474,0.7661606719519001,1.7436115263647578,12.739972594780829,0.0,0.0,0.0,1.0,1.0
Arafat,250,408,D_250_Arafat_0408,62500.0,21.358862657112887,39.99059868446411,1,0,0,0,0,0,0,0.4460720442290106,0.9308852904003704,1.8887138550028693,12.612887380798457,4.0,2.4653312788906008,0.024653312788906007,1.0,1.0986132511556241
Arafat,250,409,D_250_Arafat_0409,62500.0,21.36112113386124,39.99061386838508,1,0,0,0,0,0,0,0.4318458862887204,1.1244594333491187,2.0540932055988983,12.489513779392828,4.0,2.4653312788906008,0.024653312788906007,1.0,1.0986132511556241
Arafat,250,410,D_250_Arafat_0410,62500.0,21.36337960999225,39.99062905430193,0,0,0,0,0,0,0,0.43766447861910707,1.3368884061924766,2.2352534014056027,12.369962845966096,0.0,0.0,0.0,1.0,1.0
Arafat,250,411,D_250_Arafat_0411,62500.0,21.365638085505882,39.990644242214785,0,0,0,0,0,0,0,0.566437250413114,1.5604910137440395,2.428665608869009,12.254346460563289,0.0,0.0,0.0,1.0,1.0
Arafat,250,412,D_250_Arafat_0412,62500.0,21.367896560402095,39.990659432123806,0,0,0,0,0,0,0,0.34103942888085537,1.7910873226450852,2.6316298202655393,12.1427770110654,0.0,0.0,0.0,1.0,1.0
Arafat,250,413,D_250_Arafat_0413,62500.0,21.37015503468081,39.99067462402912,0,0,0,0,0,0,0,0.19174103746248794,2.02629104294126,2.8421003469474106,12.035367044897164,0.0,0.0,0.0,1.0,1.0
Arafat,250,414,D_250_Arafat_0414,62500.0,21.372413508341978,39.990689817930864,0,0,0,0,0,0,0,0.24950681717322562,2.2604052444035916,3.058527955295873,11.932228889454606,0.0,0.0,0.0,1.0,1.0
Arafat,250,415,D_250_Arafat_0415,62500.0,21.374671981385568,39.99070501382918,0,0,0,0,0,0,2,0.45475280766672777,2.4962351114332573,3.2797335447462967,11.833474241966027,0.5,0.3081664098613251,0.003081664098613251,1.0,1.012326656394453
Arafat,250,416,D_250_Arafat_0416,62500.0,21.376930453811507,39.990720211724195,1,0,0,0,0,1,2,0.4740553027981482,2.734583623548044,3.5048125478749745,11.739213730067775,5.5,3.389830508474576,0.03389830508474576,1.0,1.1355932203389831
Arafat,250,417,D_250_Arafat_0417,62500.0,21.379188925619747,39.99073541161607,0,0,0,0,0,1,0,0.568883461873219,2.9748454509103652,3.733064407018667,11.649556444996099,1.0,0.6163328197226502,0.006163328197226502,1.0,1.024653312788906
Arafat,250,418,D_250_Arafat_0418,62500.0,21.38144739681023,39.99075061350492,0,0,0,0,0,1,0,0.738354616998968,3.2165918795251356,3.963941061387945,11.564609449959324,1.0,0.6163328197226502,0.006163328197226502,1.0,1.024653312788906
Arafat,250,419,D_250_Arafat_0419,62500.0,21.38370586738292,39.990765817390894,0,0,0,0,0,1,0,0.943726670611477,3.4595116970537894,4.197009364936555,11.484477266947193,1.0,0.6163328197226502,0.006163328197226502,1.0,1.024653312788906
Arafat,250,420,D_250_Arafat_0420,62500.0,21.38596433733774,39.99078102327414,0,0,0,0,0,0,0,1.1663360437921153,3.7033740082088564,4.431923564387466,11.4092613459402,0.0,0.0,0.0,1.0,1.0
Arafat,250,421,D_250_Arafat_0421,62500.0,21.327229700857362,39.99279674256374,0,0,0,0,0,0,0,0.8839724818970974,0.8839724818970974,2.5783345968306506,14.868606676969772,0.0,0.0,0.0,1.0,1.0
Arafat,250,422,D_250_Arafat_0422,62500.0,21.329488184593625,39.992811935429124,0,0,0,0,0,0,0,0.6791969235074228,0.6791969235074228,2.3825704858820775,14.704794495076476,0.0,0.0,0.0,1.0,1.0
Arafat,250,423,D_250_Arafat_0423,62500.0,21.33174666771325,39.99282713029331,0,0,0,0,0,0,0,0.5159550106865729,0.5159550106865729,2.197834149152034,14.543434868366992,0.0,0.0,0.0,1.0,1.0
Arafat,250,424,D_250_Arafat_0424,62500.0,21.334005150216196,39.992842327156424,0,0,0,0,0,0,0,0.4428438609749662,0.4428438609749662,2.0271427611693587,14.38461033182457,0.0,0.0,0.0,1.0,1.0
Arafat,250,425,D_250_Arafat_0425,62500.0,21.33626363210241,39.99285752601862,0,0,0,0,0,0,0,0.4528307807627159,0.4528307807627159,1.874337376553062,14.228405779511473,0.0,0.0,0.0,1.0,1.0
Arafat,250,426,D_250_Arafat_0426,62500.0,21.338522113371823,39.992872726880016,0,0,0,0,0,0,2,0.5575571088853402,0.5575571088853402,1.7441254049311652,14.074908442133358,0.5,0.3081664098613251,0.003081664098613251,1.0,1.012326656394453
Arafat,250,427,D_250_Arafat_0427,62500.0,21.340780594024398,39.992887929740775,0,0,0,0,0,0,0,0.6762454846266894,0.7359919451536052,1.6418910606702217,13.92412091867852,0.0,0.0,0.0,1.0,1.0
Arafat,250,428,D_250_Arafat_0428,62500.0,21.343039074060066,39.992903134601015,0,0,0,0,0,1,0,0.6868613363368756,0.947363898928704,1.5730985608318606,13.776217540490535,1.0,0.6163328197226502,0.006163328197226502,1.0,1.024653312788906
Arafat,250,429,D_250_Arafat_0429,62500.0,21.345297553478794,39.992918341460886,0,0,0,0,0,1,0,0.7818241715571163,0.9044488617876696,1.5422295254188838,13.63129473263114,1.0,0.6163328197226502,0.006163328197226502,1.0,1.024653312788906
Arafat,250,430,D_250_Arafat_0430,62500.0,21.347556032280504,39.99293355032052,0,0,0,0,0,2,1,0.805122884270368,0.805122884270368,1.551549140715898,13.489448559996656,2.25,1.386748844375963,0.01386748844375963,1.0,1.0554699537750385
Arafat,250,431,D_250_Arafat_0431,62500.0,21.349814510465166,39.99294876118006,0,0,0,0,1,0,2,0.6858613606929237,0.7761166538187682,1.600355448967112,13.350777086661816,2.5,1.5408320493066257,0.015408320493066256,1.0,1.061633281972265
Arafat,250,432,D_250_Arafat_0432,62500.0,21.35207298803272,39.99296397403964,0,0,0,0,1,0,1,0.4966118550962895,0.8255248402645718,1.6852211694674415,13.215380251157079,2.25,1.386748844375963,0.01386748844375963,1.0,1.0554699537750385
Arafat,250,433,D_250_Arafat_0433,62500.0,21.3543314649831,39.992979188899405,0,0,0,0,1,0,2,0.3845007973370242,0.896295312157377,1.80105613932595,13.083359719414998,2.5,1.5408320493066257,0.015408320493066256,1.0,1.061633281972265
Arafat,250,434,D_250_Arafat_0434,62500.0,21.35658994131627,39.99299440575949,0,0,0,0,0,0,0,0.4172030580945407,0.9809049109013542,1.9423274811385904,12.954818713997863,0.0,0.0,0.0,1.0,1.0
Arafat,250,435,D_250_Arafat_0435,62500.0,21.358848417032167,39.99300962462002,1,0,0,0,0,0,0,0.5703296592446039,1.116245314375607,2.089846816883036,12.829861818331777,4.0,2.4653312788906008,0.024653312788906007,1.0,1.0986132511556241
Arafat,250,436,D_250_Arafat_0436,62500.0,21.36110689213075,39.99302484548116,0,0,0,0,0,0,0,0.6761163628137086,1.2843916665886483,2.240428215597169,12.708594754827377,0.0,0.0,0.0,1.0,1.0
Arafat,250,437,D_250_Arafat_0437,62500.0,21.363365366611944,39.99304006834303,0,0,0,0,0,0,0,0.6798475287922158,1.473948284902291,2.407608244804722,12.591124135968334,0.0,0.0,0.0,1.0,1.0
Arafat,250,438,D_250_Arafat_0438,62500.0,21.365623840475713,39.993055293205764,0,0,0,0,0,0,0,0.6911545355802972,1.6794002322050703,2.588172392183224,12.47755718769915,0.0,0.0,0.0,1.0,1.0
Arafat,250,439,D_250_Arafat_0439,62500.0,21.367882313722003,39.993070520069516,0,0,0,0,0,0,0,0.5226388097424716,1.8955861186700234,2.779513483123835,12.368001444746076,0.0,0.0,0.0,1.0,1.0
Arafat,250,440,D_250_Arafat_0440,62500.0,21.370140786350753,39.99308574893441,0,0,0,0,0,0,0,0.44000915768292675,2.119223519749279,2.9795560196235527,12.26256441786054,0.0,0.0,0.0,1.0,1.0
Arafat,250,441,D_250_Arafat_0441,62500.0,21.37239925836192,39.9931009798006,0,0,0,0,0,0,0,0.4676871379661609,2.3481843879948103,3.1866617243257416,12.161353233383108,0.0,0.0,0.0,1.0,1.0
Arafat,250,442,D_250_Arafat_0442,62500.0,21.374657729755437,39.99311621266822,0,0,0,0,0,0,0,0.6027252469275178,2.5810524042309955,3.3995399418877943,12.064474245985862,0.0,0.0,0.0,1.0,1.0
Arafat,250,443,D_250_Arafat_0443,62500.0,21.376916200531262,39.993131447537394,0,0,0,0,0,0,0,0.7221111156373163,2.816836490468124,3.6171716420012787,11.97203262595765,0.0,0.0,0.0,1.0,1.0
Arafat,250,444,D_250_Arafat_0444,62500.0,21.37917467068934,39.99314668440828,0,0,0,0,0,0,0,0.7876194680229684,3.0506270956407837,3.8387484365227666,11.884131922943837,0.0,0.0,0.0,1.0,1.0
Arafat,250,445,D_250_Arafat_0445,62500.0,21.381433140229625,39.99316192328101,0,0,0,0,0,0,0,0.918590097680278,3.286804457110686,4.06362503561952,11.800873608630473,0.0,0.0,0.0,1.0,1.0
Arafat,250,446,D_250_Arafat_0446,62500.0,21.38369160915204,39.99317716415572,0,0,0,0,0,0,0,1.0909103001450289,3.5248888495820143,4.291282710486633,11.722356601460712,0.0,0.0,0.0,1.0,1.0
Arafat,250,447,D_250_Arafat_0447,62500.0,21.32721544932118,39.99520716406824,0,0,0,0,0,0,0,1.0320847103196154,1.0320847103196154,2.735084778274309,15.057317137048756,0.0,0.0,0.0,1.0,1.0
Arafat,250,448,D_250_Arafat_0448,62500.0,21.329473931404358,39.99522239380572,0,0,0,0,0,0,0,0.8631917292387353,0.8631917292387353,2.5513764072222487,14.895580418153015,0.0,0.0,0.0,1.0,1.0
Arafat,250,449,D_250_Arafat_0449,62500.0,21.33173241287084,39.99523762554685,0,0,0,0,0,0,0,0.7416205725145385,0.7416205725145385,2.379780325642011,14.736310006974774,0.0,0.0,0.0,1.0,1.0
Arafat,250,450,D_250_Arafat_0450,62500.0,21.3339908937206,39.99525285929176,0,0,0,0,0,0,0,0.6927497280601599,0.6927497280601599,2.2231030622297476,14.579586731099967,0.0,0.0,0.0,1.0,1.0
Arafat,250,451,D_250_Arafat_0451,62500.0,21.336249373953574,39.99526809504059,0,0,0,0,0,1,0,0.6998495513956989,0.6998495513956989,2.0847110236859607,14.425493609497998,1.0,0.6163328197226502,0.006163328197226502,1.0,1.024653312788906
Arafat,250,452,D_250_Arafat_0452,62500.0,21.338507853569702,39.9952833327935,0,0,0,0,0,1,1,0.7717535929629153,0.7717535929629153,1.9684645994429901,14.274051393694261,1.25,0.7704160246533128,0.007704160246533128,1.0,1.0308166409861326
Arafat,250,453,D_250_Arafat_0453,62500.0,21.340766332568936,39.995298572550595,0,0,0,0,0,1,0,0.9090752564631696,0.9090752564631696,1.8784796262517027,14.125387412554865,1.0,0.6163328197226502,0.006163328197226502,1.0,1.024653312788906
Arafat,250,454,D_250_Arafat_0454,62500.0,21.34302481095122,39.99531381431204,0,0,0,0,0,0,0,0.9321870113445297,1.0873049413922415,1.8186584432556934,13.979613582631739,0.0,0.0,0.0,1.0,1.0
Arafat,250,455,D_250_Arafat_0455,62500.0,21.34528328871651,39.99532905807797,0,0,0,0,0,1,0,1.0042127085413424,1.1266278471347175,1.7920243748921796,13.836821249284107,1.0,0.6163328197226502,0.006163328197226502,1.0,1.024653312788906
Arafat,250,456,D_250_Arafat_0456,62500.0,21.34754176586474,39.995344303848505,0,0,0,0,0,0,0,1.0346419328117031,1.048057492458507,1.8000511623812785,13.697103659152853,0.0,0.0,0.0,1.0,1.0
Arafat,250,457,D_250_Arafat_0457,62500.0,21.34980024239587,39.9953595516238,0,0,0,0,1,0,1,0.8495301393493737,1.0259428390789709,1.8422858122920769,13.56055585197439,2.25,1.386748844375963,0.01386748844375963,1.0,1.0554699537750385
Arafat,250,458,D_250_Arafat_0458,62500.0,21.352058718309838,39.995374801404,0,0,0,0,3,0,2,0.7056337479128927,1.0638105614330138,1.9164680642147844,13.427274532810268,6.5,4.006163328197227,0.040061633281972264,1.0,1.160246533127889
Arafat,250,459,D_250_Arafat_0459,62500.0,21.354317193606594,39.995390053189226,0,0,0,0,2,0,1,0.6317725181774094,1.1417169332106343,2.0190796586904756,13.297357923452072,4.25,2.6194144838212634,0.026194144838212634,1.0,1.1047765793528506
Arafat,250,460,D_250_Arafat_0460,62500.0,21.356575668286084,39.99540530697962,0,0,0,0,0,0,0,0.6521917227739512,1.2092752842984098,2.146046480186329,13.170905591846443,0.0,0.0,0.0,1.0,1.0
Arafat,250,461,D_250_Arafat_0461,62500.0,21.358834142348254,39.99542056277534,0,0,0,0,0,0,0,0.759323101048219,1.3214294800896882,2.2933269113021413,13.048018258504634,0.0,0.0,0.0,1.0,1.0
Arafat,250,462,D_250_Arafat_0462,62500.0,21.36109261579305,39.995435820576496,0,0,0,0,0,0,0,0.9234586090477397,1.4679935382981792,2.4381833977780003,12.928797579017495,0.0,0.0,0.0,1.0,1.0
Arafat,250,463,D_250_Arafat_0463,62500.0,21.363351088620423,39.99545108038325,0,0,0,0,0,0,0,0.9261938938283013,1.6379183381722513,2.5926428894871023,12.813345901994023,0.0,0.0,0.0,1.0,1.0
Arafat,250,464,D_250_Arafat_0464,62500.0,21.36560956083032,39.99546634219572,0,0,0,0,0,0,0,0.8715147878555267,1.8250035824307274,2.761133105016089,12.701766001981195,0.0,0.0,0.0,1.0,1.0
Arafat,250,465,D_250_Arafat_0465,62500.0,21.367868032422685,39.99548160601407,0,0,0,0,0,0,0,0.7449797036474719,2.025709670522661,2.941243766644232,12.59416078720705,0.0,0.0,0.0,1.0,1.0
Arafat,250,466,D_250_Arafat_0466,62500.0,21.370126503397458,39.99549687183841,0,0,0,0,0,0,0,0.6895299067063634,2.236372344358843,3.130970099830292,12.49063298231767,0.0,0.0,0.0,1.0,1.0
Arafat,250,467,D_250_Arafat_0467,62500.0,21.3723849737546,39.99551213966891,0,0,0,0,0,0,0,0.707254456487935,2.4544292322202135,3.3286682978691444,12.39128478665148,0.0,0.0,0.0,1.0,1.0
Arafat,250,468,D_250_Arafat_0468,62500.0,21.374643443494044,39.99552740950569,0,0,0,0,0,0,0,0.8029665811768898,2.6780747654502006,3.5330003550023634,12.296217509008159,0.0,0.0,0.0,1.0,1.0
Arafat,250,469,D_250_Arafat_0469,62500.0,21.376901912615754,39.995542681348894,0,0,0,0,0,0,0,0.9561912961075107,2.906018933645338,3.742879957954113,12.20553118032055,0.0,0.0,0.0,1.0,1.0
Arafat,250,470,D_250_Arafat_0470,62500.0,21.37916038111966,39.995557955198656,0,0,0,0,0,0,0,1.0208136262926302,3.1373249171976476,3.9574245729846,12.119324146119514,0.0,0.0,0.0,1.0,1.0
Arafat,250,471,D_250_Arafat_0471,62500.0,21.381418849005716,39.99557323105512,0,0,0,0,0,0,0,1.1251490668824837,3.3713008215573503,4.17591524364062,12.037692641185597,0.0,0.0,0.0,1.0,1.0
Arafat,250,472,D_250_Arafat_0472,62500.0,21.38367731627387,39.995588508918416,0,0,0,0,0,0,0,1.2703249623915478,3.606447229859775,4.397763862837325,11.960730349296911,0.0,0.0,0.0,1.0,1.0
Arafat,250,473,D_250_Arafat_0473,62500.0,21.32945964366411,39.99763285017867,0,0,0,0,0,0,0,1.0741934006268927,1.0741934006268927,2.7326545743039428,15.088096329388131,0.0,0.0,0.0,1.0,1.0
Arafat,250,474,D_250_Arafat_0474,62500.0,21.33171812347345,39.997648118796604,0,0,0,0,0,0,0,0.9791795413002674,0.9791795413002674,2.5731758294851805,14.930879661724456,0.0,0.0,0.0,1.0,1.0
Arafat,250,475,D_250_Arafat_0475,62500.0,21.33397660266601,39.997663389423174,0,0,0,0,0,0,0,0.9427055140666336,0.9427055140666336,2.429005285385199,14.776220223754732,0.0,0.0,0.0,1.0,1.0
Arafat,250,476,D_250_Arafat_0476,62500.0,21.33623508124174,39.99767866205852,0,0,0,0,0,1,0,0.9484319022319689,0.9484319022319689,2.3030196489417363,14.624156147336139,1.0,0.6163328197226502,0.006163328197226502,1.0,1.024653312788906
Arafat,250,477,D_250_Arafat_0477,62500.0,21.338493559200572,39.997693936702774,0,0,0,0,0,1,0,1.002665092059038,1.002665092059038,2.198347636383792,14.47477009788438,1.0,0.6163328197226502,0.006163328197226502,1.0,1.024653312788906
Arafat,250,478,D_250_Arafat_0478,62500.0,21.34075203654246,39.99770921335608,0,0,0,0,0,1,0,1.1118235024032221,1.1118235024032221,2.1181513537461596,14.328188851056721,1.0,0.6163328197226502,0.006163328197226502,1.0,1.024653312788906
Arafat,250,479,D_250_Arafat_0479,62500.0,21.343010513267355,39.99772449201859,0,0,0,0,0,0,0,1.1794773219033992,1.2617312368957883,2.0652839960545797,14.184499360798197,0.0,0.0,0.0,1.0,1.0
Arafat,250,480,D_250_Arafat_0480,62500.0,21.3452689893752,39.99773977269042,0,0,0,0,0,0,1,1.2371892711953605,1.358120743771328,2.0418694403270887,14.04379038868862,0.25,0.15408320493066255,0.0015408320493066254,1.0,1.0061633281972264
Arafat,250,481,D_250_Arafat_0481,62500.0,21.347527464865944,39.997755055371734,0,0,0,0,0,0,0,1.2028215082479008,1.2936870395196016,2.048917674852785,13.906152409863815,0.0,0.0,0.0,1.0,1.0
Arafat,250,482,D_250_Arafat_0482,62500.0,21.34978593973953,39.99777034006265,0,0,0,0,1,0,0,1.0478535724204905,1.2758371203958583,2.0861199546782125,13.771677501717049,2.0,1.2326656394453004,0.012326656394453003,1.0,1.049306625577812
Arafat,250,483,D_250_Arafat_0483,62500.0,21.35204441399591,39.99778562676332,0,0,0,0,0,0,0,0.9349944586814478,1.3064817485671207,2.151912937897143,13.640459214272735,0.0,0.0,0.0,1.0,1.0
Arafat,250,484,D_250_Arafat_0484,62500.0,21.354302887635026,39.997800915473874,0,0,0,0,0,0,0,0.8805862628360964,1.382399638634938,2.2437829929098756,13.51259242118907,0.0,0.0,0.0,1.0,1.0
Arafat,250,485,D_250_Arafat_0485,62500.0,21.35656136065683,39.99781620619445,0,0,0,0,0,0,0,0.8953489235076302,1.4448248967261073,2.358685003609868,13.388173150438211,0.0,0.0,0.0,1.0,1.0
Arafat,250,486,D_250_Arafat_0486,62500.0,21.35881983306126,39.997831498925194,0,0,0,0,0,0,0,0.976149180892399,1.5399182250479115,2.4934369398957275,13.267298393834857,0.0,0.0,0.0,1.0,1.0
Arafat,250,487,D_250_Arafat_0487,62500.0,21.361078304848274,39.99784679366625,0,0,0,0,0,0,0,1.1086409481376425,1.6673863671836275,2.644798285910786,13.150065894739512,0.0,0.0,0.0,1.0,1.0
Arafat,250,488,D_250_Arafat_0488,62500.0,21.363336776017807,39.99786209041774,0,0,0,0,0,0,0,1.1740858552613513,1.8204412803232404,2.787833718923062,13.036573913453246,0.0,0.0,0.0,1.0,1.0
Arafat,250,489,D_250_Arafat_0489,62500.0,21.365595246569818,39.99787738917981,0,0,0,0,0,0,0,1.0799914160994575,1.9914544965525909,2.9451783843380603,12.926920970048052,0.0,0.0,0.0,1.0,1.0
Arafat,250,490,D_250_Arafat_0490,62500.0,21.367853716504246,39.997892689952614,0,0,0,0,0,0,0,0.9807334970542826,2.176867613155098,3.114664442083594,12.821205564641975,0.0,0.0,0.0,1.0,1.0
Arafat,250,491,D_250_Arafat_0491,62500.0,21.370112185821043,39.99790799273628,0,0,0,0,0,0,0,0.9393055549926944,2.3741554705974104,3.2944185310897685,12.71952587543045,0.0,0.0,0.0,1.0,1.0
Arafat,250,492,D_250_Arafat_0492,62500.0,21.372370654520154,39.99792329753094,0,0,0,0,0,0,0,0.9522008577107614,2.5805960148639406,3.4828511781578357,12.6219794351236,0.0,0.0,0.0,1.0,1.0
Arafat,250,493,D_250_Arafat_0493,62500.0,21.37462912260152,39.997938604336746,0,0,0,0,0,0,0,1.0252965120831963,2.7941613026623378,3.6786289837931716,12.528662786810948,0.0,0.0,0.0,1.0,1.0
Arafat,250,494,D_250_Arafat_0494,62500.0,21.376887590065092,39.99795391315382,0,0,0,0,0,0,0,1.1492516704163742,3.013336851176737,3.880640420292885,12.439671120675168,0.0,0.0,0.0,1.0,1.0
Arafat,250,495,D_250_Arafat_0495,62500.0,21.379146056910816,39.997969223982324,0,0,0,0,0,0,0,1.2604667757781776,3.23698325173668,4.087961465427322,12.35509789340004,0.0,0.0,0.0,1.0,1.0
Arafat,250,496,D_250_Arafat_0496,62500.0,21.381404523138645,39.99798453682238,0,0,0,0,0,0,0,1.3463567342730711,3.4642347156894275,4.2998241608264,12.275034432556046,0.0,0.0,0.0,1.0,1.0
Arafat,250,497,D_250_Arafat_0497,62500.0,21.329445321373004,40.00004330454312,0,0,0,0,0,0,0,1.2991085260572264,1.2991085260572264,2.9240862630227267,15.282276849217451,0.0,0.0,0.0,1.0,1.0
Arafat,250,498,D_250_Arafat_0498,62500.0,21.33170379952119,40.00005861003772,0,0,0,0,0,0,0,1.2217135812559392,1.2217135812559392,2.7756284514647667,15.127078446419487,0.0,0.0,0.0,1.0,1.0
Arafat,250,499,D_250_Arafat_0499,62500.0,21.33396227705255,40.000073917545805,0,0,0,0,0,0,0,1.1926798341448748,1.1926798341448748,2.64252646676683,14.974422955610468,0.0,0.0,0.0,1.0,1.0
Arafat,250,500,D_250_Arafat_0500,62500.0,21.33622075396702,40.00008922706751,0,0,0,0,0,0,0,1.1976045890668343,1.1976045890668343,2.527207738700099,14.824350549634616,0.0,0.0,0.0,1.0,1.0
Arafat,250,501,D_250_Arafat_0501,62500.0,21.338479230264554,40.000104538603,0,0,0,0,0,0,0,1.240995957050767,1.240995957050767,2.43220307160569,14.677002268290021,0.0,0.0,0.0,1.0,1.0
Arafat,250,502,D_250_Arafat_0502,62500.0,21.34073770594509,40.00011985215237,0,0,0,0,0,0,0,1.3307460986524655,1.3307460986524655,2.359967077844655,14.532460973569783,0.0,0.0,0.0,1.0,1.0
Arafat,250,503,D_250_Arafat_0503,62500.0,21.342996181008587,40.000135167715804,0,0,0,0,0,0,0,1.4277117642050101,1.4583207441235848,2.312634306476734,14.39081124583556,0.0,0.0,0.0,1.0,1.0
Arafat,250,504,D_250_Arafat_0504,62500.0,21.345254655454983,40.00015048529342,0,0,0,0,0,0,0,1.4757477499647003,1.5952095797683021,2.291748298237747,14.25213930181029,0.0,0.0,0.0,1.0,1.0
Arafat,250,505,D_250_Arafat_0505,62500.0,21.347513129284224,40.000165804885356,0,0,0,0,0,0,0,1.3957346568295752,1.5407231435087774,2.298030262955232,14.116532897391762,0.0,0.0,0.0,1.0,1.0
Arafat,250,506,D_250_Arafat_0506,62500.0,21.34977160249627,40.000181126491746,0,0,0,0,0,0,0,1.2646314723293113,1.5257660392414605,2.3312605852715347,13.984081214298,0.0,0.0,0.0,1.0,1.0
Arafat,250,507,D_250_Arafat_0507,62500.0,21.352030075091047,40.00019645011275,0,0,0,0,0,0,0,1.172821507875956,1.5514819393281958,2.3903156158597687,13.854874729604038,0.0,0.0,0.0,1.0,1.0
Arafat,250,508,D_250_Arafat_0508,62500.0,21.354288547068517,40.00021177574849,0,0,0,0,0,0,0,1.1299238106470102,1.6159301994890076,2.4733462293834947,13.729005067300358,0.0,0.0,0.0,1.0,1.0
Arafat,250,509,D_250_Arafat_0509,62500.0,21.35654701842862,40.00022710339911,0,0,0,0,0,0,0,1.1414663141756265,1.6845448201767186,2.5780369270799897,13.606564831098895,0.0,0.0,0.0,1.0,1.0
Arafat,250,510,D_250_Arafat_0510,62500.0,21.358805489171306,40.000242433064756,0,0,0,0,0,0,0,1.2058867587498914,1.7667825018432,2.701871059908396,13.487647417835166,0.0,0.0,0.0,1.0,1.0
Arafat,250,511,D_250_Arafat_0511,62500.0,21.361063959296523,40.000257764745555,0,0,0,0,0,0,0,1.3154392435452686,1.8789224482278188,2.8423476302790633,13.372346810966803,0.0,0.0,0.0,1.0,1.0
Arafat,250,512,D_250_Arafat_0512,62500.0,21.363322428804214,40.00027309844165,0,0,0,0,0,0,0,1.4227157348130814,2.0159808342564975,2.991193162656124,13.260757353850963,0.0,0.0,0.0,1.0,1.0
Arafat,250,513,D_250_Arafat_0513,62500.0,21.36558089769433,40.00028843415319,0,0,0,0,0,0,0,1.3031595804989344,2.1732482328819756,3.1383587123731576,13.15297350269705,0.0,0.0,0.0,1.0,1.0
Arafat,250,514,D_250_Arafat_0514,62500.0,21.36783936596682,40.000303771880304,0,0,0,0,0,0,0,1.222162683787216,2.3449958509895312,3.297931818388043,13.049089559336663,0.0,0.0,0.0,1.0,1.0
Arafat,250,515,D_250_Arafat_0515,62500.0,21.37009783362162,40.00031911162314,0,0,0,0,0,0,0,1.189175495474819,2.529202865434514,3.4682002753508945,12.949199384229413,0.0,0.0,0.0,1.0,1.0
Arafat,250,516,D_250_Arafat_0516,62500.0,21.37235630065869,40.000334453381825,0,0,0,0,0,0,0,1.1992347896171855,2.7239179003571667,3.6476666543355876,12.8533960904294,0.0,0.0,0.0,1.0,1.0
Arafat,250,517,D_250_Arafat_0517,62500.0,21.374614767077965,40.00034979715652,0,0,0,0,0,0,0,1.2580582438397014,2.927044639435865,3.835039881456194,12.761771719569511,0.0,0.0,0.0,1.0,1.0
Arafat,250,518,D_250_Arafat_0518,62500.0,21.376873232879404,40.00036514294734,0,0,0,0,0,0,0,1.3609764910379207,3.1369494600031853,4.02921701619152,12.674416901275675,0.0,0.0,0.0,1.0,1.0
Arafat,250,519,D_250_Arafat_0519,62500.0,21.37913169806294,40.00038049075444,0,0,0,0,0,0,0,1.4989341124354836,3.3523593942145156,4.229261003387596,12.591420497794553,0.0,0.0,0.0,1.0,1.0
Arafat,250,520,D_250_Arafat_0520,62500.0,21.381390162628527,40.00039584057795,0,0,0,0,0,0,0,1.576195574520616,3.5722786987219175,4.4343779164594,12.51286923599936,0.0,0.0,0.0,1.0,1.0
Arafat,250,521,D_250_Arafat_0521,62500.0,21.331689441014188,40.00246909926535,0,0,0,0,0,0,0,1.4667568220906362,1.4667568220906362,2.9852960911297646,15.324840706687887,0.0,0.0,0.0,1.0,1.0
Arafat,250,522,D_250_Arafat_0522,62500.0,21.333947916880337,40.002484443654815,0,0,0,0,0,0,0,1.442663053973469,1.442663053973469,2.8619618408876693,15.17411509941507,0.0,0.0,0.0,1.0,1.0
Arafat,250,523,D_250_Arafat_0523,62500.0,21.336206392129547,40.00249979006276,0,0,0,0,0,0,0,1.4470626905343564,1.4470626905343564,2.755840780175738,15.026037249229578,0.0,0.0,0.0,1.0,1.0
Arafat,250,524,D_250_Arafat_0524,62500.0,21.33846486676177,40.002515138489315,0,0,0,0,0,0,0,1.4831738414626048,1.4831738414626048,2.6689869300283404,14.88068619990937,0.0,0.0,0.0,1.0,1.0
Arafat,250,525,D_250_Arafat_0525,62500.0,21.34072334077695,40.002530488934624,0,0,0,0,0,0,0,1.5590442128629156,1.5590442128629156,2.6033294181959747,14.73814262874096,0.0,0.0,0.0,1.0,1.0
Arafat,250,526,D_250_Arafat_0526,62500.0,21.342981814175037,40.00254584139884,0,0,0,0,0,0,0,1.6692612351947063,1.6692612351947063,2.5604993432194187,14.598488774871521,0.0,0.0,0.0,1.0,1.0
Arafat,250,527,D_250_Arafat_0527,62500.0,21.345240286955978,40.00256119588209,0,0,0,0,0,0,0,1.7175638416928911,1.8075528443135942,2.5416509818638673,14.461808354247687,0.0,0.0,0.0,1.0,1.0
Arafat,250,528,D_250_Arafat_0528,62500.0,21.347498759119713,40.00257655238451,0,0,0,0,0,0,0,1.6044846162698445,1.7885830854802764,2.547316733465245,14.328186460258205,0.0,0.0,0.0,1.0,1.0
Arafat,250,529,D_250_Arafat_0529,62500.0,21.349757230666192,40.002591910906254,0,0,0,0,0,0,0,1.4918406122562893,1.7757149701529105,2.577334935078196,14.197709449233876,0.0,0.0,0.0,1.0,1.0
Arafat,250,530,D_250_Arafat_0530,62500.0,21.35201570159537,40.002607271447445,0,0,0,0,0,0,0,1.4148519148334389,1.7978592427618343,2.6308721357293314,14.070464810012613,0.0,0.0,0.0,1.0,1.0
Arafat,250,531,D_250_Arafat_0531,62500.0,21.354274171907186,40.00262263400823,0,0,0,0,0,0,0,1.379501166885508,1.8537615969544634,2.706533026131309,13.94654101685223,0.0,0.0,0.0,1.0,1.0
Arafat,250,532,D_250_Arafat_0532,62500.0,21.35653264160159,40.00263799858875,0,0,0,0,0,0,0,1.3889712012742048,1.9268792178465208,2.8025263332432733,13.82602736507056,0.0,0.0,0.0,1.0,1.0
Arafat,250,533,D_250_Arafat_0533,62500.0,21.35879111067852,40.002653365189154,0,0,0,0,0,0,0,1.4423794668878702,1.9991729984680975,2.916845329376323,13.709013788913422,0.0,0.0,0.0,1.0,1.0
Arafat,250,534,D_250_Arafat_0534,62500.0,21.361049579137934,40.002668733809564,0,0,0,0,0,0,0,1.5351469164318985,2.098933499527564,3.047428342469591,13.595590661297384,0.0,0.0,0.0,1.0,1.0
Arafat,250,535,D_250_Arafat_0535,62500.0,21.363308046979768,40.002684104450125,0,0,0,0,0,0,0,1.6384784381394815,2.2224650712832656,3.1922801145058437,13.485848575247129,0.0,0.0,0.0,1.0,1.0
Arafat,250,536,D_250_Arafat_0536,62500.0,21.36556651420399,40.00269947711099,0,0,0,0,0,0,0,1.534623186858522,2.366047368652884,3.3390889624993316,13.379878107046917,0.0,0.0,0.0,1.0,1.0
Arafat,250,537,D_250_Arafat_0537,62500.0,21.367824980810525,40.00271485179228,0,0,0,0,0,0,0,1.4664668625780868,2.526263903147163,3.4894948016428717,13.277769561352228,0.0,0.0,0.0,1.0,1.0
Arafat,250,538,D_250_Arafat_0538,62500.0,21.370083446799324,40.002730228494144,0,0,0,0,0,0,0,1.4390906130037222,2.6985403592454755,3.6508400186669894,13.179612698759781,0.0,0.0,0.0,1.0,1.0
Arafat,250,539,D_250_Arafat_0539,62500.0,21.372341912170334,40.00274560721672,0,0,0,0,0,0,0,1.44728770043528,2.881836508867347,3.8217393570347182,13.085496446610211,0.0,0.0,0.0,1.0,1.0
Arafat,250,540,D_250_Arafat_0540,62500.0,21.374600376923517,40.00276098796015,0,0,0,0,0,0,0,1.4963917107816722,3.0745476508268297,4.000968705740636,12.99550859409461,0.0,0.0,0.0,1.0,1.0
Arafat,250,541,D_250_Arafat_0541,62500.0,21.376858841058798,40.002776370724575,0,0,0,0,0,0,0,1.5838985498954652,3.275012190903847,4.187458591499581,12.909735473049986,0.0,0.0,0.0,1.0,1.0
Arafat,250,542,D_250_Arafat_0542,62500.0,21.379117304576138,40.00279175551013,0,0,0,0,0,0,0,1.7039017227016986,3.481891216556436,4.380281763395069,12.82826162615432,0.0,0.0,0.0,1.0,1.0
Arafat,250,543,D_250_Arafat_0543,62500.0,21.333933522149493,40.004894967745344,0,0,0,0,0,0,0,1.6926512304146613,1.6926512304146613,3.0860500692359296,15.375278704696026,0.0,0.0,0.0,1.0,1.0
Arafat,250,544,D_250_Arafat_0544,62500.0,21.336191995729436,40.00491035103937,0,0,0,0,0,0,0,1.696680320189729,1.696680320189729,2.9878985686956594,15.229156956707007,0.0,0.0,0.0,1.0,1.0
Arafat,250,545,D_250_Arafat_0545,62500.0,21.338450468692344,40.004925736356874,0,0,0,0,0,0,0,1.7275816399179316,1.7275816399179316,2.9079839552164066,15.085763088984123,0.0,0.0,0.0,1.0,1.0
Arafat,250,546,D_250_Arafat_0546,62500.0,21.34070894103816,40.00494112369798,0,0,0,0,0,0,0,1.7931404117480423,1.7931404117480423,2.847841904105377,14.945175620978636,0.0,0.0,0.0,1.0,1.0
Arafat,250,547,D_250_Arafat_0547,62500.0,21.342967412766832,40.00495651306284,0,0,0,0,0,0,0,1.8897530923129473,1.8897530923129473,2.808742839378683,14.807474487799482,0.0,0.0,0.0,1.0,1.0
Arafat,250,548,D_250_Arafat_0548,62500.0,21.3452258838783,40.00497190445158,0,0,0,0,0,0,0,1.9492175370869662,2.012953293936239,2.7915710925469033,14.672740952929376,0.0,0.0,0.0,1.0,1.0
Arafat,250,549,D_250_Arafat_0549,62500.0,21.347484354372522,40.00498729786435,0,0,0,0,0,0,0,1.8236410105659522,2.036966151507855,2.7967305897647696,14.541057507509873,0.0,0.0,0.0,1.0,1.0
Arafat,250,550,D_250_Arafat_0550,62500.0,21.34974282424944,40.00500269330129,0,0,0,0,0,0,0,1.7253649074757018,2.0256765052563868,2.8240989392562863,14.412507755475714,0.0,0.0,0.0,1.0,1.0
Arafat,250,551,D_250_Arafat_0551,62500.0,21.352001293509,40.00501809076254,0,0,0,0,0,0,0,1.6592472969630738,2.045116012725619,2.8730415321904013,14.287176283877297,0.0,0.0,0.0,1.0,1.0
Arafat,250,552,D_250_Arafat_0552,62500.0,21.35425976215116,40.00503349024824,0,0,0,0,0,0,0,1.629208126977611,2.094429207938463,2.9424820258879154,14.165148517806804,0.0,0.0,0.0,1.0,1.0
Arafat,250,553,D_250_Arafat_0553,62500.0,21.356518230175844,40.00504889175852,0,0,0,0,0,0,0,1.6372344516105581,2.170952737659995,3.0310119266766233,14.046510559440115,0.0,0.0,0.0,1.0,1.0
Arafat,250,554,D_250_Arafat_0554,62500.0,21.358776697583014,40.005064295293536,0,0,0,0,0,0,0,1.6827816786711087,2.2353668483693077,3.1370154807776167,13.931349010824508,0.0,0.0,0.0,1.0,1.0
Arafat,250,555,D_250_Arafat_0555,62500.0,21.361035164372616,40.005079700853415,0,0,0,0,0,0,0,1.7629440452271263,2.325014861118878,3.2587879577568266,13.819750780181941,0.0,0.0,0.0,1.0,1.0
Arafat,250,556,D_250_Arafat_0556,62500.0,21.36329363054459,40.005095108438304,0,0,0,0,0,0,0,1.8618418369038876,2.437113715454972,3.3946327902445343,13.711802871660522,0.0,0.0,0.0,1.0,1.0
Arafat,250,557,D_250_Arafat_0557,62500.0,21.36555209609889,40.00511051804835,0,0,0,0,0,0,0,1.7711329027042135,2.5687258358364837,3.5429316402642987,13.607592158652318,0.0,0.0,0.0,1.0,1.0
Arafat,250,558,D_250_Arafat_0558,62500.0,21.367810561035473,40.00512592968367,0,0,0,0,0,0,0,1.71241598113229,2.717017036628395,3.688060962436627,13.507205141003613,0.0,0.0,0.0,1.0,1.0
Arafat,250,559,D_250_Arafat_0559,62500.0,21.370069025354265,40.00514134334443,0,0,0,0,0,0,0,1.6890308540204573,2.8794115258094055,3.8410743983756337,13.410727686672814,0.0,0.0,0.0,1.0,1.0
Arafat,250,560,D_250_Arafat_0560,62500.0,21.37232748905522,40.00515675903076,0,0,0,0,0,0,0,1.6959125257613692,3.0520869253340877,4.003862061193479,13.3182447586396,0.0,0.0,0.0,1.0,1.0
Arafat,250,561,D_250_Arafat_0561,62500.0,21.374585952138286,40.005172176742796,0,0,0,0,0,0,0,1.7380062598561503,3.2346709559334355,4.175280861962732,13.229840128133427,0.0,0.0,0.0,1.0,1.0
Arafat,250,562,D_250_Arafat_0562,62500.0,21.376844414603415,40.00518759648068,0,0,0,0,0,0,0,1.813894215097458,3.425778420523336,4.354311558384404,13.145596075526884,0.0,0.0,0.0,1.0,1.0
Arafat,250,563,D_250_Arafat_0563,62500.0,21.336177564766814,40.00732090999253,0,0,0,0,0,0,0,1.9463961024163894,1.9463961024163894,3.222641355774409,15.43365309344486,0.0,0.0,0.0,1.0,1.0
Arafat,250,564,D_250_Arafat_0564,62500.0,21.338436036056393,40.00733633220082,0,0,0,0,0,0,0,1.9733909904436373,1.9733909904436373,3.1486902253048026,15.29217689453462,0.0,0.0,0.0,1.0,1.0
Arafat,250,565,D_250_Arafat_0565,62500.0,21.340694506728834,40.007351756437586,0,0,0,0,0,0,0,2.031030825671173,2.031030825671173,3.093231798930124,15.153504562927903,0.0,0.0,0.0,1.0,1.0
Arafat,250,566,D_250_Arafat_0566,62500.0,21.34295297678408,40.00736718270294,0,0,0,0,0,0,0,2.116813744401934,2.116813744401934,3.0572726062448172,15.017713770864564,0.0,0.0,0.0,1.0,1.0
Arafat,250,567,D_250_Arafat_0567,62500.0,21.34521144622208,40.00738261099704,0,0,0,0,0,0,0,2.1623470254468398,2.227490660395986,3.041504334351254,14.884883381086784,0.0,0.0,0.0,1.0,1.0
Arafat,250,568,D_250_Arafat_0568,62500.0,21.34746991504278,40.00739804132002,0,0,0,0,0,0,0,2.0498688218979835,2.285701807128677,3.0462405425146497,14.755093345468604,0.0,0.0,0.0,1.0,1.0
Arafat,250,569,D_250_Arafat_0569,62500.0,21.349728383246124,40.007413473672024,0,0,0,0,0,0,0,1.9629517863462809,2.2756464911471435,3.071386375863908,14.62842459044822,0.0,0.0,0.0,1.0,1.0
Arafat,250,570,D_250_Arafat_0570,62500.0,21.351986850832066,40.00742890805319,0,0,0,0,0,0,0,1.9050976993452815,2.292967761271255,3.116447833162769,14.504958888716939,0.0,0.0,0.0,1.0,1.0
Arafat,250,571,D_250_Arafat_0571,62500.0,21.354245317800547,40.00744434446365,0,0,0,0,0,0,0,1.878993020897447,2.3370569859950607,3.180578551742969,14.384778716695886,0.0,0.0,0.0,1.0,1.0
Arafat,250,572,D_250_Arafat_0572,62500.0,21.35650378415151,40.00745978290356,0,0,0,0,0,0,0,1.8859566010679947,2.406443341811172,3.2626542493482034,14.267967097426505,0.0,0.0,0.0,1.0,1.0
Arafat,250,573,D_250_Arafat_0573,62500.0,21.358762249884915,40.00747522337305,0,0,0,0,0,0,0,1.925629722880952,2.4742750889448684,3.361360673562475,14.154607428614318,0.0,0.0,0.0,1.0,1.0
Arafat,250,574,D_250_Arafat_0574,62500.0,21.361020715000695,40.00749066587226,0,0,0,0,0,0,0,1.9960629644811314,2.5555559812706594,3.4752810540666865,14.044783295698158,0.0,0.0,0.0,1.0,1.0
Arafat,250,575,D_250_Arafat_0575,62500.0,21.363279179498804,40.00750611040134,0,0,0,0,0,0,0,2.0912432806929204,2.6579494974591493,3.602972554952,13.938578269969302,0.0,0.0,0.0,1.0,1.0
Arafat,250,576,D_250_Arafat_0576,62500.0,21.365537643379184,40.00752155696041,0,0,0,0,0,0,0,2.010909046287052,2.779123007115455,3.743026056377357,13.836075691936594,0.0,0.0,0.0,1.0,1.0
Arafat,250,577,D_250_Arafat_0577,62500.0,21.36779610664179,40.00753700554964,0,0,0,0,0,0,0,1.959390702701968,2.9167368489998466,3.8925587156272075,13.737358440323854,0.0,0.0,0.0,1.0,1.0
Arafat,250,578,D_250_Arafat_0578,62500.0,21.370054569286562,40.00755245616915,0,0,0,0,0,0,0,1.9389865031068996,3.068579965382792,4.037830138306105,13.642508687293383,0.0,0.0,0.0,1.0,1.0
Arafat,250,579,D_250_Arafat_0579,62500.0,21.372313031313443,40.00756790881909,0,0,0,0,0,0,0,1.9448899460476863,3.232640452341862,4.192985940474981,13.551607640712367,0.0,0.0,0.0,1.0,1.0
Arafat,250,580,D_250_Arafat_0580,62500.0,21.3745714927224,40.007583363499585,0,0,0,0,0,0,0,1.981702138693459,3.405634908370812,4.356970273966603,13.464735274514391,0.0,0.0,0.0,1.0,1.0
Arafat,250,581,D_250_Arafat_0581,62500.0,21.338421568854038,40.00974692601632,0,0,0,0,0,0,0,2.220136410166436,2.220136410166436,3.3907417457046116,15.499874204990217,0.0,0.0,0.0,1.0,1.0
Arafat,250,582,D_250_Arafat_0582,62500.0,21.340680037849094,40.00976238714859,0,0,0,0,0,0,0,2.2715236942213743,2.2715236942213743,3.339305678287994,15.36307673402237,0.0,0.0,0.0,1.0,1.0
Arafat,250,583,D_250_Arafat_0583,62500.0,21.342938506226915,40.00977785031431,0,0,0,0,0,0,0,2.3485387173882244,2.3485387173882244,3.306024083401228,15.229154707349906,0.0,0.0,0.0,1.0,1.0
Arafat,250,584,D_250_Arafat_0584,62500.0,21.34519697398743,40.009793315513626,0,0,0,0,0,0,0,2.3826540474920423,2.4487646519692197,3.2914477159771827,15.098184641384414,0.0,0.0,0.0,1.0,1.0
Arafat,250,585,D_250_Arafat_0585,62500.0,21.3474554411306,40.00980878274668,0,0,0,0,0,0,0,2.2810650667091554,2.5346862527409337,3.295824766882168,14.9702440137185,0.0,0.0,0.0,1.0,1.0
Arafat,250,586,D_250_Arafat_0586,62500.0,21.34971390765637,40.0098242520136,0,0,0,0,0,0,0,2.2032874000210394,2.5256224186114764,3.3190802522651337,14.84541114941627,0.0,0.0,0.0,1.0,1.0
Arafat,250,587,D_250_Arafat_0587,62500.0,21.351972373564674,40.009839723314535,0,0,0,0,0,0,0,2.151904481063716,2.541240406366916,3.360822302347875,14.72376509457249,0.0,0.0,0.0,1.0,1.0
Arafat,250,588,D_250_Arafat_0588,62500.0,21.354230838855482,40.00985519664963,0,0,0,0,0,0,0,2.12882841585524,2.581092211547447,3.4203741571561075,14.605385476771561,0.0,0.0,0.0,1.0,1.0
Arafat,250,589,D_250_Arafat_0589,62500.0,21.35648930352871,40.00987067201902,0,0,0,0,0,0,0,2.134977272170212,2.644082299413144,3.4968260182519577,14.490352352169632,0.0,0.0,0.0,1.0,1.0
Arafat,250,590,D_250_Arafat_0590,62500.0,21.358747767584333,40.00988614942284,0,0,0,0,0,0,0,2.1701026430134567,2.7151812986903368,3.589098080145808,14.37874603903158,0.0,0.0,0.0,1.0,1.0
Arafat,250,591,D_250_Arafat_0591,62500.0,21.361006231022287,40.00990162886124,0,0,0,0,0,0,0,2.232837434688119,2.7894513156520313,3.6960056623182833,14.270646937679617,0.0,0.0,0.0,1.0,1.0
Arafat,250,592,D_250_Arafat_0592,62500.0,21.36326469384252,40.009917110334364,0,0,0,0,0,0,0,2.320943889514619,2.883551248032181,3.8163189964770106,14.166135336952102,0.0,0.0,0.0,1.0,1.0
Arafat,250,593,D_250_Arafat_0593,62500.0,21.365523156044976,40.00993259384235,0,0,0,0,0,0,0,2.2529089253311483,2.995612951912021,3.9488129241398333,14.065291207429068,0.0,0.0,0.0,1.0,1.0
Arafat,250,594,D_250_Arafat_0594,62500.0,21.3677816176296,40.009948079385325,0,0,0,0,0,0,0,2.207046750577015,3.123703909671683,4.092304526405172,13.968193981854625,0.0,0.0,0.0,1.0,1.0
Arafat,250,595,D_250_Arafat_0595,62500.0,21.37004007859634,40.00996356696345,0,0,0,0,0,0,0,2.1889522819441205,3.2659386511282267,4.240199513910809,13.874922323373854,0.0,0.0,0.0,1.0,1.0
Arafat,250,596,D_250_Arafat_0596,62500.0,21.37229853894515,40.00997905657685,0,0,0,0,0,0,0,2.1940999315073224,3.4205532345760044,4.3882058735862906,13.785553882401551,0.0,0.0,0.0,1.0,1.0
Arafat,250,597,D_250_Arafat_0597,62500.0,21.342924001095447,40.012188515892085,0,0,0,0,0,0,0,2.5836733124863365,2.5836733124863365,3.554950729779933,15.441747935294778,0.0,0.0,0.0,1.0,1.0
Arafat,250,598,D_250_Arafat_0598,62500.0,21.345182467174475,40.012204017996474,0,0,0,0,0,0,0,2.608320525089206,2.6751041099958193,3.5413990904931016,15.312596307031635,0.0,0.0,0.0,1.0,1.0
Arafat,250,599,D_250_Arafat_0599,62500.0,21.347440932636104,40.01221952213945,0,0,0,0,0,0,0,2.5158603876471886,2.7838527347107385,3.5454675777854536,15.186462130037306,0.0,0.0,0.0,1.0,1.0
Arafat,250,600,D_250_Arafat_0600,62500.0,21.349699397480283,40.01223502832115,0,0,0,0,0,0,0,2.445561493535358,2.775602682322429,3.5670959017259873,15.063421204759415,0.0,0.0,0.0,1.0,1.0
Arafat,250,601,D_250_Arafat_0601,62500.0,21.35195786170696,40.01225053654173,0,0,0,0,0,0,0,2.3993725319744574,2.789821580616665,3.605968108440897,14.94354993824874,0.0,0.0,0.0,1.0,1.0
Arafat,250,602,D_250_Arafat_0602,62500.0,21.354216325316074,40.0122660468013,0,0,0,0,0,0,0,2.3786983994874484,2.826170315680474,3.661535036849341,14.826925207940867,0.0,0.0,0.0,1.0,1.0
Arafat,250,603,D_250_Arafat_0603,62500.0,21.35647478830757,40.01228155910004,0,0,0,0,0,0,0,2.384202928497232,2.8838122086558404,3.7330512524016854,14.71362421318455,0.0,0.0,0.0,1.0,1.0
Arafat,250,604,D_250_Arafat_0604,62500.0,21.3587332506814,40.012297073438056,0,0,0,0,0,0,0,2.4157071703303377,2.9575972940450073,3.8196209864383506,14.60372431442572,0.0,0.0,0.0,1.0,1.0
Arafat,250,605,D_250_Arafat_0605,62500.0,21.36099171243752,40.01231258981551,0,0,0,0,0,0,0,2.4722173572151855,3.025923150276202,3.9202470976996797,14.497302860073226,0.0,0.0,0.0,1.0,1.0
Arafat,250,606,D_250_Arafat_0606,62500.0,21.363250173575857,40.01232810823253,0,0,0,0,0,0,0,2.552072920166402,3.1128829192586984,4.033877803553951,14.394437001203823,0.0,0.0,0.0,1.0,1.0
Arafat,250,607,D_250_Arafat_0607,62500.0,21.36550863409638,40.01234362868927,0,0,0,0,0,0,0,2.4964859421263315,3.2169658416973688,4.159447434574421,14.295203494409028,0.0,0.0,0.0,1.0,1.0
Arafat,250,608,D_250_Arafat_0608,62500.0,21.367767093999017,40.01235915118587,0,0,0,0,0,0,0,2.455177955389427,3.3365698530501,4.295909192239778,14.19967849324422,0.0,0.0,0.0,1.0,1.0
Arafat,250,609,D_250_Arafat_0609,62500.0,21.34742638955942,40.0146302594935,0,0,0,0,0,0,0,2.7533341863463794,3.0077782317786537,3.7951574138975848,15.403702743945686,0.0,0.0,0.0,1.0,1.0
Arafat,250,610,D_250_Arafat_0610,62500.0,21.34968485271801,40.01464580258985,0,0,0,0,0,0,0,2.689250205955985,3.0255862074708824,3.815370574825503,15.282410954714516,0.0,0.0,0.0,1.0,1.0
Arafat,250,611,D_250_Arafat_0611,62500.0,21.351943315259035,40.01466134772991,0,0,0,0,0,0,0,2.6473164145536017,3.0386355655782484,3.851737977877879,15.164270867856345,0.0,0.0,0.0,1.0,1.0
Arafat,250,612,D_250_Arafat_0612,62500.0,21.354201777182453,40.01467689491383,0,0,0,0,0,0,0,2.628593107975361,3.072041715529926,3.9038081762823924,15.049356707801666,0.0,0.0,0.0,1.0,1.0
Arafat,250,613,D_250_Arafat_0613,62500.0,21.356460238488204,40.014692444141765,0,0,0,0,0,0,0,2.63357537500376,3.125151916869811,3.9709634982195117,14.937742924672166,0.0,0.0,0.0,1.0,1.0
Arafat,250,614,D_250_Arafat_0614,62500.0,21.35871869917624,40.014707995413836,0,0,0,0,0,0,0,2.6621301216050326,3.196984314173916,4.052454062808637,14.82950403919604,0.0,0.0,0.0,1.0,1.0
Arafat,250,615,D_250_Arafat_0615,62500.0,21.360977159246513,40.0147235487302,0,0,0,0,0,0,0,2.7135132785537377,3.2644116131949503,4.1474349612931505,14.724714476466769,0.0,0.0,0.0,1.0,1.0
Arafat,250,616,D_250_Arafat_0616,62500.0,21.363235618698955,40.01473910409099,0,0,0,0,0,0,0,2.786462244750157,3.345177474813132,4.255002888969548,14.623448388749091,0.0,0.0,0.0,1.0,1.0
