hajj_zone,grid_size_m,cell_seq,demand_point_id,cell_area_m2,centroid_lat,centroid_lon,camp_accommodation_count,accommodation_count,place_of_worship_count,transport_count,pedestrian_count,support_amenity_count,building_count,dist_nearest_medical_km,dist_nearest_hospital_km,dist_nearest_seasonal_center_km,dist_nearest_ambulance_km,osm_activity_index_raw,exploratory_osm_activity_index,osm_activity_proxy_0_1,demand_weight_uniform,proxy_demand_weight
Haram_Makkah,500,1,D_500_Haram_Makkah_0001,250000.0,21.413440239357502,39.78862815151305,0,0,2,2,1,2,1,0.6993098582779329,1.483626819294298,20.28312227793354,10.041727109361133,14.25,3.7133550488599347,0.03713355048859935,1.0,1.1485342019543974
Haram_Makkah,500,2,D_500_Haram_Makkah_0002,250000.0,21.417957411381288,39.788652397627736,0,0,1,19,1,1,1,0.6714547107490036,1.3864166015017263,20.473822342675522,10.033970267524193,62.25,16.221498371335503,0.16221498371335502,1.0,1.64885993485342
Haram_Makkah,500,3,D_500_Haram_Makkah_0003,250000.0,21.42247458094532,39.78867665010739,0,0,2,1,0,2,0,0.24629362782471959,1.1003693143355018,20.67485799944645,10.051111148536803,9.0,2.3452768729641695,0.023452768729641697,1.0,1.0938110749185668
Haram_Makkah,500,4,D_500_Haram_Makkah_0004,250000.0,21.426991748049172,39.788700908952904,0,2,2,4,2,0,64,0.1744717211988617,0.6475489988498963,20.8859307974318,10.093022902526382,40.0,10.423452768729641,0.10423452768729641,1.0,1.4169381107491856
Haram_Makkah,500,5,D_500_Haram_Makkah_0005,250000.0,21.43150891269242,39.788725174165165,0,0,1,4,6,0,0,0.32876186110767447,0.35752871757639826,21.10673961683674,10.159398963600323,26.0,6.7752442996742674,0.06775244299674267,1.0,1.2710097719869706
Haram_Makkah,500,6,D_500_Haram_Makkah_0006,250000.0,21.436026074874647,39.788749445745054,0,0,1,4,2,0,0,0.27119007183432803,0.5799429815698651,21.336982195961568,10.249764060322782,18.0,4.690553745928339,0.04690553745928339,1.0,1.1876221498371335
Haram_Makkah,500,7,D_500_Haram_Makkah_0007,250000.0,21.404383127768565,39.79340331507724,0,0,3,0,0,0,0,0.4950445581810349,1.0350669188216084,19.462109299601487,9.63660749399736,6.0,1.5635179153094463,0.015635179153094463,1.0,1.062540716612378
Haram_Makkah,500,8,D_500_Haram_Makkah_0008,250000.0,21.40890029944569,39.79342769665923,0,0,1,0,0,0,1,0.017304879487609236,1.320675653686296,19.635326591820924,9.57645445789032,2.25,0.5863192182410424,0.005863192182410424,1.0,1.0234527687296417
Haram_Makkah,500,9,D_500_Haram_Makkah_0009,250000.0,21.41341746866358,39.79345208464334,0,0,1,0,0,0,8,0.5054995579854697,1.361427735344345,19.81964687741195,9.542156777936977,4.0,1.0423452768729642,0.010423452768729642,1.0,1.0416938110749185
Haram_Makkah,500,10,D_500_Haram_Makkah_0010,250000.0,21.41793463542181,39.79347647903046,0,0,1,3,1,3,6,0.8348772646118815,1.35983472584638,20.014763409122295,9.533993495141994,17.5,4.5602605863192185,0.04560260586319218,1.0,1.1824104234527688
Haram_Makkah,500,11,D_500_Haram_Makkah_0011,250000.0,21.422451799719965,39.79350087982148,0,0,1,5,4,0,0,0.5130018037302762,1.0515226098092418,20.220363654024037,9.552031614064681,25.0,6.514657980456026,0.06514657980456026,1.0,1.2605863192182412
Haram_Makkah,500,12,D_500_Haram_Makkah_0012,250000.0,21.426968961557634,39.793525287017275,0,0,3,2,1,0,1,0.554552815917033,0.5605415924981483,20.43613119645721,9.596123381177025,14.25,3.7133550488599347,0.03713355048859935,1.0,1.1485342019543974
Haram_Makkah,500,13,D_500_Haram_Makkah_0013,250000.0,21.431486120934373,39.79354970061874,0,0,2,0,0,0,0,0.15071149558239058,0.15071149558239058,20.66174751216961,9.665912266178172,4.0,1.0423452768729642,0.010423452768729642,1.0,1.0416938110749185
Haram_Makkah,500,14,D_500_Haram_Makkah_0014,250000.0,21.43600327784979,39.79357412062678,0,1,2,4,2,0,12,0.469900273716807,0.4808544820223701,20.89689360250663,9.760847090705543,25.0,6.514657980456026,0.06514657980456026,1.0,1.2605863192182412
Haram_Makkah,500,15,D_500_Haram_Makkah_0015,250000.0,21.440520432303448,39.793598547042265,0,3,4,6,3,0,3,0.22002776963191326,0.9693957452255104,21.14125148169611,9.880203030242656,38.75,10.09771986970684,0.1009771986970684,1.0,1.4039087947882736
Haram_Makkah,500,16,D_500_Haram_Makkah_0016,250000.0,21.445037584294933,39.79362297986609,0,0,0,0,0,0,0,0.5792940153685245,1.3944163509683511,21.394505514036855,10.023107697191396,0.0,0.0,0.0,1.0,1.0
Haram_Makkah,500,17,D_500_Haram_Makkah_0017,250000.0,21.399843060001285,39.79820242204259,0,0,2,0,0,0,11,0.28856043456027153,1.4468278000859138,18.825905009202103,9.232356180224803,6.75,1.758957654723127,0.01758957654723127,1.0,1.070358306188925
Haram_Makkah,500,18,D_500_Haram_Makkah_0018,250000.0,21.40436022884051,39.79822694537817,0,0,1,0,0,0,26,0.7152374709307802,1.4830341828528542,18.991762724753492,9.142246804217024,8.5,2.214983713355049,0.02214983713355049,1.0,1.088599348534202
Haram_Makkah,500,19,D_500_Haram_Makkah_0019,250000.0,21.408877395220603,39.79825147515388,0,0,1,0,0,0,15,0.5165220073654978,1.1088955732382564,19.169230641086553,9.07881890004959,5.75,1.498371335504886,0.01498371335504886,1.0,1.0599348534201953
Haram_Makkah,500,20,D_500_Haram_Makkah_0020,250000.0,21.41339455914115,39.798276011370625,0,0,0,0,0,0,2,0.722513202898264,0.8717272493072412,19.357989444903804,9.042633942086725,0.5,0.13029315960912052,0.0013029315960912053,1.0,1.0052117263843647
Haram_Makkah,500,21,D_500_Haram_Makkah_0021,250000.0,21.417911720601712,39.7983005540293,0,0,0,0,0,0,0,0.6376052405935205,0.8709869071160854,19.55771222118892,9.0340192938282,0.0,0.0,0.0,1.0,1.0
Haram_Makkah,500,22,D_500_Haram_Makkah_0022,250000.0,21.4224288796019,39.79832510313077,0,1,0,6,6,0,4,0.18505304974934708,1.1121709696111626,19.768066655712133,9.053053661165464,33.0,8.599348534201955,0.08599348534201955,1.0,1.3439739413680782
Haram_Makkah,500,23,D_500_Haram_Makkah_0023,250000.0,21.426946036141267,39.79834965867597,0,0,2,0,0,0,0,0.3168523865875615,0.8420772220700529,19.988717099466722,9.099563538028772,4.0,1.0423452768729642,0.010423452768729642,1.0,1.0416938110749185
Haram_Makkah,500,24,D_500_Haram_Makkah_0024,250000.0,21.4314631902194,39.79837422066576,0,1,4,4,2,0,5,0.17860585239514398,0.6462206480061883,20.21932647890005,9.173131012544404,27.25,7.100977198697068,0.07100977198697069,1.0,1.2840390879478827
Haram_Makkah,500,25,D_500_Haram_Makkah_0025,250000.0,21.435980341835897,39.79839878910106,0,1,2,0,0,1,3,0.36527228159536024,0.6850170007080848,20.459558041125526,9.273112129376264,7.75,2.019543973941368,0.020195439739413682,1.0,1.0807817589576547
Haram_Makkah,500,26,D_500_Haram_Makkah_0026,250000.0,21.44049749099031,39.79842336398274,0,1,2,6,3,0,15,0.28556380280923255,0.7126108718090974,20.70907692814963,9.398663977112196,33.75,8.794788273615636,0.08794788273615635,1.0,1.3517915309446253
Haram_Makkah,500,27,D_500_Haram_Makkah_0027,250000.0,21.445014637682238,39.79844794531172,0,0,3,0,0,0,1,0.60721991264077,0.9167823981526901,20.96755157842362,9.548777960836022,6.25,1.6286644951140066,0.016286644951140065,1.0,1.0651465798045603
Haram_Makkah,500,28,D_500_Haram_Makkah_0028,250000.0,21.44953178191126,39.79847253308889,0,0,3,0,0,0,0,1.0228931101351892,1.0228931101351892,21.234654957679208,9.722316418221995,6.0,1.5635179153094463,0.015635179153094463,1.0,1.062540716612378
Haram_Makkah,500,29,D_500_Haram_Makkah_0029,250000.0,21.395302861669048,39.80300123273808,0,0,0,2,1,0,0,0.4753026981432786,0.8753061187452272,18.19493612083777,8.8661489545182,8.0,2.0846905537459284,0.020846905537459284,1.0,1.083387622149837
Haram_Makkah,500,30,D_500_Haram_Makkah_0030,250000.0,21.39982002763849,39.80302589774945,0,0,2,0,0,0,8,0.5031094449357818,1.3114382638150763,18.352875862360165,8.743733371643113,6.0,1.5635179153094463,0.015635179153094463,1.0,1.062540716612378
Haram_Makkah,500,31,D_500_Haram_Makkah_0031,250000.0,21.404337191148898,39.803050569238955,0,0,3,0,0,0,39,0.8833603864249859,1.2672068916045125,18.52296964304152,8.648534515457907,15.75,4.1042345276872965,0.04104234527687296,1.0,1.1641693811074918
Haram_Makkah,500,32,D_500_Haram_Makkah_0032,250000.0,21.408854352199867,39.8030752472075,0,0,0,0,0,0,19,0.7975414164589439,0.7975414164589439,18.704885895799343,8.581458224319919,4.75,1.237785016286645,0.01237785016286645,1.0,1.0495114006514659
Haram_Makkah,500,33,D_500_Haram_Makkah_0033,250000.0,21.413371510790967,39.803099931655986,0,0,3,0,0,0,20,0.4078373644048645,0.4078373644048645,18.89828321178166,8.543166933077524,11.0,2.8664495114006514,0.028664495114006514,1.0,1.1146579804560262
Haram_Makkah,500,34,D_500_Haram_Makkah_0034,250000.0,21.41788866692177,39.80312462258531,0,0,2,0,0,0,7,0.3627726363545429,0.409982808319555,19.102812890528554,8.53404811546727,5.75,1.498371335504886,0.01498371335504886,1.0,1.0599348534201953
Haram_Makkah,500,35,D_500_Haram_Makkah_0035,250000.0,21.422405820591873,39.80314931999636,0,0,3,1,0,0,0,0.22166350955956513,0.8039850598088112,19.31812134521314,8.554195066035831,9.0,2.3452768729641695,0.023452768729641697,1.0,1.0938110749185668
Haram_Makkah,500,36,D_500_Haram_Makkah_0036,250000.0,21.426922971800845,39.80317402389005,0,1,0,0,0,0,1,0.47268721682759707,1.2130886265691951,19.5438523399614,8.603402188580574,2.25,0.5863192182410424,0.005863192182410424,1.0,1.0234527687296417
Haram_Makkah,500,37,D_500_Haram_Makkah_0037,250000.0,21.431440120548267,39.80319873426727,0,0,1,2,1,0,1,0.39344752072689376,0.7199965774034444,19.77964904299493,8.681175335699324,10.25,2.6710097719869705,0.026710097719869704,1.0,1.1068403908794788
Haram_Makkah,500,38,D_500_Haram_Makkah_0038,250000.0,21.435957266833725,39.803223451128936,0,0,3,4,2,0,2,0.255136253795529,0.255136253795529,20.025155885582656,8.786756011170194,22.5,5.863192182410423,0.05863192182410423,1.0,1.234527687296417
Haram_Makkah,500,39,D_500_Haram_Makkah_0039,250000.0,21.44047441065679,39.80324817447593,0,0,1,2,1,0,2,0.20812761618564773,0.3245293530963152,20.28002022236963,8.919156753332501,10.5,2.736156351791531,0.02736156351791531,1.0,1.1094462540716612
Haram_Makkah,500,40,D_500_Haram_Makkah_0040,250000.0,21.444991552017054,39.80327290430917,0,0,3,0,0,0,0,0.4534585264055271,0.4863979556672734,20.54389379347441,9.077204039857099,6.0,1.5635179153094463,0.015635179153094463,1.0,1.062540716612378
Haram_Makkah,500,41,D_500_Haram_Makkah_0041,250000.0,21.449508690914083,39.80329764062954,0,0,3,0,0,0,1,0.5298777530693561,0.5298777530693561,20.816433992770996,9.259584719191206,6.25,1.6286644951140066,0.016286644951140065,1.0,1.0651465798045603
Haram_Makkah,500,42,D_500_Haram_Makkah_0042,250000.0,21.454025827347472,39.803322383437944,0,0,2,0,0,0,0,0.6390153373728823,0.6390153373728823,21.097304949998406,9.464892242522392,4.0,1.0423452768729642,0.010423452768729642,1.0,1.0416938110749185
Haram_Makkah,500,43,D_500_Haram_Makkah_0043,250000.0,21.395279695936164,39.807824553852676,0,0,1,0,0,0,0,0.7040089879820022,0.7040089879820022,17.719171917588824,8.386004407317856,2.0,0.5211726384364821,0.005211726384364821,1.0,1.0208469055374594
Haram_Makkah,500,44,D_500_Haram_Makkah_0044,250000.0,21.399796856545013,39.807849366978175,0,1,0,4,2,0,1,0.9607138506202396,1.2038846179949767,17.88131442100675,8.256472970357,18.25,4.755700325732899,0.04755700325732899,1.0,1.190228013029316
Haram_Makkah,500,45,D_500_Haram_Makkah_0045,250000.0,21.404314014694517,39.80787418662071,0,0,0,2,1,0,6,1.2042331840199714,1.2286915755081202,18.055851057226274,8.155588384716152,9.5,2.47557003257329,0.0247557003257329,1.0,1.0990228013029315
Haram_Makkah,500,46,D_500_Haram_Makkah_0046,250000.0,21.408831170384257,39.807899012781185,0,0,1,6,3,0,1,0.7335930693369913,0.7335930693369913,18.242426082584924,8.08442316381313,26.25,6.840390879478828,0.06840390879478828,1.0,1.2736156351791532
Haram_Makkah,500,47,D_500_Haram_Makkah_0047,250000.0,21.413348323613814,39.80792384546051,0,0,0,6,3,0,25,0.25813677582612815,0.25813677582612815,18.440674102548694,8.043766150397433,30.25,7.8827361563517915,0.07882736156351791,1.0,1.3153094462540715
Haram_Makkah,500,48,D_500_Haram_Makkah_0048,250000.0,21.41786547438275,39.807948684659586,0,0,2,2,1,0,11,0.1559013673502853,0.26381664612546424,18.650222876261974,8.034080524425978,14.75,3.8436482084690553,0.038436482084690554,1.0,1.153745928338762
Haram_Makkah,500,49,D_500_Haram_Makkah_0049,250000.0,21.422382622690677,39.80797353037931,0,4,0,4,2,0,5,0.4599164681342757,0.7386356416702251,18.870695941381733,8.055478003423637,25.25,6.579804560260587,0.06579804560260587,1.0,1.2631921824104235
Haram_Makkah,500,50,D_500_Haram_Makkah_0050,250000.0,21.426899768537144,39.8079983826206,0,4,6,4,2,1,7,0.3525362626814713,1.233517733767246,19.101715035302885,8.10771249208575,38.75,10.09771986970684,0.1009771986970684,1.0,1.4039087947882736
Haram_Makkah,500,51,D_500_Haram_Makkah_0051,250000.0,21.43141691192174,39.808023241384355,0,0,2,4,2,0,8,0.23590159626280424,0.7623277285163322,19.342902296908594,8.19019400533373,22.0,5.732899022801303,0.05732899022801303,1.0,1.229315960912052
Haram_Makkah,500,52,D_500_Haram_Makkah_0052,250000.0,21.435934052844058,39.80804810667148,0,0,6,0,0,0,5,0.3584748800521855,0.3584748800521855,19.593882240270485,8.302021069335215,13.25,3.452768729641694,0.03452768729641694,1.0,1.1381107491856677
Haram_Makkah,500,53,D_500_Haram_Makkah_0053,250000.0,21.440451191303666,39.80807297848288,0,0,0,4,3,0,12,0.12827502886099543,0.12827502886099543,19.854283498112505,8.442027589765807,21.0,5.472312703583062,0.05472312703583062,1.0,1.2188925081433224
Haram_Makkah,500,54,D_500_Haram_Makkah_0054,250000.0,21.444968327300145,39.808097856819465,0,0,1,8,6,0,8,0.14038036984195634,0.3267976664943019,20.1237403382487,8.608838819321008,40.0,10.423452768729641,0.10423452768729641,1.0,1.4169381107491856
Haram_Makkah,500,55,D_500_Haram_Makkah_0055,250000.0,21.449485460833074,39.80812274168214,0,0,1,6,4,1,1,0.12341212109682945,0.12341212109682945,20.401893960588396,8.800930735310306,29.25,7.62214983713355,0.0762214983713355,1.0,1.304885993485342
Haram_Makkah,500,56,D_500_Haram_Makkah_0056,250000.0,21.454002591902047,39.80814763307181,0,0,3,4,2,0,0,0.3778898249934331,0.3778898249934331,20.68839358570232,9.016687739874929,22.0,5.732899022801303,0.05732899022801303,1.0,1.229315960912052
Haram_Makkah,500,57,D_500_Haram_Makkah_0057,250000.0,21.39073923383005,39.812622913767434,0,0,0,0,0,0,0,0.5209481649075881,0.5209481649075881,17.091227412650465,8.074482433241375,0.0,0.0,0.0,1.0,1.0
Haram_Makkah,500,58,D_500_Haram_Makkah_0058,250000.0,21.395256391505463,39.81264786845113,0,0,0,0,0,0,0,0.8515259883327413,0.8515259883327413,17.244779106986847,7.908321095871413,0.0,0.0,0.0,1.0,1.0
Haram_Makkah,500,59,D_500_Haram_Makkah_0059,250000.0,21.399773546721633,39.81267282968986,0,3,1,4,2,0,5,1.2956874727693866,1.2956874727693866,17.411339937713166,7.770831264805978,25.25,6.579804560260587,0.06579804560260587,1.0,1.2631921824104235
Haram_Makkah,500,60,D_500_Haram_Makkah_0060,250000.0,21.40429069947814,39.81269779748452,0,2,1,0,0,1,2,1.1786855752183083,1.3755737969861794,17.59054036703935,7.663556259124567,7.5,1.9543973941368078,0.019543973941368076,1.0,1.0781758957654723
Haram_Makkah,500,61,D_500_Haram_Makkah_0061,250000.0,21.408807849774547,39.81272277183602,0,0,0,0,0,0,0,0.9101759738135826,0.9595202314748842,17.781998267412924,7.587777706776114,0.0,0.0,0.0,1.0,1.0
Haram_Makkah,500,62,D_500_Haram_Makkah_0062,250000.0,21.413324997610463,39.81274775274528,0,0,0,0,0,0,0,0.6701901806683356,0.6701901806683356,17.98532219227978,7.544444745515063,0.0,0.0,0.0,1.0,1.0
Haram_Makkah,500,63,D_500_Haram_Makkah_0063,250000.0,21.417842142985435,39.812772740213205,0,0,0,0,0,0,0,0.6457603944155694,0.6750754403865057,18.20011445947379,7.534117234873049,0.0,0.0,0.0,1.0,1.0
Haram_Makkah,500,64,D_500_Haram_Makkah_0064,250000.0,21.422359285899073,39.812797734240704,0,16,1,5,4,1,7,0.7773187301970598,0.9652513862127997,18.42597401267522,7.5569304945521605,59.75,15.570032573289902,0.15570032573289902,1.0,1.6228013029315962
Haram_Makkah,500,65,D_500_Haram_Makkah_0065,250000.0,21.426876426350937,39.812822734828686,0,14,4,0,0,2,35,0.7210304100370583,1.0825096327590742,18.662499036667565,7.612586583427056,46.75,12.182410423452769,0.12182410423452769,1.0,1.4872964169381109
Haram_Makkah,500,66,D_500_Haram_Makkah_0066,250000.0,21.431393564340606,39.81284774197806,0,8,2,2,1,2,11,0.31410247244297274,1.0615313128858685,18.90928931164398,7.70037339879404,32.75,8.534201954397394,0.08534201954397394,1.0,1.3413680781758957
Haram_Makkah,500,67,D_500_Haram_Makkah_0067,250000.0,21.43591069986767,39.812872755689746,0,4,4,6,3,0,9,0.42123137845057146,0.8158282167706966,19.16594830028738,7.819208813654751,42.25,11.009771986970684,0.11009771986970683,1.0,1.4403908794788274
Haram_Makkah,500,68,D_500_Haram_Makkah_0068,250000.0,21.440427832931707,39.81289777596465,0,1,3,4,2,1,5,0.5379245248628695,0.5379245248628695,19.43208496860602,7.967703713254992,26.25,6.840390879478828,0.06840390879478828,1.0,1.2736156351791532
Haram_Makkah,500,69,D_500_Haram_Makkah_0069,250000.0,21.444944963532297,39.81292280280368,0,0,3,0,0,0,0,0.4167000713974233,0.6199155700634343,19.707315347478445,8.14423590356386,6.0,1.5635179153094463,0.015635179153094463,1.0,1.062540716612378
Haram_Makkah,500,70,D_500_Haram_Makkah_0070,250000.0,21.449462091669016,39.812947836207755,0,0,0,0,0,0,0,0.4996905743251592,0.4996905743251592,19.99126384656045,8.347026682812263,0.0,0.0,0.0,1.0,1.0
Haram_Makkah,500,71,D_500_Haram_Makkah_0071,250000.0,21.45397921734144,39.81297287617778,0,0,2,4,2,0,0,0.6142156284802239,0.6142156284802239,20.283564335703684,8.574213108750047,20.0,5.2117263843648205,0.052117263843648204,1.0,1.208469055374593
Haram_Makkah,500,72,D_500_Haram_Makkah_0072,250000.0,21.458496340549168,39.81299792271467,0,0,2,4,2,0,0,1.0024125929323242,1.0024125929323242,20.58386101144452,8.823911061708545,20.0,5.2117263843648205,0.052117263843648204,1.0,1.208469055374593
Haram_Makkah,500,73,D_500_Haram_Makkah_0073,250000.0,21.390715796126774,39.817446073737436,0,0,0,0,0,0,0,1.0004273307777996,1.0004273307777996,16.61395219310072,7.61010769966982,0.0,0.0,0.0,1.0,1.0
Haram_Makkah,500,74,D_500_Haram_Makkah_0074,250000.0,21.395232948377735,39.817471176494564,0,0,0,0,0,0,0,1.206053217089802,1.206053217089802,16.77187405904515,7.433573514216102,0.0,0.0,0.0,1.0,1.0
Haram_Makkah,500,75,D_500_Haram_Makkah_0075,250000.0,21.399750098169132,39.81749628584561,0,0,2,2,1,1,10,1.3582124224595171,1.551861424463579,16.943084472146946,7.28713188997814,15.5,4.039087947882736,0.040390879478827364,1.0,1.1615635179153094
Haram_Makkah,500,76,D_500_Haram_Makkah_0076,250000.0,21.404267245500535,39.81752140179148,0,20,3,2,1,1,39,0.8853595894342244,1.6657501475867627,17.12718492362777,7.172626239573455,64.75,16.872964169381106,0.16872964169381105,1.0,1.6749185667752442
Haram_Makkah,500,77,D_500_Haram_Makkah_0077,250000.0,21.408784390371537,39.8175465243331,0,6,2,4,2,0,23,0.4722099328507686,1.3428325874210691,17.32376446924795,7.091603708844629,37.75,9.8371335504886,0.098371335504886,1.0,1.3934853420195439
Haram_Makkah,500,78,D_500_Haram_Makkah_0078,250000.0,21.4133015327817,39.8175716534714,0,2,1,0,1,1,0,0.4026199681619335,1.1517926738037088,17.532403353899124,7.045219595866417,9.0,2.3452768729641695,0.023452768729641697,1.0,1.0938110749185668
Haram_Makkah,500,79,D_500_Haram_Makkah_0079,250000.0,21.417818672730615,39.81759678920726,0,0,0,0,0,0,2,0.5655499105354015,0.7543897845829123,17.752676399395348,7.034159164012527,0.5,0.13029315960912052,0.0013029315960912053,1.0,1.0052117263843647
Haram_Makkah,500,80,D_500_Haram_Makkah_0080,250000.0,21.422335810217852,39.81762193154161,0,12,0,1,4,1,7,0.46444880558002627,0.5581948859835685,17.98415611919236,7.058588466212114,37.75,9.8371335504886,0.098371335504886,1.0,1.3934853420195439
Haram_Makkah,500,81,D_500_Haram_Makkah_0081,250000.0,21.426852945243006,39.817647080475375,0,13,2,1,12,2,23,0.5825776331776007,0.5825776331776007,18.226415536174944,7.118142111957581,64.75,16.872964169381106,0.16872964169381105,1.0,1.6749185667752442
Haram_Makkah,500,82,D_500_Haram_Makkah_0082,250000.0,21.431370077805646,39.81767223600947,0,5,2,4,7,0,24,0.29211410536369464,0.7762044063191844,18.479030690898124,7.211950021783649,46.0,11.986970684039088,0.11986970684039087,1.0,1.4794788273615636
Haram_Makkah,500,83,D_500_Haram_Makkah_0083,250000.0,21.435887207905356,39.8176973981448,0,12,9,2,4,0,27,0.0707860350116413,1.1685845549637477,18.74158283744973,7.338698733930045,62.75,16.351791530944624,0.16351791530944623,1.0,1.654071661237785
Haram_Makkah,500,84,D_500_Haram_Makkah_0084,250000.0,21.440404335541704,39.81772256688229,0,1,7,0,0,0,0,0.5231470403126872,1.0306653704615278,19.01366033226705,7.496717621603985,16.0,4.169381107491857,0.04169381107491857,1.0,1.1667752442996742
Haram_Makkah,500,85,D_500_Haram_Makkah_0085,250000.0,21.444921460714294,39.817747742222856,0,0,5,0,0,0,0,0.5543674231987742,1.0778654429881425,19.294860227756537,7.684077764361118,10.0,2.6058631921824102,0.026058631921824102,1.0,1.1042345276872965
Haram_Makkah,500,86,D_500_Haram_Makkah_0086,250000.0,21.44943858342268,39.817772924167414,0,0,0,0,0,0,0,0.4063095450648759,0.9920437432417969,19.58478958749612,7.898691478936889,0.0,0.0,0.0,1.0,1.0
Haram_Makkah,500,87,D_500_Haram_Makkah_0087,250000.0,21.453955703666455,39.81779811271688,0,0,0,0,0,0,0,0.7230848172362658,1.0543817888721074,19.88306654327576,8.138402980321844,0.0,0.0,0.0,1.0,1.0
Haram_Makkah,500,88,D_500_Haram_Makkah_0088,250000.0,21.458472821445202,39.817823307872175,0,0,2,2,1,0,0,1.174996110386916,1.3188218700435228,20.189321116426065,8.401064162401852,12.0,3.1270358306188926,0.031270358306188926,1.0,1.1250814332247556
Haram_Makkah,500,89,D_500_Haram_Makkah_0089,250000.0,21.39069221975934,39.82226922711443,0,0,0,0,0,2,12,1.4934264956179804,1.4934264956179804,16.13805318117206,7.150539268924001,5.0,1.3029315960912051,0.013029315960912051,1.0,1.0521172638436482
Haram_Makkah,500,90,D_500_Haram_Makkah_0090,250000.0,21.395209366553765,39.82229447794408,0,0,0,0,0,0,2,1.6383016254949117,1.6383016254949117,16.30058626111874,6.962362230385994,0.5,0.13029315960912052,0.0013029315960912053,1.0,1.0052117263843647
Haram_Makkah,500,91,D_500_Haram_Makkah_0091,250000.0,21.39972651088829,39.822319735406516,0,1,1,0,0,2,1,1.3188263350035037,1.9072864846122979,16.476694584594586,6.805788993040167,6.25,1.6286644951140066,0.016286644951140065,1.0,1.0651465798045603
Haram_Makkah,500,92,D_500_Haram_Makkah_0092,250000.0,21.404243652762506,39.8223449995027,0,1,0,0,0,0,0,0.8236646890443723,1.7634777629235774,16.66594781018601,6.6830412095443466,2.0,0.5211726384364821,0.005211726384364821,1.0,1.0208469055374594
Haram_Makkah,500,93,D_500_Haram_Makkah_0093,250000.0,21.40876079217598,39.82237027023353,0,7,1,0,0,4,4,0.3361485122817562,1.2824229070011393,16.86790349716524,6.5960075651221945,21.0,5.472312703583062,0.05472312703583062,1.0,1.2188925081433224
Haram_Makkah,500,94,D_500_Haram_Makkah_0094,250000.0,21.413277929128313,39.822395547599925,0,112,8,4,13,1,111,0.08339194373259375,0.8242349206849715,17.082111121507044,6.546112723581108,306.75,79.93485342019544,0.7993485342019544,1.0,4.197394136807818
Haram_Makkah,500,95,D_500_Haram_Makkah_0095,250000.0,21.417795063619057,39.82242083160281,0,24,2,3,33,0,70,0.21828909115346462,0.46272875051359147,17.308115794197537,6.534207509752941,144.5,37.65472312703583,0.3765472312703583,1.0,2.506188925081433
Haram_Makkah,500,96,D_500_Haram_Makkah_0096,250000.0,21.42231219564781,39.822446122243115,0,7,1,8,109,0,34,0.058628784093532386,0.058628784093532386,17.54546164463009,6.560498744088973,266.5,69.44625407166124,0.6944625407166124,1.0,3.7778501628664496
Haram_Makkah,500,97,D_500_Haram_Makkah_0097,250000.0,21.426829325214147,39.82247141952174,0,0,1,1,19,0,10,0.0834643177737887,0.0834643177737887,17.793694846799553,6.624531663587566,45.5,11.856677524429967,0.11856677524429968,1.0,1.4742671009771988
Haram_Makkah,500,98,D_500_Haram_Makkah_0098,250000.0,21.43134645231764,39.82249672343963,0,0,0,0,6,1,2,0.5196757393336218,0.5196757393336218,18.052366279212716,6.725228304864862,13.5,3.517915309446254,0.03517915309446254,1.0,1.14071661237785
Haram_Makkah,500,99,D_500_Haram_Makkah_0099,250000.0,21.435863576957885,39.82252203399769,0,5,4,0,4,0,4,0.2586896603579825,1.0164445168145917,18.32103382063064,6.860974547630733,27.0,7.035830618892508,0.07035830618892508,1.0,1.2814332247557003
Haram_Makkah,500,100,D_500_Haram_Makkah_0100,250000.0,21.440380699134447,39.82254735119685,0,3,4,4,2,0,2,0.3917681281318735,1.3800075413028674,18.599264292829627,7.029740232321392,30.5,7.947882736156352,0.07947882736156352,1.0,1.3179153094462541
Haram_Makkah,500,101,D_500_Haram_Makkah_0101,250000.0,21.444897818846915,39.82257267503803,0,0,4,0,0,1,0,0.4068971007150815,1.3572658202954133,18.886635068544173,7.229213216152866,9.0,2.3452768729641695,0.023452768729641697,1.0,1.0938110749185668
Haram_Makkah,500,102,D_500_Haram_Makkah_0102,250000.0,21.449414936094858,39.82259800552216,0,0,2,0,0,0,0,0.1527398346113963,1.48950022052398,19.182735367777926,7.45692964398086,4.0,1.0423452768729642,0.010423452768729642,1.0,1.0416938110749185
Haram_Makkah,500,103,D_500_Haram_Makkah_0103,250000.0,21.45393205087787,39.822623342650154,0,0,1,0,0,0,0,0.6173278412512222,1.53172486927024,19.48716726894993,7.71038751983075,2.0,0.5211726384364821,0.005211726384364821,1.0,1.0208469055374594
Haram_Makkah,500,104,D_500_Haram_Makkah_0104,250000.0,21.45844916319552,39.82264868642292,0,0,0,0,0,0,0,1.1130399229545505,1.7244567966002753,19.799546463135684,7.9871366394123395,0.0,0.0,0.0,1.0,1.0
Haram_Makkah,500,105,D_500_Haram_Makkah_0105,250000.0,21.390668504728545,39.82709237385954,0,0,1,4,2,4,0,1.989922247591702,1.989922247591702,15.66365581472088,6.6967667177731744,22.0,5.732899022801303,0.05732899022801303,1.0,1.229315960912052
Haram_Makkah,500,106,D_500_Haram_Makkah_0106,250000.0,21.39518564603434,39.82711777276077,0,0,1,4,2,1,0,1.6399428915781593,2.100833184654574,15.831060149588044,6.4954569094834085,19.0,4.95114006514658,0.0495114006514658,1.0,1.1980456026058632
Haram_Makkah,500,107,D_500_Haram_Makkah_0107,250000.0,21.399702784879903,39.827143178333706,0,1,0,2,1,1,4,1.1507101817522094,2.2170883115803006,16.01233329148847,6.327340393375166,12.0,3.1270358306188926,0.031270358306188926,1.0,1.1250814332247556
Haram_Makkah,500,108,D_500_Haram_Makkah_0108,250000.0,21.40421992126483,39.82716859057927,0,2,0,0,0,2,10,0.6773884831754012,1.7176248931071352,16.207009885094333,6.1951200508398765,8.5,2.214983713355049,0.02214983713355049,1.0,1.088599348534202
Haram_Makkah,500,109,D_500_Haram_Makkah_0109,250000.0,21.4087370551887,39.82719400949838,0,13,0,7,4,3,22,0.305902585620225,1.2186016434818254,16.41461304427798,6.1011300949086085,63.5,16.547231270358306,0.16547231270358306,1.0,1.6618892508143324
Haram_Makkah,500,110,D_500_Haram_Makkah_0110,250000.0,21.413254186651088,39.82721943509197,0,35,2,1,3,5,25,0.055665859544058775,0.7209331852341896,16.634658799362743,6.047153415093814,94.25,24.560260586319217,0.24560260586319216,1.0,1.9824104234527686
Haram_Makkah,500,111,D_500_Haram_Makkah_0111,250000.0,21.417771315651567,39.82724486736096,0,38,2,4,26,3,41,0.1830594145590825,0.23345095769180907,16.86666017174271,6.034263866981791,157.25,40.9771986970684,0.409771986970684,1.0,2.639087947882736
Haram_Makkah,500,112,D_500_Haram_Makkah_0112,250000.0,21.42228844218973,39.82727030630628,0,8,2,0,178,0,31,0.25864711680065433,0.29875414929759764,17.11013083897628,6.062723513986374,383.75,100.0,1.0,1.0,5.0
Haram_Makkah,500,113,D_500_Haram_Makkah_0113,250000.0,21.42680556626514,39.82729575192886,0,0,1,0,48,0,14,0.41777492266060307,0.41777492266060307,17.364588371301014,6.131956653281606,101.5,26.449511400651467,0.26449511400651465,1.0,2.0579804560260584
Haram_Makkah,500,114,D_500_Haram_Makkah_0114,250000.0,21.43132268787739,39.82732120422961,0,13,4,6,7,3,21,0.1502479742305959,0.6615379563672634,17.62955703591437,6.240606411912692,74.25,19.348534201954397,0.19348534201954398,1.0,1.773941368078176
Haram_Makkah,500,115,D_500_Haram_Makkah_0115,250000.0,21.43583980702606,39.82734666320948,0,4,3,0,1,3,2,0.32033232860477423,1.0957778284967614,17.904570178040952,6.386661442341143,19.5,5.0814332247557,0.050814332247557,1.0,1.203257328990228
Haram_Makkah,500,116,D_500_Haram_Makkah_0116,250000.0,21.440356923710723,39.8273721288694,0,1,4,0,0,1,1,0.4505131539884123,0.9001129715177769,18.18917219771776,6.56762669232717,11.25,2.9315960912052117,0.029315960912052116,1.0,1.1172638436482085
Haram_Makkah,500,117,D_500_Haram_Makkah_0117,250000.0,21.444874037930962,39.827397601210265,0,0,0,0,0,0,0,0.7237453013572036,0.864842791716482,18.48292014850641,6.780707659267548,0.0,0.0,0.0,1.0,1.0
Haram_Makkah,500,118,D_500_Haram_Makkah_0118,250000.0,21.44939114968635,39.82742308023304,0,0,3,0,0,0,0,0.6177147138796412,1.0888997875256263,18.785384989238295,7.0229817279508024,6.0,1.5635179153094463,0.015635179153094463,1.0,1.062540716612378
Haram_Makkah,500,119,D_500_Haram_Makkah_0119,250000.0,21.453908258976476,39.827448565938624,0,0,1,0,0,0,0,0.859846308505296,1.2332985943569448,19.096152522739622,7.2915395042344855,2.0,0.5211726384364821,0.005211726384364821,1.0,1.0208469055374594
Haram_Makkah,500,120,D_500_Haram_Makkah_0120,250000.0,21.458425365800917,39.82747405832797,0,0,1,0,0,0,0,1.263764171337739,1.301008548906067,19.414824056621537,7.58358914581304,2.0,0.5211726384364821,0.005211726384364821,1.0,1.0208469055374594
Haram_Makkah,500,121,D_500_Haram_Makkah_0121,250000.0,21.390644651035196,39.83191551393387,0,0,0,0,0,0,0,2.1263446324189945,2.4878220203838977,15.19090077927378,6.250052568428909,0.0,0.0,0.0,1.0,1.0
Haram_Makkah,500,122,D_500_Haram_Makkah_0122,250000.0,21.395161786820253,39.83194106090577,0,0,0,0,0,0,0,1.6297431486487488,2.5773955698325564,15.363457243198102,6.033857232219375,0.0,0.0,0.0,1.0,1.0
Haram_Makkah,500,123,D_500_Haram_Makkah_0123,250000.0,21.399678920144773,39.83196661458827,0,13,1,2,1,1,38,1.1361267382286209,2.292566691383555,15.550182328236913,5.8524959709073965,46.5,12.117263843648209,0.12117263843648209,1.0,1.4846905537459283
Haram_Makkah,500,124,D_500_Haram_Makkah_0124,250000.0,21.404196051008316,39.831992174982275,0,24,1,4,2,2,194,0.652307596206325,1.8140057129228262,15.750572129902045,5.7092893673528735,116.5,30.35830618892508,0.3035830618892508,1.0,2.214332247557003
Haram_Makkah,500,125,D_500_Haram_Makkah_0125,250000.0,21.408713179410476,39.83201774208875,0,17,4,1,5,4,62,0.24541074715452488,1.351063069805388,15.96411207668884,5.607161587724206,74.5,19.41368078175896,0.1941368078175896,1.0,1.7765472312703583
Haram_Makkah,500,126,D_500_Haram_Makkah_0126,250000.0,21.413230305350826,39.8320433159086,0,14,3,0,0,3,10,0.4415287867958447,0.9274298413719863,16.19028184976771,5.548381481254789,39.5,10.29315960912052,0.10293159609120521,1.0,1.411726384364821
Haram_Makkah,500,127,D_500_Haram_Makkah_0127,250000.0,21.41774742882894,39.83206889644277,0,19,6,0,1,3,21,0.4530384134721745,0.6283954190973833,16.428559838061073,5.534330406852517,60.25,15.700325732899023,0.15700325732899023,1.0,1.628013029315961
Haram_Makkah,500,128,D_500_Haram_Makkah_0128,250000.0,21.422264549844407,39.83209448369219,0,47,2,7,27,1,50,0.46889829693062973,0.65546586090954,16.678427094021444,5.565347162836619,186.5,48.59934853420195,0.4859934853420195,1.0,2.9439739413680783
Haram_Makkah,500,129,D_500_Haram_Makkah_0129,250000.0,21.4267816683968,39.832120077657784,0,0,0,1,8,1,16,0.6444565340593432,0.9176630534497408,16.939370776638196,5.6406883474957965,24.0,6.254071661237785,0.06254071661237785,1.0,1.2501628664495115
Haram_Makkah,500,130,D_500_Haram_Makkah_0130,250000.0,21.431298784485694,39.83214567834049,0,20,6,1,11,3,11,0.31882312171873367,1.051285908484083,17.21088708597728,5.758614505612971,82.75,21.563517915309447,0.21563517915309446,1.0,1.862540716612378
Haram_Makkah,500,131,D_500_Haram_Makkah_0131,250000.0,21.435815898110675,39.83217128574124,0,19,4,4,2,1,4,0.23784882763629228,0.8821769754686092,17.492483707698426,5.916579841000828,64.0,16.677524429967427,0.16677524429967427,1.0,1.667100977198697
Haram_Makkah,500,132,D_500_Haram_Makkah_0132,250000.0,21.440333009271328,39.832196899860975,0,15,1,4,2,0,4,0.21409843722966282,0.46474284172684044,17.783681796577735,6.1114804266739355,49.0,12.768729641693811,0.1276872964169381,1.0,1.5107491856677524
Haram_Makkah,500,133,D_500_Haram_Makkah_0133,250000.0,21.444850117967228,39.83222252070061,0,1,0,0,0,0,0,0.3920913182228537,0.3920913182228537,18.08401753537542,6.339910803497151,2.0,0.5211726384364821,0.005211726384364821,1.0,1.0208469055374594
Haram_Makkah,500,134,D_500_Haram_Makkah_0134,250000.0,21.449367224197946,39.8322481482611,0,0,0,0,0,0,0,0.7690808115634736,0.7690808115634736,18.39304330983867,6.598389575266161,0.0,0.0,0.0,1.0,1.0
Haram_Makkah,500,135,D_500_Haram_Makkah_0135,250000.0,21.453884327963074,39.83227378254336,0,0,0,0,0,0,0,0.7349975569301087,0.7349975569301087,18.71032854269097,6.883532594363333,0.0,0.0,0.0,1.0,1.0
Haram_Makkah,500,136,D_500_Haram_Makkah_0136,250000.0,21.458401429262185,39.832299423548335,0,0,0,0,0,0,1,0.8436938011963123,0.8436938011963123,19.035460229615463,7.191983966522094,0.25,0.06514657980456026,0.0006514657980456026,1.0,1.0026058631921824
Haram_Makkah,500,137,D_500_Haram_Makkah_0137,250000.0,21.390620658680064,39.836738647298546,0,0,0,0,0,0,0,2.233381189753973,2.545966725970407,14.719946314081525,5.812024582189507,0.0,0.0,0.0,1.0,1.0
Haram_Makkah,500,138,D_500_Haram_Makkah_0138,250000.0,21.39513778891231,39.83676434234018,0,0,0,0,0,0,0,1.7671199092017893,2.7119690038538207,14.897958634231662,5.578880329838271,0.0,0.0,0.0,1.0,1.0
Haram_Makkah,500,139,D_500_Haram_Makkah_0139,250000.0,21.399654916683687,39.836790044131305,0,0,0,0,0,0,0,1.32568246886191,2.469057206209831,15.090444772938707,5.382209743714716,0.0,0.0,0.0,1.0,1.0
Haram_Makkah,500,140,D_500_Haram_Makkah_0140,250000.0,21.404172041993757,39.83681575267284,0,0,0,0,0,0,1,0.9445396990059638,2.0324857144914956,15.296858351404989,5.226132194655899,0.25,0.06514657980456026,0.0006514657980456026,1.0,1.0026058631921824
Haram_Makkah,500,141,D_500_Haram_Makkah_0141,250000.0,21.408689164842112,39.83684146796574,0,1,0,0,0,0,5,0.7258625749745921,1.6327133464534773,15.51664356105353,5.114365425612462,3.25,0.8469055374592834,0.008469055374592834,1.0,1.0338762214983714
Haram_Makkah,500,142,D_500_Haram_Makkah_0142,250000.0,21.413206285228327,39.83686719001092,0,0,0,0,0,0,1,0.8133865701492823,1.3040351083320652,15.74924059688655,5.0498524431295415,0.25,0.06514657980456026,0.0006514657980456026,1.0,1.0026058631921824
Haram_Makkah,500,143,D_500_Haram_Makkah_0143,250000.0,21.417723403151975,39.83689291880934,0,2,0,0,0,1,9,0.9360870384440113,1.1114235267610315,15.994090513575781,5.034410162875355,7.25,1.8892508143322475,0.018892508143322474,1.0,1.07557003257329
Haram_Makkah,500,144,D_500_Haram_Makkah_0144,250000.0,21.422240518612643,39.83691865436192,0,5,2,0,5,0,7,0.9342552620668502,1.1269502863539447,16.250639474626535,5.068487119323073,25.75,6.710097719869707,0.06710097719869706,1.0,1.2684039087947883
Haram_Makkah,500,145,D_500_Haram_Makkah_0145,250000.0,21.42675763160991,39.8369443966696,0,0,0,0,0,0,0,0.988799211014157,1.3434178947701068,16.518342389965333,5.151100626994698,0.0,0.0,0.0,1.0,1.0
Haram_Makkah,500,146,D_500_Haram_Makkah_0146,250000.0,21.43127474214334,39.83697014573332,0,3,5,0,0,1,1,0.7783665323132287,1.3214647443648746,16.796665957563157,5.2799728844101494,17.25,4.495114006514658,0.04495114006514658,1.0,1.1798045602605862
Haram_Makkah,500,147,D_500_Haram_Makkah_0147,250000.0,21.435791850212542,39.83699590155402,0,0,4,0,0,0,2,0.5028674104830815,0.8270542687688153,17.08509114016652,5.4518244332322086,8.5,2.214983713355049,0.02214983713355049,1.0,1.088599348534202
Haram_Makkah,500,148,D_500_Haram_Makkah_0148,250000.0,21.440308955817073,39.83702166413264,0,8,4,4,5,0,27,0.3489533727851271,0.3489533727851271,17.3831151191503,5.66274364963389,52.75,13.745928338762216,0.13745928338762214,1.0,1.5498371335504886
Haram_Makkah,500,149,D_500_Haram_Makkah_0149,250000.0,21.444826058956515,39.83704743347011,0,2,3,0,0,0,0,0.24396341788783008,0.24396341788783008,17.690252774436754,5.908548183111499,10.0,2.6058631921824102,0.026058631921824102,1.0,1.1042345276872965
Haram_Makkah,500,150,D_500_Haram_Makkah_0150,250000.0,21.44934315963046,39.83707320956738,0,0,2,0,0,0,0,0.6227516142570699,0.6227516142570699,18.00603774297118,6.185080243847404,4.0,1.0423452768729642,0.010423452768729642,1.0,1.0416938110749185
Haram_Makkah,500,151,D_500_Haram_Makkah_0151,250000.0,21.453860257838468,39.837098992425375,0,0,1,0,0,0,0,0.2437568348654877,0.2437568348654877,18.33002310907267,6.488285546627168,2.0,0.5211726384364821,0.005211726384364821,1.0,1.0208469055374594
Haram_Makkah,500,152,D_500_Haram_Makkah_0152,250000.0,21.458377353580133,39.83712478204505,0,0,0,0,0,0,0,0.4806404227980568,0.4806404227980568,18.661781778730923,6.814510684554475,0.0,0.0,0.0,1.0,1.0
Haram_Makkah,500,153,D_500_Haram_Makkah_0153,250000.0,21.395113652311323,39.841587617025105,0,0,0,0,0,0,0,2.0222173019799685,2.2663113009332556,14.434767904991729,5.132287830052664,0.0,0.0,0.0,1.0,1.0
Haram_Makkah,500,154,D_500_Haram_Makkah_0154,250000.0,21.399630774497453,39.84161346692392,0,0,0,0,0,0,0,1.6504799457059791,2.4050528321283164,14.63334809429526,4.917789580816562,0.0,0.0,0.0,1.0,1.0
Haram_Makkah,500,155,D_500_Haram_Makkah_0155,250000.0,21.40414789422196,39.84163932361205,0,0,0,1,0,1,0,1.3633800959116573,2.28631799644703,14.846118294916355,4.746465037464112,4.0,1.0423452768729642,0.010423452768729642,1.0,1.0416938110749185
Haram_Makkah,500,156,D_500_Haram_Makkah_0156,250000.0,21.408665011484413,39.84166518709044,0,0,0,1,0,1,0,1.2220992270182272,2.001532993678262,15.07247758016198,4.623116518383508,4.0,1.0423452768729642,0.010423452768729642,1.0,1.0416938110749185
Haram_Makkah,500,157,D_500_Haram_Makkah_0157,250000.0,21.41318212628439,39.841691057360016,0,0,0,0,0,0,0,1.2760281170213361,1.7438145018487414,15.311823287326723,4.551646112477519,0.0,0.0,0.0,1.0,1.0
Haram_Makkah,500,158,D_500_Haram_Makkah_0158,250000.0,21.417699238621474,39.84171693442175,0,0,0,0,0,0,0,1.426900167024363,1.6048812133405022,15.563556288977026,4.534507506214205,0.0,0.0,0.0,1.0,1.0
Haram_Makkah,500,159,D_500_Haram_Makkah_0159,250000.0,21.42221634849525,39.84174281827654,0,0,0,0,0,0,0,1.4233060726824545,1.615672739452081,15.827085528864488,4.572311703569019,0.0,0.0,0.0,1.0,1.0
Haram_Makkah,500,160,D_500_Haram_Makkah_0160,250000.0,21.42673345590528,39.84176870892537,0,0,0,0,0,0,0,1.348545128445834,1.348545128445834,16.1018318310628,4.663722794643297,0.0,0.0,0.0,1.0,1.0
Haram_Makkah,500,161,D_500_Haram_Makkah_0161,250000.0,21.431250560851154,39.84179460636918,0,1,2,0,0,3,0,1.1175270136387936,1.1175270136387936,16.38723101361736,4.805682708622859,9.0,2.3452768729641695,0.023452768729641697,1.0,1.0938110749185668
Haram_Makkah,500,162,D_500_Haram_Makkah_0162,250000.0,21.435767663332452,39.84182051060888,0,0,4,0,0,1,0,0.9458512432938985,1.0439354917476926,16.682736354432325,4.993882486266371,9.0,2.3452768729641695,0.023452768729641697,1.0,1.0938110749185668
Haram_Makkah,500,163,D_500_Haram_Makkah_0163,250000.0,21.440284763348757,39.84184642164545,0,5,5,4,5,0,0,0.7263270639456392,0.7263270639456392,16.98782046789209,5.22332636136392,42.0,10.944625407166123,0.10944625407166124,1.0,1.437785016286645
Haram_Makkah,500,164,D_500_Haram_Makkah_0164,250000.0,21.444801860899638,39.84187233947982,0,0,0,0,0,0,0,0.682129530741258,0.682129530741258,17.30197665664732,5.488844529406942,0.0,0.0,0.0,1.0,1.0
Haram_Makkah,500,165,D_500_Haram_Makkah_0165,250000.0,21.449318955984683,39.84189826411293,0,0,2,0,0,0,0,0.6379777103553061,0.6379777103553061,17.62471980500695,5.78541833357201,4.0,1.0423452768729642,0.010423452768729642,1.0,1.0416938110749185
Haram_Makkah,500,166,D_500_Haram_Makkah_0166,250000.0,21.453836048603467,39.84192419554572,0,0,0,0,0,0,0,0.2803807775045447,0.2803807775045447,17.955586879376558,6.108254401199022,0.0,0.0,0.0,1.0,1.0
Haram_Makkah,500,167,D_500_Haram_Makkah_0167,250000.0,21.395089377018085,39.84641088492166,0,0,0,0,0,0,0,1.8486638276365135,1.8486638276365135,13.974114550649741,4.696472187329229,0.0,0.0,0.0,1.0,1.0
Haram_Makkah,500,168,D_500_Haram_Makkah_0168,250000.0,21.399606493586894,39.84643688292723,0,0,0,0,0,0,0,1.9057413729625456,1.9057413729625456,14.17914769838146,4.461067921141557,0.0,0.0,0.0,1.0,1.0
Haram_Makkah,500,169,D_500_Haram_Makkah_0169,250000.0,21.404123607693734,39.84646288776101,0,0,0,1,0,2,0,1.8235831017142825,1.8401710219449685,14.398631234612257,4.27146379918167,5.0,1.3029315960912051,0.013029315960912051,1.0,1.0521172638436482
Haram_Makkah,500,170,D_500_Haram_Makkah_0170,250000.0,21.408640719338187,39.84648889942393,0,0,0,1,0,1,0,1.6467029570293286,1.6467029570293286,14.631914892049743,4.133966494590971,4.0,1.0423452768729642,0.010423452768729642,1.0,1.0416938110749185
Haram_Makkah,500,171,D_500_Haram_Makkah_0171,250000.0,21.413157828519847,39.84651491791697,0,0,0,0,0,0,0,1.439317704460819,1.5928062868322312,14.878349551815969,4.053881469540275,0.0,0.0,0.0,1.0,1.0
Haram_Makkah,500,172,D_500_Haram_Makkah_0172,250000.0,21.417674935238256,39.84654094324107,0,3,0,0,0,0,0,1.3387068777037943,1.6918726624824416,15.137292933806158,4.034628974238309,6.0,1.5635179153094463,0.015635179153094463,1.0,1.062540716612378
Haram_Makkah,500,173,D_500_Haram_Makkah_0173,250000.0,21.42219203949303,39.84656697539715,0,24,2,5,6,0,4,1.4186742947021074,1.4362375883726168,15.408114399292772,4.077070878761434,80.0,20.846905537459282,0.20846905537459282,1.0,1.8338762214983713
Haram_Makkah,500,174,D_500_Haram_Makkah_0174,250000.0,21.42670914128373,39.84659301438619,0,0,0,0,0,0,0,0.9988767308673677,0.9988767308673677,15.690198893561824,4.179328048996129,0.0,0.0,0.0,1.0,1.0
Haram_Makkah,500,175,D_500_Haram_Makkah_0175,250000.0,21.431226240609934,39.84661906020912,0,4,2,0,0,0,1,0.6542533043292398,0.6542533043292398,15.982950081176007,4.337171766463377,12.25,3.192182410423453,0.031921824104234525,1.0,1.127687296416938
Haram_Makkah,500,176,D_500_Haram_Makkah_0176,250000.0,21.43574333747123,39.846645112866895,0,12,1,4,2,0,7,0.598615109217248,0.598615109217248,16.285792743222526,4.544814069077887,43.75,11.400651465798045,0.11400651465798045,1.0,1.4560260586319218
Haram_Makkah,500,177,D_500_Haram_Makkah_0177,250000.0,21.440260431867195,39.846671172360466,0,0,4,0,0,0,1,0.8262486820182946,0.8262486820182946,16.598174515681986,4.795790958034927,8.25,2.1498371335504887,0.021498371335504887,1.0,1.0859934853420194
Haram_Makkah,500,178,D_500_Haram_Makkah_0178,250000.0,21.444777523797406,39.84669723869078,0,0,2,0,0,0,0,1.1709326386052552,1.1709326386052552,16.91956705211071,5.083688316945761,4.0,1.0423452768729642,0.010423452768729642,1.0,1.0416938110749185
Haram_Makkah,500,179,D_500_Haram_Makkah_0179,250000.0,21.449294613261443,39.84672331185878,0,0,4,0,0,0,0,0.96239884910603,0.96239884910603,17.249466693457677,5.402220635037721,8.0,2.0846905537459284,0.020846905537459284,1.0,1.083387622149837
Haram_Makkah,500,180,D_500_Haram_Makkah_0180,250000.0,21.45381170025888,39.84674939186544,0,1,1,2,1,0,0,0.7731813281788855,0.7731813281788855,17.587394724248988,5.746624602752772,12.0,3.1270358306188926,0.031270358306188926,1.0,1.1250814332247556
Haram_Makkah,500,181,D_500_Haram_Makkah_0181,250000.0,21.39958207395281,39.85126029210232,0,0,0,0,0,0,0,1.4069190580534128,1.4069190580534128,13.728131062027991,4.014673041841459,0.0,0.0,0.0,1.0,1.0
Haram_Makkah,500,182,D_500_Haram_Makkah_0182,250000.0,21.404099182409894,39.851286445080795,0,0,0,0,0,0,0,1.3891950802609065,1.3891950802609065,13.95471011644646,3.8028772822127475,0.0,0.0,0.0,1.0,1.0
Haram_Makkah,500,183,D_500_Haram_Makkah_0183,250000.0,21.40861628840426,39.85131260492734,0,0,0,0,0,0,0,1.1707305573092224,1.1707305573092224,14.19529099426597,3.647759807642366,0.0,0.0,0.0,1.0,1.0
Haram_Makkah,500,184,D_500_Haram_Makkah_0184,250000.0,21.413133391935478,39.85133877164288,0,0,0,0,0,0,0,0.9915914660904318,1.0936230047419027,14.44917431515462,3.5567439611156058,0.0,0.0,0.0,1.0,1.0
Haram_Makkah,500,185,D_500_Haram_Makkah_0185,250000.0,21.417650493003134,39.85136494522838,0,5,1,0,0,0,32,0.8389006411133872,1.2010474940478457,14.715671590775576,3.5347848018816626,20.0,5.2117263843648205,0.052117263843648204,1.0,1.208469055374593
Haram_Makkah,500,186,D_500_Haram_Makkah_0186,250000.0,21.422167591606804,39.851391125684806,0,18,0,0,3,0,3,0.9613817845671573,1.2601431432050834,14.994110255210037,3.583152185756955,42.75,11.140065146579804,0.11140065146579804,1.0,1.4456026058631921
Haram_Makkah,500,187,D_500_Haram_Makkah_0187,250000.0,21.426684687746068,39.8514173130131,0,0,2,0,0,0,0,0.7755757545786811,0.7755757545786811,15.283837683096161,3.699088479203505,4.0,1.0423452768729642,0.010423452768729642,1.0,1.0416938110749185
Haram_Makkah,500,188,D_500_Haram_Makkah_0188,250000.0,21.4312017814205,39.85144350721421,0,19,2,4,5,0,0,0.31852904539542426,0.31852904539542426,15.584224276526106,3.8765360268746836,64.0,16.677524429967427,0.16677524429967427,1.0,1.667100977198697
Haram_Makkah,500,189,D_500_Haram_Makkah_0189,250000.0,21.435718872629682,39.8514697082891,0,1,1,0,0,0,3,0.14145251861929187,0.14145251861929187,15.894665717746348,4.107530591284575,4.75,1.237785016286645,0.01237785016286645,1.0,1.0495114006514659
Haram_Makkah,500,190,D_500_Haram_Makkah_0190,250000.0,21.4402359613732,39.85149591623873,0,2,0,2,1,1,1,0.5260449408512976,0.5260449408512976,16.214584492263022,4.383615351398874,13.25,3.452768729641694,0.03452768729641694,1.0,1.1381107491856677
Haram_Makkah,500,191,D_500_Haram_Makkah_0191,250000.0,21.44475304765063,39.851522131064044,0,2,3,4,6,0,1,1.0142756627374003,1.0142756627374003,16.543430787916147,4.6965097412320445,34.25,8.925081433224756,0.08925081433224756,1.0,1.3570032573289903
Haram_Makkah,500,192,D_500_Haram_Makkah_0192,250000.0,21.449270131461546,39.851548352766,0,0,0,0,0,0,1,1.0873723769590509,1.2067662497594844,16.880682871625996,5.039534729002627,0.25,0.06514657980456026,0.0006514657980456026,1.0,1.0026058631921824
Haram_Makkah,500,193,D_500_Haram_Makkah_0193,250000.0,21.40407461837126,39.856109995532535,0,0,0,0,0,0,0,0.9445811715982487,0.9445811715982487,13.514706339308848,3.3434036937558296,0.0,0.0,0.0,1.0,1.0
Haram_Makkah,500,194,D_500_Haram_Makkah_0194,250000.0,21.408591718683432,39.85613630356172,0,0,0,0,0,0,0,0.7277289653064456,0.7277289653064456,13.762980760561652,3.165852847196373,0.0,0.0,0.0,1.0,1.0
Haram_Makkah,500,195,D_500_Haram_Makkah_0195,250000.0,21.41310881653213,39.856162618498814,0,1,1,2,1,0,0,0.5958109478929835,0.5958109478929835,14.024692203161734,3.0605392075225306,12.0,3.1270358306188926,0.031270358306188926,1.0,1.1250814332247556
Haram_Makkah,500,196,D_500_Haram_Makkah_0196,250000.0,21.41762591191692,39.856188940344786,0,24,4,4,14,1,15,0.3396652277014272,0.7063104734204039,14.299102886938782,3.034991965634159,100.75,26.254071661237784,0.2625407166123778,1.0,2.0501628664495115
Haram_Makkah,500,197,D_500_Haram_Makkah_0197,250000.0,21.422143004837395,39.85621526910059,0,16,3,10,12,2,11,0.5795456124814875,0.9391781435860367,14.585496061125118,3.0911894510277356,96.75,25.21172638436482,0.2521172638436482,1.0,2.0084690553745927
Haram_Makkah,500,198,D_500_Haram_Makkah_0198,250000.0,21.426660095293116,39.85624160476719,0,14,4,5,12,2,13,0.7799166559519817,0.7799166559519817,14.883180013926182,3.2248609602316827,80.25,20.912052117263844,0.20912052117263843,1.0,1.8364820846905539
Haram_Makkah,500,199,D_500_Haram_Makkah_0199,250000.0,21.43117718328367,39.85626794734553,0,20,3,0,4,0,7,0.34903724723133034,0.34903724723133034,15.191491016512078,3.426952611797786,55.75,14.527687296416937,0.14527687296416938,1.0,1.5811074918566774
Haram_Makkah,500,200,D_500_Haram_Makkah_0200,250000.0,21.43569426880864,39.856294296836595,0,2,3,0,0,0,8,0.19069348015535773,0.19069348015535773,15.509795333356356,3.686228451166439,12.0,3.1270358306188926,0.031270358306188926,1.0,1.1250814332247556
Haram_Makkah,500,201,D_500_Haram_Makkah_0201,250000.0,21.440211351867603,39.85632065324131,0,0,1,0,0,0,0,0.6005718786730518,0.6005718786730518,15.837490434422936,3.991292987159376,2.0,0.5211726384364821,0.005211726384364821,1.0,1.0208469055374594
Haram_Makkah,500,202,D_500_Haram_Makkah_0202,250000.0,21.44472843246013,39.856347016560676,0,0,1,0,0,0,0,0.5382191439062813,0.8584304324403299,16.17400554093739,4.332450374174378,2.0,0.5211726384364821,0.005211726384364821,1.0,1.0208469055374594
Haram_Makkah,500,203,D_500_Haram_Makkah_0203,250000.0,21.413084102310624,39.860986458445886,0,0,1,1,1,0,0,0.11819515538956266,0.11819515538956266,13.605342494664626,2.5658084255518667,7.0,1.8241042345276872,0.018241042345276872,1.0,1.0729641693811074
Haram_Makkah,500,204,D_500_Haram_Makkah_0204,250000.0,21.417601191980452,39.86101292855136,0,13,2,2,7,2,5,0.10659126484014483,0.23501890725662944,13.888041488091924,2.5352808261244366,53.25,13.876221498371336,0.13876221498371336,1.0,1.5550488599348533
Haram_Makkah,500,205,D_500_Haram_Makkah_0205,250000.0,21.422118279185618,39.86103940560559,0,11,1,0,5,5,3,0.4974849728339067,0.6621291318877754,14.182737688923037,2.602292231475063,39.75,10.35830618892508,0.1035830618892508,1.0,1.4143322475570033
Haram_Makkah,500,206,D_500_Haram_Makkah_0206,250000.0,21.4266353639257,39.86106588960953,0,2,0,1,5,1,2,0.983865818205223,1.055946129957562,14.488699055837737,2.759746518917402,18.5,4.82084690553746,0.0482084690553746,1.0,1.1928338762214983
Haram_Makkah,500,207,D_500_Haram_Makkah_0207,250000.0,21.43115244620027,39.861092380564145,0,9,2,0,0,0,1,0.7823785118715131,0.7823785118715131,14.805227195435696,2.9934055587838375,22.25,5.798045602605863,0.057980456026058634,1.0,1.2319218241042345
Haram_Makkah,500,208,D_500_Haram_Makkah_0208,250000.0,21.435669526008915,39.8611188784704,0,7,1,0,0,0,3,0.6764301480381819,0.6764301480381819,15.131659006411166,3.2868884479409615,16.75,4.364820846905538,0.04364820846905538,1.0,1.1745928338762215
Mina,500,1,D_500_Mina_0001,250000.0,21.408719185856008,39.86593447887393,0,11,1,0,3,3,15,0.178330953215602,0.178330953215602,12.91073025508598,2.2039548037218637,36.75,9.576547231270359,0.09576547231270359,1.0,1.3830618892508144
Mina,500,2,D_500_Mina_0002,250000.0,21.413236271967435,39.86596109512775,0,9,3,4,5,0,15,0.18848505226181062,0.4350200093911832,13.190109481811202,2.0545980658678307,49.75,12.964169381107492,0.12964169381107493,1.0,1.5185667752442997
Mina,500,3,D_500_Mina_0003,250000.0,21.417753355614263,39.865987718369524,0,8,2,0,3,2,0,0.35633498184008233,0.35633498184008233,13.482248349764928,2.021219841503389,28.0,7.296416938110749,0.07296416938110749,1.0,1.29185667752443
Mina,500,4,D_500_Mina_0004,250000.0,21.42227043679605,39.866014348600196,0,3,0,0,34,0,4,0.724857313893334,0.7278984575799203,13.78633573460738,2.109333089653253,75.0,19.54397394136808,0.19543973941368079,1.0,1.781758957654723
Mina,500,5,D_500_Mina_0005,250000.0,21.399660027187025,39.87070465441232,0,2,0,4,2,0,0,0.10479793743702692,0.6200520791064674,11.959588888893016,2.421053294548995,20.0,5.2117263843648205,0.052117263843648204,1.0,1.208469055374593
Mina,500,6,D_500_Mina_0006,250000.0,21.404177112447282,39.87073140483553,0,5,4,2,3,0,5,0.2758002857433162,0.6688841954059707,12.219811733979643,2.0555912751482714,31.25,8.143322475570033,0.08143322475570032,1.0,1.3257328990228012
Mina,500,7,D_500_Mina_0007,250000.0,21.40869419524343,39.87075816228364,0,12,0,2,10,2,8,0.17853373934189762,0.2511222039252557,12.49463209688384,1.7576723033275712,54.0,14.071661237785015,0.14071661237785016,1.0,1.5628664495114006
Mina,500,8,D_500_Mina_0008,250000.0,21.41321127557504,39.870784926757636,0,4,3,0,5,1,1,0.42275129301359055,0.42275129301359055,12.783108528798978,1.5663231982269827,25.25,6.579804560260587,0.06579804560260587,1.0,1.2631921824104235
Mina,500,9,D_500_Mina_0009,250000.0,21.41772835344169,39.87081169825847,2,0,0,4,15,0,3,0.6143829672130935,0.8359763958232179,13.084337815939579,1.5222761893701013,50.75,13.224755700325733,0.13224755700325733,1.0,1.5289902280130292
Mina,500,10,D_500_Mina_0010,250000.0,21.42224542884297,39.870838476787135,3,0,0,0,29,0,22,0.2829108522879279,1.0496275909282458,13.397459778040007,1.6374618261633795,75.5,19.6742671009772,0.196742671009772,1.0,1.786970684039088
Mina,500,11,D_500_Mina_0011,250000.0,21.42676250177844,39.8708652623446,9,0,0,0,2,0,6,0.2599543800972234,1.4158317784617238,13.721660283171754,1.8828801522033904,41.5,10.814332247557003,0.10814332247557003,1.0,1.43257328990228
Mina,500,12,D_500_Mina_0012,250000.0,21.431279572247696,39.87089205493185,0,0,0,0,0,0,0,0.7219821593777342,1.7326504503739009,14.056172784557909,2.214781263273888,0.0,0.0,0.0,1.0,1.0
Mina,500,13,D_500_Mina_0013,250000.0,21.39511782749938,39.87550114297271,0,0,3,0,0,0,0,0.25637241472581945,0.25637241472581945,11.276906024510774,2.588557687866639,6.0,1.5635179153094463,0.015635179153094463,1.0,1.062540716612378
Mina,500,14,D_500_Mina_0014,250000.0,21.39963490941245,39.875528034474485,0,2,1,0,1,0,1,0.3169756362906077,0.3221523106142064,11.530856078722893,2.1398268765890602,8.25,2.1498371335504887,0.021498371335504887,1.0,1.0859934853420194
Mina,500,15,D_500_Mina_0015,250000.0,21.40415198886148,39.87555493303908,0,5,2,4,3,3,3,0.42472039574058545,0.4856680610869361,11.800537035694349,1.7196131600433269,35.75,9.315960912052118,0.09315960912052118,1.0,1.3726384364820847
Mina,500,16,D_500_Mina_0016,250000.0,21.408669065846052,39.87558183866748,0,0,0,0,6,0,0,0.46482237859599035,0.6741300590849917,12.08489581061282,1.3495951522293717,12.0,3.1270358306188926,0.031270358306188926,1.0,1.1250814332247556
Mina,500,17,D_500_Mina_0017,250000.0,21.41318614036574,39.875608751360666,5,0,1,0,0,0,0,0.37624319917752824,0.42390583748441163,12.382921269875723,1.0887440058802502,22.0,5.732899022801303,0.05732899022801303,1.0,1.229315960912052
Mina,500,18,D_500_Mina_0018,250000.0,21.417703212420125,39.875635671119596,5,0,1,0,26,0,13,0.2063417489853163,0.6175918977553375,12.693650838057343,1.0243631903574666,77.25,20.13029315960912,0.2013029315960912,1.0,1.8052117263843648
Mina,500,19,D_500_Mina_0019,250000.0,21.422220282008787,39.87566259794528,13,0,0,0,18,0,18,0.023526208525195172,1.0128070151322222,13.016174707689169,1.188813013546908,92.5,24.104234527687296,0.24104234527687296,1.0,1.9641693811074918
Mina,500,20,D_500_Mina_0020,250000.0,21.426737349131304,39.87568953183868,7,0,0,0,2,0,6,0.39503477724220665,1.4731382649395282,13.34963806414468,1.5080829129915805,33.5,8.729641693811075,0.08729641693811076,1.0,1.349185667752443
Mina,500,21,D_500_Mina_0021,250000.0,21.431254413787258,39.87571647280078,0,0,0,0,0,0,0,0.7808549378462072,1.9530731285225973,13.693241722332731,1.9062269152782318,0.0,0.0,0.0,1.0,1.0
Mina,500,22,D_500_Mina_0022,250000.0,21.43577147597622,39.87574342083257,0,0,0,0,0,0,0,1.2503665033448426,1.7991021437897228,14.046241536041132,2.3437337802329763,0.0,0.0,0.0,1.0,1.0
Mina,500,23,D_500_Mina_0023,250000.0,21.395092576848008,39.88032436787054,0,0,1,0,0,0,0,0.41410514539739374,0.41410514539739374,10.844237409911994,2.4317997608504207,2.0,0.5211726384364821,0.005211726384364821,1.0,1.0208469055374594
Mina,500,24,D_500_Mina_0024,250000.0,21.3996096529181,39.88035140747383,0,7,2,4,4,0,1,0.18337735584628304,0.4577536101947435,11.108083427176268,1.947274565959197,38.25,9.96742671009772,0.09967426710097721,1.0,1.3986970684039088
Mina,500,25,D_500_Mina_0025,250000.0,21.404126726523803,39.88037845417884,0,3,1,0,0,0,0,0.03439002318573294,0.03439002318573294,11.38778072530734,1.4731280981608472,8.0,2.0846905537459284,0.020846905537459284,1.0,1.083387622149837
Mina,500,26,D_500_Mina_0026,250000.0,21.408643797664713,39.88040550798654,0,0,0,0,0,0,1,0.5036421002580207,0.5036421002580207,11.682190816377496,1.0238820986570722,0.25,0.06514657980456026,0.0006514657980456026,1.0,1.0026058631921824
Mina,500,27,D_500_Mina_0027,250000.0,21.41316086634038,39.88043256889792,18,0,1,0,1,1,10,0.03632558549891463,0.03632558549891463,11.990229968304527,0.6460330172493857,79.5,20.71661237785016,0.2071661237785016,1.0,1.8286644951140065
Mina,500,28,D_500_Mina_0028,250000.0,21.4176779325504,39.88045963691398,31,0,3,1,73,0,183,0.11213367870321378,0.39513164216310914,12.310875156356728,0.5303914543009705,324.75,84.62540716612378,0.8462540716612378,1.0,4.385016286644952
Mina,500,29,D_500_Mina_0029,250000.0,21.422194996294355,39.8804867120357,5,0,0,0,4,0,7,0.33099193937209515,0.8946995654221127,12.64316730641395,0.8021047941293354,29.75,7.752442996742671,0.07752442996742671,1.0,1.3100977198697068
Mina,500,30,D_500_Mina_0030,250000.0,21.42671205757181,39.880513794264054,0,0,0,0,0,0,0,0.7109457972235312,1.394577215536852,12.98621237931014,1.2258707439364298,0.0,0.0,0.0,1.0,1.0
Mina,500,31,D_500_Mina_0031,250000.0,21.431229116382355,39.880540883600034,0,0,0,0,0,0,0,1.0946280781424675,1.8945194398111944,13.339180798801747,1.6917878297568072,0.0,0.0,0.0,1.0,1.0
Mina,500,32,D_500_Mina_0032,250000.0,21.43574617272556,39.88056798004463,0,0,0,0,0,0,0,1.466933055113926,2.1525986533150365,13.701305660618425,2.172908889251282,0.0,0.0,0.0,1.0,1.0
Mina,500,33,D_500_Mina_0033,250000.0,21.390550114850452,39.88512040510344,0,0,1,4,2,1,1,0.7396435332880269,0.7396435332880269,10.160429523245996,2.872009939392869,19.25,5.01628664495114,0.050162866449511394,1.0,1.2006514657980456
Mina,500,34,D_500_Mina_0034,250000.0,21.395067187509795,39.885147585667646,0,0,0,4,2,2,0,0.8803933929757988,0.8816117784245203,10.417598596577916,2.372060127891122,18.0,4.690553745928339,0.04690553745928339,1.0,1.1876221498371335
Mina,500,35,D_500_Mina_0035,250000.0,21.39958425770482,39.88517477337147,0,1,1,0,1,0,0,0.5975451692454,0.6969199178621029,10.691977971451097,1.8721371233673731,6.0,1.5635179153094463,0.015635179153094463,1.0,1.062540716612378
Mina,500,36,D_500_Mina_0036,250000.0,21.40410132543511,39.88520196821589,0,0,0,0,0,0,0,0.3585325062798881,0.3585325062798881,10.982277785804218,1.3722702237714257,0.0,0.0,0.0,1.0,1.0
Mina,500,37,D_500_Mina_0037,250000.0,21.40861839070026,39.88522917020192,11,0,0,0,1,0,1,0.3046167995985589,0.5071661667573178,11.287269722441387,0.8725558580452569,46.25,12.052117263843648,0.12052117263843648,1.0,1.482084690553746
Mina,500,38,D_500_Mina_0038,250000.0,21.413135453499816,39.88525637933052,44,0,0,0,3,0,323,0.0456470023606745,0.4979065361511967,11.60579554402521,0.3736065895678374,262.75,68.46905537459283,0.6846905537459282,1.0,3.738762214983713
Mina,500,39,D_500_Mina_0039,250000.0,21.417652513833374,39.885283595602715,35,0,0,0,16,0,299,0.11149048871251913,0.6432528005951805,11.936771868151318,0.11149048871251913,246.75,64.29967426710098,0.6429967426710098,1.0,3.5719869706840393
Mina,500,40,D_500_Mina_0040,250000.0,21.422169571700515,39.88531081901947,8,0,0,0,8,0,12,0.4983920622744626,1.0369168601348875,12.27919195447575,0.609768078163615,51.0,13.289902280130294,0.13289902280130295,1.0,1.5315960912052118
Mina,500,41,D_500_Mina_0041,250000.0,21.426686627100803,39.8853380495818,0,0,0,0,0,0,0,0.8841655955535153,1.489817060098318,12.632125216187312,1.1095963631976002,0.0,0.0,0.0,1.0,1.0
Mina,500,42,D_500_Mina_0042,250000.0,21.431203680033835,39.885365287290675,0,0,0,0,0,0,0,1.087969485260957,1.9656838937855694,12.994715075753243,1.6095313197621637,0.0,0.0,0.0,1.0,1.0
Mina,500,43,D_500_Mina_0043,250000.0,21.43572073049918,39.885392532147094,0,0,0,0,0,0,1,1.441294960324378,2.45117756762255,13.366175680522158,2.1094971081680405,0.25,0.06514657980456026,0.0006514657980456026,1.0,1.0026058631921824
Mina,500,44,D_500_Mina_0044,250000.0,21.44023777849642,39.88541978415205,0,0,0,0,0,0,1,1.8630578961626256,2.3225981046904085,13.745787891028845,2.609476006680904,0.25,0.06514657980456026,0.0006514657980456026,1.0,1.0026058631921824
Mina,500,45,D_500_Mina_0045,250000.0,21.39052459273305,39.88994346770028,0,0,1,2,1,0,0,0.7364568450416192,0.7364568450416192,9.72950171456567,2.908858928416797,10.0,2.6058631921824102,0.026058631921824102,1.0,1.1042345276872965
Mina,500,46,D_500_Mina_0046,250000.0,21.39504165948559,39.88997079632513,0,0,0,2,1,3,2,0.6233299696342678,0.6233299696342678,9.997761551282847,2.4165447282824153,11.5,2.996742671009772,0.02996742671009772,1.0,1.1198697068403909
Mina,500,47,D_500_Mina_0047,250000.0,21.399558723773463,39.88999813212849,0,0,0,0,0,0,0,0.6422568725357102,0.6422568725357102,10.283349087669974,1.9281899756375012,0.0,0.0,0.0,1.0,1.0
Mina,500,48,D_500_Mina_0048,250000.0,21.404075785596255,39.890025475111344,3,0,0,2,0,0,2,0.202893698678212,0.202893698678212,10.584861873518058,1.447806872655453,18.5,4.82084690553746,0.0482084690553746,1.0,1.1928338762214983
Mina,500,49,D_500_Mina_0049,250000.0,21.40859284495354,39.890052825274694,26,0,0,0,6,0,200,0.18592531960393624,0.2700632182213585,10.900978548003364,0.9871032868285765,166.0,43.25732899022801,0.4325732899022801,1.0,2.7302931596091202
Mina,500,50,D_500_Mina_0050,250000.0,21.413109901844887,39.89008018261954,49,0,0,0,29,0,496,0.17168268174182866,0.17168268174182866,11.230465962131884,0.5938022037911233,378.0,98.50162866449512,0.9850162866449511,1.0,4.940065146579805
Mina,500,51,D_500_Mina_0051,250000.0,21.41762695626989,39.890107547146876,20,0,0,0,11,0,18,0.3570653790744733,0.6704180910099843,11.572182082441328,0.47545381612353926,106.5,27.752442996742673,0.2775244299674267,1.0,2.1100977198697066
Mina,500,52,D_500_Mina_0052,250000.0,21.422144008228116,39.89013491885769,10,0,0,0,4,0,57,0.3963993852891356,1.170233263198785,11.925075705074137,0.7741472492361271,62.25,16.221498371335503,0.16221498371335502,1.0,1.64885993485342
Mina,500,53,D_500_Mina_0053,250000.0,21.42666105771915,39.89016229775299,5,0,0,0,0,0,38,0.40357968713074854,1.670159083393041,12.288183876973958,1.2081593841887857,29.5,7.687296416938111,0.07687296416938111,1.0,1.3074918566775244
Mina,500,54,D_500_Mina_0054,250000.0,21.431178104742564,39.89018968383376,0,0,0,0,0,0,0,0.7460094675418077,2.153746139347317,12.660627765513686,1.6789985341498717,0.0,0.0,0.0,1.0,1.0
Mina,500,55,D_500_Mina_0055,250000.0,21.435695149297942,39.89021707710101,0,0,0,0,0,0,1,1.2042357275299012,2.604415621685885,13.041607563466606,2.1629662636646487,0.25,0.06514657980456026,0.0006514657980456026,1.0,1.0026058631921824
Mina,500,56,D_500_Mina_0056,250000.0,21.440212191384855,39.89024447755574,0,0,0,0,0,0,1,1.6863680645864145,2.791303350475618,13.43039687656484,2.652887113660399,0.25,0.06514657980456026,0.0006514657980456026,1.0,1.0026058631921824
Mina,500,57,D_500_Mina_0057,250000.0,21.390498931962608,39.8947665231196,0,0,0,0,0,3,0,0.42012188675107887,0.42012188675107887,9.305486506928247,3.0289403161648467,3.0,0.7817589576547231,0.007817589576547232,1.0,1.0312703583061889
Mina,500,58,D_500_Mina_0058,250000.0,21.395015992776255,39.89479399980411,0,1,2,4,2,1,0,0.15057877062483918,0.15057877062483918,9.58562004010158,2.559825696653625,23.0,5.993485342019544,0.05993485342019544,1.0,1.2397394136807818
Mina,500,59,D_500_Mina_0059,250000.0,21.399533051124887,39.89482148370601,0,0,0,0,0,0,0,0.45943360098262054,0.45943360098262054,9.883124201170919,2.1049788017003004,0.0,0.0,0.0,1.0,1.0
Mina,500,60,D_500_Mina_0060,250000.0,21.404050107008082,39.8948489748263,15,0,0,0,6,1,65,0.33619390132368243,0.342219263391053,10.196478627366586,1.6760560593151554,89.25,23.257328990228014,0.23257328990228016,1.0,1.9302931596091206
Mina,500,61,D_500_Mina_0061,250000.0,21.408567160425417,39.89487647316599,26,0,0,0,10,0,440,0.2410791565476453,0.40501175983983334,10.524267614466906,1.2989965636315066,234.0,60.9771986970684,0.609771986970684,1.0,3.439087947882736
Mina,500,62,D_500_Mina_0062,250000.0,21.41308421137646,39.89490397872607,47,0,0,0,13,0,398,0.11445088891885646,0.4671063688671163,10.865184823254975,1.0305389675276293,313.5,81.69381107491857,0.8169381107491858,1.0,4.267752442996743
Mina,500,63,D_500_Mina_0063,250000.0,21.41760125986081,39.89493149150755,41,0,1,0,6,0,343,0.08452602576985933,0.7986756194641054,11.218033413484893,0.9670874809583351,263.75,68.72964169381108,0.6872964169381107,1.0,3.749185667752443
Mina,500,64,D_500_Mina_0064,250000.0,21.422118305878026,39.894959011511425,33,0,0,0,8,0,265,0.24934801860218436,1.1557333173203312,11.581722932648528,1.1438993959521808,214.25,55.83061889250814,0.5583061889250814,1.0,3.2332247557003257
Mina,500,65,D_500_Mina_0065,250000.0,21.42663534942769,39.8949865387387,26,0,0,0,0,0,194,0.18902139738022503,1.5903500639521395,11.955264050250424,1.4770759832497413,152.5,39.73941368078176,0.3973941368078176,1.0,2.58957654723127
Mina,500,66,D_500_Mina_0066,250000.0,21.431152390509393,39.89501407319038,0,0,0,0,0,0,0,0.6552729587469878,2.0548894019354753,12.337761990482043,1.8834757991701148,0.0,0.0,0.0,1.0,1.0
Mina,500,67,D_500_Mina_0067,250000.0,21.435669429122697,39.895041614867466,0,0,0,0,0,0,1,1.1502331121396612,2.532968136882282,12.728409301886733,2.325267310683547,0.25,0.06514657980456026,0.0006514657980456026,1.0,1.0026058631921824
Mina,500,68,D_500_Mina_0068,250000.0,21.440186465267185,39.895069163770955,0,0,0,0,0,0,3,1.6482383850826763,3.0181591592782278,13.12647842259797,2.7868001446475286,0.75,0.19543973941368079,0.001954397394136808,1.0,1.0078175895765473
Mina,500,69,D_500_Mina_0069,250000.0,21.390473132539984,39.89958957132254,1,0,0,2,3,1,0,0.4509539362598003,0.5573473915305581,8.889373130176903,3.222964258620856,17.0,4.429967426710098,0.04429967426710098,1.0,1.1771986970684039
Mina,500,70,D_500_Mina_0070,250000.0,21.394990187382653,39.8996171960657,1,0,0,0,0,0,0,0.1783784772840638,0.3959894964282749,9.182210358627405,2.7867053613015673,4.0,1.0423452768729642,0.010423452768729642,1.0,1.0416938110749185
Mina,500,71,D_500_Mina_0071,250000.0,21.399507239759952,39.89964482806514,4,0,0,2,2,1,2,0.052060026639505305,0.052060026639505305,9.492366380026517,2.375700934264731,27.5,7.166123778501628,0.07166123778501628,1.0,1.286644951140065
Mina,500,72,D_500_Mina_0072,250000.0,21.404024289671458,39.89967246732187,35,0,0,0,3,1,175,0.3574428738044306,0.5328873499184784,9.8182000343867,2.005538104206881,190.75,49.70684039087948,0.49706840390879475,1.0,2.988273615635179
Mina,500,73,D_500_Mina_0073,250000.0,21.40854133711675,39.899700113836886,51,0,0,0,9,0,566,0.08166521849032884,0.5232904948672932,10.158202810428836,1.7023409752218819,363.5,94.72312703583061,0.9472312703583061,1.0,4.7889250814332245
Mina,500,74,D_500_Mina_0074,250000.0,21.4130583820954,39.8997277676112,40,0,0,0,7,0,398,0.10281370843887956,0.15064302891417944,10.510999798324498,1.5070542220347662,273.5,71.27035830618892,0.7127035830618893,1.0,3.850814332247557
Mina,500,75,D_500_Mina_0075,250000.0,21.417575424606987,39.899755428645825,38,0,0,0,3,0,390,0.024700016917088022,0.47404274626678705,10.875345933943938,1.4643975076413644,255.5,66.57980456026058,0.6657980456026058,1.0,3.663192182410423
Mina,500,76,D_500_Mina_0076,250000.0,21.422092464651097,39.89978309694175,32,0,0,0,6,0,268,0.07120878315054918,0.9581616009642209,11.250119181836443,1.5867286134117788,207.0,53.9413680781759,0.539413680781759,1.0,3.157654723127036
Mina,500,77,D_500_Mina_0077,250000.0,21.426609502227297,39.89981077250001,21,0,0,0,0,0,83,0.26501236165541664,1.453076316590591,11.634311927574295,1.8414546762961863,104.75,27.29641693811075,0.2729641693811075,1.0,2.0918566775244303
Mina,500,78,D_500_Mina_0078,250000.0,21.43112653733518,39.899838455321586,0,0,0,0,0,0,1,0.758140218288256,1.9505865554008726,12.027021512023284,2.182705421509398,0.25,0.06514657980456026,0.0006514657980456026,1.0,1.0026058631921824
Mina,500,79,D_500_Mina_0079,250000.0,21.435643569974307,39.8998661454075,0,0,0,0,0,0,2,1.2567106386683242,2.4491110710592126,12.427440560036656,2.575910144883858,0.5,0.13029315960912052,0.0013029315960912053,1.0,1.0052117263843647
Mina,500,80,D_500_Mina_0080,250000.0,21.440160600144264,39.899893842758765,0,0,0,0,0,0,2,1.7560941512624346,2.9481353711556335,12.834847536913614,2.9991165456830067,0.5,0.13029315960912052,0.0013029315960912053,1.0,1.0052117263843647
Mina,500,81,D_500_Mina_0081,250000.0,21.394964243305647,39.90444038507101,5,0,0,0,4,1,0,0.2640013373192093,0.716297827517382,8.78873498217871,3.078757207732624,29.0,7.55700325732899,0.0755700325732899,1.0,1.3022801302931595
Mina,500,82,D_500_Mina_0082,250000.0,21.399481289679528,39.904468165166996,14,0,0,0,2,1,0,0.2160754466026406,0.5425322654327153,9.112293619585856,2.712374255615364,61.0,15.895765472312704,0.15895765472312703,1.0,1.6358306188925082
Mina,500,83,D_500_Mina_0083,250000.0,21.403998333587246,39.904495952559145,3,0,0,0,0,1,6,0.3396226963575324,0.7586830302339622,9.45123946538857,2.394560299563547,14.5,3.778501628664495,0.03778501628664495,1.0,1.1511400651465797
Mina,500,84,D_500_Mina_0084,250000.0,21.408515375028408,39.9045237472485,21,0,0,0,3,0,320,0.06330248553641461,0.5460941978927676,9.803976736747783,2.146431145059,170.0,44.299674267100976,0.44299674267100975,1.0,2.771986970684039
Mina,500,85,D_500_Mina_0085,250000.0,21.413032414002558,39.90455154923604,13,0,0,0,11,0,100,0.24607064483344693,0.24607064483344693,10.16907037429012,1.9950975647102367,99.0,25.798045602605864,0.2579804560260586,1.0,2.0319218241042343
Mina,500,86,D_500_Mina_0086,250000.0,21.4175494505093,39.90457935852279,2,0,0,0,0,0,18,0.48318829724637324,0.5283970425655604,10.545237062287331,1.9630746101323155,12.5,3.257328990228013,0.03257328990228013,1.0,1.1302931596091206
Mina,500,87,D_500_Mina_0087,250000.0,21.422066484548203,39.904607175109774,3,0,0,0,6,0,7,0.400429035556489,0.991142567226904,10.931333730264193,2.0559449304831996,25.75,6.710097719869707,0.06710097719869706,1.0,1.2684039087947883
Mina,500,88,D_500_Mina_0088,250000.0,21.426583516118836,39.90463499899799,4,0,0,0,0,0,9,0.4760751840933873,1.4783516978534725,11.326344933162902,2.258352760180082,18.25,4.755700325732899,0.04755700325732899,1.0,1.190228013029316
Mina,500,89,D_500_Mina_0089,250000.0,21.431100545220797,39.90466283018846,0,0,0,0,0,0,0,0.8572658045817799,1.9715489763215492,11.729370058428469,2.5442886671221916,0.0,0.0,0.0,1.0,1.0
Mina,500,90,D_500_Mina_0090,250000.0,21.435617571853644,39.90469066868219,0,0,0,0,0,0,0,1.320288505782331,2.465839105519399,12.139610965353526,2.889057364241812,0.0,0.0,0.0,1.0,1.0
Mina,500,91,D_500_Mina_0091,250000.0,21.3949381605461,39.909263566781156,4,0,0,0,4,9,0,0.23472270723659003,1.1422406009103203,8.406588969603499,3.4193223184754413,33.0,8.599348534201955,0.08599348534201955,1.0,1.3439739413680782
Mina,500,92,D_500_Mina_0092,250000.0,21.39945520088447,39.90929149497266,2,0,0,0,0,0,0,0.42351116285032575,1.0420999336423558,8.744299315921916,3.093521175064483,8.0,2.0846905537459284,0.020846905537459284,1.0,1.083387622149837
Mina,500,93,D_500_Mina_0093,250000.0,21.403972238756328,39.90931943049924,13,0,0,0,3,0,128,0.700650188341047,1.1692865145150848,9.09696668945236,2.8183542880208954,90.0,23.452768729641694,0.23452768729641693,1.0,1.9381107491856677
Mina,500,94,D_500_Mina_0094,250000.0,21.408489274161248,39.90934737336189,19,0,0,0,5,0,156,0.358415013767915,0.9019613182506645,9.46291896676597,2.6108175970448784,125.0,32.57328990228013,0.3257328990228013,1.0,2.302931596091205
Mina,500,95,D_500_Mina_0095,250000.0,21.413006307098826,39.909375323561655,9,0,0,0,2,1,48,0.1417198844924472,0.7454357522551726,9.840674153438494,2.4878939200200274,53.0,13.811074918566776,0.13811074918566776,1.0,1.5524429967426712
Mina,500,96,D_500_Mina_0096,250000.0,21.417523337568614,39.909403281099536,0,0,0,0,4,1,0,0.6416445505315621,0.882953653070609,10.228924685260212,2.4622883237967974,9.0,2.3452768729641695,0.023452768729641697,1.0,1.0938110749185668
Mina,500,97,D_500_Mina_0097,250000.0,21.422040365570215,39.90943124597655,0,0,0,0,2,0,3,0.8830083952468472,1.2255210803147683,10.626520250735846,2.5369492351522274,4.75,1.237785016286645,0.01237785016286645,1.0,1.0495114006514659
Mina,500,98,D_500_Mina_0098,250000.0,21.426557391103184,39.90945921819372,0,0,0,0,0,0,2,0.9354436792908774,1.6453802104113882,11.03245054654098,2.7035826330950004,0.5,0.13029315960912052,0.0013029315960912053,1.0,1.0052117263843647
Mina,500,99,D_500_Mina_0099,250000.0,21.43107441416711,39.90948719775207,0,0,0,0,0,0,0,1.1767936236615506,2.100103852382194,11.445828824704904,2.946626322798044,0.0,0.0,0.0,1.0,1.0
Mina,500,100,D_500_Mina_0100,250000.0,21.435591434761577,39.90951518465261,0,0,0,0,0,0,0,1.5469648707990031,2.5716913393266383,11.865876701998001,3.248977426582054,0.0,0.0,0.0,1.0,1.0
Mina,500,101,D_500_Mina_0101,250000.0,21.399428973375667,39.91411481744327,0,0,0,0,6,3,0,0.7921922390999165,1.47638156274695,8.389972946518954,3.5041511276102577,15.0,3.9087947882736156,0.03908794788273615,1.0,1.1563517915309447
Mina,500,102,D_500_Mina_0102,250000.0,21.403946005179566,39.91414290110324,0,0,0,0,1,0,0,0.9907594072024213,1.6000813654830701,8.756921746018588,3.263789631297591,2.0,0.5211726384364821,0.005211726384364821,1.0,1.0208469055374594
Mina,500,103,D_500_Mina_0103,250000.0,21.408463034516178,39.914170992138196,0,0,0,0,0,0,0,0.6109234047950618,1.347142899018924,9.136504303532424,3.0863522789207156,0.0,0.0,0.0,1.0,1.0
Mina,500,104,D_500_Mina_0104,250000.0,21.412980061385056,39.91419909054915,0,0,0,0,0,0,0,0.5146363862890855,1.2453104670048034,9.527210678422087,2.983088671466626,0.0,0.0,0.0,1.0,1.0
Mina,500,105,D_500_Mina_0105,250000.0,21.41749708578581,39.91422719633713,0,0,0,0,0,0,0,0.8102307163141785,1.332526345678371,9.927727621848472,2.9617673193662504,0.0,0.0,0.0,1.0,1.0
Mina,500,106,D_500_Mina_0106,250000.0,21.422014107718002,39.91425530950316,0,0,0,0,0,0,0,1.2442254688059093,1.5804813275556582,10.336914827751386,3.024121903346386,0.0,0.0,0.0,1.0,1.0
Mina,500,107,D_500_Mina_0107,250000.0,21.426531127181203,39.91428343004828,0,0,0,0,0,0,0,1.4122376891603503,1.9287861445938579,10.753782617235656,3.165211038545897,0.0,0.0,0.0,1.0,1.0
Mina,500,108,D_500_Mina_0108,250000.0,21.431048144175012,39.914311557973484,0,0,0,0,0,0,0,1.5920998102115707,2.3307055766565004,11.17747167302754,3.3751753362997636,0.0,0.0,0.0,1.0,1.0
Mina,500,109,D_500_Mina_0109,250000.0,21.40843665609404,39.918994603538486,0,0,0,0,0,0,0,1.05735211304396,1.8197026160880876,8.826357482300041,3.5685812662960323,0.0,0.0,0.0,1.0,1.0
Mina,500,110,D_500_Mina_0110,250000.0,21.412953676862145,39.91902285015962,0,0,0,0,0,0,0,1.004796842413841,1.7452569603709387,9.230201451102097,3.4796580128501735,0.0,0.0,0.0,1.0,1.0
Mina,500,111,D_500_Mina_0111,250000.0,21.41747069516176,39.91905110419669,0,0,0,0,0,0,0,1.1837397932363019,1.8087691313108958,9.643062337789825,3.461396758336994,0.0,0.0,0.0,1.0,1.0
Mina,500,112,D_500_Mina_0112,250000.0,21.421987710992447,39.91907936565071,0,0,0,0,0,0,0,1.5142202949562593,1.9984845596622245,10.063830467226376,3.5148990242764118,0.0,0.0,0.0,1.0,1.0
Muzdalifah,500,1,D_500_Muzdalifah_0001,250000.0,21.379687795515476,39.89340239568607,0,0,0,0,0,3,0,1.015344401700325,1.015344401700325,8.835971101629156,4.152704282679651,3.0,0.7817589576547231,0.007817589576547232,1.0,1.0312703583061889
Muzdalifah,500,2,D_500_Muzdalifah_0002,250000.0,21.38420486383273,39.89342981525449,0,0,0,0,0,5,0,1.0967177883167456,1.0967177883167456,9.064709191217682,3.6641118989043973,5.0,1.3029315960912051,0.013029315960912051,1.0,1.0521172638436482
Muzdalifah,500,3,D_500_Muzdalifah_0003,250000.0,21.388721929686067,39.89345724202745,0,0,0,2,1,2,0,0.6513765462185083,0.6513765462185083,9.314693775635734,3.179068913376943,10.0,2.6058631921824102,0.026058631921824102,1.0,1.1042345276872965
Muzdalifah,500,4,D_500_Muzdalifah_0004,250000.0,21.39323899307508,39.89348467600593,0,1,2,4,2,2,0,0.27018134899842183,0.27018134899842183,9.584262493608353,2.699489267307156,24.0,6.254071661237785,0.06254071661237785,1.0,1.2501628664495115
Muzdalifah,500,5,D_500_Muzdalifah_0005,250000.0,21.370627915595602,39.8981699780606,0,0,1,0,0,1,4,0.6565174669443835,0.6565174669443835,7.9799447076449965,5.240404304310004,4.0,1.0423452768729642,0.010423452768729642,1.0,1.0416938110749185
Muzdalifah,500,6,D_500_Muzdalifah_0006,250000.0,21.37514498287862,39.898197531111045,0,0,0,0,0,0,0,1.0555594196628544,1.0555594196628544,8.17154116122486,4.758424153113895,0.0,0.0,0.0,1.0,1.0
Muzdalifah,500,7,D_500_Muzdalifah_0007,250000.0,21.379662047698226,39.898225091402885,0,0,0,0,0,1,0,1.5131460504351555,1.5131460504351555,8.388602527364906,4.280579816945896,1.0,0.26058631921824105,0.0026058631921824105,1.0,1.0104234527687297
Muzdalifah,500,8,D_500_Muzdalifah_0008,250000.0,21.38417911005399,39.89825265893713,0,0,0,0,0,4,0,1.0929956548401463,1.1292077311544955,8.629207366533365,3.8084283789447095,4.0,1.0423452768729642,0.010423452768729642,1.0,1.0416938110749185
Muzdalifah,500,9,D_500_Muzdalifah_0009,250000.0,21.388696169945483,39.89828023371478,0,0,0,1,3,3,0,0.6510120248368213,0.6510120248368213,8.89144460631423,3.3443818361332927,12.0,3.1270358306188926,0.031270358306188926,1.0,1.1250814332247556
Muzdalifah,500,10,D_500_Muzdalifah_0010,250000.0,21.393213227372296,39.898307815736835,1,0,0,1,0,1,0,0.26930134211546874,0.26930134211546874,9.173459249360361,2.892343861674328,8.0,2.0846905537459284,0.020846905537459284,1.0,1.083387622149837
Muzdalifah,500,11,D_500_Muzdalifah_0011,250000.0,21.397730282334,39.8983354050043,2,0,0,2,2,0,0,0.19044513669448385,0.19044513669448385,9.473485209372312,2.458946148753981,18.0,4.690553745928339,0.04690553745928339,1.0,1.1876221498371335
Muzdalifah,500,12,D_500_Muzdalifah_0012,250000.0,21.402247334830165,39.89836300151819,18,0,0,0,6,1,27,0.34650111308257964,0.34650111308257964,9.78986667042594,2.0560105327499913,91.75,23.908794788273617,0.23908794788273618,1.0,1.9563517915309447
Muzdalifah,500,13,D_500_Muzdalifah_0013,250000.0,21.370602041189716,39.90299237072199,0,0,0,0,0,0,1,1.0821330229134034,1.0836658557323433,7.514904163750776,5.38890044280737,0.25,0.06514657980456026,0.0006514657980456026,1.0,1.0026058631921824
Muzdalifah,500,14,D_500_Muzdalifah_0014,250000.0,21.37511910247987,39.90302007165952,0,0,0,0,0,0,0,1.3629094580771037,1.3629094580771037,7.718053640839736,4.921484647014184,0.0,0.0,0.0,1.0,1.0
Muzdalifah,500,15,D_500_Muzdalifah_0015,250000.0,21.37963616130626,39.903047779877305,0,0,0,0,0,1,0,1.4783272359191297,1.743763944733328,7.947510265196281,4.461140468434412,1.0,0.26058631921824105,0.0026058631921824105,1.0,1.0104234527687297
Muzdalifah,500,16,D_500_Muzdalifah_0016,250000.0,21.38415321766845,39.90307549537636,0,0,0,0,0,2,0,0.9783544086335138,1.3321544023189162,8.201066200679094,4.010303907113532,2.0,0.5211726384364821,0.005211726384364821,1.0,1.0208469055374594
Muzdalifah,500,17,D_500_Muzdalifah_0017,250000.0,21.388670271566017,39.903103218157696,0,0,0,0,0,7,0,0.47843837777186193,0.9609068154616887,8.476559103813399,3.572576181933275,7.0,1.8241042345276872,0.018241042345276872,1.0,1.0729641693811074
Muzdalifah,500,18,D_500_Muzdalifah_0018,250000.0,21.393187322998546,39.90313094822232,1,0,0,0,3,0,0,0.025084133577014823,0.7563388555295691,8.77192234649638,3.153420955727891,10.0,2.6058631921824102,0.026058631921824102,1.0,1.1042345276872965
Muzdalifah,500,19,D_500_Muzdalifah_0019,250000.0,21.3977043719656,39.90315868557124,11,0,0,0,3,1,0,0.15935289628480936,0.4396497459937669,9.085218162789669,2.761308905633463,51.0,13.289902280130294,0.13289902280130295,1.0,1.5315960912052118
Muzdalifah,500,20,D_500_Muzdalifah_0020,250000.0,21.402221418466766,39.903186430205466,9,0,0,0,0,1,0,0.4520424470091398,0.5263891815275745,9.414656471587483,2.4094792011215915,37.0,9.64169381107492,0.0964169381107492,1.0,1.3856677524429968
Muzdalifah,500,21,D_500_Muzdalifah_0021,250000.0,21.36605897054521,39.90778691459863,0,0,0,0,0,1,0,0.8864005065028823,1.480656984449136,6.868295584140607,6.036380997256654,1.0,0.26058631921824105,0.0026058631921824105,1.0,1.0104234527687297
Muzdalifah,500,22,D_500_Muzdalifah_0022,250000.0,21.370576028274147,39.90781475610413,0,0,0,0,0,0,0,1.265902718674992,1.5548788343009734,7.054647520864959,5.578410050574276,0.0,0.0,0.0,1.0,1.0
Muzdalifah,500,23,D_500_Muzdalifah_0023,250000.0,21.37509308353936,39.90784260492773,0,0,0,0,0,0,0,1.7085998736886603,1.7609198429778306,7.270668405048251,5.12829619275788,0.0,0.0,0.0,1.0,1.0
Muzdalifah,500,24,D_500_Muzdalifah_0024,250000.0,21.37961013634045,39.90787046107046,0,0,0,0,0,0,0,1.5646051463080026,1.8415250718359515,7.51379973573209,4.688302996710199,0.0,0.0,0.0,1.0,1.0
Muzdalifah,500,25,D_500_Muzdalifah_0025,250000.0,21.384127186676988,39.90789832453332,0,0,0,2,0,1,0,1.1044071696099336,1.6207015934363642,7.781500747362837,4.261566394797658,7.0,1.8241042345276872,0.018241042345276872,1.0,1.0729641693811074
Muzdalifah,500,26,D_500_Muzdalifah_0026,250000.0,21.38864423454854,39.90792619531732,0,0,0,0,1,13,0,0.7010286218965408,1.3866748571742797,8.071327108581906,3.8524941642493857,15.0,3.9087947882736156,0.03908794788273615,1.0,1.1563517915309447
Muzdalifah,500,27,D_500_Muzdalifah_0027,250000.0,21.393161279954697,39.907954073423504,1,0,0,0,5,13,0,0.3293960163708615,1.1253980526628347,8.380983755278965,3.467344002818648,27.0,7.035830618892508,0.07035830618892508,1.0,1.2814332247557003
Muzdalifah,500,28,D_500_Muzdalifah_0028,250000.0,21.397678322895022,39.907981958852865,9,0,0,0,0,1,0,0.18789273885599522,0.9221249634481147,8.708355534701754,3.1150020196123975,37.0,9.64169381107492,0.0964169381107492,1.0,1.3856677524429968
Muzdalifah,500,29,D_500_Muzdalifah_0029,250000.0,21.402195363369106,39.90800985160642,3,0,0,0,1,0,30,0.6151522502104547,0.9664926898280571,9.051520509355951,2.8074712522862675,21.5,5.602605863192182,0.056026058631921824,1.0,1.2241042345276874
Muzdalifah,500,30,D_500_Muzdalifah_0030,250000.0,21.406712401376524,39.90803775168519,16,0,0,0,6,0,184,0.39276909177750385,0.9244272222306174,9.40875076425198,2.560796254018406,122.0,31.791530944625407,0.31791530944625407,1.0,2.2716612377850165
Muzdalifah,500,31,D_500_Muzdalifah_0031,250000.0,21.366032825177488,39.91260914481646,0,0,0,0,0,0,0,1.31042118107027,1.9785523923129218,6.400605540447928,6.246303407128081,0.0,0.0,0.0,1.0,1.0
Muzdalifah,500,32,D_500_Muzdalifah_0032,250000.0,21.370549876849758,39.91263713416816,0,0,0,0,0,0,0,1.5918566226321298,2.0398442812710478,6.60017565652108,5.80491769125168,0.0,0.0,0.0,1.0,1.0
Muzdalifah,500,33,D_500_Muzdalifah_0033,250000.0,21.37506692605796,39.91266513087682,0,0,0,0,0,0,0,1.8354566678065296,1.8354566678065296,6.8305846096402485,5.373809872940575,0.0,0.0,0.0,1.0,1.0
Muzdalifah,500,34,D_500_Muzdalifah_0034,250000.0,21.379583972801672,39.91269313494347,0,0,0,0,0,0,0,1.4506413216788683,1.4506413216788683,7.08882596217279,4.955662992861851,0.0,0.0,0.0,1.0,1.0
Muzdalifah,500,35,D_500_Muzdalifah_0035,250000.0,21.384101017080468,39.91272114636912,0,0,1,0,2,0,0,1.1575056409922926,1.1575056409922926,7.371975375331618,4.554048621515514,6.0,1.5635179153094463,0.015635179153094463,1.0,1.062540716612378
Muzdalifah,500,36,D_500_Muzdalifah_0036,250000.0,21.388618058893922,39.91274916515479,0,0,1,0,2,7,0,0.9976463125368817,1.0369563026934852,7.6772774045892405,4.173741965602834,13.0,3.3876221498371337,0.033876221498371335,1.0,1.1355048859934853
Muzdalifah,500,37,D_500_Muzdalifah_0037,250000.0,21.39313509824162,39.912777191301515,0,0,0,0,1,14,0,0.6496923199732716,1.1401427361393304,8.00219693331383,3.821110459505336,16.0,4.169381107491857,0.04169381107491857,1.0,1.1667752442996742
Muzdalifah,500,38,D_500_Muzdalifah_0038,250000.0,21.39765213512313,39.9128052248103,0,0,0,0,4,5,0,0.5906793176894432,1.4168052079506166,8.344442651972509,3.504383770535527,13.0,3.3876221498371337,0.033876221498371335,1.0,1.1355048859934853
Muzdalifah,500,39,D_500_Muzdalifah_0039,250000.0,21.402169169538038,39.91283326568217,2,0,0,0,2,1,8,0.8807405986213424,1.4460742265018336,8.701970500098168,3.2336493677227405,15.0,3.9087947882736156,0.03908794788273615,1.0,1.1563517915309447
Muzdalifah,500,40,D_500_Muzdalifah_0040,250000.0,21.40668620148592,39.91286131391815,4,0,0,0,0,0,24,0.6623244112074754,1.316366054929602,9.072974043669449,3.02196473433337,22.0,5.732899022801303,0.05732899022801303,1.0,1.229315960912052
Muzdalifah,500,41,D_500_Muzdalifah_0041,250000.0,21.3660065413339,39.91743136767833,0,0,0,0,0,0,0,1.7744580822512084,2.184920628067039,5.938183083881809,6.488044155503144,0.0,0.0,0.0,1.0,1.0
Muzdalifah,500,42,D_500_Muzdalifah_0042,250000.0,21.37052358691744,39.91745950487522,0,0,0,0,0,0,0,1.9913576577016008,2.0848471811119618,6.152770575132867,6.0642790265674105,0.0,0.0,0.0,1.0,1.0
Muzdalifah,500,43,D_500_Muzdalifah_0043,250000.0,21.375040630036544,39.91748764946792,0,0,0,0,0,0,0,1.6068748654942793,1.6068748654942793,6.399308803514765,5.65298534054107,0.0,0.0,0.0,1.0,1.0
Muzdalifah,500,44,D_500_Muzdalifah_0044,250000.0,21.379557670690797,39.91751580145747,0,0,0,2,9,0,0,1.1478265975852022,1.1478265975852022,6.674258054290555,5.257091059576495,24.0,6.254071661237785,0.06254071661237785,1.0,1.2501628664495115
Muzdalifah,500,45,D_500_Muzdalifah_0045,250000.0,21.384074708879776,39.917543960844895,0,0,0,0,8,1,0,0.7436161394770737,0.7436161394770737,6.974258956174706,4.8803452292830665,17.0,4.429967426710098,0.04429967426710098,1.0,1.1771986970684039
Muzdalifah,500,46,D_500_Muzdalifah_0046,250000.0,21.388591744603048,39.91757212763122,0,0,0,0,1,8,0,0.5370512337361786,0.5370512337361786,7.296221994998773,4.527530530575453,10.0,2.6058631921824102,0.026058631921824102,1.0,1.1042345276872965
Muzdalifah,500,47,D_500_Muzdalifah_0047,250000.0,21.3931087778602,39.91760030181746,0,0,0,0,0,4,0,0.7147978443966776,0.7147978443966776,7.637370150308588,4.204675475420157,4.0,1.0423452768729642,0.010423452768729642,1.0,1.0416938110749185
Muzdalifah,500,48,D_500_Muzdalifah_0048,250000.0,21.39762580865081,39.91762848340465,0,0,0,0,4,0,0,1.078193132688817,1.1092482711363616,7.995247977726856,3.918583801854014,8.0,2.0846905537459284,0.020846905537459284,1.0,1.083387622149837
Muzdalifah,500,49,D_500_Muzdalifah_0049,250000.0,21.40214283697444,39.91765667239381,0,0,0,0,0,0,0,1.2606753654653284,1.5652244234242825,8.367709222831905,3.6784618571263636,0.0,0.0,0.0,1.0,1.0
Muzdalifah,500,50,D_500_Muzdalifah_0050,250000.0,21.406659862830693,39.917684868785976,0,0,0,0,0,0,0,1.0241246245030047,1.7606782049514846,8.752892381972197,3.493832316599412,0.0,0.0,0.0,1.0,1.0
Muzdalifah,500,51,D_500_Muzdalifah_0051,250000.0,21.36598011901533,39.92225358314541,0,0,0,0,0,0,0,1.7097158587515615,1.7097158587515615,5.482361297013125,6.758189674285352,0.0,0.0,0.0,1.0,1.0
Muzdalifah,500,52,D_500_Muzdalifah_0052,250000.0,21.370497158478063,39.92228186818645,0,0,0,0,0,0,0,1.6039082632390635,1.6039082632390635,5.714092474182422,6.35247123739447,0.0,0.0,0.0,1.0,1.0
Muzdalifah,500,53,D_500_Muzdalifah_0053,250000.0,21.375014195475988,39.92231016066218,0,0,0,0,0,0,0,1.5131319215439902,1.5131319215439902,5.97874737850906,5.961095031135713,0.0,0.0,0.0,1.0,1.0
Muzdalifah,500,54,D_500_Muzdalifah_0054,250000.0,21.37953123000871,39.92233846057361,0,0,0,0,3,1,0,1.013685435635468,1.013685435635468,6.272159726007438,5.587075900552789,7.0,1.8241042345276872,0.018241042345276872,1.0,1.0729641693811074
Muzdalifah,500,55,D_500_Muzdalifah_0055,250000.0,21.384048262075787,39.92236676792178,0,0,0,0,1,2,0,0.5153136063054504,0.5153136063054504,6.590489742126185,5.234136057349352,4.0,1.0423452768729642,0.010423452768729642,1.0,1.0416938110749185
Muzdalifah,500,56,D_500_Muzdalifah_0056,250000.0,21.38856529167679,39.922395082707716,0,0,0,0,0,2,0,0.03961920770737235,0.03961920770737235,6.930304643635171,4.906826205924914,2.0,0.5211726384364821,0.005211726384364821,1.0,1.0208469055374594
Muzdalifah,500,57,D_500_Muzdalifah_0057,250000.0,21.39308231881132,39.92242340493246,0,0,0,0,0,1,0,0.4711119377992833,0.4711119377992833,7.288599993559257,4.610217976509531,1.0,0.26058631921824105,0.0026058631921824105,1.0,1.0104234527687297
Muzdalifah,500,58,D_500_Muzdalifah_0058,250000.0,21.39759934347893,39.922451734597026,0,0,0,0,0,0,0,0.970279457992318,0.970279457992318,7.662783911779892,4.350849619684932,0.0,0.0,0.0,1.0,1.0
Muzdalifah,500,59,D_500_Muzdalifah_0059,250000.0,21.402116365679213,39.92248007170245,0,0,0,0,0,0,0,1.470012923503306,1.470012923503306,8.050641259623578,4.13590075259228,0.0,0.0,0.0,1.0,1.0
Muzdalifah,500,60,D_500_Muzdalifah_0060,250000.0,21.406633385411734,39.92250841624978,0,0,0,0,0,0,0,1.4693498110883982,1.9698816624182294,8.450289468632082,3.9725882818981217,0.0,0.0,0.0,1.0,1.0
Muzdalifah,500,61,D_500_Muzdalifah_0061,250000.0,21.37047059153252,39.92710422406302,0,0,0,0,0,0,0,1.1053379047152392,1.1053379047152392,5.286314392541891,6.665755886002927,0.0,0.0,0.0,1.0,1.0
Muzdalifah,500,62,D_500_Muzdalifah_0062,250000.0,21.374987622377194,39.927132664420725,0,0,0,0,2,0,0,1.1709676694171511,1.1709676694171511,5.57132724485973,6.29389106039257,4.0,1.0423452768729642,0.010423452768729642,1.0,1.0416938110749185
Muzdalifah,500,63,D_500_Muzdalifah_0063,250000.0,21.379504650756296,39.92716111225301,0,0,0,0,3,1,0,1.1042199254090184,1.1042199254090184,5.885087482938301,5.9408608659348685,7.0,1.8241042345276872,0.018241042345276872,1.0,1.0729641693811074
Muzdalifah,500,64,D_500_Muzdalifah_0064,250000.0,21.38402167666939,39.927189567560895,0,0,0,0,0,1,0,0.6762333872963963,0.6762333872963963,6.223248516197778,5.610222007791069,1.0,0.26058631921824105,0.0026058631921824105,1.0,1.0104234527687297
Muzdalifah,500,65,D_500_Muzdalifah_0065,250000.0,21.38853870011605,39.92721803034542,0,0,0,0,0,1,0,0.44190671472429355,0.44190671472429355,6.5820505548710715,5.305932582469421,1.0,0.26058631921824105,0.0026058631921824105,1.0,1.0104234527687297
Muzdalifah,500,66,D_500_Muzdalifah_0066,250000.0,21.39305572109586,39.927246500607616,0,0,0,0,0,1,0,0.6462629731642991,0.6462629731642991,6.958301295531787,5.03276297791695,1.0,0.26058631921824105,0.0026058631921824105,1.0,1.0104234527687297
Muzdalifah,500,67,D_500_Muzdalifah_0067,250000.0,21.39757273960839,39.927274978348535,0,0,0,0,0,0,0,1.067569213811599,1.067569213811599,7.349321351792973,4.7962991789579155,0.0,0.0,0.0,1.0,1.0
Muzdalifah,500,68,D_500_Muzdalifah_0068,250000.0,21.402089755653222,39.927303463569196,0,0,0,0,0,0,0,1.53679934346468,1.53679934346468,7.752876352969966,4.60220256358336,0.0,0.0,0.0,1.0,1.0
Muzdalifah,500,69,D_500_Muzdalifah_0069,250000.0,21.370443886081695,39.93192657246605,0,0,0,0,0,0,0,0.6091157938471146,0.6091157938471146,4.872308170680802,7.00076511830252,0.0,0.0,0.0,1.0,1.0
Muzdalifah,500,70,D_500_Muzdalifah_0070,250000.0,21.37496091074104,39.93195516070471,0,0,0,0,4,0,0,0.7195275160537321,0.7195275160537321,5.180150028966697,6.647666913282295,8.0,2.0846905537459284,0.020846905537459284,1.0,1.083387622149837
Muzdalifah,500,71,D_500_Muzdalifah_0071,250000.0,21.379477932934442,39.9319837564568,0,0,0,0,1,0,0,1.0727237378675958,1.0727237378675958,5.516205374632495,6.314446811736958,2.0,0.5211726384364821,0.005211726384364821,1.0,1.0208469055374594
Muzdalifah,500,72,D_500_Muzdalifah_0072,250000.0,21.383994952661475,39.932012359723366,0,0,0,0,0,0,0,1.0719305366231464,1.0719305366231464,5.875635212268133,6.004309398131444,0.0,0.0,0.0,1.0,1.0
Muzdalifah,500,73,D_500_Muzdalifah_0073,250000.0,21.3885119699217,39.93204097050545,0,0,0,0,0,0,0,0.9417790490589057,0.9417790490589057,6.254410968281981,5.720796620285541,0.0,0.0,0.0,1.0,1.0
Muzdalifah,500,74,D_500_Muzdalifah_0074,250000.0,21.393028984714718,39.932069588804076,0,0,0,0,0,0,0,1.0531130940932036,1.0531130940932036,6.649227321477791,5.468390676684627,0.0,0.0,0.0,1.0,1.0
Muzdalifah,500,75,D_500_Muzdalifah_0075,250000.0,21.39754599704008,39.9320982146203,0,0,0,0,0,0,0,1.3531797311317209,1.3531797311317209,7.057392676138084,5.251578735488237,0.0,0.0,0.0,1.0,1.0
Muzdalifah,500,76,D_500_Muzdalifah_0076,250000.0,21.402063006897375,39.93212684795516,0,0,0,0,0,0,0,1.747324692362834,1.747324692362834,7.4767211261172655,5.074924810991105,0.0,0.0,0.0,1.0,1.0
Muzdalifah,500,77,D_500_Muzdalifah_0077,250000.0,21.379451076544058,39.93680639314613,0,0,0,0,0,0,0,0.8897322618949545,0.8897322618949545,5.169408939947756,6.704516546871114,0.0,0.0,0.0,1.0,1.0
Muzdalifah,500,78,D_500_Muzdalifah_0078,250000.0,21.38396809005294,39.936835144370335,0,0,0,0,0,0,0,1.3873139043788483,1.3873139043788483,5.551338235140474,6.412980956579354,0.0,0.0,0.0,1.0,1.0
Muzdalifah,500,79,D_500_Muzdalifah_0079,250000.0,21.388485101094652,39.93686390314892,0,0,0,0,0,1,0,1.441662357011102,1.441662357011102,5.950791847599217,6.148341839197811,1.0,0.26058631921824105,0.0026058631921824105,1.0,1.0104234527687297
Muzdalifah,500,80,D_500_Muzdalifah_0080,250000.0,21.393002109668785,39.93689266948294,0,0,0,0,0,0,0,1.5167196667209013,1.5167196667209013,6.364470993411319,5.914210851314924,0.0,0.0,0.0,1.0,1.0
Arafat,500,1,D_500_Arafat_0001,250000.0,21.344412335438463,39.95072320054014,0,0,0,0,0,1,0,0.6282663787532196,2.508285434800497,1.9896330728201055,10.449628190891726,1.0,0.26058631921824105,0.0026058631921824105,1.0,1.0104234527687297
Arafat,500,2,D_500_Arafat_0002,250000.0,21.34892934961622,39.95075232633358,0,0,0,0,0,0,0,0.7371274354340768,2.3676196322702996,2.0453550510061,10.075006827981895,0.0,0.0,0.0,1.0,1.0
Arafat,500,3,D_500_Arafat_0003,250000.0,21.353446361329,39.95078145978717,0,0,0,0,0,0,0,0.7006187213669698,2.32803557184833,2.215471689029846,9.711683470947996,0.0,0.0,0.0,1.0,1.0
Arafat,500,4,D_500_Arafat_0004,250000.0,21.357963370576364,39.95081060090199,0,0,0,0,0,0,0,0.7235229638529578,1.9575632233957194,2.476520204865963,9.360973725841088,0.0,0.0,0.0,1.0,1.0
Arafat,500,5,D_500_Arafat_0005,250000.0,21.362480377357905,39.95083974967908,0,0,0,0,3,0,0,1.01211514787982,1.6233274132864903,2.8032106316375764,9.024348306215241,6.0,1.5635179153094463,0.015635179153094463,1.0,1.062540716612378
Arafat,500,6,D_500_Arafat_0006,250000.0,21.366997381673198,39.95086890611952,0,0,0,0,3,0,0,1.198361418402631,1.38982914012163,3.1753468102779787,8.703441595592665,6.0,1.5635179153094463,0.015635179153094463,1.0,1.062540716612378
Arafat,500,7,D_500_Arafat_0007,250000.0,21.339867972921013,39.955515397787224,0,0,0,0,0,1,0,0.6056510182059954,2.3238366382406457,1.5793442595380645,11.154746333930705,1.0,0.26058631921824105,0.0026058631921824105,1.0,1.0104234527687297
Arafat,500,8,D_500_Arafat_0008,250000.0,21.34438498322231,39.95554466353559,0,0,0,0,0,3,2,0.1571076457251704,2.05288665588459,1.4896864805563717,10.781437707019562,3.5,0.9120521172638436,0.009120521172638436,1.0,1.0364820846905538
Arafat,500,9,D_500_Arafat_0009,250000.0,21.34890199105868,39.95557393698187,0,0,0,0,0,3,0,0.3976758240634306,1.8784223493635421,1.5633308448850554,10.41875387396909,3.0,0.7817589576547231,0.007817589576547232,1.0,1.0312703583061889
Arafat,500,10,D_500_Arafat_0010,250000.0,21.35341899642969,39.955603218127145,0,0,0,0,0,0,0,0.27354070779041745,1.8282771735346588,1.7801238301830613,10.067843142518095,0.0,0.0,0.0,1.0,1.0
Arafat,500,11,D_500_Arafat_0011,250000.0,21.35793599933492,39.95563250697246,0,0,0,0,3,0,0,0.3277856087615247,1.912256343680761,2.0961102955241175,9.729979383243899,6.0,1.5635179153094463,0.015635179153094463,1.0,1.062540716612378
Arafat,500,12,D_500_Arafat_0012,250000.0,21.36245299977394,39.9556618035189,0,0,0,0,3,0,0,0.5246534503486687,2.050309384561557,2.473563399474288,9.406568558956769,6.0,1.5635179153094463,0.015635179153094463,1.0,1.062540716612378
Arafat,500,13,D_500_Arafat_0013,250000.0,21.366969997746338,39.95569110776752,0,0,0,0,1,1,0,0.8288270383565791,1.8687778495653748,2.8884863529944864,9.099070859414185,3.0,0.7817589576547231,0.007817589576547232,1.0,1.0312703583061889
Arafat,500,14,D_500_Arafat_0014,250000.0,21.371486993251676,39.95572041971939,0,0,0,0,0,1,0,1.2643762399140195,1.8110990623589094,3.3268890771487976,8.809037588438201,1.0,0.26058631921824105,0.0026058631921824105,1.0,1.0104234527687297
Arafat,500,15,D_500_Arafat_0015,250000.0,21.335323482368988,39.96030729984615,0,0,0,0,0,1,0,0.7637192709061047,2.347112613409688,1.3439841191287478,11.86010127363177,1.0,0.26058631921824105,0.0026058631921824105,1.0,1.0104234527687297
Arafat,500,16,D_500_Arafat_0016,250000.0,21.339840488762093,39.960336705471796,0,0,0,0,0,2,1,0.36625870541121486,1.9552658439982749,1.1202028102217432,11.487951752893318,2.25,0.5863192182410424,0.005863192182410424,1.0,1.0234527687296417
Arafat,500,17,D_500_Arafat_0017,250000.0,21.344357492690317,39.960366118833115,0,0,0,2,0,1,3,0.10981346129847659,1.6239431706145748,0.9897938453260265,11.125828900931712,7.75,2.019543973941368,0.020195439739413682,1.0,1.0807817589576547
Arafat,500,18,D_500_Arafat_0018,250000.0,21.348874494153236,39.96039553993118,0,0,0,0,1,2,3,0.12959509251044227,1.3968959596423605,1.097510535922947,10.774743708729691,4.75,1.237785016286645,0.01237785016286645,1.0,1.0495114006514659
Arafat,500,19,D_500_Arafat_0019,250000.0,21.35339149315042,39.96042496876705,0,0,0,0,3,1,0,0.3984751496731978,1.328700576783416,1.3890165213842727,10.435810234227755,7.0,1.8241042345276872,0.018241042345276872,1.0,1.0729641693811074
Arafat,500,20,D_500_Arafat_0020,250000.0,21.35790848968143,39.960454405341814,0,0,0,0,5,0,0,0.33830813884617156,1.4420721630431723,1.7760080002339678,10.11025066458866,10.0,2.6058631921824102,0.026058631921824102,1.0,1.1042345276872965
Arafat,500,21,D_500_Arafat_0021,250000.0,21.362425483745877,39.960483849656526,0,0,0,0,0,0,0,0.1616954339421366,1.701087600361441,2.2088553454474216,9.79938213196776,0.0,0.0,0.0,1.0,1.0
Arafat,500,22,D_500_Arafat_0022,250000.0,21.366942475343304,39.96051330171227,0,0,0,0,1,1,0,0.6616936072729668,2.051298594740141,2.6344733678389094,9.504417020428225,3.0,0.7817589576547231,0.007817589576547232,1.0,1.0312703583061889
Arafat,500,23,D_500_Arafat_0023,250000.0,21.371459464473297,39.96054276151011,0,0,0,0,0,1,0,1.1616933530213929,2.311013938939417,3.040488064154833,9.227133662632315,1.0,0.26058631921824105,0.0026058631921824105,1.0,1.0104234527687297
Arafat,500,24,D_500_Arafat_0024,250000.0,21.37597645113544,39.960572229051124,0,0,0,0,0,0,0,1.6616932517773135,2.37245328481372,3.4711216358237174,8.969172111067953,0.0,0.0,0.0,1.0,1.0
Arafat,500,25,D_500_Arafat_0025,250000.0,21.33077886387878,39.96509890679668,0,0,0,0,0,1,0,1.0437238302370884,2.245845713603255,1.3342309491756006,12.565653133333873,1.0,0.26058631921824105,0.0026058631921824105,1.0,1.0104234527687297
Arafat,500,26,D_500_Arafat_0026,250000.0,21.335295866331972,39.96512845222198,0,0,0,0,0,2,0,0.5443260008416483,2.105180614461276,0.9380972423124397,12.194534510315105,2.0,0.5211726384364821,0.005211726384364821,1.0,1.0208469055374594
Arafat,500,27,D_500_Arafat_0027,250000.0,21.339812866320322,39.96515800542069,0,0,0,0,0,1,1,0.0567640430179693,1.6570794549999672,0.6927341815807738,11.832907722925452,1.25,0.3257328990228013,0.0032573289902280127,1.0,1.013029315960912
Arafat,500,28,D_500_Arafat_0028,250000.0,21.344329863843413,39.9651875663939,0,0,0,0,0,0,3,0.06667763160795093,1.2490153004917197,0.4901202935383676,11.481669671057057,0.75,0.19543973941368079,0.001954397394136808,1.0,1.0078175895765473
Arafat,500,29,D_500_Arafat_0029,250000.0,21.348846858900806,39.965217135142666,0,0,0,0,2,0,1,0.1596411219892175,0.9349685136633492,0.6819497212806287,11.14180289231838,4.25,1.1074918566775245,0.011074918566775244,1.0,1.044299674267101
Arafat,500,30,D_500_Arafat_0030,250000.0,21.35336385149209,39.96524671166808,0,0,1,0,15,1,7,0.5004144864280778,0.8296342701584141,1.0908221406679088,10.814379545183204,34.75,9.055374592833877,0.09055374592833877,1.0,1.362214983713355
Arafat,500,31,D_500_Arafat_0031,250000.0,21.35788084161683,39.96527629597121,0,0,0,0,4,1,0,0.6044307794979781,1.0012092303313609,1.5539403021956506,10.500563708833901,9.0,2.3452768729641695,0.023452768729641697,1.0,1.0938110749185668
Arafat,500,32,D_500_Arafat_0032,250000.0,21.362397829274606,39.96530588805314,0,0,0,0,1,0,0,0.526335998913915,1.347793316343477,1.9330730889828462,10.201408851815241,2.0,0.5211726384364821,0.005211726384364821,1.0,1.0208469055374594
Arafat,500,33,D_500_Arafat_0033,250000.0,21.366914814465,39.96533548791493,0,0,0,0,1,0,0,0.8298931258306,1.7693709967837665,2.353909367364258,9.918406892831687,2.0,0.5211726384364821,0.005211726384364821,1.0,1.0208469055374594
Arafat,500,34,D_500_Arafat_0034,250000.0,21.37143179718758,39.965365095557665,0,0,0,0,0,0,0,1.2650753403845398,2.2236907664823837,2.8008939737485097,9.653022740139372,0.0,0.0,0.0,1.0,1.0
Arafat,500,35,D_500_Arafat_0035,250000.0,21.375948777441927,39.96539471098243,0,0,0,0,0,0,0,1.6922269341068483,2.6942396934234423,3.263299678944034,9.406747618147545,0.0,0.0,0.0,1.0,1.0
Arafat,500,36,D_500_Arafat_0036,250000.0,21.380465755227608,39.9654243341903,0,0,0,0,0,1,0,1.9336468538550737,2.996162439449754,3.7354039322423693,9.181119402415005,1.0,0.26058631921824105,0.0026058631921824105,1.0,1.0104234527687297
Arafat,500,37,D_500_Arafat_0037,250000.0,21.326234117546782,39.96989021871857,0,0,0,0,0,0,0,1.356571455831601,1.9200253716558273,1.6595334100299917,13.271370506233513,0.0,0.0,0.0,1.0,1.0
Arafat,500,38,D_500_Arafat_0038,250000.0,21.330751116028342,39.96991990386591,0,0,0,0,0,0,0,0.8734732266815832,1.7542311945347215,1.1635743849457811,12.901174689528371,0.0,0.0,0.0,1.0,1.0
Arafat,500,39,D_500_Arafat_0039,250000.0,21.335268112045096,39.96994959682439,0,0,0,0,0,0,0,0.4308420135989566,1.6923306840321768,0.673616775027265,12.53998969799139,0.0,0.0,0.0,1.0,1.0
Arafat,500,40,D_500_Arafat_0040,250000.0,21.33978510559663,39.9699792975951,0,0,0,2,0,0,2,0.19083953336426343,1.472671083324342,0.23154647458839228,12.18861661066312,6.5,1.6938110749185669,0.016938110749185668,1.0,1.0677524429967427
Arafat,500,41,D_500_Arafat_0041,250000.0,21.34430209668251,39.97000900617912,0,0,0,0,0,1,3,0.027275410739141717,0.9914065867942992,0.027275410739141717,11.847928432335147,1.75,0.4560260586319218,0.004560260586319218,1.0,1.0182410423452768
Arafat,500,42,D_500_Arafat_0042,250000.0,21.348819085302328,39.97003872257752,0,0,0,0,1,2,3,0.01701168156847383,0.5449898357020562,0.47495417489225267,11.518873269280217,4.75,1.237785016286645,0.01237785016286645,1.0,1.0495114006514659
Arafat,500,43,D_500_Arafat_0043,250000.0,21.353336071455647,39.970068446791394,0,0,1,0,2,1,2,0.016069305401004277,0.33337789623486747,0.8538006010956908,11.202476273116629,7.5,1.9543973941368078,0.019543973941368076,1.0,1.0781758957654723
Arafat,500,44,D_500_Arafat_0044,250000.0,21.357853055142048,39.970098178821814,0,0,0,0,5,4,0,0.3988247099990478,0.6521255418839367,1.2381814119291568,10.899703767790344,14.0,3.6482084690553744,0.036482084690553744,1.0,1.145928338762215
Arafat,500,45,D_500_Arafat_0045,250000.0,21.36237003636109,39.97012791866986,0,0,0,0,5,1,0,0.7029008055549315,1.1132810171097187,1.6844022534010092,10.611766815919946,11.0,2.8664495114006514,0.028664495114006514,1.0,1.1146579804560262
Arafat,500,46,D_500_Arafat_0046,250000.0,21.366887015112376,39.97015766633663,0,0,0,0,0,0,0,1.1302669133703456,1.5979741937016008,2.1543743160551085,10.340002305867076,0.0,0.0,0.0,1.0,1.0
Arafat,500,47,D_500_Arafat_0047,250000.0,21.371403991395454,39.97018742182319,0,0,0,0,0,0,0,1.077485210161747,2.0898919647713163,2.635421491164826,10.085717645027207,0.0,0.0,0.0,1.0,1.0
Arafat,500,48,D_500_Arafat_0048,250000.0,21.37592096520993,39.970217185130636,0,0,0,0,0,0,0,1.2427572010553305,2.5849130207987936,3.1224292111285643,9.850266653501816,0.0,0.0,0.0,1.0,1.0
Arafat,500,49,D_500_Arafat_0049,250000.0,21.38043793655535,39.970246956260034,0,0,0,0,0,0,0,1.5507182274142857,3.0815421830269623,3.612987949180632,9.635030143957339,0.0,0.0,0.0,1.0,1.0
Arafat,500,50,D_500_Arafat_0050,250000.0,21.384954905431304,39.97027673521249,0,0,0,0,0,0,0,1.889428179961802,3.5791101025889116,4.105825089228715,9.441390713493606,0.0,0.0,0.0,1.0,1.0
Arafat,500,51,D_500_Arafat_0051,250000.0,21.326206237947584,39.97471106048335,0,0,0,0,0,0,2,1.3454159936110552,1.4897748384419354,1.681601695577672,13.607863344999792,0.5,0.13029315960912052,0.0013029315960912053,1.0,1.0052117263843647
Arafat,500,52,D_500_Arafat_0052,250000.0,21.330723229961023,39.974740893123986,0,0,0,0,0,0,0,0.8560453018485004,1.2689597020123655,1.1948382622204068,13.247074321230015,0.0,0.0,0.0,1.0,1.0
Arafat,500,53,D_500_Arafat_0053,250000.0,21.335240219509284,39.97477073361458,0,0,0,2,0,0,0,0.39431322799185564,1.192331288399898,0.7262869151802623,12.8955810775705,6.0,1.5635179153094463,0.015635179153094463,1.0,1.062540716612378
Arafat,500,54,D_500_Arafat_0054,250000.0,21.33975720659194,39.974800581956195,0,0,0,0,0,0,0,0.27955730132089945,1.2920701522886602,0.3568569649849104,12.554164431940384,0.0,0.0,0.0,1.0,1.0
Arafat,500,55,D_500_Arafat_0055,250000.0,21.344274191208562,39.974830438149944,0,0,0,0,0,3,1,0.22514012147493115,0.9517010138776906,0.22514012147493115,12.223668755336906,3.25,0.8469055374592834,0.008469055374592834,1.0,1.0338762214983714
Arafat,500,56,D_500_Arafat_0056,250000.0,21.348791173358727,39.9748603021969,0,0,0,0,0,1,2,0.15905064579737024,0.46889414636488685,0.15905064579737024,11.905003615967633,1.5,0.39087947882736157,0.003908794788273616,1.0,1.0156351791530944
Arafat,500,57,D_500_Arafat_0057,250000.0,21.35330815304201,39.97489017409816,0,0,0,0,0,2,6,0.18436003139153517,0.18436003139153517,0.5739467312774577,11.599066423176982,3.5,0.9120521172638436,0.009120521172638436,1.0,1.0364820846905538
Arafat,500,58,D_500_Arafat_0058,250000.0,21.357825130257993,39.97492005385478,1,0,0,0,3,2,5,0.12034158380945148,0.5900131539670278,1.0646748765513327,11.30682955647375,13.25,3.452768729641694,0.03452768729641694,1.0,1.1381107491856677
Arafat,500,59,D_500_Arafat_0059,250000.0,21.362342105006245,39.974949941467884,2,0,0,0,0,0,0,0.5852547821269093,1.0780734773351728,1.5612976446453486,11.029526161582151,8.0,2.0846905537459284,0.020846905537459284,1.0,1.083387622149837
Arafat,500,60,D_500_Arafat_0060,250000.0,21.366859077286342,39.974979836938545,1,0,0,0,0,0,0,0.6769909598494972,1.5736484115624376,2.0595553106412634,10.768309991772238,4.0,1.0423452768729642,0.010423452768729642,1.0,1.0416938110749185
Arafat,500,61,D_500_Arafat_0061,250000.0,21.371376047097858,39.97500974026784,1,0,0,0,0,0,0,0.5846262416069938,2.071351303833422,2.558492880585394,10.524378974969427,4.0,1.0423452768729642,0.010423452768729642,1.0,1.0416938110749185
Arafat,500,62,D_500_Arafat_0062,250000.0,21.375893014440376,39.975039651456875,0,0,0,0,0,0,0,0.8436917959788784,2.5699461326206525,3.0577775528023072,10.29896138154985,0.0,0.0,0.0,1.0,1.0
Arafat,500,63,D_500_Arafat_0063,250000.0,21.380409979313466,39.975069570506726,0,0,0,0,0,0,0,1.2168406789505986,3.06899821199871,3.557263176212463,10.093297690474206,0.0,0.0,0.0,1.0,1.0
Arafat,500,64,D_500_Arafat_0064,250000.0,21.384926941716703,39.9750994974185,0,0,0,0,0,0,0,1.4768648887446967,3.5683156987478997,4.056875527700191,9.908618016575705,0.0,0.0,0.0,1.0,1.0
Arafat,500,65,D_500_Arafat_0065,250000.0,21.32617822016449,39.979531894399265,0,0,0,0,0,0,2,1.1190892326831186,1.1190892326831186,1.8443203046471157,13.954161190077068,0.5,0.13029315960912052,0.0013029315960912053,1.0,1.0052117263843647
Arafat,500,66,D_500_Arafat_0066,250000.0,21.330695205677767,39.979561874532116,0,0,0,0,0,0,0,0.7914813681515384,0.8019915004436821,1.4146984118284045,13.602560338945597,0.0,0.0,0.0,1.0,1.0
Arafat,500,67,D_500_Arafat_0067,250000.0,21.335212188725468,39.979591862553725,0,0,0,0,0,2,1,0.29263453242185367,0.6923327657116239,1.049393065884271,13.260493242359368,2.25,0.5863192182410424,0.005863192182410424,1.0,1.0234527687296417
Arafat,500,68,D_500_Arafat_0068,250000.0,21.339729169307184,39.97962185846518,0,0,0,0,0,2,0,0.211724308950302,0.8527109918464679,0.711900878199214,12.928716652733216,2.0,0.5211726384364821,0.005211726384364821,1.0,1.0208469055374594
Arafat,500,69,D_500_Arafat_0069,250000.0,21.344246147422478,39.979651862267566,0,0,0,0,0,2,1,0.24938457595486788,0.6884397687995961,0.25390650709618,12.608042970368711,2.25,0.5863192182410424,0.005863192182410424,1.0,1.0234527687296417
Arafat,500,70,D_500_Arafat_0070,250000.0,21.348763123070928,39.97968187396199,0,0,0,0,0,3,1,0.25975640797384825,0.25975640797384825,0.34947699253420494,12.299314678182695,3.25,0.8469055374592834,0.008469055374592834,1.0,1.0338762214983714
Arafat,500,71,D_500_Arafat_0071,250000.0,21.353280096252128,39.979711893549535,2,0,0,0,2,1,33,0.12498372854989469,0.2881251767373256,0.6556326976720984,12.003299308225094,21.25,5.537459283387622,0.05537459283387622,1.0,1.221498371335505
Arafat,500,72,D_500_Arafat_0072,250000.0,21.35779706696562,39.979741921031284,2,0,0,0,3,0,2,0.319257736409112,0.5974652897991598,1.1108429126894184,11.72114529441188,14.5,3.778501628664495,0.03778501628664495,1.0,1.1511400651465797
Arafat,500,73,D_500_Arafat_0073,250000.0,21.362314035211003,39.97977195640835,2,0,0,0,0,0,1,0.3230983771395639,1.0490378914818492,1.5931383239028016,11.453877061615007,8.25,2.1498371335504887,0.021498371335504887,1.0,1.0859934853420194
Arafat,500,74,D_500_Arafat_0074,250000.0,21.36683100098785,39.979801999681804,2,0,0,0,0,0,0,0.20332375207915926,1.531011503227384,2.0837964059627674,11.202560085644135,8.0,2.0846905537459284,0.020846905537459284,1.0,1.083387622149837
Arafat,500,75,D_500_Arafat_0075,250000.0,21.37134796429573,39.979832050852764,2,0,0,0,0,0,5,0.13749426304114187,2.0217596168349155,2.5780467807855745,10.968290897051547,9.25,2.41042345276873,0.0241042345276873,1.0,1.0964169381107491
Arafat,500,76,D_500_Arafat_0076,250000.0,21.375864925134216,39.979862109922294,1,0,0,0,0,0,0,0.6144531813029738,2.5161533485688734,3.0741572741703345,10.752183868043765,4.0,1.0423452768729642,0.010423452768729642,1.0,1.0416938110749185
Arafat,500,77,D_500_Arafat_0077,250000.0,21.380381883502892,39.97989217689151,0,0,0,0,0,0,0,0.7761954084072017,3.0123982802352423,3.571352781335092,10.555354596701015,0.0,0.0,0.0,1.0,1.0
Arafat,500,78,D_500_Arafat_0078,250000.0,21.384898839401327,39.9799222517615,0,0,0,0,0,0,0,1.135773657649958,3.5097092648842203,4.06923560772357,10.37889991241721,0.0,0.0,0.0,1.0,1.0
Arafat,500,79,D_500_Arafat_0079,250000.0,21.326150064198448,39.984352720427516,0,0,0,0,0,0,1,0.8861672258439077,0.8861672258439077,2.115478789706377,14.309552201977432,0.25,0.06514657980456026,0.0006514657980456026,1.0,1.0026058631921824
Arafat,500,80,D_500_Arafat_0080,250000.0,21.330667043179496,39.98438284805149,0,0,0,0,0,1,0,0.4196689269370618,0.4196689269370618,1.753597650544086,13.966900782819355,1.0,0.26058631921824105,0.0026058631921824105,1.0,1.0104234527687297
Arafat,500,81,D_500_Arafat_0081,250000.0,21.335184019694587,39.98441298360303,0,0,0,0,0,3,0,0.1923419238191502,0.1923419238191502,1.365611990531624,13.633977803015618,3.0,0.7817589576547231,0.007817589576547232,1.0,1.0312703583061889
Arafat,500,82,D_500_Arafat_0082,250000.0,21.339700993743303,39.98444312708322,0,0,0,0,0,1,0,0.30189937870481276,0.5336541883995033,0.9605007874274307,13.31151321184505,1.0,0.26058631921824105,0.0026058631921824105,1.0,1.0104234527687297
Arafat,500,83,D_500_Arafat_0083,250000.0,21.344217965325214,39.98447327849316,0,0,0,0,0,2,2,0.3465318378090783,0.47878337494833895,0.6929844273962328,13.000285275528688,2.5,0.6514657980456026,0.0065146579804560255,1.0,1.0260586319218241
Arafat,500,84,D_500_Arafat_0084,250000.0,21.348734934439893,39.98450343783396,0,0,0,0,0,1,3,0.0,0.0,0.7334119378484746,12.700944608434668,1.75,0.4560260586319218,0.004560260586319218,1.0,1.0182410423452768
Arafat,500,85,D_500_Arafat_0085,250000.0,21.353251901086924,39.9845336051067,0,0,0,0,14,0,6,0.05011088292300098,0.05011088292300098,1.015033801491117,12.414509522184208,29.5,7.687296416938111,0.07687296416938111,1.0,1.3074918566775244
Arafat,500,86,D_500_Arafat_0086,250000.0,21.357768865265868,39.984563780312484,2,0,0,0,9,0,4,0.16332636931562466,0.519812670320808,1.3544044302146334,12.1419149810184,27.0,7.035830618892508,0.07035830618892508,1.0,1.2814332247557003
Arafat,500,87,D_500_Arafat_0087,250000.0,21.362285826976308,39.98459396345242,1,0,0,0,1,0,3,0.20896020261007311,1.0068370957984907,1.7715894284513392,11.884113435008762,6.75,1.758957654723127,0.01758957654723127,1.0,1.070358306188925
Arafat,500,88,D_500_Arafat_0088,250000.0,21.366802786217832,39.98462415452758,2,0,0,0,1,0,3,0.15368532092393236,1.502410284418284,2.2232064333786146,11.642087650676425,10.75,2.801302931596091,0.028013029315960912,1.0,1.1120521172638436
Arafat,500,89,D_500_Arafat_0089,250000.0,21.371319742989993,39.98465435353909,1,0,0,0,0,0,5,0.10049195647798771,2.000188088149642,2.691981535566613,11.416840963940473,5.25,1.3680781758957654,0.013680781758957655,1.0,1.0547231270358306
Arafat,500,90,D_500_Arafat_0090,250000.0,21.37583669729238,39.984684560488034,1,0,0,0,0,0,34,0.1296031931162445,2.4988533596883213,3.170312654967503,11.209384921831614,12.5,3.257328990228013,0.03257328990228013,1.0,1.1302931596091206
Arafat,500,91,D_500_Arafat_0091,250000.0,21.38035364912457,39.98471477537552,1,0,0,0,0,0,3,0.45970774828917316,2.997963281709017,3.6544493528659845,11.020724252773165,4.75,1.237785016286645,0.01237785016286645,1.0,1.0495114006514659
Arafat,500,92,D_500_Arafat_0092,250000.0,21.38487059848613,39.98474499820264,0,0,0,0,0,0,0,0.9480684064012699,3.497327488772733,4.14235655334957,10.851839281225066,0.0,0.0,0.0,1.0,1.0
Arafat,500,93,D_500_Arafat_0093,250000.0,21.32612177005041,39.9891735385293,0,0,0,0,0,0,0,0.890737197087217,0.890737197087217,2.4594681606521127,14.673375682629452,0.0,0.0,0.0,1.0,1.0
Arafat,500,94,D_500_Arafat_0094,250000.0,21.330638742467173,39.9892038136433,0,0,0,1,0,1,0,0.3960072804772019,0.3960072804772019,2.0549913277156855,14.339420740726734,4.0,1.0423452768729642,0.010423452768729642,1.0,1.0416938110749185
Arafat,500,95,D_500_Arafat_0095,250000.0,21.33515571241759,39.98923409672367,0,0,0,0,0,1,1,0.06897380087661827,0.06897380087661827,1.6675296132158033,14.015349458204271,1.25,0.3257328990228013,0.0032573289902280127,1.0,1.013029315960912
Arafat,500,96,D_500_Arafat_0096,250000.0,21.33967267990125,39.989264387771506,1,0,0,0,0,0,0,0.36814602047596245,0.4668260046590144,1.3558468441961342,13.701863146725318,4.0,1.0423452768729642,0.010423452768729642,1.0,1.0416938110749185
Arafat,500,97,D_500_Arafat_0097,250000.0,21.3441896449177,39.98929468678791,0,0,0,0,0,2,0,0.4055521817784651,0.6722317019587241,1.1815186494006713,13.399581844602999,2.0,0.5211726384364821,0.005211726384364821,1.0,1.0208469055374594
Arafat,500,98,D_500_Arafat_0098,250000.0,21.348706607466546,39.98932499377398,0,0,0,0,1,2,6,0.41077668686461855,0.41077668686461855,1.205674903465506,13.109341949163237,5.5,1.4332247557003257,0.014332247557003257,1.0,1.057328990228013
Arafat,500,99,D_500_Arafat_0099,250000.0,21.35322356754735,39.98935530873082,0,0,0,0,6,0,3,0.19758193624510864,0.5048983108516288,1.4182093028927454,12.832026304133253,12.75,3.3224755700325734,0.03322475570032574,1.0,1.132899022801303
Arafat,500,100,D_500_Arafat_0100,250000.0,21.357740525159674,39.98938563165954,1,0,0,0,1,0,1,0.30244615816972265,0.7541486320510633,1.7131406085017487,12.568490434409554,6.25,1.6286644951140066,0.016286644951140065,1.0,1.0651465798045603
Arafat,500,101,D_500_Arafat_0101,250000.0,21.362257480303118,39.98941596256124,1,0,0,0,0,0,0,0.2914606309516582,1.1681024552463575,2.0588755394421634,12.319618684428555,4.0,1.0423452768729642,0.010423452768729642,1.0,1.0416938110749185
Arafat,500,102,D_500_Arafat_0102,250000.0,21.366774432977234,39.98944630143701,1,0,0,0,0,0,2,0.4140142614145686,1.6310078272898163,2.4582689497548427,12.086316943535689,4.5,1.1726384364820848,0.011726384364820848,1.0,1.0469055374592835
Arafat,500,103,D_500_Arafat_0103,250000.0,21.371291383181614,39.98947664828798,1,0,0,0,0,0,9,0.07410543894986027,2.1009504581705336,2.8891528121136645,11.869503359006837,6.25,1.6286644951140066,0.016286644951140065,1.0,1.0651465798045603
Arafat,500,104,D_500_Arafat_0104,250000.0,21.375808330915827,39.98950700311524,1,0,0,0,0,1,27,0.34737649886279587,2.580214826896564,3.339359476630183,11.670096945584955,11.75,3.0618892508143323,0.030618892508143324,1.0,1.1224755700325733
Arafat,500,105,D_500_Arafat_0105,250000.0,21.380325276179445,39.989537365919894,1,0,0,0,0,2,2,0.562546592900784,3.0661089801549384,3.8020309647049597,11.489004110419144,6.5,1.6938110749185669,0.016938110749185668,1.0,1.0677524429967427
Arafat,500,106,D_500_Arafat_0106,250000.0,21.384842218972047,39.989567736703044,0,0,0,0,0,1,0,1.0031389383147449,3.5559161974710043,4.273120311785154,11.327103256309828,1.0,0.26058631921824105,0.0026058631921824105,1.0,1.0104234527687297
Arafat,500,107,D_500_Arafat_0107,250000.0,21.326093337721307,39.99399434866582,0,0,0,0,0,0,0,1.055747385948979,1.055747385948979,2.7533765825418084,15.045019894504808,0.0,0.0,0.0,1.0,1.0
Arafat,500,108,D_500_Arafat_0108,250000.0,21.33061030354173,39.99402477126875,0,0,0,0,0,0,0,0.6887704750055492,0.6887704750055492,2.3746048638151525,14.719499206224652,0.0,0.0,0.0,1.0,1.0
Arafat,500,109,D_500_Arafat_0109,250000.0,21.335127266895427,39.99405520187685,0,0,0,0,0,1,0,0.5689333739730655,0.5689333739730655,2.0485150507671523,14.40398174596354,1.0,0.26058631921824105,0.0026058631921824105,1.0,1.0104234527687297
Arafat,500,110,D_500_Arafat_0110,250000.0,21.33964422778196,39.99408564049122,0,0,0,0,0,1,2,0.733071535248149,0.733071535248149,1.8039067512442317,14.099063560176715,1.5,0.39087947882736157,0.003908794788273616,1.0,1.0156351791530944
Arafat,500,111,D_500_Arafat_0111,250000.0,21.344161186200903,39.99411608711298,0,0,0,0,0,2,0,0.8419387327325005,1.075737742890149,1.6768259364494245,13.805420891946019,2.0,0.5211726384364821,0.005211726384364821,1.0,1.0208469055374594
Arafat,500,112,D_500_Arafat_0112,250000.0,21.348678142151847,39.99414654174323,0,0,0,0,2,2,4,0.8597644256492256,0.9050639667540785,1.6939335509737268,13.523893623274931,7.0,1.8241042345276872,0.018241042345276872,1.0,1.0729641693811074
Arafat,500,113,D_500_Arafat_0113,250000.0,21.353195095634355,39.99417700438307,0,0,0,0,3,0,6,0.5400277073199129,0.9886400695069152,1.8512364865352642,13.255253730635754,7.5,1.9543973941368078,0.019543973941368076,1.0,1.0781758957654723
Arafat,500,114,D_500_Arafat_0114,250000.0,21.357712046647997,39.99420747503361,1,0,0,0,0,0,0,0.5865705257975892,1.150184836250352,2.117720988006777,13.00030015781981,4.0,1.0423452768729642,0.010423452768729642,1.0,1.0416938110749185
Arafat,500,115,D_500_Arafat_0115,250000.0,21.362228995192364,39.99423795369598,0,0,0,0,0,0,0,0.7913496272284675,1.4611533861513843,2.4164866792155038,12.759853326872003,0.0,0.0,0.0,1.0,1.0
Arafat,500,116,D_500_Arafat_0116,250000.0,21.36674594126702,39.994268440371265,0,0,0,0,0,0,0,0.696487383554035,1.8522128399807987,2.7646926797098974,12.534748088939132,0.0,0.0,0.0,1.0,1.0
Arafat,500,117,D_500_Arafat_0117,250000.0,21.371262884871534,39.994298935060584,0,0,0,0,0,0,0,0.5643109342269405,2.2861355146442683,3.153988483754658,12.325825018352317,0.0,0.0,0.0,1.0,1.0
Arafat,500,118,D_500_Arafat_0118,250000.0,21.375779826005495,39.99432943776505,0,0,0,0,0,0,0,0.7794483684105056,2.7426517784884563,3.570960808812178,12.1339200225202,0.0,0.0,0.0,1.0,1.0
Arafat,500,119,D_500_Arafat_0119,250000.0,21.38029676466847,39.994359948485766,0,0,0,0,0,0,0,0.9549358222193017,3.2115828991165727,4.006978767162117,11.959852333653343,0.0,0.0,0.0,1.0,1.0
Arafat,500,120,D_500_Arafat_0120,250000.0,21.38481370086004,39.994390467223845,0,0,0,0,0,0,0,1.2673966049433498,3.682089141119196,4.456455607644214,11.804411064202654,0.0,0.0,0.0,1.0,1.0
Arafat,500,121,D_500_Arafat_0121,250000.0,21.330581726404137,39.99884572088903,0,0,0,0,0,0,0,1.1366563985161877,1.1366563985161877,2.7485463724526245,15.106565678025973,0.0,0.0,0.0,1.0,1.0
Arafat,500,122,D_500_Arafat_0122,250000.0,21.33509868312904,39.998876299023756,0,0,0,0,0,1,0,1.0688929470695125,1.0688929470695125,2.4722808933224902,14.799270013672688,1.0,0.26058631921824105,0.0026058631921824105,1.0,1.0104234527687297
Arafat,500,123,D_500_Arafat_0123,250000.0,21.339615637386395,39.99890688520355,0,0,0,0,0,1,0,1.1648438663427207,1.1648438663427207,2.2737278793761626,14.502566864781842,1.0,0.26058631921824105,0.0026058631921824105,1.0,1.0104234527687297
Arafat,500,124,D_500_Arafat_0124,250000.0,21.344132589175775,39.998937479429564,0,0,0,0,0,0,1,1.3241031255929971,1.4382244818807233,2.1742824387409723,14.217260579919923,0.25,0.06514657980456026,0.0006514657980456026,1.0,1.0026058631921824
Arafat,500,125,D_500_Arafat_0125,250000.0,21.34864953849675,39.99896808170288,0,0,0,0,1,0,0,1.2213869864849463,1.4034044610737784,2.1875030919709255,13.944050743138511,2.0,0.5211726384364821,0.005211726384364821,1.0,1.0208469055374594
Arafat,500,126,D_500_Arafat_0126,250000.0,21.3531664853489,39.99899869202461,0,0,0,0,0,0,0,1.0218714340933681,1.458702328948505,2.3114574258132747,13.683661931555399,0.0,0.0,0.0,1.0,1.0
Arafat,500,127,D_500_Arafat_0127,250000.0,21.35768342973179,39.99902931039588,0,0,0,0,0,0,0,1.0472135813086534,1.6041414200467057,2.5299211618768482,13.436839531190923,0.0,0.0,0.0,1.0,1.0
Arafat,500,128,D_500_Arafat_0128,250000.0,21.36220037164501,39.9990599368178,0,0,0,0,0,0,0,1.2841695144873024,1.8414472598420162,2.8177734569582933,13.204344334985052,0.0,0.0,0.0,1.0,1.0
Arafat,500,129,D_500_Arafat_0129,250000.0,21.366717311088124,39.99909057129148,0,0,0,0,0,0,0,1.1396409707645827,2.168224683121845,3.1215324757487637,12.986945832131916,0.0,0.0,0.0,1.0,1.0
Arafat,500,130,D_500_Arafat_0130,250000.0,21.37123424806071,39.99912121381804,0,0,0,0,0,0,0,1.0636738432875996,2.548905934558375,3.4710348225809726,12.78541414177129,0.0,0.0,0.0,1.0,1.0
Arafat,500,131,D_500_Arafat_0131,250000.0,21.37575118256235,39.999151864398605,0,0,0,0,0,0,0,1.1918451969211143,2.9652393916773367,3.853855275173841,12.600510604990655,0.0,0.0,0.0,1.0,1.0
Arafat,500,132,D_500_Arafat_0132,250000.0,21.380268114592603,39.99918252303428,0,0,0,0,0,0,0,1.416098333799424,3.4041691844976008,4.261023142908374,12.432977126833245,0.0,0.0,0.0,1.0,1.0
Arafat,500,133,D_500_Arafat_0133,250000.0,21.335069961119398,40.00369738812557,0,0,0,0,0,0,0,1.5688525201659598,1.5688525201659598,2.9202622686593327,15.200633056920918,0.0,0.0,0.0,1.0,1.0
Arafat,500,134,D_500_Arafat_0134,250000.0,21.339586908715514,40.0037281218697,0,0,0,0,0,0,0,1.6359488348116022,1.6359488348116022,2.7541963204754167,14.911917987335956,0.0,0.0,0.0,1.0,1.0
Arafat,500,135,D_500_Arafat_0135,250000.0,21.34410385384326,40.003758863698835,0,0,0,0,0,0,0,1.815939796561296,1.840640382433857,2.6726883517696733,14.634594315897873,0.0,0.0,0.0,1.0,1.0
Arafat,500,136,D_500_Arafat_0136,250000.0,21.34862079650221,40.003789613614096,0,0,0,0,0,0,0,1.656616272374992,1.9026159304512662,2.683454616655602,14.369321609623297,0.0,0.0,0.0,1.0,1.0
Arafat,500,137,D_500_Arafat_0137,250000.0,21.35313773669193,40.00382037161661,0,0,0,0,0,0,0,1.515523847043943,1.9437633039866113,2.7854253415978025,14.116779244950449,0.0,0.0,0.0,1.0,1.0
Arafat,500,138,D_500_Arafat_0138,250000.0,21.35765467441201,40.003851137707485,0,0,0,0,0,0,0,1.5327255423004247,2.0793302367538145,2.9692187503752914,13.877662230380896,0.0,0.0,0.0,1.0,1.0
Arafat,500,139,D_500_Arafat_0139,250000.0,21.362171609662013,40.00388191188785,0,0,0,0,0,0,0,1.7034326065569456,2.267437440978005,3.2208579045877164,13.65267599082382,0.0,0.0,0.0,1.0,1.0
Arafat,500,140,D_500_Arafat_0140,250000.0,21.366688542441523,40.00391269415882,0,0,0,0,0,0,0,1.6163132150176016,2.5414426737621074,3.513460456738758,13.442530060977878,0.0,0.0,0.0,1.0,1.0
Arafat,500,141,D_500_Arafat_0141,250000.0,21.3712054727501,40.003943484521514,0,0,0,0,0,0,0,1.5634440377897585,2.875313432503662,3.827338778248202,13.24793067502131,0.0,0.0,0.0,1.0,1.0
Arafat,500,142,D_500_Arafat_0142,250000.0,21.37572240058734,40.00397428297705,0,0,0,0,0,0,0,1.6533149088513237,3.250100078745895,4.177635678933475,13.069572292161949,0.0,0.0,0.0,1.0,1.0
Arafat,500,143,D_500_Arafat_0143,250000.0,21.339558041770278,40.00854935045083,0,0,0,0,0,0,0,2.1203292072899007,2.1203292072899007,3.2405796200661734,15.32664837642591,0.0,0.0,0.0,1.0,1.0
Arafat,500,144,D_500_Arafat_0144,250000.0,21.34407498020433,40.00858023988198,0,0,0,0,0,0,0,2.2819781713704965,2.2819781713704965,3.171596116776724,15.05696527141096,0.0,0.0,0.0,1.0,1.0
Arafat,500,145,D_500_Arafat_0145,250000.0,21.348591916169184,40.00861113743808,0,0,0,0,0,0,0,2.1206057570987706,2.4021554230007873,3.180674076657048,14.79926538428014,0.0,0.0,0.0,1.0,1.0
Arafat,500,146,D_500_Arafat_0146,250000.0,21.353108849664427,40.008642043120254,0,0,0,0,0,0,0,2.012313055690319,2.434875577800661,3.2671628725674413,14.554185262124058,0.0,0.0,0.0,1.0,1.0
Arafat,500,147,D_500_Arafat_0147,250000.0,21.35762578068962,40.008672956929615,0,0,0,0,0,0,0,2.0252997040346807,2.56397323922226,3.42520348152458,14.322372756429214,0.0,0.0,0.0,1.0,1.0
Arafat,500,148,D_500_Arafat_0148,250000.0,21.362142709244342,40.0087038788673,0,0,0,0,0,0,0,2.1573766356907234,2.7187528550271165,3.645501960473081,14.10448205727465,0.0,0.0,0.0,1.0,1.0
Arafat,500,149,D_500_Arafat_0149,250000.0,21.36665963532817,40.008734808934435,0,0,0,0,0,0,0,2.1038429779419925,2.9511481497865035,3.9175694247553605,13.90116782266365,0.0,0.0,0.0,1.0,1.0
Arafat,500,150,D_500_Arafat_0150,250000.0,21.37117655894067,40.00876574713214,0,0,0,0,0,0,0,2.0633255859671,3.2445236502849713,4.212951638387883,13.7130784130966,0.0,0.0,0.0,1.0,1.0
Arafat,500,151,D_500_Arafat_0151,250000.0,21.34404596825995,40.01340160794018,0,0,0,0,0,0,0,2.7435181303896305,2.7435181303896305,3.670801115590587,15.48396123664875,0.0,0.0,0.0,1.0,1.0
Arafat,500,152,D_500_Arafat_0152,250000.0,21.34856289749866,40.013432653135986,0,0,0,0,0,0,0,2.5979915473656345,2.9018535410487636,3.6786473715465133,15.233486413422169,0.0,0.0,0.0,1.0,1.0
Arafat,500,153,D_500_Arafat_0153,250000.0,21.353079824267347,40.013463706496694,0,0,0,0,0,0,0,2.5103774889933472,2.9289968208953825,3.7536798129503586,14.995504694334048,0.0,0.0,0.0,1.0,1.0
Arafat,500,154,D_500_Arafat_0154,250000.0,21.35759674856559,40.01349476802342,0,0,0,0,0,0,0,2.520799514897169,3.0392911640600127,3.892014618692485,14.770619952042336,0.0,0.0,0.0,1.0,1.0
Arafat,500,155,D_500_Arafat_0155,250000.0,21.36211367039296,40.01352583771731,0,0,0,0,0,0,0,2.628091560689441,3.1846446622327127,4.087229311658569,14.559439085952038,0.0,0.0,0.0,1.0,1.0
Arafat,500,156,D_500_Arafat_0156,250000.0,21.366630589749043,40.01355691557948,0,0,0,0,0,0,0,2.596120594778125,3.3852060409903437,4.331640462924636,14.362566596100594,0.0,0.0,0.0,1.0,1.0
