location_id,OSM_NODE_2504820208,OSM_NODE_2504821098,OSM_NODE_2706849553,OSM_NODE_2708673853,OSM_NODE_4340644089,OSM_NODE_4406669093,OSM_NODE_4406715691,OSM_NODE_4424840089,OSM_NODE_4432076296,OSM_NODE_4534829779,OSM_NODE_4534849994,OSM_NODE_4534902761,OSM_NODE_4538598490,OSM_NODE_4538607235,OSM_NODE_4547232393,OSM_NODE_4564310336,OSM_NODE_4646305989,OSM_NODE_4713565989,OSM_NODE_4853503310,OSM_NODE_4853590821,OSM_NODE_4872721840,OSM_NODE_5025564721,OSM_NODE_5041596125,OSM_NODE_5070328470,OSM_NODE_5070329988,OSM_NODE_5070331988,OSM_NODE_5070367192,OSM_NODE_5070379553,OSM_NODE_5070401203,OSM_NODE_5075704816,OSM_NODE_5076188152,OSM_NODE_5076826198,OSM_NODE_5076880916,OSM_NODE_5076889972,OSM_NODE_5077099025,OSM_NODE_5077124619,OSM_NODE_5077145982,OSM_NODE_5077157348,OSM_NODE_5077162954,OSM_NODE_5077230548,OSM_NODE_5077299107,OSM_NODE_5077343888,OSM_NODE_5077616006,OSM_NODE_5077627038,OSM_NODE_5077629512,OSM_NODE_5077671912,OSM_NODE_5077681129,OSM_NODE_5077810152,OSM_NODE_5077819618,OSM_NODE_5084499016,OSM_NODE_5084501351,OSM_NODE_5084506336,OSM_NODE_5084616457,OSM_NODE_5134884137,OSM_NODE_5828839701,OSM_NODE_5923074192,OSM_NODE_6047258976,OSM_NODE_6055798022,OSM_NODE_6139791985,OSM_NODE_6166310287,OSM_NODE_6214131049,OSM_NODE_6214483638,OSM_NODE_6226079490,OSM_NODE_6283475050,OSM_NODE_6286793555,OSM_NODE_6291998465,OSM_NODE_6312985526,OSM_NODE_6314589561,OSM_NODE_6322556737,OSM_NODE_6331818623,OSM_NODE_6331888223,OSM_NODE_6333122478,OSM_NODE_6333127354,OSM_NODE_6333656535,OSM_NODE_6333864197,OSM_NODE_6336211360,OSM_NODE_6437181282,OSM_NODE_6477881085,OSM_NODE_6536855095,OSM_NODE_6579860910,OSM_NODE_6587383192,OSM_NODE_6587572604,OSM_NODE_6712311338,OSM_NODE_6718195234,OSM_NODE_6720791863,OSM_NODE_6720794826,OSM_NODE_6720856542,OSM_NODE_6720966336,OSM_NODE_6744500748,OSM_NODE_6744521336,OSM_NODE_6744521337,OSM_NODE_6744534962,OSM_NODE_6744550068,OSM_NODE_6744590579,OSM_NODE_6744627843,OSM_NODE_6744632557,OSM_NODE_6747086869,OSM_NODE_6747119109,OSM_NODE_6747162247,OSM_NODE_6754378940,OSM_NODE_6765202851,OSM_NODE_6765214626,OSM_NODE_6765222835,OSM_NODE_6767676594,OSM_NODE_6767680435,OSM_NODE_6767680854,OSM_NODE_6770527801,OSM_NODE_6770538393,OSM_NODE_6770559392,OSM_NODE_6770559393,OSM_NODE_6770560184,OSM_NODE_6770639681,OSM_NODE_6770640705,OSM_NODE_6770670894,OSM_NODE_6780738254,OSM_NODE_6780738255,OSM_NODE_6795540585,OSM_NODE_6796028631,OSM_NODE_6796028643,OSM_NODE_6796047040,OSM_NODE_6796052313,OSM_NODE_6796052314,OSM_NODE_6796055407,OSM_NODE_6796056357,OSM_NODE_6796058713,OSM_NODE_7439784961,OSM_NODE_8304076940,OSM_NODE_8421504085,OSM_NODE_8421536483,OSM_NODE_8583386218,OSM_NODE_8769948883,OSM_NODE_10212308117,OSM_NODE_10587987002,OSM_NODE_11275483327,OSM_NODE_11275483328,OSM_NODE_11275483329,OSM_NODE_11275483330,OSM_NODE_11410017570,OSM_NODE_11793367734,OSM_NODE_11870738300,OSM_NODE_11870738495,OSM_NODE_11870738579,OSM_NODE_11870950523,OSM_NODE_11870950901,OSM_NODE_11870951224,OSM_NODE_11871306606,OSM_NODE_11871652226,OSM_NODE_11871768312,OSM_NODE_12054556416,OSM_NODE_12397465285,OSM_NODE_12809375237,OSM_NODE_12811956600,OSM_NODE_13432564251,OSM_WAY_131655352,OSM_WAY_132325101,OSM_WAY_132484637,OSM_WAY_132487113,OSM_WAY_133219649,OSM_WAY_133229235,OSM_WAY_133432933,OSM_WAY_133683253,OSM_WAY_133919954,OSM_WAY_134181976,OSM_WAY_134369914,OSM_WAY_134373812,OSM_WAY_135746633,OSM_WAY_135766345,OSM_WAY_136525017,OSM_WAY_372587908,OSM_WAY_375399296,OSM_WAY_379522469,OSM_WAY_457319394,OSM_WAY_457321838,OSM_WAY_457323810,OSM_WAY_457324471,OSM_WAY_457454052,OSM_WAY_457509225,OSM_WAY_457509472,OSM_WAY_457991013,OSM_WAY_457991153,OSM_WAY_461205063,OSM_WAY_503204319,OSM_WAY_503204331,OSM_WAY_503204333,OSM_WAY_503318522,OSM_WAY_503318526,OSM_WAY_503318532,OSM_WAY_520141095,OSM_WAY_520905277,OSM_WAY_589738245,OSM_WAY_670889758,OSM_WAY_676402012,OSM_WAY_715061903,OSM_WAY_715063833,OSM_WAY_715072278,OSM_WAY_718113483,OSM_WAY_718200601,OSM_WAY_722030956,OSM_WAY_722032704,OSM_WAY_722033509,OSM_WAY_722048384,OSM_WAY_722048385,OSM_WAY_722048453,OSM_WAY_722802311,OSM_WAY_722802312,OSM_WAY_722802455,OSM_WAY_722802456,OSM_WAY_722802461,OSM_WAY_722803185,OSM_WAY_722803198,OSM_WAY_722803254,OSM_WAY_725194309,OSM_WAY_1086093256,OSM_WAY_1505593019,OSM_WAY_1509716172,OSM_WAY_1509719738
OSM_NODE_2504820208,0.0,0.930435240552745,6.427299910578771,6.8641810814744355,8.582401174632173,10.19053024155717,10.158414876423116,3.7072227660003008,7.024836609882036,7.855176120556093,14.313561541721974,7.496515826038673,5.333191241182907,6.642498599850945,23.131653877195518,6.38718952909984,16.36106778822043,9.804690482056357,7.362519938768208,10.388609653446363,6.276017554825488,9.818172900700665,4.050162899693743,7.99173626509461,7.822230111449172,8.249044556537472,7.913843186171815,7.897348415692702,6.7675662950788045,7.389263918546409,6.571714194391623,7.265678548968162,5.527746003213705,6.341277074182768,6.56259920837845,8.185819415338667,9.43550982967113,9.782857300691022,7.732386904890122,8.538740135073022,9.110422441599772,6.019621473594862,9.801267667600191,9.691447174479642,6.856600081980638,4.435903779327059,6.822362135816674,7.991055450014721,7.907327255975537,5.884680424106216,6.074173570940054,6.720178945616585,8.922308056981029,14.723756326341988,6.321722984515659,6.65931388505105,5.836199140452152,8.237130853336266,4.18297481217552,8.882497819933837,6.023084082729628,6.545924313993165,6.59193795769508,6.562513062570651,6.781595602226076,6.667255352576745,7.885524053779422,6.167862226737687,8.468837219101372,6.4549479487097035,6.50292936979809,6.779462598988845,6.713917952010273,6.463117485220941,6.291788756635221,6.792434735324281,9.794529467285832,24.224756061349552,7.981633854113163,6.526462473761526,6.583752041262008,5.793635221844483,9.710494798582078,8.971007485778085,8.7291258241474,9.356022639275647,8.137469414725977,8.392193000456668,7.970351167900763,8.058918503738436,7.958837690902327,7.911782477315535,7.753281030893306,7.617670198858501,7.902069604085002,7.707397767188917,8.49120396302606,8.217717637230328,7.981843408212893,9.510251766414804,8.408759284700546,7.851189263782497,8.546191420358168,8.953872460264432,8.443539998541613,8.448253889667003,12.961462239057532,12.641906535495163,14.169440611907627,13.984703772132377,13.290539651399868,14.613051957411523,15.272247689002652,14.550971007025664,13.686271287410703,13.98138905026116,5.866760849357696,15.201374711312987,15.163794528948713,14.454370228545647,15.966981046764682,15.668750250237446,15.801934834351592,15.3369455445998,14.821917630314214,3.997833163643712,6.069191787236875,4.026251965997215,3.821437187884349,9.038406883905768,8.61508273413629,8.788592641035994,5.504398699909071,5.335287667409987,5.418071266801862,5.261014617443244,5.305268874446911,8.221400379353426,10.325402211520101,10.157275376970567,14.672141316860989,14.36311820063723,0.9466164640451005,29.1896270504162,14.299798480513235,14.881155457029747,14.062902934374875,4.12311952361219,8.833891031710378,5.428086801102005,5.771032103466897,5.8142881408806755,10.38079384357128,15.41144190304439,15.390454893875273,8.88840167411999,9.22754907734436,7.984091952123466,7.787600911797741,8.061501088945118,8.72798788447081,7.832805967875892,9.186108086541097,9.740046897728908,9.583408428886857,7.74537937626326,8.171414072868638,8.985613249195591,7.73723228008529,6.740690394695641,5.2548557982485375,9.569815259545054,16.032434368676522,15.68968043300925,10.692667547302905,8.359878048488559,9.085201063965831,9.417778845017086,4.992159155977608,5.945808739931965,11.262455027685172,14.668542946936812,14.367000940825678,15.12330151541519,15.277273739468798,15.083130816177258,15.401727349912385,7.452414184820616,5.799827875364168,6.456167527741257,6.922887759993075,6.080815148348758,8.022807442907702,7.9901621524034105,7.6286358884404795,7.696700124560608,7.850005674015288,14.279533516129721,13.988801114820808,13.984914858083293,15.590296750626417,15.69843084825261,15.32634948618917,13.125216140940793,12.713241623895023,12.941330628075447,13.418963592318084,13.498988019581681,13.736818332947996,13.559929288996926,13.164053956587281,8.171039404339837,15.47570125675876,15.29107169820378,15.925375246196309,14.13556571262873
OSM_NODE_2504821098,0.930435240552745,0.0,5.540733483436057,6.549490956692835,8.043949416460226,9.260104812361273,9.22822549119485,2.9240999221558535,6.354951273428338,7.181571579691208,14.142078193991045,6.623320999382906,4.46199612950355,5.839426166388708,22.347486557038064,5.598513410886085,15.538821302655252,8.966715121674175,6.593577234087363,9.48806948117561,5.4783984989915675,9.185431693266608,3.9494917559414855,7.339309204394301,7.188899162475067,7.612793659803669,7.057981353461473,6.999204208962295,5.849646771031486,6.564957288984112,5.736345393829815,6.622026681908605,4.695211048340293,5.459479819952143,5.725830399250158,7.469337071443868,8.695529737141479,9.148793274987321,7.085709422914715,7.696242924435672,8.22029219613872,5.179359429734619,9.028598381220394,9.012588977557751,6.377267531516241,3.7734484132319452,6.626559452342978,7.127991163934258,7.048375671214874,5.806442213584222,6.010672364332586,6.673792147445613,8.343202372570314,13.97277203044522,5.406466675076567,5.843544943066824,4.999749944318589,7.4521409427106375,3.784708925398705,8.464494297166004,5.232527726504974,5.72847038087956,5.7441772676852105,5.731716686210532,5.968602656610604,5.8484441674832075,7.023810325663909,5.325627759008742,7.661104643953085,5.555542301311623,5.590706910758598,5.853878428530885,5.790306145939143,5.554084656523937,5.431080631987587,5.987008629798305,8.864100429735526,23.442916732997528,7.353508575198708,5.68916042202196,5.7638751428325,5.019211224884504,8.902154840067327,8.170221701282669,7.9610589530718485,8.515324000690025,7.298258295299055,7.590281905145345,7.076913493566085,7.152447271571623,7.056874302889965,7.032734166844397,6.928838430994314,6.798383780045478,7.033924218160343,6.835041248805694,7.715505198158672,7.431867066834064,7.208204108465049,8.791179094178732,7.795238675508911,7.249023001807502,7.833412235198742,8.235262599816549,7.70949803335477,7.670291038489686,12.734734481255238,12.461044250786493,14.003283655048525,13.81203565031519,13.156155734941716,14.424202240282987,15.089741068303951,14.350775725368273,13.613985509475505,13.900241574219404,5.0921251913511005,15.126153128698675,14.897503481364808,14.386276134168597,15.771623296272727,15.42828179496335,15.694068107503956,15.195591210317717,14.701891672892852,4.094971451709272,5.2754260215570765,4.030981261500254,3.846094831920012,8.416413602615476,7.733477025065042,8.112423963534988,5.092948103476214,4.753202353213664,4.8347248115349135,4.67987726593964,4.7339513998528515,8.147160888342917,9.548331952152958,9.226954137124388,14.529585389811508,14.25574174720732,1.7592233032493358,28.460920751223576,14.212419760445963,14.75288879472785,13.953306248517823,4.341984360375178,9.754241630884874,4.5792693047845106,4.975761089809113,5.020718095496268,9.450366749458741,15.251271056331337,15.21220331298748,8.079555786495684,8.39029990266058,7.1896628926875,6.949145535640748,7.221342738443223,7.951770361709782,6.989196406973441,8.397401209950749,8.927247467170126,8.77759843673084,6.925562069450121,7.333678702040945,8.228362582401857,6.877489516799198,6.086391801311801,4.694625230402576,9.069797553147888,15.968030283924291,15.380013148972987,10.37635945035336,7.43114649028528,8.354941677295281,8.663575326247418,4.545177073769579,5.680579689446124,10.342911681168852,14.481018647760868,14.165007148117725,14.942769481637843,15.028974358315473,14.790265515765489,15.113422118540933,6.600961197128468,5.021322866943451,6.690546208012403,6.106071248902331,5.178661069381576,7.164899744452694,7.162447685080294,6.836004953547273,6.940596632873457,7.093331943880735,14.148820949968474,13.848480984510177,13.838608744514739,15.29492979244587,15.368925478237097,15.052488533396257,13.036784479357083,12.613292017043955,12.827435635068804,13.321665557232196,13.396895970788128,13.64001629144464,13.434974663941869,13.028648081043857,7.303042719763286,14.697155051630446,15.083261545623266,15.63103623171025,13.983472759433253
OSM_NODE_2706849553,6.427299910578771,5.540733483436057,0.0,8.803803346836279,8.625469108910677,4.393725695533527,4.293251774235259,2.911415727678595,6.502418022833572,3.3761496537141458,12.55004393304005,1.1138623648435122,1.1204412554710248,1.3694553214613456,19.456778683875378,1.4952883965123067,10.118651851127057,6.495600606703728,2.110862373458311,5.821546077079361,1.3768467717155708,8.801190819730916,5.686749566705049,3.659462265633105,3.7250615543100922,3.9763191135367024,1.6301976227221802,1.493671221271091,0.9400016188298028,5.06185903115306,4.515912510980904,3.316664752742441,1.2193687164920015,0.12853316343947863,4.49270152806009,6.8031143115524095,7.452793028319223,8.761488125112027,7.1481289199457,5.502194125562747,5.04404362679671,4.255903917392642,7.359957645715318,8.274183884662643,7.811666148892814,2.9723480391665267,6.396749290693367,4.810989637365042,4.8308939916794,6.566311465955134,6.754260134009695,7.242692314027963,8.563607331455653,11.839440272565348,0.7616093855471463,4.813495132567373,4.256400968313968,6.083657145773626,6.706924811169074,9.717215579765996,4.8557891033473615,4.743172921612367,4.345591513094693,4.574934347537855,4.904157005586386,4.777990553353287,4.77050487650428,4.273826731887444,5.95028702665402,0.2955278902088149,0.6631564771278081,1.3047664213580077,1.1707990355840316,0.5587987599330103,0.495490873005949,5.003773483280885,4.069312201269602,20.546560452499964,7.475014653620475,4.470812891825587,4.728138077148036,4.944214874209064,3.671218338807429,3.0483922340744782,3.1265381540950794,3.1111758823734426,1.9711565995195617,2.5303751746437118,1.549253957721869,1.7107501052583165,1.5765049841872758,1.4983707523985812,1.7773518780592976,1.724205925097068,1.5368322913781047,1.324013863039458,2.858568087849664,2.5391334302140107,2.4783047769191544,4.218043374761439,4.285857397342372,4.0180945449350025,3.4924412639618927,3.7594822181433383,3.214995603983413,2.801977942748424,10.948515371967527,10.988667185648106,12.45650870704819,12.24390423782195,11.887356812584406,12.701241246160313,13.349698017006375,12.565183842484684,12.67133631744073,12.87639829441101,1.66538118186973,14.029868410818958,12.662374621661735,13.395573229874138,13.902099384801065,13.310137858077848,14.3578327589033,13.696051596121348,13.3716126043772,8.440313477009337,4.837269699857502,8.156191087024624,8.074750397647264,8.292811150314,4.868891366488947,7.619064232533989,7.355933375936968,3.3056523598419956,3.299245306257817,3.3116420433320934,3.3791998119217173,11.162366746120076,7.719489731325682,4.320176742144019,13.078181217495414,13.041014556846939,7.299484642255725,23.329618111661965,13.121869554192223,13.368589432619308,12.753400489070081,8.925038376946251,14.90192457223982,4.015131432516187,4.7211094653123915,4.752785922715916,4.569827451469129,13.633689972355477,13.488272264035738,2.906650017163053,3.009639638518162,2.268557093078079,1.6667454945220332,1.894185462468703,3.0513707170234934,1.6584605395360095,3.3424914401899306,3.6668919241380484,3.5707878400190447,1.8188231084934354,2.0144910603034707,3.4398696939972377,1.4350842952925429,6.468859183977999,3.452926293138239,6.079231823165502,14.872260467990465,12.843365094141241,8.360548539965622,3.1590072142185472,7.296151082329808,7.28155048385402,4.1433611780557635,5.511499144409745,6.057545595839434,12.761159920174503,12.385087106760222,13.226533157930048,12.893474053963722,12.400733442547507,12.726937485333123,1.25062016827689,4.905142787060199,10.984156681020133,4.921925630283856,0.5005967866057955,1.7182765130048145,1.943933753729978,2.022401741846965,2.458501394277839,2.5567523671872157,12.803185479182568,12.473130275334176,12.427962569448106,12.85181348328274,12.711758629394192,12.758994515248741,12.057876848709611,11.613272126330854,11.718751619381466,12.258951347831923,12.297502218051264,12.547682847760012,12.19381329944088,11.767532841973084,4.835530841425451,12.217289766632566,13.190121357970988,13.170290544501997,12.523909768407188
OSM_NODE_2708673853,6.8641810814744355,6.549490956692835,8.803803346836279,0.0,2.5861014695712075,9.78839476134409,9.878687005917516,8.085973735082145,3.043784144475717,11.904014029586543,20.276080970586015,9.756164748613296,8.336806893421091,9.941080051130083,17.910230518733204,9.875066060982698,18.142718640539524,6.571840482638457,10.798935950422218,8.274828673249813,9.71621184801023,4.245194871534558,10.408875136088731,12.15523696444554,12.121742527618649,12.478631854236246,10.318081556274313,9.595915855629945,8.324552785971186,4.971993355858042,4.850313604180098,11.580282001421745,8.873887088947289,8.823161326842305,4.867828813962082,3.9814150134171773,5.007109070995932,4.22841718959826,3.043195162187531,5.830041579339826,7.1082503391974905,4.794252395607075,5.650021271578191,4.555897022874435,1.3073484652088396,9.183419916759037,12.8827970192203,5.88189668599314,5.764640282375687,12.232502164180428,12.445987921615481,13.112369410550782,3.137211058484059,9.562044711197958,8.138981384563058,4.604279118712913,4.715327020580711,4.827080175481546,2.778254008457586,2.1745771662857765,4.179106473962496,4.597628172605391,5.038332730039607,4.783255130690148,4.601175251384534,4.6471334410504435,5.802638567073655,4.849993231285008,5.262270651195106,8.591377032280384,8.330527541873133,8.016881017756035,8.075307895195023,8.38678341012879,9.080911713125351,4.5046873583271205,9.43785704110829,18.953569068733277,2.979701733232506,4.865613315023742,4.639398547847674,3.9926134450472395,12.354195226555932,11.815191462254258,11.930195840550388,11.666874726546025,10.706390514401203,11.326747887000652,9.7469590516841,9.5166022243584,9.554628522303968,9.967564383253363,10.577728392918079,10.527796741647382,10.133402176495139,9.923926602401467,11.66179745279889,11.341704568705905,11.26019951738646,13.01489875812319,12.753432315833775,12.322435263263325,12.226687229014088,12.534057996088727,11.976014822263986,11.605283842110975,18.768841842683862,18.600775165841014,20.150269263867553,19.94810251135339,19.376299716475938,20.51672847005615,21.187353574412768,20.41879963503275,19.93397929543195,20.203778822368513,9.598783867326603,21.428768257797987,20.791071383781162,20.706112917439192,21.831202091318527,21.38166345975524,21.93584088405796,21.378500091236685,20.930843300480767,3.5390553348453895,4.220287847657906,3.2411128241253664,3.439224305400848,3.5706745726583486,6.602496927120691,3.904982155719589,1.5640921193545796,10.253295438960981,10.317062042589894,10.195383013013686,10.273498815874941,2.454937218211406,6.08841345736152,9.83209085692168,20.717552935871378,20.51197478080639,6.643596907905886,31.60466070539756,20.503012727162137,20.9659163080231,20.208759450378086,3.940404677914582,13.785362818305359,4.835930021676951,4.216278389450902,4.199165746849358,9.932095254908372,21.395125121331866,21.317661315106,11.661035762361148,11.6062409708117,11.069966606817793,10.44336287524239,10.635285521056,11.85454936777182,10.415284026722295,12.118831418040081,12.328779838175395,12.274768037823069,10.621885792315995,10.75113323627329,12.24349135718668,10.130864062118704,2.8430212299995405,10.276599314729017,14.409157547116093,22.281750927864557,21.139157849938062,16.24694131514272,8.085189859547393,4.663403006055691,5.159564064907558,10.45881367905975,11.86627204023235,9.607954618906472,20.57568817814235,20.231720906326355,21.046656169253186,20.968385958693844,20.61110089087446,20.94118142530556,10.02775109328261,4.0355910134241295,3.9245228412598343,4.695676634368565,8.306230397277595,10.373206257514388,10.726699741863518,10.8020410721383,11.175791957660373,11.29697782094205,20.36386612688577,20.048858552376917,20.027557990906406,21.098628821073895,21.066356796102056,20.922373622302764,19.337122061466044,18.89970267288906,19.088051187681888,19.60466392366781,19.67110907563276,19.92054946174428,19.668897343352334,19.248545754745763,6.070559845732295,10.539250660372964,21.12286710679427,21.43146662638438,20.159219053711613
OSM_NODE_4340644089,8.582401174632173,8.043949416460226,8.625469108910677,2.5861014695712075,0.0,8.400970352549063,8.52616702453665,8.77740063804705,2.137475352036962,11.962258502435791,20.860790026552106,9.379007061832851,8.483901814615699,9.928722839796288,15.359980947339862,9.942708340355537,16.991497040289868,4.530843401760599,10.731854190349114,6.4322984056947305,9.78833537710082,1.66155795164993,11.578100356880038,12.237187398340337,12.260514854621919,12.56081881489234,9.919317834177626,9.029464082535254,7.924462976934102,3.796192256237054,4.1291314011828835,11.772032452689208,9.045000869967044,8.681125302251116,4.152069701201384,2.1594272412427578,2.71939130530691,1.6466207534377268,1.4915128446684156,4.187647108031947,5.492311859598891,4.37950465550127,3.374541819496874,2.0482866184356805,1.7893769415527028,9.816126798309748,13.753002230110184,4.522119511278538,4.426059491103768,13.296559735831366,13.515265419077341,14.16753737396631,0.5625705199778498,6.97955065515992,7.879032050089636,3.8299799819404807,4.405280655780741,3.137933048323283,4.454434392414595,1.3320505759873797,3.8116297318812835,3.889933976679855,4.311110899625138,4.066267030055468,3.7545563300692995,3.868470419221095,4.481627414270775,4.352443836116263,3.533543789167737,8.36166590961311,8.0341842038136,7.556411168945544,7.651059468632129,8.11599386771516,9.009087729491227,3.650243465569453,8.110236784755983,16.412169559755885,1.1807668155573465,4.169974306573292,3.9094194387470136,3.79620778207283,11.833798476590204,11.418567312867335,11.65847550412725,11.083733509817499,10.322234058851782,11.012350786716135,9.188202403627026,8.870148224445812,8.95517105341091,9.483634206070343,10.30515501010863,10.293567058348724,9.693425338507359,9.506741265750627,11.40361121328944,11.097562982820302,11.083114975666241,12.770412668008142,12.86106992987776,12.514017486180812,12.113275164120283,12.356238536096456,11.827208028484916,11.34739938652401,19.294967624558485,19.219472017604254,20.748774348888805,20.539942694593748,20.056565756246076,21.06082888748812,21.72561371547358,20.943382749933633,20.712393585983875,20.959630761446018,9.796575805075754,22.16786531706235,21.170184971826327,21.474166687648363,22.326978367007126,21.796994412646285,22.6020466006173,21.99270180935597,21.596831221835682,5.921907470388944,3.819726020779211,5.567858037681648,5.737920002685793,1.0629735815395145,5.090783245628898,1.6480947791933684,3.1985932230059637,10.814907675615315,10.864291676763294,10.769757417943557,10.852449109237122,4.379641744301136,3.725868146830797,8.468121481217807,21.34593773998214,21.211985872646125,8.58695845308359,30.416632758471863,21.2403042251512,21.615366846874558,20.91222701748711,6.395248449548583,16.19408723768319,4.734988484729614,3.9962965295070547,3.9557567695116123,8.511144138295121,21.972161024359377,21.860958162645616,11.252055741076637,11.054380796614312,10.839978142718616,10.123623296146942,10.261355600923967,11.561394408152957,10.071425083669958,11.728051757824343,11.789874115423222,11.779111969734965,10.363658655601865,10.36582579953685,11.965705473752719,9.752428480173496,2.241472724017809,10.876121266972007,14.620223340648412,23.02395187468522,21.41470621277017,16.711770555731636,7.001340449780027,2.453361614897759,2.921096328116481,11.218169107310253,12.720352074232196,7.787281249547595,21.12072409443307,20.758274290301944,21.592560463224252,21.379516047814686,20.939933356269428,21.269093704992667,9.731649379725011,3.827485603866759,6.480615996650149,3.7684735715248605,8.167534646264992,9.947186997655672,10.403331285357654,10.634954167011799,11.08395910428251,11.180355760514432,21.023900160036902,20.69921735277863,20.667232181466176,21.406439596180807,21.300688651814205,21.28151270849123,20.10172268752025,19.655789177175688,19.81386036861162,20.34626382875367,20.402266620405605,20.65487373391277,20.358275113896074,19.930645194273968,4.65767980905392,7.953168094904697,21.612252323658353,21.731190937732332,20.78430448239361
OSM_NODE_4406669093,10.19053024155717,9.260104812361273,4.393725695533527,9.78839476134409,8.400970352549063,0.0,0.18125801672500685,7.146588278318817,6.779530495592705,6.683793878817104,15.638174763287388,3.9128972733917458,5.403114914752169,5.331303101378465,15.489826931976774,5.598940123959764,8.608672262503623,4.310560910669885,5.539679223235815,2.543102939785227,5.54982371889811,7.725792990385948,10.079509915733135,6.9424078264746125,7.137160858055074,7.166907742165974,4.0486652361949105,3.166431850872182,3.63706230752538,4.824404462398126,5.018423125313266,6.98626251568652,5.612808818088755,4.521187838626243,5.005392803027529,6.242547534571808,6.077891785130311,7.695228701874298,7.048296983613043,4.216293490842476,2.938163569295189,5.2680878554755575,5.6168797228744625,7.056445638909337,8.509277344198646,7.363744141147557,10.558583355322458,3.944626816617763,4.055992242554822,10.883875082811775,11.059829124404052,11.494611207373667,8.066438653458373,8.710911537786142,4.082909236496506,5.222227614413802,5.419286913896157,5.263341081438773,8.799268564975193,9.723065186633148,5.783668314605124,5.251886235934079,4.84818392009422,5.0804589920382766,5.205900819103186,5.180992124078582,4.010777219639467,5.15792539827071,4.873268301714728,4.193392907459832,3.9649098458595216,3.493017037105803,3.5896846131031017,4.047183436016175,4.82133866143898,5.296792051493242,0.4036947916370226,16.558388433497807,7.285498112982305,5.017449061168139,5.205244340233122,6.040375279756097,4.844253488309842,4.911101241204765,5.453764677171339,4.12395747231898,4.290955540044334,4.905354811024417,3.2348058201932375,2.8532095084405307,3.0348196489550228,3.586555158687579,4.647855707333333,4.767962708203897,3.8149987835962835,3.821105812530828,5.327272576399282,5.1796533305426165,5.384407107607473,6.337151606957526,7.459730653639241,7.477045193727,6.250195502258581,6.226117889673871,5.9459904141976745,5.292110513678138,14.051511936515025,14.260427428015195,15.576695766031232,15.367251960840969,15.195797780952615,15.702856402138119,16.29691570925288,15.53922095679246,16.088884213401467,16.24272627041367,5.961418546241963,17.29490471802907,15.341040832360886,16.748208937889054,16.733717687422864,16.019845928991163,17.4774774814776,16.76222586091188,16.551075016118617,10.923120353952134,5.730464351984955,10.552271418012648,10.553617016081196,7.597985917461709,3.3109009788038426,6.852686301406442,8.79379722028587,7.62659838563049,7.606632605876711,7.643752932044701,7.7033298278173605,12.221876029607941,5.685630587848458,0.11229276545365871,16.209782071449066,16.301547406138532,10.926960449907304,22.015669884900685,16.440729358948445,16.518922381230126,16.03935993131349,11.490074628882134,18.964425651135656,5.56577736415996,5.857711173332791,5.852428475052869,0.1903048074198749,16.635534532486083,16.43615954632166,4.762420721736578,4.197381861323805,5.072951004713749,4.404490459605768,4.293337519435492,5.322814948069133,4.3002461543886366,5.142461145661354,4.7594054336810965,4.873715111094305,4.724228042473415,4.309911153941355,5.647495714604836,4.0455440624629135,6.948953925814254,7.7831692553566,9.119709963988571,18.094426207406464,15.292139974672645,11.611447766472622,1.9164406179855706,6.156353239914014,5.845897128719116,8.498567642267995,9.769811795084934,1.9402254956723226,15.760397473927666,15.375717286909364,16.196180707099945,15.621825428703644,14.992701497827538,15.29475895509999,4.312582435129319,6.000069629331678,13.052245106888037,5.10017001783541,4.4685375928180235,3.97039280959157,4.531600768440967,5.162791526094684,5.657909982379902,5.635623943152098,16.009906178551137,15.685776659945937,15.624779988560004,15.368937761026041,15.079553388452716,15.389894720450759,15.496344460756287,15.071321778454145,15.118159436064493,15.644560204443795,15.662774311882096,15.900512351635076,15.495178131865133,15.088346938371435,3.7780602943045563,8.793100133478791,16.05396389941388,15.649906044376127,15.687659605207136
OSM_NODE_4406715691,10.158414876423116,9.22822549119485,4.293251774235259,9.878687005917516,8.52616702453665,0.18125801672500685,0.0,7.0720342427431175,6.879019108216543,6.525671964048586,15.464068153926368,3.7788983334186135,5.317795530028077,5.20134075651209,15.652126222564009,5.472522854398292,8.473694948327772,4.47123432341676,5.39154890815022,2.7197839226412928,5.427029090369563,7.8732537052891605,9.97994432183848,6.782659674311461,6.979722145609706,7.004344207184746,3.8989317872283236,3.034689223073207,3.559442114879341,4.922250279051234,5.089753814672375,6.836435115184773,5.512570371323588,4.420073390112218,5.07609583699966,6.366908560875717,6.226515909313954,7.842333051433296,7.162685444480922,4.345828728248145,3.0788336351400436,5.322845452028844,5.773315869604394,7.205244596138498,8.60434249783263,7.265359923039244,10.422363979687503,4.052788283007144,4.162496223696327,10.761255933375727,10.935613054517269,11.364543905046322,8.198630894115714,8.892120847689757,4.008982879810163,5.30046909391493,5.470309855518869,5.388283663899277,8.842840798943369,9.84575981851438,5.8490587230577615,5.326598690547443,4.916581790875731,5.152673754535608,5.288130139122503,5.258853797402252,4.115752549551051,5.21608759574773,5.003209207316943,4.100903125140271,3.883957690663224,3.4327965998400236,3.524744422696332,3.9633461872239852,4.712499607232023,5.380638240221518,0.44331008470057187,16.719351249682173,7.404273446177985,5.086976624665619,5.28052226494563,6.102243126383008,4.665227317748136,4.738659080392173,5.2842291870774885,3.9472964847829357,4.133587944480492,4.74086128463391,3.097452851007355,2.72410061736816,2.90439652638297,3.4436217688705786,4.496746886427206,4.619093007178172,3.6686032599705682,3.681174786650821,5.160806220011419,5.017411983909713,5.225578572749575,6.161271865892555,7.295889731823207,7.31962375366014,6.083203332292723,6.054778844904402,5.780054297924502,5.126264620366236,13.878303932538785,14.089980313953353,15.403090882481225,15.193776831112475,15.025591186714761,15.527530636821941,16.120721380288476,15.363597146420819,15.920526283900935,16.073223982642617,5.844231412773204,17.12308620337962,15.16242909146009,16.57823646261388,16.55613970322388,15.84132337824737,17.30323647725025,16.58742889562752,16.378049193387806,10.95841061917885,5.796547276062824,10.590173023629424,10.587930748979458,7.734130957642437,3.4355401035356206,6.987412019850683,8.863169500587913,7.5077571930343305,7.486345400786542,7.526219911847919,7.584737925125824,12.316519537986009,5.8497701059061615,0.07102316629552728,16.03612082559532,16.12999331761969,10.904852747390848,21.891685827570218,16.270208018076172,16.345444750629,15.868370775575537,11.523324209698792,18.918492711102303,5.603320796060569,5.915808084505064,5.91191832718301,0.2886328683742722,16.459916285884912,16.259932550476535,4.5910025073531795,4.022082017975354,4.914957173471492,4.25453136279201,4.137673442043453,5.15327972629671,4.150099404770808,4.967831262172009,4.580131884166386,4.695544207025032,4.572759295581217,4.151682888470169,5.4752316516291035,3.90101715915032,7.0424367760061,7.66519854423966,8.949804332625199,17.921624116870973,15.112014659316419,11.442399592858298,1.9401211260496938,6.2985162798841445,5.99498552797993,8.383355058048624,9.641847017248676,2.112998554283317,15.585021236661214,15.200362848548425,16.020289340710697,15.443561543633802,14.81351532889468,15.115336676341538,4.1729978367983716,6.061519888535632,13.110450706660004,5.185733249191569,4.385654476591013,3.8184959401607674,4.37597447938002,5.01121480402858,5.503219759186795,5.478420728722343,15.837524930316647,15.51362162375841,15.452381600175908,15.189178930633453,14.899082398615837,15.210897248418334,15.328708854458277,14.904334982868331,14.949842917911738,15.475708139414575,15.493491371289512,15.730874999547158,15.32470322432167,14.918430329824444,3.8909672687073305,8.972503235362417,15.876897243255348,15.469881207221066,15.514693979075291
OSM_NODE_4424840089,3.7072227660003008,2.9240999221558535,2.911415727678595,8.085973735082145,8.77740063804705,7.146588278318817,7.0720342427431175,0.0,6.717051414051011,4.3151797094992554,12.205069492728267,3.8912716705177828,1.7960932455074377,2.935412168677529,21.549311510568128,2.6818712353596,12.655344681506056,8.139104936768806,3.6700394992635004,8.052951074284694,2.5688311691985493,9.47112333756041,3.2089997020443803,4.498823103301773,4.379079865244888,4.792051388407488,4.255823057887332,4.402310882441057,3.51278843067112,6.042454992117871,5.244259195375568,3.8060987038946332,1.851763634061078,2.803170754433104,5.224693381952185,7.492973024650211,8.500111339723524,9.430997861928137,7.471295284120327,6.9248495128820675,6.975829578023532,4.745220043120741,8.627825719389289,9.10230694853307,7.455629543477255,1.0989383441682141,4.97921049279982,6.237221022657793,6.201414833563546,4.642923851243177,4.85950787033776,5.48124267354648,8.902473739002568,13.494677233925492,3.063796929814078,5.4771068142306545,4.63034298347681,7.097275371082384,5.45753117320652,9.574558904428661,5.132184629543749,5.367857840406944,5.153365922867685,5.274699765340421,5.602965595544807,5.460096204052694,6.155214253588017,4.848954349672223,7.142272232978748,3.023758605477281,3.1919404914690834,3.6713440980241674,3.5643227307013574,3.119242839422285,2.6690963282792763,5.669625164902545,6.783572885965208,22.648154466369554,7.793046563393736,5.189675051710133,5.38082927512367,5.055967967586449,6.003339603870991,5.264020321885365,5.037825980570015,5.667238927626286,4.450595914004691,4.6850362552111715,4.44556716003492,4.619489337640393,4.487904322853083,4.32135046180343,4.05330814511917,3.914756268660458,4.275005896119491,4.096044768621558,4.794091482502218,4.514704783091718,4.285943163237247,5.877528034848273,5.007275669427139,4.490965172225367,4.9257824014030005,5.322930006329544,4.790523658625825,4.749644488882369,10.685345036480738,10.536743614018922,12.082801194209734,11.878477223850986,11.338164141391164,12.437401853669858,13.107723261274264,12.336505039157359,11.954141340342694,12.20925428671496,2.1688382379070625,13.425810740591242,12.712438667049469,12.720392009764574,13.746852238355938,13.297635499221197,13.895836616617546,13.317699612853716,12.88910761206574,6.604602736660571,5.147280392410075,6.4222622641050675,6.282206259696527,8.79741916532589,6.614208717989668,8.277231949241475,6.522155945340882,2.176565321236844,2.244824340544507,2.11535630373962,2.1916004665681386,10.145461558495587,9.090743373710547,7.088104621671662,12.660554690869551,12.485698311065685,4.636628516051628,25.538267347222696,12.497466910606743,12.91729508689822,12.18372579188489,6.978119459555635,11.991038710761424,4.205649492975977,4.8951919519071785,4.94185122823202,7.332110956066678,13.323685963694105,13.239009806067571,5.181387174595358,5.5353582199436415,4.277965280160823,4.101190270857338,4.376121058772389,5.03063088277849,4.153285742513842,5.482301159446904,6.0334125200771505,5.876185735645126,4.0425564868280555,4.482645190522299,5.304264228735876,4.089551707302157,6.550249576993943,2.191345216941363,6.469168507000033,14.281936432892127,13.08808081878899,8.163094175917522,5.565222651965393,8.235198277503942,8.39246626725663,2.441416790490589,3.947692425391349,8.59492649568029,12.496582409324986,12.149519294928599,12.968191344569911,12.885079006427599,12.544281334404996,12.873739419228764,3.78911661594772,5.033764956297745,9.256126438113,5.69484953646847,2.6977240673231364,4.368352917354222,4.292124026748887,3.9228282897944413,4.0166958391109935,4.1693528808877085,12.318574365713422,11.999006849787692,11.973510350471775,13.036636745414741,13.032710443505405,12.847374018829528,11.346857618534944,10.903024567239099,11.07314364290527,11.600141961131747,11.660441859514446,11.912211978565237,11.635708968595669,11.211016484043297,6.351378492543609,14.04573950277879,13.037747853755581,13.371031839402335,12.100137196001311
OSM_NODE_4432076296,7.024836609882036,6.354951273428338,6.502418022833572,3.043784144475717,2.137475352036962,6.779530495592705,6.879019108216543,6.717051414051011,0.0,9.828067128430641,18.73711677701436,7.2922706543934455,6.34764147062842,7.795424973122741,16.23916145081963,7.806044950780523,15.242724609120797,3.679005069593295,8.604369104475081,5.255806773671333,7.6514404845419985,2.849392150513665,9.635860063225296,10.102161491719519,10.123648089383837,10.426085833891111,7.8404167429849725,6.988323196483218,5.832345388000726,1.9571100302880935,2.0554547342171214,9.63457085971301,6.908690780575147,6.554481122867827,2.0774062838336,1.2616316280530302,2.542068898153721,2.811306707759232,0.761539384268362,2.8003139637595567,4.065375341466895,2.248007344706811,3.062786458672269,2.666611696187591,1.741711894723498,7.730904462970637,11.695261287692428,2.8472457663251105,2.7316892426464476,11.298520849391982,11.517335896197636,12.16044244944244,2.1874120113364026,7.77578365801476,5.762334592308008,1.7634215790203902,2.26805401587455,1.8518930796807072,3.285524223812519,3.2395438438183017,1.6744114057381112,1.803113197434726,2.2456948402444334,1.9889627958467808,1.7141510313066983,1.8051578205584706,2.773020861020803,2.230923706560449,2.2753327857545083,6.243638378745393,5.923904801044905,5.474303541426933,5.561708613280712,6.002317407511446,6.87757845172027,1.6085029426466555,6.442225491113308,17.321846750496725,1.0765432327337727,2.089488725326199,1.8304996331912393,1.6761544593031381,9.795766694765627,9.34655168438039,9.561605448745805,9.060841398706971,8.242230197249944,8.921028856977589,7.145989912617465,6.853025418878008,6.923510541978723,7.422742621942094,8.203130128959184,8.185197420029459,7.622822139301613,7.429614247047137,9.303429747390494,8.99388319041766,8.969178179867688,10.672240097814612,10.725515091950813,10.376557066424871,9.993970701388857,10.246141610159965,9.711632625209205,9.246963041175425,17.16717676266216,17.101144270728664,18.62661894559675,18.417273202709286,17.945146631363652,18.93324779786489,19.59712325204807,18.81429098263468,18.615412836546863,18.858474070257987,7.660175288561845,20.062514506152777,19.03355541529969,19.37433487225242,20.195112515814774,19.66131979563593,20.48606733566609,19.87117510855867,19.481771560986857,5.2771898394792665,1.6823056469118498,4.87784967966002,4.987248275161371,2.111367225058086,3.55925253625965,1.7637571307467086,2.4755022189437534,8.709835896171906,8.756701373488834,8.667017609643821,8.750010925612369,5.447823202144192,3.579435463618558,6.829207711010388,19.226544053222437,19.101943931039642,7.216638898684904,28.705293499800117,19.135796477132846,19.498219393336502,18.803036170718375,5.837422088901581,15.23845544149388,2.603320344530373,1.866329210405967,1.8242594459110346,6.9164078201689865,19.846897774363978,19.73279523440975,9.182202280455206,9.021773644985613,8.73305326624504,8.029345792875878,8.178805894844402,9.468144626379457,7.981629208298507,9.655985832680571,9.75702998790013,9.733865906505107,8.259450104459384,8.28629898071104,9.871014538357507,7.668127111688416,0.3176402520814469,8.777062421751376,12.482896447720568,20.918135084139106,19.277468912979128,14.58141847511287,5.162748254033012,2.1667829274634736,2.5959607433790475,9.149486877616186,10.664460086264324,6.576204136631958,18.993181721127968,18.629456067811496,19.46478113674628,19.2438014759302,18.80253131463942,19.131669084495243,7.63108312743762,1.7042372089578024,6.695429713726287,1.7676861531674883,6.038578830664827,7.874739906795496,8.31108145577047,8.51822035927863,8.959727515362925,9.059071218751088,18.908665569155026,18.583101580634214,18.549831798066084,19.26896745462458,19.16426710598929,19.14444860050734,18.003297761257386,17.556628916532503,17.709512430175845,18.24365173979852,18.2979141951836,18.550671461077368,18.247752417888385,17.819642841592493,3.0313652494102357,8.60785838775171,19.480310484784408,19.593753839438413,18.66505826809385
OSM_NODE_4534829779,7.855176120556093,7.181571579691208,3.3761496537141458,11.904014029586543,11.962258502435791,6.683793878817104,6.525671964048586,4.3151797094992554,9.828067128430641,0.0,9.241153065895865,2.9877484830304755,3.5691187439240455,2.034310585511424,22.169873183023956,2.0390905591020263,8.94892997903005,9.727816278519262,1.2974178996354826,8.73556111540278,2.197455446400321,12.177225650627761,5.158371180367941,0.286794154230361,0.4567206694384508,0.6006604843100541,2.6692663386561466,3.6765170879160824,4.220869351814597,8.437676438210028,7.879099790944969,0.6625943436698382,3.0310205921298676,3.302981037861545,7.855893762152249,10.178325917730588,10.810211144265734,12.137542713223507,10.497073373882916,8.824254460820317,8.205372205762208,7.5827916524037775,10.682700970193027,11.64612927961723,11.023076588321114,3.4208682987981263,4.258314926461962,8.147853430392544,8.176771357481993,4.991418357326957,5.099320047708114,5.323694012527493,11.923711637143448,14.95996572462688,4.137723088175529,8.174727328212805,7.5623604183528,9.453784482923778,9.517026152803089,13.006528131403156,8.160865339298798,8.099412892621766,7.713063738170563,7.93631718211501,8.269589639878888,8.140484768564532,8.115352246262365,7.614521700643758,9.304291481687414,3.6611090280330005,4.018884064410868,4.61133518349922,4.488164107281421,3.9223477267913345,2.957290961776041,8.367541411270478,6.500154807472014,23.24082676545877,10.82601513509819,7.832486573199282,8.08710675520274,8.216410296896976,2.7036306008661786,2.0995876829372113,1.5213878871624442,2.958330826450679,2.3929617974445248,1.8342925323508088,3.5580646381518832,3.983959447251709,3.8082285992360725,3.1747268226363796,2.0730758701362215,1.9849811958175116,2.924295432044733,2.98777243389727,1.49189959451473,1.5324230986133813,1.300645071555881,1.7440445521899346,0.9101245444976547,0.7955123595450808,0.834663606466699,1.2260603374874488,0.9548119158630378,1.5035541713784717,7.63469792290597,7.734020866191366,9.156479150109242,8.943703649909374,8.654192414414467,9.37120413360852,10.010888769166574,9.22855690505106,9.49624212956998,9.675722033386398,2.325527224723899,10.788852722298541,9.28889466223592,10.190635585722363,10.545855428094141,9.939657360430997,11.066408669360838,10.386432078486154,10.095348715434344,10.88890389130757,8.148334573134505,10.681191808558795,10.554347434541304,11.664530375142776,8.118813750134798,10.994789535047623,10.384072183594897,2.6104897896534016,2.5311384497439775,2.681395530702752,2.662822001076541,14.15650026274186,11.012478465355764,6.579859809106452,9.784780414790182,9.793587437415221,8.80177165483544,21.35278463282816,9.899886156360763,10.082538021692244,9.51511489747337,11.282877906986617,15.125040395666707,7.270206659497464,8.00051269399182,8.036563944234864,6.809654493233327,10.30769451841685,10.150128563080738,2.1709077142127535,2.8217476960760512,1.610848230753402,2.3209448163700293,2.3935853021217777,1.6236281965315762,2.4204814837909776,2.0754031792718868,2.7849360457321986,2.5768594060171437,1.995107581264527,2.3740276225122297,1.572538802962852,2.723529250304861,9.768996266779064,2.735780478101493,2.708435311475714,11.617884757123152,9.470074324644724,5.074775323304503,6.156543307723153,10.664832945925694,10.632274276762438,3.3112883941374114,3.804738640166789,8.598842722883449,9.430857252954281,9.051169279101206,9.891796062396319,9.523556222312353,9.02462129197492,9.350787864661784,2.5485116293129004,8.180042167931395,13.533261290141798,8.292701596575549,3.8037640066777025,2.7312139002901414,2.1561813275694925,1.570450802874915,1.0491661826939611,1.04958590109913,9.533809939298774,9.204197465163148,9.153032815505068,9.476143818009739,9.3441395219533,9.383753797451423,8.891434919710223,8.455926013199289,8.529084507119622,9.06493886075309,9.093406043601536,9.338776352561313,8.959234650429968,8.539280798348102,8.153474590895092,15.232241730861661,9.836295238976227,9.795317003612245,9.23807426096755
OSM_NODE_4534849994,14.313561541721974,14.142078193991045,12.55004393304005,20.276080970586015,20.860790026552106,15.638174763287388,15.464068153926368,12.205069492728267,18.73711677701436,9.241153065895865,0.0,12.218340397889882,12.420923035342954,11.180777193432844,30.996602361337956,11.0824991621676,13.193814711965292,18.968923723616935,10.536662606571582,17.897220043335214,11.223094796537245,21.283825761937518,10.26350595189965,8.955104919604684,8.845482458146698,8.665006886253519,11.840126322916861,12.872766330183765,13.439698341018232,17.56967855028479,16.929537001008235,9.234943851898164,11.865334377697035,12.458838867376693,16.906743776739287,19.265002912320035,19.99827480997275,21.243577582239304,19.457900536112366,18.046166675532998,17.442292645814575,16.553073631139767,19.90555371635976,20.7929833636905,19.64961769344261,11.116950455713916,7.5160558616186535,17.359678462250322,17.380917485370663,8.443489677897166,8.267002155818021,7.654191916822224,20.90538971244583,24.164931734174754,13.302430153811056,17.213793858932192,16.494745755333902,18.614550567270232,17.576343472972134,21.751744250549834,17.07127595078533,17.124831597226382,16.781073094042547,16.980016213826236,17.321458880537477,17.18422694667525,17.320468123613747,16.612343075737382,18.498776869200604,12.843876244909751,13.210004805733877,13.827745024140702,13.70001691008195,13.107930440065212,12.08612370604727,17.411908287923023,15.533240333079489,32.035783722036406,19.788354361851006,16.878930282373304,17.12072113316606,17.06581929426966,10.84949355321687,10.72972301118081,10.208217574868474,11.524123369468809,11.499821323444896,10.808005079739518,12.74038636328259,13.166062731619947,12.999426273244683,12.356682511467776,11.27051741270055,11.20456115587271,12.102459504251465,12.19718461301682,10.368637697005965,10.574938458181125,10.44003169694965,9.309327219783851,8.350999309945406,8.537546839262886,9.454729244269368,9.423643585332785,9.77002034966346,10.411471873089202,1.606592688149587,1.6829253315919466,0.16377580183707624,0.3301275976055656,1.1478288754985697,0.3992716655695606,0.9699866596167961,0.5037053903375075,1.6063074343392714,1.4097245506653344,11.122680188190422,1.796535226270311,1.730860017808866,1.6165431786592517,1.6886718047388283,1.7391521502450593,1.8397649566744794,1.1462087688285942,0.9716414837444007,18.230263794814796,17.07059378097892,18.171419165269235,17.988131984711135,20.70869508780506,17.35885520960392,20.083405160334596,18.712770233836086,10.072301071062677,10.016859914972578,10.123442192558334,10.042317424329932,22.2090798692204,20.24787673990321,15.527347974148093,0.5882039962462847,0.9976788254137682,15.082927585573344,20.33944455488353,1.3003301750094554,0.902455214425777,0.9750132844984097,18.424173863727933,17.283285385260093,16.134432674605318,16.870795591298098,16.91295380334835,15.728317133051794,1.1190468973727794,1.0795691510869903,10.882545815525683,11.443148939747301,10.749849483857924,11.51245089647709,11.522680164254899,10.338215360247647,11.604096617262442,10.49643472401264,10.940795106374097,10.798965764819773,11.194224663924564,11.46950601788848,9.99494916146894,11.926279069318806,18.62040934857485,10.029083815440746,6.575057678140173,2.491754938976565,2.6336613841896432,4.19040538951797,15.380330070259452,19.827207550083568,19.830411787739806,9.819796123245316,8.477594122922113,17.576964722566544,0.4295560899246337,0.47840165807585144,0.8185260231215086,1.5509249883505194,2.088277133360633,2.1695200639511176,11.782010059958235,17.035540076617973,20.767460692593488,17.36654994770314,12.919051144872098,11.879566497719868,11.29966597136878,10.79341953697957,10.273125737568781,10.237431717685023,0.6316758203901819,0.5694343286253406,0.49927990638085024,2.3737782865742605,2.9297803144614067,1.9238923950898572,1.6819914855309743,1.8811754633431774,1.5893630597995658,1.4040082084495298,1.3025432602661244,1.2540443961066932,1.0132931719501137,1.2528543588350045,17.376787788185144,24.379574320925126,1.1246681564535481,2.5656374276097784,0.3434222042663667
OSM_NODE_4534902761,7.496515826038673,6.623320999382906,1.1138623648435122,9.756164748613296,9.379007061832851,3.9128972733917458,3.7788983334186135,3.8912716705177828,7.2922706543934455,2.9877484830304755,12.218340397889882,0.0,2.1634532275843887,1.4280654558537862,19.298238388913973,1.7126279169857312,9.004789577577377,6.758418688967472,1.7174868468416367,5.766772586052977,1.691326677527219,9.392210481929222,6.375826832465798,3.270867164155313,3.4108734451972427,3.553654230505153,0.5620091961279352,0.7481293736764568,1.4606417720282743,5.678962536767149,5.251476948858807,3.150540375246081,2.0581625528349723,1.1736335772011923,5.228691539946946,7.441821207793573,7.942605335510235,9.353514938739261,7.888536412768829,5.9164650044412195,5.224119613844566,5.077604061602363,7.763673314986757,8.822493810970716,8.706051812682901,3.7281218294361107,6.645901502810533,5.265781309691139,5.308823738097712,7.000579986519561,7.169651249466404,7.5869168914406755,9.264797917782037,11.972685392325221,1.6255116939447163,5.550176542860062,5.107833726401791,6.636679885206199,7.7660874803993405,10.530260579744379,5.696902808596719,5.495730965865591,5.068035939426259,5.315397030755908,5.6247032947206455,5.511160087787703,5.2463855038351435,5.070873576134945,6.440072049512132,1.2175202210350737,1.4275022042455718,1.822637054509493,1.7306023284195533,1.3801808496099963,1.2221985541107903,5.728809637293566,3.659869545420939,20.378230671855246,8.207930286030471,5.212312968273257,5.473244538003361,5.820386643833212,2.61520724522758,2.0660968854237334,2.2852406165421177,2.0079260654488005,0.9549160778939005,1.6341394338148554,0.6868063297118455,1.0652052411520072,0.8818383661545305,0.43413163159709584,0.9707577990074299,1.0155076734824575,0.423157099241715,0.21217103068552567,2.0389294074338187,1.7492511412459164,1.8056787567065584,3.396336408592816,3.867395798169801,3.740912924563983,2.8446334780168216,3.0186697120767554,2.534727465777465,1.9839090924513596,10.611874911278193,10.721698107530415,12.136748066167145,11.924109209689151,11.641734994139886,12.337611832166898,12.969902168847742,12.190502778652162,12.477976313601468,12.661138462776341,2.1468038315377527,13.776567740921275,12.185905471267475,13.176700130877343,13.484579845513432,12.848101907491092,14.047728358417997,13.362244857472897,13.080353214636624,9.54065236094315,5.670899488322702,9.250458755095647,9.173500419912557,8.949258861276151,5.1646253077196596,8.243083012029164,8.34880338758523,3.7745791358876155,3.7448820442846222,3.8011433456305577,3.852537547710397,12.147419454596239,8.067407784836314,3.8210069430568514,12.766411815832845,12.781235095736845,8.382351054368474,22.232472734355174,12.88715046221441,13.065723538413025,12.5028525214073,10.030651009357133,15.855053850099575,4.9250888497991365,5.593864161313955,5.620393335205656,4.067145841363088,13.275444445270642,13.109497030861787,1.9076560345650062,1.9144760376932042,1.5164748939746553,0.7553833852846539,0.8881269038704687,2.1839582405722617,0.6935416075554406,2.373613202046192,2.600557018200944,2.5265808377577375,1.0419982590709707,0.9995305848443334,2.589002170028615,0.37735264145972536,7.2940892761982825,3.9362630788955735,5.653327959587379,14.60491981394087,12.29633191630683,8.06160299437739,3.1687949712988144,7.8316961408226975,7.751949604355845,4.667072142626833,5.867625350476077,5.74875702632083,12.397008444167527,12.015402735234847,12.854200304957185,12.43493935799114,11.894522743227704,12.215484059826508,0.4399671524963418,5.779284814499249,12.068067952170024,5.617980914412051,1.5765010147391543,0.6266810783809265,1.0275326706590004,1.4249235177220587,1.9457855032379323,1.9842769147272024,12.519993624638726,12.19055521141463,12.138670034272625,12.325535664933605,12.139914473619077,12.267739013345668,11.871104774121957,11.433303758270062,11.512375121712962,12.049215147471074,12.078922878141316,12.32489548669511,11.946864827043742,11.526579844907712,5.247732227629577,12.257576620290186,12.77969820888895,12.634796009205253,12.221817545854991
OSM_NODE_4538598490,5.333191241182907,4.46199612950355,1.1204412554710248,8.336806893421091,8.483901814615699,5.403114914752169,5.317795530028077,1.7960932455074377,6.34764147062842,3.5691187439240455,12.420923035342954,2.1634532275843887,0.0,1.6399671071701298,20.176943145245133,1.5395738243206272,11.112645628095656,6.959250629162464,2.504305152547182,6.560643476476655,1.3810148391144188,8.870542452008555,4.7173873103176165,3.8255805770355535,3.8120459359823564,4.150356984065872,2.603179243732709,2.614112476158958,1.7748318084644437,5.191923754028488,4.512912256073495,3.298316466286985,0.5611054848548087,1.019612266201827,4.490302159040427,6.850355682254337,7.663487899695102,8.830193741444866,7.050907987615305,5.846013410649435,5.623417431278269,4.1352342829510595,7.665618740364297,8.402815426526073,7.462513855216251,2.023197386312934,5.7913131805001825,5.139520657252181,5.13360095042729,5.790317323444538,5.991230321506222,6.533487927761137,8.495434024347432,12.350236953796953,1.3544954792137107,4.794333841772355,4.085984733347605,6.255260236914411,6.021355757067157,9.474733147680872,4.673506274953419,4.704218626648334,4.3705332216475785,4.561833396800951,4.903849558193512,4.765512262304664,5.07818635790849,4.19161663624537,6.198319604024295,1.232209619382345,1.4416167086146814,2.0066818376590816,1.8825738908536067,1.3560699892201307,0.9782887840987957,4.992782342571972,5.05457950454312,21.271935715860785,7.381754865753702,4.461603503236015,4.700783187120353,4.698252769078569,4.5390302651277,3.845425253156853,3.774844807875124,4.077483642318934,2.8723426036650626,3.2778816916894713,2.6665825648622943,2.824025697865157,2.695370007128966,2.5799117176147823,2.553183706516258,2.446013287929776,2.57197123856988,2.3746071797618744,3.5074552561449392,3.19280244939107,3.039558175082462,4.784443900606892,4.434198984040789,4.044061627769105,3.925265176952282,4.265583488910122,3.702137722601535,3.454418297860339,10.838863939375527,10.806941612999859,12.315749253136493,12.104893931309713,11.675513790128843,12.604267763571126,13.26504524707921,12.480867361032004,12.400739484505456,12.626120583246943,1.3127138556882547,13.810087890140963,12.686327037552989,13.145254059920246,13.853879364213332,13.313762574158964,14.194062670208583,13.560932191190783,13.194769892974692,7.594751450623474,4.668171765634175,7.339026528894693,7.238594167693246,8.287913061676042,5.352847150229298,7.6673961057207745,6.824922142077615,2.629461041911097,2.6483122870246247,2.613187752779703,2.691995074699525,10.612452332991932,8.075413175294507,5.338282668281973,12.924481466106725,12.834398624150147,6.220476225824084,24.214943609377308,12.889352269579557,13.20368167645371,12.539546399471782,8.049861279923986,13.783515378984243,3.7523870527342598,4.490579280704139,4.529871745100095,5.5853620480720885,13.524473460053503,13.401601489084928,3.7292396597000033,3.9596121404212257,2.9246384674371995,2.5295473210436,2.7940258832279175,3.730497693094559,2.5563740996400823,4.110472204886417,4.550928941877382,4.4240280551658815,2.5667953340551803,2.910914716195515,4.077185835101961,2.41905253734396,6.260172994800943,2.7492945327525797,6.152513448813398,14.661790311768984,12.943982065318648,8.24695973790828,3.955876391775069,7.457902029018011,7.517304801315823,3.357333691747946,4.831158886195989,6.955046454717747,12.664280777109939,12.296934413519054,13.134871336024434,12.896228496053627,12.45927134978901,12.788805207487064,2.1553070759441395,4.664335607023233,10.192041915494446,4.954807040740492,0.936407563930651,2.707578056662874,2.770346804649378,2.5996907287516584,2.8860243376956447,3.0209302482614206,12.622157526598638,12.294008024504526,12.256071790116604,12.929205423449059,12.841255419402632,12.79839737952029,11.785599229517018,11.338090581123023,11.468929455422842,12.00790738659313,12.055000588261542,12.307425416575606,11.980721738287276,11.552021452382727,5.207483744258412,12.805736801154323,13.139052619393341,13.25573480668934,12.364398783220441
OSM_NODE_4538607235,6.642498599850945,5.839426166388708,1.3694553214613456,9.941080051130083,9.928722839796288,5.331303101378465,5.20134075651209,2.935412168677529,7.795424973122741,2.034310585511424,11.180777193432844,1.4280654558537862,1.6399671071701298,0.0,20.64870797128348,0.30806405938753467,9.720654794500456,7.8413162397977265,0.8652012213364046,7.050802630915173,0.37060150819291343,10.158061991903535,5.01909681911787,2.3121877967963753,2.361271251693095,2.6341204413060963,1.514193985199771,2.166781373214793,2.2741749548437555,6.4211474403185695,5.846784724339382,1.9492666699997199,1.1908479655368092,1.2826274164949067,5.823589752588325,8.153229828018091,8.821778183336532,10.118216867882046,8.462762865737982,6.868807152009557,6.363092788111126,5.549231501217038,8.727372650982115,9.638194082257181,9.019740589486474,2.4799742982106876,5.237993222806773,6.179432727247921,6.2001549471112805,5.572795483781699,5.741589085070341,6.163463183242468,9.889986614953507,13.158458828441784,2.125939382675849,6.141834914850816,5.531259056172679,7.449443679635571,7.661239096584942,10.982290981059283,6.1304164264836265,6.065725171749753,5.682297485036422,5.9035403226884595,6.237786906792006,6.107891342749191,6.139690951347834,5.580232689185665,7.319661050286216,1.6631131459084012,2.029584482784536,2.6565715266370318,2.525933051090063,1.9271655989318404,0.9243706490642863,6.335197498202671,5.063322680305646,21.73305233661277,8.791716418402922,5.799814692057861,6.053814174814597,6.192392391346702,3.0680057618218473,2.331137563662179,2.165498731791834,2.7720340299019006,1.5851906222543906,1.7513380618330225,2.1148532416260077,2.478140271575672,2.29705137947352,1.8130012035206355,1.146379884847307,0.9965363272355978,1.6473781041594926,1.5590090684562656,1.9049167237450937,1.6041021985804347,1.4155640055804057,3.1461134073764576,2.9384023561935413,2.649445758474414,2.291353501798421,2.625708442644827,2.0622386323099224,1.8551884468526196,9.579078009894415,9.622949341557618,11.087590187650814,10.874955335874636,10.524503916487182,11.331928002883716,11.98078884321541,11.196187213422837,11.31749055997326,11.518627567928545,0.8332305881579549,12.666892312075863,11.304225679013838,12.037446134298273,12.535464374517096,11.94915732884073,12.989656207115914,12.326824013921883,12.004524226476427,9.205083201664273,6.116949296584143,8.960034336477406,8.853404071150198,9.634841657165504,6.216824036681296,8.970860520747612,8.444577605380974,2.3618949704670076,2.3272908588342722,2.393583993691471,2.439986771078744,12.240320066695354,9.081800890087035,5.24168585948561,11.709710184177816,11.67689757161279,7.569197771981991,22.668120397954173,11.761106844765456,12.000678798339118,11.390299066935416,9.645354966431661,14.688252572550555,5.248188529473516,5.974651226413987,6.009864071024213,5.489050788591562,12.26425924424144,12.119307998331719,2.2459782721774673,2.6331657643369972,1.3524644516146491,1.254100193343464,1.5192936316688694,2.136681796864046,1.3329593579325996,2.5616565935123545,3.098271325065771,2.9412809778423705,1.122979479277675,1.6091959498223198,2.4585293013686873,1.4108236605996096,7.740608074513237,2.5252357576982574,4.722041536320046,13.507848066248577,11.501709898677387,6.991572308857093,4.395943759253703,8.662358501412504,8.650977629489875,3.2593241569793765,4.441099250947263,7.135752039535452,11.391852747666206,11.015950804871117,11.857386543720981,11.532183771896461,11.048896622157098,11.376015697506475,1.0903479987242062,6.155382529615244,11.816371574935951,6.263402739157225,1.7716649239608675,1.6287260973321065,1.3884679937335647,1.0027214397989481,1.2467344100907478,1.3810232384123493,11.436612330913603,11.106513695356735,11.060786351668991,11.504431668803697,11.378063695062586,11.403616803232103,10.704958637999924,10.261443223542877,10.3618605620499,10.90179894204424,10.938861377456394,11.188489492792838,10.83093203303843,10.405240637042969,6.200983216331848,13.503125367070544,11.823080693978595,11.82503523564212,11.155874205237845
OSM_NODE_4547232393,23.131653877195518,22.347486557038064,19.456778683875378,17.910230518733204,15.359980947339862,15.489826931976774,15.652126222564009,21.549311510568128,16.23916145081963,22.169873183023956,30.996602361337956,19.298238388913973,20.176943145245133,20.64870797128348,0.0,20.874688005208938,20.340061561334547,13.467445063552837,20.989172329938416,13.638060285523665,20.789945810441292,13.756195838607423,24.756324255721275,22.431088647640443,22.621344127587786,22.656410184417073,19.51466243684781,18.558508434629648,18.53195974840605,15.802304242787184,16.641624476593055,22.43766609636109,20.577334414230258,19.58095322076871,16.65457948823707,15.005710309452917,13.728083666261231,13.781325127715347,15.630677356677863,14.730178854401581,14.583930674117655,17.20072001112371,13.330744608164288,13.657355587037983,17.074505949499265,22.177334908726422,25.851395194658426,15.374715445100405,15.430473916011682,25.966158098394544,26.165032350420336,26.68631116332505,14.844147522282295,8.469368314910243,18.869014267901687,16.51048968423534,17.37203143602045,14.89756530756015,19.489648894000734,15.917211250381797,17.116501810683015,16.62647355904358,16.661118887273766,16.638659712108673,16.38383126394212,16.508174536834115,15.467959411816055,17.06013514435515,14.691863281631914,19.185847156410734,18.851944383552468,18.215171523324827,18.34864072086151,18.95714264327106,19.945757029327805,16.361716110929613,15.672961328630313,1.0996281969392463,15.463262248258477,16.691811906657897,16.593352091627747,17.33901218191792,20.157504489800544,20.35523334378195,20.91991766210853,19.51760530388502,19.777439927032404,20.392434599252482,18.655030931647175,18.24116128132294,18.42369287870218,19.02791774605254,20.11599711544287,20.226000379280134,19.26930590712906,19.243771488725525,20.808970566045343,20.669295955192574,20.87237172668191,21.715008418646335,22.947680204325252,22.96093041927799,21.729009176602613,21.674605957852016,21.429054935434444,20.77582777552564,29.438885972533182,29.69760668299057,30.948882033919926,30.74348587040042,30.634817606682073,31.022568487996836,31.57976012801172,30.849069183922584,31.54912679558477,31.68976264221091,21.122079207654334,32.702869217308,30.498411327764135,32.18829300703233,31.945133461524343,31.1766269694694,32.82485895938665,32.094876040377116,31.934467893763628,21.249530816930836,17.07272174342531,20.878004354770408,21.030987964965156,14.519845426100273,14.936385817408016,14.529126084371896,18.41893165137509,22.743742170703197,22.7445925612494,22.741721421514214,22.814247344739005,18.95858494514605,12.806252688091678,15.595548549507606,31.57823423421815,31.716695016357058,23.429695046956503,30.34960119149678,31.873135382311865,31.891136174954166,31.46494363486512,21.744637722649408,31.450493013087723,17.807964127985137,17.37227202184492,17.327644291010238,15.372082772929339,31.939638632012883,31.716773646212385,20.216941285277674,19.61278863998637,20.55981896910673,19.86932874153442,19.776514096982385,20.7893298294643,19.766392019422213,20.55705878608376,20.064965239935777,20.21587097171426,20.1934187318749,19.79765168413861,21.089081790702572,19.488967329035955,16.549247998977506,22.882358421546293,24.57371559825769,33.47892882300976,30.30413035280525,27.069579706052036,16.297787561559986,14.092460707417859,13.725750054075418,23.529941552714,24.960589402826518,13.572237167558175,31.07802274283981,30.696156947885726,31.492043081869973,30.800503995058232,30.108604861017362,30.385351268765273,19.72513329884886,17.333944969486858,21.63807090749732,16.249818302012134,19.315156830248714,19.444257107699794,20.01427431042312,20.630611031003856,21.13583010690274,21.12050123690635,31.40936194588697,31.090746827269125,31.024907959882466,30.424031796066284,30.04391893049173,30.516906296600222,30.963732669369858,30.544042432260337,30.579621045781703,31.09997622931257,31.11320392288224,31.34623116568803,30.929824326469138,30.531498588304164,15.23582288942482,7.656627288767789,31.29815350590656,30.66949440230158,31.07509767424295
OSM_NODE_4564310336,6.38718952909984,5.598513410886085,1.4952883965123067,9.875066060982698,9.942708340355537,5.598940123959764,5.472522854398292,2.6818712353596,7.806044950780523,2.0390905591020263,11.0824991621676,1.7126279169857312,1.5395738243206272,0.30806405938753467,20.874688005208938,0.0,9.984851088670638,7.990847396727669,1.0172428433608114,7.26026683534835,0.15890162311666478,10.221913757606798,4.711916952308344,2.3041063185100032,2.31800373941839,2.629347179215727,1.8219035044874965,2.441622695300579,2.427952638842328,6.492959902371906,5.889070342234086,1.8536522781697986,1.0301070776145067,1.3908754928697875,5.8659581589737515,8.209950427117201,8.916542112955964,10.181883351767636,8.486781561899193,6.988330544610473,6.532392822858682,5.566523673048388,8.843531349517809,9.715306766488084,8.984038868787557,2.178965475094769,4.990905613044401,6.292896371363398,6.308169227018973,5.291734745651312,5.463756151224589,5.898394054927171,9.921369147889692,13.329286819395467,2.2275544917921795,6.181201963407528,5.538145971146381,7.532770649164899,7.542785098230552,10.97177755299263,6.13479870925631,6.100771751923797,5.730081974024912,5.9438041395230155,6.28132679036308,6.1486266185563805,6.248515298133246,5.605564260110712,7.419549040397442,1.7901637959198329,2.156960759599944,2.799671770796543,2.6660001223023864,2.0510241273433203,1.0105159887471775,6.37660450310821,5.3220117273538365,21.960768461860486,8.816783613284764,5.8407122968670695,6.091306477997438,6.182880700530713,3.329373981657487,2.5854491409366753,2.371037055128942,3.064556987843639,1.8878915326315464,2.008555190952572,2.3983492254737415,2.748674975621618,2.5695815167152656,2.108656992438172,1.442790162053581,1.2895569205673938,1.9504617353100775,1.853915992299592,2.1194786773589684,1.8335608422195029,1.61577737987729,3.299020490378393,2.9228317276950686,2.5819757666071963,2.4032194025532845,2.7626575043411674,2.203244373872083,2.073068595842643,9.485006123013303,9.507456239921996,10.98580424672218,10.773484580626231,10.4013782291799,11.243274956824887,11.89624647369462,11.111191928034753,11.178523973213824,11.385641874357871,0.5379676151317504,12.54368403171394,11.251919487915,11.904995913253915,12.462044539031657,11.890970754499007,12.88272295455701,12.227707969072503,11.893045601425362,9.03601314400862,6.124181222544233,8.800290774055853,8.688221287015574,9.680939662745816,6.364170490473467,9.02873452551084,8.364454245454096,2.0645198511867733,2.03288059789291,2.093897089533751,2.142589463260932,12.150140390712222,9.21015296766687,5.511241061159863,11.60469117084805,11.556541145691265,7.318467809863016,22.884243179794016,11.633427370627102,11.89265011921825,11.267573367567103,9.465833660238541,14.387062112056261,5.235879498223546,5.9686323618126575,6.005477473670743,5.759511300004655,12.1726718415342,12.034259788497945,2.5106461247965437,2.9240089432828533,1.59704305621094,1.5602691023775477,1.8233722983802776,2.3550094944217057,1.6403993756446884,2.800527750494552,3.3640657936986513,3.200284306555195,1.414052200073222,1.9105696970470991,2.6518538433597247,1.7153987050826087,7.7388703208714045,2.2271409590597013,4.680359551571627,13.387951611558211,11.472975179458388,6.892273380272267,4.598480640244079,8.745734529894092,8.751124671469842,2.960219173856219,4.171184627191184,7.383731430192594,11.303273519774997,10.929673664212391,11.770688717813286,11.473543474441685,11.007077768187429,11.335327648430765,1.393318156358757,6.147023477443472,11.658158986004407,6.314073733136407,1.8367503848191542,1.936574423656344,1.6841761650498603,1.2414642376470773,1.390371109068284,1.5364407063905094,11.323403844532335,10.993531433791695,10.949862971852486,11.468546610344774,11.358248427819898,11.356063433793395,10.564748567788735,10.119793129804044,10.227587902637971,10.767876457214667,10.807421698175798,11.057983879447734,10.70780991611046,10.280905038074001,6.3238881916629355,13.692620986843314,11.748417521065953,11.791701092585502,11.048657353464899
OSM_NODE_4646305989,16.36106778822043,15.538821302655252,10.118651851127057,18.142718640539524,16.991497040289868,8.608672262503623,8.473694948327772,12.655344681506056,15.242724609120797,8.94892997903005,13.193814711965292,9.004789577577377,11.112645628095656,9.720654794500456,20.340061561334547,9.984851088670638,0.0,12.841484050568841,9.050113782151312,10.917695875563812,10.088997827639895,16.315576765111732,14.106770352552756,8.948068315779395,9.200615273736569,8.834132296642982,8.514889748919744,8.840741492978356,10.165965954727035,13.301009523803591,13.294665261517581,9.611510255828652,10.84367645296385,10.173323981195434,13.276648833857237,14.832588119565475,14.666644357411965,16.28637086363633,15.5982864879252,12.818821308445443,11.546300892660783,13.37443202031473,14.166736494396076,15.642240800388914,16.920538854828862,12.081934905960898,12.712356801293138,12.484325553224268,12.587367072809055,13.704107219301866,13.759667726446,13.78404764600088,16.67219147195489,16.12514799817605,10.508340199232864,13.550359872967332,13.477362997429106,13.856022800733754,16.593297197177908,18.303927941997394,13.975003572451643,13.549274406169705,13.10548169257761,13.362113244924172,13.566668132977028,13.507214861264767,12.535655225037388,13.304817420956821,13.476217457633563,10.191869532831902,10.298917665726039,10.369261218367,10.355335993995016,10.290407128820302,10.134358029066789,13.66792839001892,8.882537202999734,21.225938281637447,15.854462452806898,13.277888261888478,13.509005824531537,14.185055737500292,6.655477969368433,7.401296633838096,7.716538256613353,7.035162985865055,8.245791450762042,7.97635533477411,8.717388144154274,8.817930728776162,8.836377520533548,8.641555613418843,8.61078870130562,8.744046131690228,8.581910170646132,8.795064590074983,7.926805899956473,8.17333569799042,8.431755903476443,7.2172966358277035,8.86114110245089,9.36765577574395,8.1265116052809,7.723600959245797,8.120216059018588,7.963223717321961,12.047027213928105,12.621247287416532,13.22623599827563,13.073179567400572,13.416915031153119,13.031419396722791,13.364839158511488,12.838568763051894,14.40829147227207,14.390148199383619,10.51544949372487,14.969093606750752,11.999406681395543,14.758873537952672,13.439066999725616,12.592645260760658,14.742733891629188,14.026624512600067,14.143052991695741,18.495366489766354,13.930772238995695,18.18407570137741,18.12368919266394,16.206603847032643,11.905487866159374,15.460744840263537,16.93658295866883,11.499087875976466,11.425527526041918,11.56445522143432,11.560983351069378,20.597585048284344,14.161387430973525,8.534362252836175,13.74967898544694,14.154256491825022,17.282255562466425,13.465141381511994,14.420122435615825,14.042945003354601,14.013419920176748,19.003925044426314,24.073939334354613,13.458103416047745,13.970017285677256,13.97989779208865,8.516414086737111,13.7665835229021,13.476865020203405,7.475452172505696,7.1546257819409815,8.391254118956779,8.593378382770544,8.323462472822571,7.693250351893056,8.558860806462512,7.210308990232783,6.622475190468519,6.784983677616424,8.616449645969032,8.209085740302529,7.507560739332742,8.704153500475865,15.365630332941839,11.640820715214248,9.095130061112792,15.518457510552476,11.455277267806919,10.792510104832472,10.081379523615032,14.761324232117156,14.433521840513208,12.25681812461088,12.58362532598072,9.728738864128674,13.070215533837498,12.753462438184993,13.339315774874793,12.326493987239784,11.543597663247779,11.717057495843674,8.95733855554553,14.141991538636136,20.945949301851687,13.489094228343387,10.56723101322283,8.415278963652824,8.376409313181329,8.746779198946163,8.755655411161047,8.605354550421724,13.783540488655406,13.545322656924771,13.457359314876983,11.661972571031743,11.121507816341278,11.929286714810878,13.999984917799594,13.725655271398292,13.600740598828336,13.970533640073652,13.929619326590801,14.08246785195158,13.628651735341453,13.367522816184895,12.3377491270933,15.78737505368138,12.975467936912422,11.795296518448179,13.42188314583874
OSM_NODE_4713565989,9.804690482056357,8.966715121674175,6.495600606703728,6.571840482638457,4.530843401760599,4.310560910669885,4.47123432341676,8.139104936768806,3.679005069593295,9.727816278519262,18.968923723616935,6.758418688967472,6.959250629162464,7.8413162397977265,13.467445063552837,7.990847396727669,12.841484050568841,0.0,8.433303545148272,1.9617799778308191,7.870005716255027,3.504782455458536,11.344500152489246,10.013818808207802,10.129697950380898,10.306149179417144,7.1779001937230955,6.146566314743538,5.568128535697985,2.423846331974966,3.233201235767836,9.78309030687919,7.438488653055425,6.6028725525478125,3.2427267012195675,2.5908663683878177,1.8830917116007169,3.479164879949564,3.52947741700884,1.2723747957660465,1.563302516963453,3.787897299348567,1.3264092970137003,2.8299424601207774,5.286829460044172,8.872319385485893,12.7504105148247,1.9108532994833256,1.9631113509729157,12.688811180419076,12.897537193221421,13.4687201845026,4.078173814940211,5.392318352721192,5.786019711850552,3.160727384648781,3.9694326999280443,1.8392553657090345,6.766128068434966,5.846746195387131,3.8372748036599993,3.270361977272528,3.224253856803091,3.242479709627107,3.04522446246706,3.14817544012839,2.001564200201793,3.6411492473370877,1.4537012420558506,6.201087906920541,5.835344395679003,5.19133967254253,5.324847653640681,5.942040020236827,6.9850260874469665,3.052407944179046,4.133848360432443,14.56691178265258,3.6344341409135907,3.279092561320954,3.2296022700122555,4.100200890137828,8.684511370384488,8.499995423219938,8.914999111606933,7.906545076109828,7.549545769750653,8.269267254128941,6.291548587263346,5.879071530804639,6.029079583948279,6.665361705900457,7.719761493064482,7.773918809119995,6.916544488163302,6.797226515046321,8.708445483222189,8.459302542658452,8.556832497151417,9.969655533753647,10.62071246947966,10.446420653619903,9.580583114445561,9.696711676567462,9.265432962216272,8.658782843970492,17.36241265218837,17.446558857040742,18.88401767441391,18.671219025718536,18.356300477429734,19.094197345879678,19.728037367526984,18.94815302788423,19.158596151121724,19.357664286262814,8.09484582152738,20.497311054308977,18.92973577501352,19.876066304887857,20.241350797443726,19.59583687137602,20.793347073492995,20.11404041024657,19.818465072151614,8.875795771621785,3.7848151499919385,8.473805104990115,8.558873681541801,3.557271243817708,1.6268846336437726,2.882788924640583,6.145435718169938,9.588519980910755,9.605643004141525,9.572265866211186,9.651234420189128,8.798487772528825,1.3938244045009296,4.403078088745833,19.511694363769095,19.50460942592867,10.23541834660755,26.138374444280025,19.596444242863633,19.808211428698808,19.22102687746216,9.448647744059159,18.46492903562525,4.387895321005032,4.0717183951390865,4.033007945822233,4.367520199345289,20.031685587024874,19.867602005435796,8.33083951007022,7.928572306776837,8.255687226977193,7.484824316191533,7.513590932684596,8.79334543939395,7.399768299436414,8.78869683420404,8.61618490277481,8.672341988437486,7.7941914917229616,7.585562393320345,9.182624436170252,7.0698059955705395,3.971281957207029,9.707791778462067,12.411337923180719,21.333515485825973,19.002276446840057,14.796375689678756,3.642376278067349,2.082432576017353,1.6544621459025834,10.28637105168787,11.78491633692945,3.2916273912809513,19.153679137119642,18.772548981756565,19.611829370243278,19.184206204384825,18.626244276543037,18.943721698791403,7.191230826095864,4.083072413644078,10.360924433504273,2.898461471217056,6.21554530689067,7.156443606717655,7.720299411100435,8.181349578389984,8.699098358099429,8.742661408127343,19.25427510488065,18.924267963387756,18.87517560123059,19.04506116515142,18.827244501867373,19.005560736555104,18.546232277561195,18.10275485604958,18.201748424356303,18.74142550474907,18.777194932103505,19.026162351996753,18.662495108952434,18.238325727473693,1.787776962062299,5.906995316215601,19.53740102590367,19.34752753561037,18.963344665996257
OSM_NODE_4853503310,7.362519938768208,6.593577234087363,2.110862373458311,10.798935950422218,10.731854190349114,5.539679223235815,5.39154890815022,3.6700394992635004,8.604369104475081,1.2974178996354826,10.536662606571582,1.7174868468416367,2.504305152547182,0.8652012213364046,20.989172329938416,1.0172428433608114,9.050113782151312,8.433303545148272,0.0,7.483933124332354,1.160694806628972,10.900358899319226,5.334198745214612,1.5841919315551067,1.7001864910397624,1.8882089500690191,1.4936585937193456,2.437204358741441,2.927556243221694,7.160966965345124,6.626725119201216,1.4493110343911149,2.0340684863222718,2.0507470090677544,6.603512946249027,8.908988024231114,9.51850862227752,10.860838779968493,9.257225837485278,7.527737100034713,6.91596885973048,6.356381279568383,9.385863025402902,10.361688564585775,9.863415574569206,3.034271948463928,5.088905485540395,6.853072860336484,6.883427342718726,5.6024311304410315,5.748046920544153,6.090411057338148,10.674420767914272,13.683131882088372,2.868557457259879,6.924190284481907,6.347897781437068,8.16858751889857,8.525608951330064,11.80698456215031,6.947871093698251,6.85316194583734,6.456352277505363,6.685616874292413,7.015007601417569,6.888780123714553,6.8218514275829225,6.379412549319147,8.012186265482697,2.387127113626587,2.737881122114595,3.3182023733735426,3.196781584774379,2.6446724228712095,1.7354443491430924,7.114627742954993,5.3222011710186266,22.065942683800014,9.584588648085779,6.581510455526039,6.838560138361591,7.021010627290001,2.4166381271048447,1.6678593019778278,1.3679130933592403,2.3089955832828384,1.3335760405771326,1.1275088249657113,2.334568410597534,2.752407768212148,2.571503489737036,1.9620411082300504,0.9051376808709071,0.7729669567424087,1.7255281620186116,1.7475458632620149,1.1302161423613624,0.8817199248796126,0.6208472761308632,2.288154874128617,2.2021952878548174,2.025966425787124,1.4284372431177645,1.7616289335692308,1.1984149294056794,1.0897265688964837,8.930412872298042,9.019523897148627,10.45085622903205,10.238047089359739,9.93565944176429,10.668450348567134,11.308299834942854,10.525968259395135,10.764227752976618,10.950341980509998,1.5014584806956608,12.073376892569868,10.57683573565019,11.466699077001692,11.841787191764531,11.230331051438181,12.360043872082985,11.682217223099542,11.386327358295546,10.049807318223454,6.931936684428396,9.810598261917944,9.700673591094224,10.401833605258448,6.8223547996221265,9.723456349992103,9.30685819223089,2.6111854608273855,2.5534796317382136,2.6629961608094166,2.6848015961684952,13.10416594182826,9.715135051813519,5.440624155473191,11.078390849591347,11.078929751468365,8.299592827150473,21.875809022167626,11.179728958674126,11.375121506384769,10.798345678405923,10.482158898981627,15.177201485838392,6.080620828588898,6.800962253757217,6.834825109251508,5.679361932404254,11.604801893774418,11.447543624857135,1.6303703037917812,2.1613845080534437,0.711310792445684,1.139435342135412,1.3027099596136815,1.3668065874643662,1.2440735619822374,1.8399286344207653,2.465130991899822,2.2825727673689946,0.8336383372176747,1.3332989448297954,1.6387469870032678,1.500667358527955,8.560747134054404,2.7717302005319286,4.002212435567463,12.905426258786546,10.739082605446338,6.364334963393218,4.878765027780982,9.378124246266868,9.338900943670987,3.484450631660738,4.4227005147595495,7.4222426596533095,10.728117251586946,10.348531413762117,11.189193482643498,10.814706208139025,10.305673431071716,10.630651826716152,1.2787082368645484,6.9831835819215025,12.668030330801516,7.031920126919596,2.5659641564549314,1.580526263809676,1.0789296667766353,0.4184875996324132,0.38171949289822216,0.5211282366896967,10.823340728369702,10.493496045167012,10.44340873870531,10.751874706036414,10.603643505442882,10.668624384431585,10.15643674607117,9.717861647950533,9.799777009524028,10.337330644539806,10.368343036888627,10.615108190555292,10.241259673492406,9.819516908391387,6.856888548013477,13.974950574151858,11.132692176342447,11.06845273266289,10.530350870325897
OSM_NODE_4853590821,10.388609653446363,9.48806948117561,5.821546077079361,8.274828673249813,6.4322984056947305,2.543102939785227,2.7197839226412928,8.052951074284694,5.255806773671333,8.73556111540278,17.897220043335214,5.766772586052977,6.560643476476655,7.050802630915173,13.638060285523665,7.26026683534835,10.917695875563812,1.9617799778308191,7.483933124332354,0.0,7.167680105742682,5.465911227501386,11.222000123701662,9.013071457672915,9.169908671976614,9.276210178071507,6.076429826766071,5.059079491485155,4.894033242436003,3.5149245599671604,4.098946458040742,8.912194730018234,6.942635309640414,5.944893554137371,4.0974135345725164,4.369434398796724,3.841435430952814,5.440606598156827,5.284905021704726,2.4568751110845786,1.3292281402704746,4.563295108600842,3.2806917209911806,4.79142111180242,6.968359612099365,8.57748658650146,12.218274806107628,2.6267467492820433,2.7411120127911652,12.338758309570778,12.5349991404838,13.049146707360801,6.0080761665111275,6.28417260399463,5.235870215622127,4.168334738146894,4.7501670791577055,3.452545096821362,7.987054368820213,7.760098977731225,4.8592220968590505,4.248511817459577,3.999211680256318,4.138580304773485,4.092213853622887,4.138407821555485,2.732589177421209,4.417473375928698,3.0169961913347367,5.548383045058409,5.2141152250306035,4.579914517000189,4.712666320843633,5.319169382037548,6.312677867779893,4.1463359726581315,2.4792418296528083,14.729554330847686,5.446112279388788,4.125662628784783,4.199295214008693,5.142454288241545,7.262875584987518,7.211448401997969,7.699359117604219,6.505932263754488,6.400907974350669,7.089434007589273,5.179516654357272,4.752771450498338,4.92739665124545,5.564030969792225,6.664579923292385,6.751423656825698,5.8167937156060345,5.74873921539145,7.52945002757583,7.32523317354746,7.477311272522962,8.678068407088993,9.584351329396199,9.503293403140136,8.442752693438171,8.488351833958207,8.12784955459784,7.486036158268604,16.296210554044958,16.449230298072845,17.825190226416535,17.613572739270317,17.376573302433858,17.98855745375802,18.601321181330874,17.832042203788724,18.231004904678596,18.406365262113134,7.486764817504921,19.501784518683618,17.708428911497275,18.919513525872766,19.07125429984377,18.38367224012283,19.73521034222294,19.03374568102747,18.78484829069212,10.153080045578594,4.801334249960311,9.756326717844768,9.808201069041534,5.4960250279162155,1.8771189603825649,4.794191315744485,7.612236053616516,9.106206276485219,9.10659420866362,9.104984313180466,9.177023264188685,10.597030720173574,3.2437054720504537,2.6487908955443946,18.45785019973337,18.505661453764873,10.962576902641711,24.181165657166403,18.623768229631523,18.762323147773852,18.23288376374457,10.733443235975589,19.204119652538164,5.074774702357783,5.034143829896191,5.008754708380027,2.554980262589716,18.92587320532255,18.741060077335728,7.04975553113774,6.555621078544803,7.16366403760788,6.417591343600058,6.381876885464133,7.570810775096655,6.320518888812521,7.47474882788377,7.184358311447067,7.273993329405052,6.742359127253149,6.429977214923509,7.933119928888505,6.012049550803289,5.505438159590593,9.24579505100102,11.326917411370077,20.319911506192522,17.70687212356605,13.78614862449684,2.6643926033231304,4.01355015907886,3.6107108384018303,9.901500685455757,11.322593412512704,1.3563550332637149,18.047104535071337,17.66282782093923,18.49371825513984,17.979223994417318,17.37718309139111,17.68598196048328,6.205241896927707,5.112294950965543,11.913793986830878,3.948290361610985,5.681405596078544,6.027883456973909,6.610133630631431,7.165639499179068,7.686400377670503,7.699227046826073,18.23169911377701,17.90384935264378,17.848006310984008,17.770858764969017,17.507885098035395,17.76819416619624,17.626903535910277,17.19142323570965,17.262952944496103,17.797633905940312,17.82405907336204,18.06786698766579,17.68021126835313,17.26385522682221,2.418064196975245,6.497262472057929,18.379828741294276,18.06059665537777,17.922431131513548
OSM_NODE_4872721840,6.276017554825488,5.4783984989915675,1.3768467717155708,9.71621184801023,9.78833537710082,5.54982371889811,5.427029090369563,2.5688311691985493,7.6514404845419985,2.197455446400321,11.223094796537245,1.691326677527219,1.3810148391144188,0.37060150819291343,20.789945810441292,0.15890162311666478,10.088997827639895,7.870005716255027,1.160694806628972,7.167680105742682,0.0,10.07574981076097,4.698983612836645,2.461636249022495,2.4722077562755467,2.786916516975382,1.8496587010605439,2.405237655392951,2.3147993404352776,6.3492049906823285,5.739519192067698,2.000149899772167,0.876989039155028,1.267141870353734,5.716428297341294,8.062609694835102,8.77786546146908,10.035685353393118,8.333860519443082,6.857347922001257,6.420194360988855,5.413130877531281,8.710991735398066,9.572118234880023,8.825621295444215,2.121312922872061,5.066485739886825,6.160292611782322,6.173920053579302,5.3343485442278755,5.5101242761842695,5.95789043517812,9.769395241281526,13.216114638475139,2.096333400838313,6.031063275002675,5.383428378727551,7.391460995758619,7.38709842697484,10.81484406463629,5.9796815564256764,5.949925323102287,5.58158258924785,5.793882190609454,6.131894841470531,5.998732987051849,6.114530668858183,5.453313476285175,7.282600037868495,1.6697636775434024,2.034683453826918,2.6810587626488296,2.546598537677484,1.9279739180535913,0.8849796327141738,6.226772216757386,5.2649033605249835,21.87708981587728,8.66397793327379,5.690929752337246,5.94087060933062,6.026344352099749,3.434987189855356,2.695341510202347,2.503500682670089,3.1410090220416893,1.9477535063480538,2.116208298377738,2.3719564347640616,2.7067898981803715,2.5303135007449726,2.1008277420079313,1.5147834946890555,1.3663306717453731,1.9586968537523253,1.8461539025304656,2.2482586032953766,1.9556617805567684,1.7487388620210784,3.4468700300428035,3.079443823649774,2.732322107615041,2.5572753505490677,2.913206714241444,2.352513742298021,2.2004717854730997,9.626846332627577,9.643621504311735,11.12551071508738,10.913297430962439,10.535154399140906,11.386201696672941,12.04006326187391,11.254977869522506,11.307099587159442,11.516181318450334,0.47639994151577936,12.67717799401219,11.402176428847184,12.035646539698599,12.608236025991001,12.040154521260837,13.02087421112099,12.36797661218081,12.030036922583987,8.889263748247311,5.969395638816915,8.651401977477784,8.540531446846947,9.53141525530851,6.243122683784703,8.881501380092377,8.205936409753015,2.0874000856967747,2.0616703801989456,2.11155082674434,2.165103826554732,11.992184844043448,9.081438529485718,5.464077577462396,11.743478706186224,11.691001803571767,7.204363484755595,23.015040128083697,11.765635507519852,12.030595623152783,11.401355599745374,9.321795773532232,14.32734487906667,5.079228293721262,5.812449411568786,5.849448759385896,5.713074408397879,12.31481436406738,12.177949443445447,2.61365866622495,3.0027008181475927,1.7113560244707149,1.610838278936956,1.8799148429483086,2.482597844904101,1.684335845261454,2.919184910197303,3.466535467881835,3.307456140122877,1.493083838865568,1.9732949403452817,2.7887182273935247,1.7290596764153034,7.5829116329340955,2.2478624090724297,4.833285177555166,13.52236674729123,11.626745213272635,7.033339177369479,4.5039218171600055,8.604187138605004,8.613936094224938,2.9767245164658847,4.227415737030038,7.316565423969703,11.446211679633983,11.073184356418878,11.914021749531228,11.622675031746207,11.159034941039085,11.487434011900813,1.4048204697847704,5.990596408961233,11.509104330414496,6.165951174116652,1.696777370471541,1.965398460492195,1.7568946947949187,1.3577102305927027,1.5374433625580353,1.6814912696533175,11.459970123947498,11.130200807638664,11.087115027800243,11.62134541963026,11.513116484185753,11.507099857839096,10.692988604907976,10.247609237359608,10.35787060605402,10.898192870142319,10.938539456297798,11.189367522362055,10.841544245561217,10.414330040399745,6.194253033454976,13.588027178162928,11.894404402693866,11.944838771569762,11.186915333477168
OSM_NODE_5025564721,9.818172900700665,9.185431693266608,8.801190819730916,4.245194871534558,1.66155795164993,7.725792990385948,7.8732537052891605,9.47112333756041,2.849392150513665,12.177225650627761,21.283825761937518,9.392210481929222,8.870542452008555,10.158061991903535,13.756195838607423,10.221913757606798,16.315576765111732,3.504782455458536,10.900358899319226,5.465911227501386,10.07574981076097,0.0,12.462721751510488,12.460641656226827,12.51919812436079,12.777144810817294,9.897953612277927,8.929202033110679,7.990046822921929,3.7397533167301527,4.357682577295088,12.07541313830088,9.421997299244618,8.877630206588826,4.380262429912334,2.0202024244733408,1.6491675852747534,0.04042848653134217,2.101583145247363,3.6293275497575603,4.800668680126964,4.773033180042725,2.1902073647742593,0.6754852391664529,3.318417691779685,10.439978611791492,14.427577315133599,4.175648881517352,4.113008105833541,14.09160974511773,14.309990211933686,14.944631284907164,1.1089019835409284,5.336828711143592,8.03958189861346,4.07953444500531,4.8615830923648815,2.7585571982903945,5.836378153253695,2.6809579964853434,4.3389395292760975,4.174674499962288,4.502878788913431,4.309604499894932,3.9673468560507295,4.106797430591694,4.175292261041082,4.695956576404302,3.0104546219553634,8.516726716236057,8.162518846627473,7.602572527682736,7.715977907583393,8.2567464186106,9.236013929715835,3.880668124783316,7.494336476172763,14.817472239654347,1.836610015206548,4.409193316936413,4.174348017238757,4.430458781535925,11.674255187478108,11.352551552963044,11.668631251115482,10.901429666814636,10.296910881452014,11.01204505102765,9.086616658853353,8.721570658946412,8.83540528755107,9.421181672786057,10.354081641619072,10.367950872441982,9.652652778832934,9.488268028671099,11.429335531943584,11.140923512132932,11.170528682154616,12.772241885212042,13.087039489004416,12.800104101904946,12.215040638859206,12.410675946572095,11.913105030664761,11.374839746516502,19.694398677259475,19.677060496600483,21.18125734602928,20.969888844413962,20.54522528571191,21.45701405267274,22.11330610866828,21.32825655291961,21.256673987980623,21.488173395184802,10.161579114295444,22.677748308097012,21.462025001785786,22.006634840764132,22.683884998584567,22.107010373438804,23.063779934181,22.426004884206623,22.06512348538519,7.493702302626334,4.32455867028767,7.1245341940231475,7.2817691257336365,0.7879123822794518,4.534463975316545,1.2053372893159007,4.680648062485825,11.367834874165252,11.407360672515892,11.331457720322799,11.414628405677462,5.9286915587229805,2.371085633842724,7.808602842234653,21.79260187359643,21.704129786864744,9.930055098167331,29.64142399362168,21.755355829072194,22.073239269576977,21.40868772014546,7.990221240225251,17.729039961547215,5.270770838562975,4.578169086585783,4.531080055616738,7.805237952173964,22.38239078854156,22.250852891842296,11.18233036975824,10.894146974671658,10.900054880704621,10.147593005884927,10.244831628826477,11.560000904292583,10.081239877632811,11.657864732240652,11.618935729967744,11.637572063820269,10.420073375096612,10.338318832884482,11.96417934937598,9.75060004963109,3.1012414896829203,11.44982178960144,14.879026242531895,23.530402743786365,21.639259484274138,17.099816494090128,6.634896183523333,1.6082370991748491,1.8821298084065816,11.876879567241659,13.402940138044704,6.780431566391612,21.517045735940265,21.14580088217353,21.985981041622836,21.689937781611462,21.201841217027546,21.52787737727704,9.785035330306227,4.448631330242696,8.140613320789246,3.917486105352102,8.390984083176324,9.906631967339159,10.415653395617177,10.742097061214395,11.226331466856571,11.304088777852394,21.492589419826842,21.16432213166527,21.12594390738518,21.6514771354582,21.4999738610697,21.559914469573283,20.642109768941467,20.194496828693556,20.332620167872097,20.870566959857737,20.919689555066757,21.172343561886528,20.85019378894362,20.421454626207915,4.244469880413528,6.297388190541463,21.970131321382897,21.96870129263156,21.23305789390226
OSM_NODE_5041596125,4.050162899693743,3.9494917559414855,5.686749566705049,10.408875136088731,11.578100356880038,10.079509915733135,9.97994432183848,3.2089997020443803,9.635860063225296,5.158371180367941,10.26350595189965,6.375826832465798,4.7173873103176165,5.01909681911787,24.756324255721275,4.711916952308344,14.106770352552756,11.344500152489246,5.334198745214612,11.222000123701662,4.698983612836645,12.462721751510488,0.0,5.166628878302964,4.922718376365471,5.314629073716451,6.533039454914983,7.0490418802584065,6.485913143984419,9.196284266730068,8.377124460361623,4.4960099546520835,4.467390068347245,5.55987420703686,8.358969664476591,10.541620830656457,11.61892285240758,12.423353616809015,10.397261203469002,10.121391369590224,10.177306764005806,7.851821850977376,11.788579524346016,12.15282937191863,10.057043609784204,2.7160992931770616,2.787587535409055,9.43911153868815,9.399780991592321,1.8579536986746554,2.061182507489099,2.724936325810875,11.782135476928552,16.686262128442813,6.071764162775208,8.587925906971767,7.717240390082684,10.23415632517329,7.631984555352733,12.189638814980086,8.16202389789466,8.474643631432848,8.303502790933377,8.400896164905232,8.716519531019483,8.575527959775137,9.355002424825713,7.968393700977489,10.30928374869411,5.890482249679985,6.150851012675276,6.720825765639417,6.598895224253437,6.05858955297744,5.2808455252582505,8.773425524816801,9.74754715162236,25.854950298075682,10.704030667321051,8.322799850042466,8.493154022160322,8.039602961744901,7.680186127195283,6.955578069154033,6.499845229795166,7.642127720504585,6.558018650506425,6.455327526049417,7.039899239234455,7.327027117754494,7.163095042174402,6.795598901581043,6.097180688759018,5.938800221828643,6.6571474334597305,6.541838956426867,6.344143474568461,6.180464329657451,5.888184114520239,6.892213523586438,5.352413687728934,4.801834971196285,5.985455361433196,6.384333381729651,6.023472832741709,6.322861681215859,8.921047990197328,8.591948441332839,10.119661011180046,9.934589249661162,9.245988881166394,10.56329880011707,11.222125026780484,10.502508776447083,9.671997534728645,9.961427401256326,4.231486759154523,11.185809634117044,11.139161184883832,10.443382700009321,11.917560505676624,11.630703332584023,11.76835517720925,11.291408292888422,10.782812632729447,7.992848174834789,8.185909880052726,7.963880416685433,7.771849599023587,11.746413532557789,9.822717223780373,11.29424820721971,8.891098039360822,2.723109314917764,2.781417481628599,2.6730429500835946,2.6494345135177797,12.096359789336276,12.26369925343939,10.006839013179912,10.626088983250337,10.32908587597001,4.845007666645646,26.182171803628595,10.276207387505245,10.839173764482002,10.0277090232312,8.164146223970414,9.967513716564927,7.276761522329318,7.91029470728923,7.958223643906472,10.256400318698393,11.362461566459748,11.34029500205118,6.946580791888189,7.494749211441665,6.04509833024945,6.253707821097482,6.5020432649408155,6.556291665013602,6.34113740404124,7.055419402389107,7.743145879703785,7.5447930180849445,6.0502541601071345,6.573206827018359,6.654642663423248,6.425179295633921,9.424824526606402,2.562606179866616,6.0125586776389,12.024694699123199,11.695747728104484,6.729976247474116,8.664141778764119,11.333062604798542,11.52667746054662,1.8702740965956488,2.018486419568968,11.672299952675168,10.618690176987354,10.318891933379474,11.073149298991156,11.243022571715537,11.076812625981686,11.391230667085088,6.101564393821421,8.02455997324191,10.504524397842383,8.820503158042506,5.647828803043893,6.647169078443331,6.326533282423989,5.730894919209189,5.523156907761147,5.6570064329494345,10.236515302002,9.943021392032298,9.937805142047422,11.584740336403295,11.723317120112027,11.306079668877047,9.100351621912965,8.681823683847547,8.903643486137165,9.38936033827997,9.466992307988003,9.70766172400026,9.518428039038731,9.119163478898063,9.557258675801139,17.25149215789012,11.243630085248393,11.918291225788858,10.087442894330099
OSM_NODE_5070328470,7.99173626509461,7.339309204394301,3.659462265633105,12.15523696444554,12.237187398340337,6.9424078264746125,6.782659674311461,4.498823103301773,10.102161491719519,0.286794154230361,8.955104919604684,3.270867164155313,3.8255805770355535,2.3121877967963753,22.431088647640443,2.3041063185100032,8.948068315779395,10.013818808207802,1.5841919315551067,9.013071457672915,2.461636249022495,12.460641656226827,5.166628878302964,0.0,0.2682097994252149,0.3252992337584823,2.9418922989017777,3.954638103112607,4.507284311337584,8.721289886853135,8.158682588635502,0.7287522586447082,3.281659422909205,3.5848171738809937,8.135482694200562,10.4605265953491,11.096219817581273,12.420931336831913,10.773960294425187,9.110985468139331,8.490331034857576,7.858027572560441,10.969463967329993,11.930897711109358,11.285001888712134,3.568038801310365,4.110745801249835,8.434362254156614,8.463073124840175,4.896188138110757,4.99369575937632,5.186139466071913,12.202136352990076,15.242029998227974,4.4210704912500995,8.453932494358721,7.835552524197731,9.738754776034426,9.748098704679668,13.275484656614056,8.433556692949766,8.377898740107918,7.993415856971115,8.215602244805154,8.549469885982028,8.419897386153956,8.401678026062408,7.891234042044205,9.59038664931148,3.945294167170999,4.3038130750546015,4.897708407657395,4.774329732697922,4.206885713412839,3.2361895085468104,8.647116224177886,6.765053803003208,23.500717873667142,11.10313820224353,8.111842059647783,8.365989580377747,8.48598251548862,2.8408794430494653,2.282447820088981,1.690361338005538,3.1536366819726074,2.65435519961946,2.0671850626220643,3.834123572524085,4.260534191194346,4.0857994223285194,3.4501353850820684,2.348701662954439,2.2649581723768915,3.19866264655718,3.2671334334124684,1.697492510243008,1.7729170794627962,1.5589012584604585,1.7314901413259864,0.6267647980536827,0.5681373976061576,0.9207444134148939,1.2627977689072873,1.1152140369872252,1.7158674661617044,7.348602848232757,7.451012172635066,8.870785633686065,8.658024089887238,8.3722623565977,9.084547105138252,9.724108334559736,8.941802955433053,9.217956266097591,9.395602101403052,2.5631801274856585,10.505934869722847,9.00408917076088,9.910074958545094,10.259270045601031,9.654204822914895,10.780909268309719,10.100285984164987,9.810640622065636,11.088994628608663,8.421626484470906,10.887712729950957,10.75767582316968,11.9454258006123,8.40528437427608,11.27728273642087,10.6307450801046,2.699472609236422,2.6180751500304504,2.7722532976223437,2.745619168394882,14.396575656306076,11.299197694385613,6.8377067742994875,9.499308274683903,9.510489897129595,8.93771339224547,21.24264233428885,9.618311046477288,9.79736408851249,9.232624865952651,11.474923822122024,15.13226204068748,7.53926590904654,8.270915007332624,8.307333702558951,7.065616688999001,10.02109475714611,9.863351840536723,2.368357510568456,3.0213185254314654,1.8723348276305165,2.596112350826592,2.658527502550977,1.8028640120796706,2.6945283632113686,2.225253636095408,2.926223164887751,2.7190958527065434,2.270849551629615,2.633503719478296,1.693865955310869,3.0014396798257725,10.040306569519993,2.813383839811165,2.4226169571493474,11.334102225206642,9.189798252566714,4.790806205734806,6.439479194359535,10.95001677445272,10.918550351869948,3.3441976608592445,3.719326422973189,8.862035399305139,9.144193809860019,8.764453486533943,9.60505558790803,9.23800492854704,8.741465573852215,9.0678956392407,2.8320696842823514,8.449888535024932,13.736356346560708,8.573638459137982,4.083216153586549,3.0005578417527867,2.422298082917625,1.8505257949313811,1.3282362063742756,1.3177154910580229,9.249536004520131,8.920003035461809,8.86852842686125,9.194237186796675,9.066204800693143,9.099666163906937,8.614052479271159,8.179464731075619,8.25018566349384,8.78549806515919,8.81325837018739,9.05821768207031,8.677122177937068,8.257708830228005,8.44021471525599,15.510162998483136,9.549626317115774,9.514009495185729,8.953010344759097
OSM_NODE_5070329988,7.822230111449172,7.188899162475067,3.7250615543100922,12.121742527618649,12.260514854621919,7.137160858055074,6.979722145609706,4.379079865244888,10.123648089383837,0.4567206694384508,8.845482458146698,3.4108734451972427,3.8120459359823564,2.361271251693095,22.621344127587786,2.31800373941839,9.200615273736569,10.129697950380898,1.7001864910397624,9.169908671976614,2.4722077562755467,12.51919812436079,4.922718376365471,0.2682097994252149,0.0,0.4270529678769625,3.1138765911186246,4.11183420075081,4.596633766457424,8.782385909957217,8.200595364553655,0.5729867225132376,3.2592568889174327,3.6431364759411085,8.177435599921235,10.5130937805273,11.175463609428096,12.479337317159784,10.804392498383779,9.20410896005937,8.615764200957432,7.884469232978135,11.063532934553791,11.998511486117165,11.274019001946993,3.4156390643958408,3.8457290511594056,8.521937150607444,8.547156874287007,4.628339937502511,4.725502673084918,4.919786293747249,12.237706028579687,15.382017800312656,4.485015454250688,8.494142146924915,7.855630622782441,9.808632446115729,9.681654977690517,13.281060584541084,8.45170970971811,8.415362397548956,8.03864618752176,8.256279891337442,8.592360727476766,8.460956659210426,8.486151706031126,7.922600039018239,9.67118328144406,4.0153179643277435,4.378200865133693,4.985797546694357,4.859663004650167,4.278654909234227,3.2835440776086156,8.688695286885752,6.949987175127441,23.693018069217388,11.134280370836485,8.152869061418183,8.404987293428698,8.495304548367848,3.1050197931903125,2.53353806397831,1.94535383345023,3.400144204903793,2.846269724664442,2.2896652562895334,3.9971038834299737,4.421801671488053,4.244463271462863,3.615139101809482,2.5148631259649075,2.419354003466692,3.3664497619345473,3.4213731257647817,1.937291785222369,1.988806647605978,1.7561205837639442,1.9876853924965898,0.6374857502218905,0.339902378157391,1.1879935142982256,1.5294337290064424,1.3707694676075028,1.9519819122941742,7.240242412976169,7.319739253620905,8.757328894486522,8.544504079313098,8.235474665611939,8.985279609811515,9.630014130068252,8.846208040144848,9.067108063484936,9.251136613467915,2.5234772061816177,10.373327842988632,8.94366266129217,9.76718949107298,10.177370925436543,9.587900697899318,10.665085170666446,9.991536325348031,9.688768210544385,10.980418999505881,8.44158337667988,10.78704617584594,10.653147434790707,11.991275393924996,8.515301293122093,11.331070505328295,10.589484001678828,2.5055945165977116,2.423300275523842,2.5792406329810422,2.547236823776694,14.342565384179832,11.402399210003866,7.033563828424164,9.383567771984785,9.379026352680864,8.767054355010048,21.439772674478405,9.479639927907533,9.679004876944393,9.098198439102331,11.35686951890517,14.885181781995847,7.547947657024042,8.282648170650743,8.320058908937147,7.2640547718413595,9.920021162060884,9.768893512871909,2.6132288390547886,3.265680316958588,2.0648754282231114,2.7628812837589116,2.845009718063192,2.054579619538552,2.8637320760114964,2.486349242016812,3.189685078001389,2.9822447165187738,2.4369077107085273,2.8281528317693114,1.9593496323227184,3.1604195244081223,10.053542961152315,2.6111797226640836,2.364129218395612,11.206007451741002,9.155003118911319,4.66669162397491,6.577324104688634,11.021203796045134,11.001342654365514,3.1141766785773526,3.4524381982135615,9.04956941061811,9.04509081722582,8.667232822664355,9.508555500414134,9.170914647404736,8.692307020986787,9.020095678166841,2.9709063983438826,8.45997630392399,13.630416181690931,8.621071538723426,4.129913943588785,3.179056348713987,2.6071128798862993,2.006118252355384,1.4897207088685025,1.5015473177320484,9.124899506249351,8.794957923329555,8.745517963962808,9.151684801103334,9.041121740532247,9.044439430598024,8.46046003496413,8.023198998113326,8.101615253062135,8.63868697112039,8.669031412603653,8.915509280812545,8.541074155623189,8.119376829747507,8.534004444984243,15.66504387569258,9.465737882684884,9.474277738986517,8.834024198421464
OSM_NODE_5070331988,8.249044556537472,7.612793659803669,3.9763191135367024,12.478631854236246,12.56081881489234,7.166907742165974,7.004344207184746,4.792051388407488,10.426085833891111,0.6006604843100541,8.665006886253519,3.553654230505153,4.150356984065872,2.6341204413060963,22.656410184417073,2.629347179215727,8.834132296642982,10.306149179417144,1.8882089500690191,9.276210178071507,2.786916516975382,12.777144810817294,5.314629073716451,0.3252992337584823,0.4270529678769625,0.0,3.1998505850253447,4.222648651635858,4.815368871698372,9.03749658651266,8.479620023639047,0.9914263397489758,3.6055395161292996,3.9036034513710423,8.456415096978922,10.778814586606114,11.405970767955978,12.737480383010041,11.096683286979344,9.415313393945853,8.777312900309273,8.18149837071773,11.272972940274798,12.244681079230155,11.610191208075989,3.839345301852491,4.083652926325836,8.7412817648186,8.771419328271875,4.9318745432861775,5.016379631748242,5.1676593231200725,12.523943463303008,15.517220283832104,4.737831918417412,8.775165208880106,8.159741452010186,10.052066940751264,10.064578290774486,13.600564677574555,8.75789509677515,8.69964469472139,8.313696863657812,8.536772887540634,8.870164876017972,8.740970682280164,8.709882874721202,8.214023842420419,9.899784276011122,4.260640281945633,4.617511742492644,5.205986400204034,5.083783656642894,4.521491905772354,3.5575538460787612,8.968062387630171,7.001590507596834,23.723375251035076,11.425735234422278,8.432958000178864,8.687459076083783,8.810958327972854,2.90921075525421,2.4142446104028883,1.8169367917888717,3.292538543721422,2.892734319851175,2.2671678518484306,4.097435789118024,4.524406306607033,4.352284335039331,3.7126985506718406,2.614993737683529,2.5413527684510537,3.459532693484197,3.539367515064276,1.8680525511013397,1.9872834671009743,1.8015281702234285,1.648820927658494,0.3147875972076823,0.5379487904511773,0.9976603102821029,1.2574270131443717,1.2551447494791919,1.894410606225049,7.058463732212561,7.176353476502156,8.583094138691733,8.370457980898033,8.101295502656813,8.78843185058381,9.425060855565757,8.643763524695,8.958317303052691,9.130365855675947,2.884113500714515,10.23085701514983,8.690851637265562,9.643304589266581,9.95423190136554,9.342928033550882,10.4941046133011,9.80929007361543,9.52812203642029,11.389147260668047,8.745792911989868,11.191647788268865,11.059792922825308,12.265190722385768,8.701417815873793,11.595181851491805,10.952935320319176,2.931843292946577,2.8494579210251425,3.0055761440233395,2.9727240151811074,14.716420870379457,11.598197168745974,7.060897980726322,9.212839968069877,9.234916646464757,9.193955656688557,21.01610116810407,9.348244394274868,9.512498156631798,8.959406681874446,11.770077989512366,15.268560053216133,7.864302181368594,8.595757404818483,8.63210993699489,7.285201901538825,9.725698759628624,9.56445612202918,2.5175500271212976,3.1668867559696956,2.1162915833204314,2.8604833331685593,2.9030539214858306,1.9389006074071513,2.956212235764705,2.31740575342087,2.998563839792609,2.7949092452583115,2.5377207735958596,2.8687540563869462,1.7648427275334684,3.2707175470918823,10.364990511649639,3.035780556393252,2.114108856843912,11.055468475310514,8.869419090169414,4.513578161977308,6.719204804589056,11.262714788537469,11.226933469220517,3.524008627291671,3.77280071992118,9.093933554219626,8.847969720202837,8.467335887941015,9.30729656938204,8.927100386537356,8.424746153819331,8.750740820390286,3.1170032432296644,8.77482345737155,14.0379455578745,8.893362029625662,4.404209973284376,3.2518493995917903,2.6700877263160354,2.1289357116806196,1.6081240491322637,1.5787359519076496,8.9691334222718,8.64002385878212,8.587151700083465,8.875671863468312,8.743968770514718,8.784707503027839,8.357210012006782,7.925364641249408,7.989069916634058,8.52255217285935,8.548103726388359,8.791675666175768,8.405417035573427,7.988029107618035,8.744420434615947,15.77322431331558,9.245647587443026,9.194712925442428,8.668869397183931
OSM_NODE_5070367192,7.913843186171815,7.057981353461473,1.6301976227221802,10.318081556274313,9.919317834177626,4.0486652361949105,3.8989317872283236,4.255823057887332,7.8404167429849725,2.6692663386561466,11.840126322916861,0.5620091961279352,2.603179243732709,1.514193985199771,19.51466243684781,1.8219035044874965,8.514889748919744,7.1779001937230955,1.4936585937193456,6.076429826766071,1.8496587010605439,9.897953612277927,6.533039454914983,2.9418922989017777,3.1138765911186246,3.1998505850253447,0.0,1.0349982786455607,2.014307287408946,6.1998061478653925,5.794992540821465,2.9376936219184113,2.4040667533576974,1.668885127381476,5.772330172388059,7.9622316764103545,8.425393745732908,9.859568451914802,8.428097332623896,6.386895081930033,5.627924913764139,5.632525188183158,8.222611534143784,9.318564555594952,9.265253481229855,3.964026684843629,6.564087042004096,5.751036498513315,5.799656834415983,7.011210562955437,7.16873701875431,7.545168174328495,9.79535267129898,12.32631854679533,2.1863832287777654,6.093131584835357,5.665509405448747,7.139768672307008,8.317165488923305,11.079463918746324,6.25300905181357,6.041201372716691,5.610044101823287,5.85949042505067,6.164911722996523,6.053661695729405,5.737095881542571,5.623083144012396,6.928138105038451,1.7667569695133936,1.9893466090107503,2.366275519813418,2.280733541802723,1.9402974967170465,1.627522740028157,6.269497788430135,3.841883157320948,20.58889378870192,8.745769191876422,5.756817227018968,6.017660794875589,6.37942237348544,2.0575561786450667,1.5087238927546816,1.7719559545935213,1.4859752898899894,0.4030181150136495,1.1149570526961983,0.9003822820758942,1.3267760845832148,1.159588146509086,0.516719006931673,0.6013449195927427,0.7206945387457903,0.2626598483259354,0.4129919569185838,1.5422008088447186,1.2814048766068817,1.4021535001450218,2.8748222294604884,3.508054336043348,3.452039123768006,2.4039357200854883,2.5327397287691844,2.088198482311549,1.4899145427254479,10.235524676084458,10.373867393281497,11.763533692059557,11.55134553686995,11.300363136468064,11.946413463714407,12.571196741014704,11.795233424335493,12.156808684289244,12.330195452109741,2.325885584997886,13.427416933576781,11.75184134528132,12.843129335647863,13.070528581009677,12.418315836587698,13.674873142450098,12.981019890969627,12.716840882514537,10.070510357874623,6.226280910499619,9.78554137771642,9.704866025933459,9.470852271044778,5.6061238672888685,8.758635056678981,8.909957794202661,3.858749220181445,3.818073617365686,3.895053672365802,3.9365631555357976,12.709146929227627,8.508188306045996,3.9487153300711064,12.39515012558824,12.431307377268574,8.81387366629087,21.699437601447546,12.547489816777055,12.69750453946469,12.157371638081093,10.554355804049052,16.155512805949403,5.4864701258927715,6.152802119891659,6.178917413802763,4.186487873598016,12.88466974907496,12.710952549378563,1.34805070883094,1.3800816015008939,1.0904151941509448,0.3558576153934071,0.3468788878359311,1.6620473335342207,0.2519428513618193,1.8174101093453858,2.0462053227103025,1.9663679143933317,0.6787804491818683,0.44650873110247347,2.066411848995826,0.19550609019270623,7.846960474327664,4.0229664371339675,5.265136166826918,14.248585930635134,11.836822837468622,7.710665614886684,3.549892178318284,8.326832714286885,8.23000925392259,4.757239198764183,5.849990863381896,5.942948988231276,12.005488423388437,11.622454410870448,12.458615069895966,12.007106138504838,11.450091098008759,11.768657312754362,0.46740230236184693,6.338196417711699,12.609931889085264,6.154074762808763,2.1129843559067254,0.11602716785645434,0.5430864545015808,1.1163070321787876,1.6242850271072455,1.6247438252132802,12.160915830447147,11.83244530576369,11.777904939967337,11.873264523431638,11.672086200784062,11.82812788273889,11.554273119860587,11.12061062442026,11.188052382488436,11.722059479635153,11.747921101154867,11.991519083932452,11.604175209482282,11.187478517330664,5.72191818741022,12.573374619003152,12.369471822103257,12.178846744233356,11.855616290871215
OSM_NODE_5070379553,7.897348415692702,6.999204208962295,1.493671221271091,9.595915855629945,9.029464082535254,3.166431850872182,3.034689223073207,4.402310882441057,6.988323196483218,3.6765170879160824,12.872766330183765,0.7481293736764568,2.614112476158958,2.166781373214793,18.558508434629648,2.441622695300579,8.840741492978356,6.146566314743538,2.437204358741441,5.059079491485155,2.405237655392951,8.929202033110679,7.0490418802584065,3.954638103112607,4.11183420075081,4.222648651635858,1.0349982786455607,0.0,1.3291836563033181,5.267683180538469,4.932913022106794,3.8816374366765003,2.637041581638226,1.5991453542914638,4.910922110046294,7.023265148395775,7.42980154056974,8.891339579128166,7.539214410575155,5.382995509105147,4.594257937799525,4.833907617921115,7.207639110333314,8.337020823611955,8.487362526867008,4.36584654306822,7.393295453529671,4.763574097922909,4.818761715199018,7.733329694913074,7.905061137983479,8.329858701464026,8.87633246155663,11.296179968396443,1.6769151887160507,5.226774757026173,4.890429956903893,6.171872621605459,7.7794405095722805,10.224070365067728,5.4587877796837425,5.185780743152173,4.743250697190676,4.99936434336518,5.287606118968571,5.185746707886482,4.756266563793198,4.80598131665901,5.940773828662445,1.4436896357532008,1.4697083608499983,1.583749521990367,1.5420728824995922,1.4770215425461544,1.7893107385222264,5.39334896851242,2.9119920789702993,19.637337957438746,7.850261241375195,4.899172512479386,5.1578253180077525,5.6134660376448675,2.807926914468827,2.4233693605301347,2.7776973766305706,2.0793937643116904,1.4040579734798466,2.1259627567428216,0.1589076451097697,0.31798384486185977,0.13482702425400753,0.5193117190435451,1.6077493071113373,1.6926072728923607,0.7724086615473963,0.6910778267539825,2.5631056296734065,2.3145697312056943,2.4327728153311456,3.8599819237806923,4.533134004471557,4.446473800746444,3.438338465685244,3.5530779110652806,3.122359705307815,2.5128408322438087,11.267688877416113,11.398991359322983,12.795282490345489,12.582987384394395,12.323543980735057,12.980722512305734,13.60603757691965,12.829860081995118,13.172445331617242,13.349782467380036,2.842256196721829,14.453388448306278,12.784074082182089,13.86378019425614,14.105281924275966,13.451298599704744,14.706710342708455,14.014205112671602,13.74661261320151,9.654947163500651,5.426415194798407,9.343844450210499,9.283058335484483,8.531269043541027,4.584258135332946,7.808255818285268,8.249373335818806,4.49248156948675,4.46665764480948,4.515372943827843,4.5701045352212315,12.01935457226496,7.483297874218368,3.0756107057355084,13.426577901180158,13.457394560132382,8.75411200075491,22.18250996250467,13.570277336091614,13.72833305830698,13.182041423091487,10.166857750631026,16.393321775418496,4.769290767077212,5.387381843634048,5.408469377897889,3.322557109680271,13.918980070425132,13.745789021733467,2.2531289080081827,2.0339135325948474,2.123469069563896,1.3624292207394424,1.367048980033192,2.660048229366315,1.2688737384096616,2.7288919410478236,2.7687878983225205,2.7498492377286996,1.685204873580141,1.4411692447545597,3.0579623925235655,0.9531984669870507,7.0207695747401795,4.652464322002035,6.2982147167196505,15.276689962354816,12.860767306409466,8.736089485519368,2.515033759642911,7.3454797521136745,7.230048535297606,5.378855675906295,6.607740181588104,5.002884016966059,13.039829160707072,12.656900567598033,13.493283919573962,13.040446155890153,12.479758776299107,12.79752833545925,1.1666567796422198,5.571038947060198,12.12092916777794,5.2627377316471184,1.8221670826224567,1.0100491349415772,1.577967141411699,2.1066238277068834,2.6273806409302236,2.6439466003945955,13.189529088908161,12.86076558725425,12.806902657124812,12.900212755809811,12.691876881278528,12.859070716922625,12.567939210120121,12.132343974162813,12.20482008921779,12.74007000608179,12.767435285132587,13.01196918131683,12.627849461358766,12.20985760935334,4.722977093345895,11.555767292191888,13.404405699742185,13.204270222742743,12.885918489178437
OSM_NODE_5070401203,6.7675662950788045,5.849646771031486,0.9400016188298028,8.324552785971186,7.924462976934102,3.63706230752538,3.559442114879341,3.51278843067112,5.832345388000726,4.220869351814597,13.439698341018232,1.4606417720282743,1.7748318084644437,2.2741749548437555,18.53195974840605,2.427952638842328,10.165965954727035,5.568128535697985,2.927556243221694,4.894033242436003,2.3147993404352776,7.990046822921929,6.485913143984419,4.507284311337584,4.596633766457424,4.815368871698372,2.014307287408946,1.3291836563033181,0.0,4.257489215802463,3.7954560117794,4.220632696416527,2.066717153436562,1.0578257354206773,3.7725629298082084,6.016678778393264,6.590995395122052,7.950841469348881,6.435223025191823,4.607479932487195,4.105473025612855,3.618245940766261,6.466922856947549,7.440200908821787,7.254128027499941,3.777120341924247,7.328046498348385,3.927247614123096,3.9560850543062225,7.462359346616172,7.654546365750596,8.157562201369627,7.821860501598619,10.901863727004788,0.455904614387517,4.094525359951655,3.6524889849756224,5.247258439341841,6.4510373666627805,9.069851414266125,4.2388026325733135,4.037809596831057,3.613782820242183,3.8587721211922292,4.17203827103582,4.056003521993368,3.894593405880141,3.6102670012523563,5.084639245014559,0.6559431752718345,0.33517862604754456,0.3906472217528357,0.27530993914701735,0.4323019326774419,1.435471989828572,4.275491576569398,3.2822280745608414,19.6229899303213,6.756374284423952,3.7553634768954884,4.0162346226325685,4.368557191933943,4.029948374345495,3.5230246768525935,3.7340125687580024,3.3519084061030275,2.4136928756737808,3.0894299055534353,1.4636085110071348,1.3688378316466132,1.3302521061193358,1.6440134405806208,2.384111425037104,2.3839994446414714,1.8127091457962947,1.6086242063742142,3.479951429239514,3.1768774784788496,3.1843751940241893,4.8459660392533594,5.128877945847376,4.902249087306634,4.227393372588524,4.442270351119347,3.9290512272154134,3.4238942854784455,11.835459203372416,11.893153586872979,13.349292414315098,13.136520807816645,12.797162901793081,13.581907479463467,14.22590651825504,13.442406492640531,13.591444088367004,13.792763247508825,2.597175334037861,14.939346021599755,13.504031731252145,14.311545849365826,14.76636218265255,14.157887134738605,15.254303959358596,14.585899480994087,14.272175121853843,8.332654667882503,4.211973623091225,8.01822139823253,7.9601213577673775,7.520019321791047,3.942915821945305,6.825059503447162,6.947363011920011,4.214845025115289,4.213508134294461,4.2159133321758855,4.286554438090056,10.732430253440409,6.811493076642919,3.5763547186691196,13.973469604913115,13.94856490246334,7.5863285176055255,23.510299565195552,14.034658002493451,14.266311485601852,13.662745916430259,8.849073041773346,15.420706398312607,3.488623378659994,4.1417929240616775,4.167049075205674,3.8214096736246135,14.516585958452698,14.364890293208258,3.3618188977465504,3.2846222920495216,2.924601158883953,2.199267399570469,2.3484225119192277,3.637642102335295,2.14937837813074,3.8315642959373957,4.004308028627694,3.9526851501446507,2.4453389943548056,2.4580832827409393,4.041554563991224,1.8373929593497604,5.833668130161646,4.357058125601709,6.92879393141678,15.779121894740944,13.654884196942024,9.254255031399238,2.2388183140843028,6.454246456701674,6.4116164582215385,5.02883228717417,6.429308603656847,5.194250715311977,13.64171473712128,13.263693872258376,14.10495293235689,13.742249796621433,13.230012189631609,13.554242420585778,1.810293790484694,4.327061984146297,10.79175974658563,4.170725395470435,0.839029544062115,2.058165881744597,2.4797424833279,2.7521009868282653,3.239849895968711,3.3142955476874305,13.70530664262527,13.375175718277635,13.32838409462751,13.672753787156259,13.511339940197695,13.594781132946165,12.978739822033196,12.534975871596135,12.636035311589609,13.175968518094226,13.212915895439794,13.462453879933356,13.103553371832415,12.678216461730582,3.9374821494008345,11.277384301710022,14.056312037316623,13.987336158036129,13.421268939853588
OSM_NODE_5075704816,7.389263918546409,6.564957288984112,5.06185903115306,4.971993355858042,3.796192256237054,4.824404462398126,4.922250279051234,6.042454992117871,1.9571100302880935,8.437676438210028,17.56967855028479,5.678962536767149,5.191923754028488,6.4211474403185695,15.802304242787184,6.492959902371906,13.301009523803591,2.423846331974966,7.160966965345124,3.5149245599671604,6.3492049906823285,3.7397533167301527,9.196284266730068,8.721289886853135,8.782385909957217,9.03749658651266,6.1998061478653925,5.267683180538469,4.257489215802463,0.0,0.84127046704172,8.346297179420404,5.731734815193456,5.139597086809034,0.8556611181240144,1.7629125013549904,2.482631806438334,3.7001453080772837,2.32870328858063,1.1877832225407485,2.2249226396237476,1.3990207219297186,2.592365299233068,3.223320897992417,3.6856003552522876,6.909332901183333,10.885805384410707,0.9265197258433077,0.8068317146552048,10.677457973877278,10.892388140305792,11.499057974434294,3.6098275272685636,7.5224980131608765,4.300273905598643,0.7372876030180407,1.57011648521537,1.0686006488632376,4.489451546866336,5.054726351078124,1.4255915555519583,0.8465751190796801,0.8927920206384923,0.8364041885875387,0.6259736188830742,0.7244243709932683,0.8372504466814685,1.2611249822510862,1.1232575280268435,4.77698857954555,4.423088747057263,3.8726195336563243,3.9826016205672,4.517032058673903,5.500733002222483,0.6511744658606697,4.485142910091572,16.899929187949088,2.6179899600312933,0.8929432340334559,0.8064956237441931,1.6988801197572365,8.059688402397779,7.679972071639069,7.963080643888601,7.301871169698159,6.601791234882708,7.308776789708234,5.426532966085589,5.091105804755995,5.185702102124344,5.74055235905571,6.632660575196179,6.640157879060921,5.962274134099445,5.7874338512347645,7.717735271542245,7.423050864253961,7.441545102200865,9.072257762955758,9.34757923654314,9.066519043787821,8.48487873833101,8.692201548858444,8.18575631578057,7.662537044721787,15.975400532398098,15.97669567708342,17.470112048873748,17.258207289540056,16.855616346412123,17.735378541335415,18.38909870864102,17.60402656872958,17.591599935177246,17.81477084469303,6.459463479093265,18.993642897791048,17.723773843559826,18.33413247043733,18.95311499020417,18.370123572392867,19.360129767690328,18.71371779716748,18.365088017469155,6.64832359843458,1.3709338520870022,6.249716358099833,6.309158101058571,3.271108188130289,1.6823340442451848,2.567595782927272,4.122749863274168,7.7612847761660335,7.793067418551591,7.732026444798152,7.814447706901371,7.397991961372158,3.0755895340867454,4.872834703151037,18.085305699289666,18.01399214519052,7.811793692622694,26.759664425411813,18.075113840782876,18.36943427487077,17.720854398288363,7.228240769144247,16.04565693732977,2.006327014782806,1.6510159872017207,1.613877159765447,4.9637738684490325,18.663545014332396,18.527048260609515,7.511231147616255,7.278348794926246,7.176948172460617,6.433174042260321,6.545802667126927,7.858570404903301,6.371486306080887,7.988259412453325,8.012408518472848,8.010572526044852,6.696791521395942,6.644285972733903,8.263764422020518,6.044068352782088,2.128992286118907,7.858097025560607,11.140568000675227,19.843542695292903,17.900038019017863,13.381268568969212,3.234680105646091,2.2661695937736073,2.356481068568761,8.352577189346617,9.879702157412964,4.765303026644665,17.79539066361689,17.422342870746938,18.26321846228047,17.953219512156842,17.462235536396676,17.78819452996945,6.060873277392508,1.6771783047118192,8.434078097106447,0.476931284764173,4.657987960320107,6.217064448489798,6.706017636076989,7.00869554065267,7.488972171789117,7.5690199654580965,17.793503494901106,17.46437852468208,17.423715444791615,17.911743700218217,17.762306624116068,17.82084776439338,16.97641413823428,16.52899737445949,16.656917568217253,17.196373117414062,17.242129072737807,17.494305698283874,17.161407442207047,16.732981614059522,1.1289672354405493,8.172344450246593,18.23993020616131,18.22909488058859,17.527182691713218
OSM_NODE_5076188152,6.571714194391623,5.736345393829815,4.515912510980904,4.850313604180098,4.1291314011828835,5.018423125313266,5.089753814672375,5.244259195375568,2.0554547342171214,7.879099790944969,16.929537001008235,5.251476948858807,4.512912256073495,5.846784724339382,16.641624476593055,5.889070342234086,13.294665261517581,3.233201235767836,6.626725119201216,4.098946458040742,5.739519192067698,4.357682577295088,8.377124460361623,8.158682588635502,8.200595364553655,8.479620023639047,5.794992540821465,4.932913022106794,3.7954560117794,0.84127046704172,0.0,7.738878602107111,5.065206335666105,4.579532879319038,0.02321587375335534,2.3374801554973295,3.2558744735450316,4.317325555048697,2.641162666906428,1.968234256082248,2.7707913799019446,0.5593697585749303,3.419548105253979,3.907309166550918,3.6347839692776276,6.144395076710978,10.131456239368921,1.4914764574905095,1.3881341901379405,9.88603986248289,10.102029986786826,10.716103177041802,4.047697267991333,8.36044725210545,3.761629619276315,0.2992562747926624,0.7366762530715467,1.8574777330518903,3.9186169257117673,5.2924148368024975,0.7861369848112244,0.25771954295828853,0.19255753990739158,0.06807401612987879,0.3925450835211272,0.26219070483805157,1.3827449479950924,0.41988904669030874,1.963143949383894,4.244721404766185,3.9100528410902267,3.4295411525616726,3.5223350848656008,3.994609501727685,4.922533027855248,0.48844237561388376,4.646450044565686,17.739463644878743,2.9646661198755946,0.0545856407168034,0.2251127565976499,1.063800214459567,7.740493960047013,7.298422101261155,7.529434404142856,7.005714344985513,6.197554499607376,6.884046069894097,5.0906354513970085,4.799478306255179,4.868247926470477,5.370170166864954,6.176287481406141,6.16643576471828,5.573471502068885,5.383095148273919,7.274499908437697,6.968839794662937,6.958666152430377,8.641333096092676,8.785114192401297,8.471045647467305,7.992868024191784,8.229118114239288,7.7035411510240595,7.21830054560234,15.342799915058333,15.319700694270509,16.82591108801959,16.61474188041694,16.187671369379668,17.106730780904986,17.764866082529892,16.98001973848089,16.903447383229924,17.132956043178837,5.806998662850061,18.32079062499652,17.140907824200763,17.651669016808164,18.342667317745896,17.77967366911482,18.70663885060414,18.07088794866598,17.707639073967407,6.087134274974628,0.7293201700672931,5.695927050858543,5.7337270735571435,3.7919090281097825,2.221996048318902,3.1546456353231354,3.7755022248227568,7.031879650426618,7.0679774185361355,6.998818083518727,7.08174766899531,7.304985596446591,3.9108555940173435,5.049415161010317,17.436177278994652,17.346577111668463,7.022974423075326,26.758568462842582,17.39888900331605,17.716169302065502,17.051284491147637,6.666674665959683,15.269639443999543,1.1663649579808242,0.9355786357890171,0.9120162107908598,5.177039007642654,18.030176417199847,17.902047030661247,7.1331605457565495,6.966318916634221,6.712112316898778,5.9947037920932,6.135574860811038,7.432796152611556,5.943278575957941,7.607971079171475,7.701586705393474,7.6791731378164085,6.2351753375526,6.241378103693538,7.8369236332079115,5.625814332647971,2.1064203131141777,7.1211774577484235,10.5646613608347,19.17316990656497,17.34844823074335,12.748681265393275,3.2407324457129714,2.9992356350417015,3.1518090553738247,7.588389566112459,9.117520284059939,5.258031558925751,17.16676349550185,16.79696487223261,17.636409339355964,17.362193244908678,16.892870210295847,17.220535136888167,5.602678981140345,1.0289746018361565,8.052412562799121,0.45295729163303095,4.075483601585119,5.826252667563748,6.274745406982127,6.513135507010514,6.971461832346676,7.063172521783106,17.13505341475327,16.806860116185206,16.76871536682131,17.350559205428254,17.222647091436272,17.244190119167996,16.28862569092778,15.840994689537782,15.976814741757403,16.51511722023036,16.563602323502792,16.816195442269436,16.49269999247483,16.063967352330682,1.6944424769035438,9.013543328972379,17.62830050817132,17.671634740738718,16.87638814968672
OSM_NODE_5076826198,7.265678548968162,6.622026681908605,3.316664752742441,11.580282001421745,11.772032452689208,6.98626251568652,6.836435115184773,3.8060987038946332,9.63457085971301,0.6625943436698382,9.234943851898164,3.150540375246081,3.298316466286985,1.9492666699997199,22.43766609636109,1.8536522781697986,9.611510255828652,9.78309030687919,1.4493110343911149,8.912194730018234,2.000149899772167,12.07541313830088,4.4960099546520835,0.7287522586447082,0.5729867225132376,0.9914263397489758,2.9376936219184113,3.8816374366765003,4.220632696416527,8.346297179420404,7.738878602107111,0.0,2.739807365660243,3.223982898681279,7.71580871678323,10.062736033092726,10.76375084788414,12.035370439285364,10.325249127559808,8.817927966740776,8.290815462546583,7.4037662324321065,10.67627465614796,11.568216951964173,10.751092707579735,2.848697472406652,3.728300911418979,8.12765197939593,8.14704195758075,4.386247866923116,4.505281573586397,4.77132662356712,11.763783859168704,15.078301746787155,4.067487814008398,8.029751282765034,7.367460654838404,9.38407961429403,9.121134136782857,12.772994495728376,7.960542089001637,7.947547578125662,7.581604479790952,7.792857277536711,8.13133382373964,7.9977208722617235,8.086797037453383,7.4478535453747154,9.263835678733042,3.611279084231677,3.9782912922609257,4.604908380692603,4.474808338329218,3.87521779905271,2.8516065451588637,8.225809123445186,6.771489792544573,23.51485021331707,10.65573351994241,7.690066615950435,7.939158610457325,7.99435463740029,3.305842583186498,2.652490489868413,2.10672434519074,3.476475886883373,2.7322080284852097,2.2931364022896243,3.782635175475149,4.19809177821153,4.016286273725181,3.4113270186096067,2.340227614525722,2.2185467490100708,3.1741141125034233,3.1941826847683354,2.024248311323408,1.9832293685167914,1.7062100632233268,2.404220079781611,1.2052000896533221,0.7463617820781483,1.4919171923885164,1.8883302327222744,1.5689119655962647,2.0228204231804496,7.635145735330341,7.6737505342618375,9.140393709371429,8.927849892969123,8.576531550221654,9.391515257903707,10.043458689267888,9.258457156436043,9.377426164964605,9.574581910439727,1.9933226167911502,10.718725806196463,9.405427277688863,10.092984003365512,10.608477552680371,10.041294635128954,11.041169778561414,10.38072294356099,10.05536169801134,10.407782629204783,7.952487636074374,10.215394114485395,10.080945420262168,11.530610253425767,8.160685707327684,10.881612369731208,10.043113249467313,1.9727440478592275,1.8917580097083369,2.0451783621574684,2.0206022367236023,13.787545832953459,11.0306555298205,6.886405014263092,9.761600121064264,9.72818839517228,8.21136668097627,21.970768177113577,9.814483729923355,10.051944398533823,9.442123434877258,10.78389196595125,14.462481227668064,7.047492569732405,7.784544328413603,7.822994602548435,7.123792193827612,10.322008679901312,10.181588075635242,2.698086947865991,3.3336041753101346,1.982150577956897,2.5819596310246142,2.715251936321438,2.1929639701480625,2.686348674688347,2.6713855329200378,3.382248622287623,3.1750410170765497,2.2648260693328552,2.72269084536843,2.2013797348306583,2.949935363513912,9.555339906612438,2.09021573669193,2.8542223921614522,11.558973804645817,9.646633324584716,5.044756954740139,6.284766075027005,10.597193907768263,10.595479237677912,2.649581349485371,3.1943859072163012,8.871542401604097,9.451495235941705,9.077225591684087,9.918402385325342,9.623756846464387,9.168185639998052,9.497203795083092,2.716816724054119,7.959886615469655,13.05797334348109,8.166064342731442,3.688841701554197,3.0189376629391127,2.4797003204724333,1.8273160352110163,1.3658409446852575,1.4353010606305263,9.487355286808459,9.157259693725639,9.111646617443157,9.6347199108367,9.543000253682367,9.512587200898162,8.766129960321663,8.324054152136338,8.4189325435264,8.958472444931694,8.99412935085686,9.243223648150092,8.882920755372234,8.457643536969014,8.150237975760804,15.39421876625715,9.894797410806838,9.960181920498556,9.207247116963574
OSM_NODE_5076880916,5.527746003213705,4.695211048340293,1.2193687164920015,8.873887088947289,9.045000869967044,5.612808818088755,5.512570371323588,1.851763634061078,6.908690780575147,3.0310205921298676,11.865334377697035,2.0581625528349723,0.5611054848548087,1.1908479655368092,20.577334414230258,1.0301070776145067,10.84367645296385,7.438488653055425,2.0340684863222718,6.942635309640414,0.876989039155028,9.421997299244618,4.467390068347245,3.281659422909205,3.2592568889174327,3.6055395161292996,2.4040667533576974,2.637041581638226,2.066717153436562,5.731734815193456,5.065206335666105,2.739807365660243,0.0,1.0925681642175797,5.042491414105878,7.40207627177378,8.19669247466551,9.381679999892642,7.611126235586674,6.351136088778089,6.064192794177368,4.694224371083342,8.182489353796653,8.947821326819552,8.015186236522618,1.7537217203117301,5.323536851304622,5.6454887613574245,5.644835422331897,5.399031687527291,5.593366476137078,6.110046833872928,9.055205601250801,12.82311008908836,1.7084966903849683,5.348510465738551,4.646517448998537,6.791879144636633,6.514156909031884,10.033479889966927,5.234508071702086,5.259644589038158,4.9199303678408315,5.115066706056953,5.456763121503049,5.3191225272564795,5.588211652709012,4.748800758124991,6.722863891955711,1.4363315837775799,1.7362244781838911,2.3627537557692344,2.2300701186677907,1.6346986756442439,0.8502162992306216,5.546703987347579,5.285581668030289,21.670231865292486,7.941968752042532,5.014292080911964,5.255387100417018,5.258959775058681,4.214141559680664,3.493049471721893,3.3562592207735857,3.828327412182688,2.609780711797852,2.9148952486574267,2.656674509661779,2.8910964728222726,2.7389505928488584,2.4918192482793136,2.2339757818143897,2.106206957793247,2.428979534115844,2.2576568463665616,3.094832466636112,2.7904487082644396,2.6059900258991697,4.322009478277288,3.885010976921495,3.485954078057782,3.433311761294872,3.7900182239474205,3.2288752593145036,3.044505722103755,10.281534516962731,10.255214563998551,11.7610082234211,11.54995554355141,11.127306622577917,12.046634121059903,12.706861729417415,11.922522097426151,11.860386622022256,12.083050117977375,0.7516141412894848,13.263606586803109,12.125221735062759,12.602401281951362,13.294166387362743,12.752786541688872,13.641785835510985,13.006079921768851,12.643451282744287,8.017446155167914,5.229009466141179,7.776550899787837,7.6672753240315785,8.844609109091618,5.821704510339607,8.219797064395678,7.353371429323155,2.1722281986842087,2.180254436814406,2.16618642420272,2.240527251380074,11.13115295611572,8.582699268491826,5.539533635471836,12.370972830984314,12.286064299767775,6.440827186238378,23.85222804055225,12.3440961457512,12.651242268760306,11.99192119501205,8.455054985143661,13.79701533296725,4.313312007164511,5.05158469753658,5.090928936827619,5.78916250279965,12.967777591465467,12.843549056903093,3.393053978008628,3.699984140912777,2.5322158458805135,2.2598921608889464,2.533980404620612,3.325408877985116,2.306916194883633,3.7383557314911795,4.235865676903832,4.092211625947005,2.232755112169297,2.6436765633383383,3.648940031962663,2.2386473137681664,6.820986381428756,2.3062583127775653,5.593926190403303,14.114476231014933,12.384183603779269,7.6888919142289724,4.301067042566257,7.997777643133018,8.04635890518007,2.9633640755969606,4.390116749379272,7.2527993712507985,12.106654298483312,11.738751667294514,12.57704322324587,12.335245517434286,11.898446127808329,12.228013431762694,1.9374826927104736,5.225148550887101,10.633962714288963,5.504917436937126,1.262263009633858,2.5166210014065697,2.46726720897598,2.1888919118066346,2.412888678500231,2.5551805731395265,12.071064982321191,11.742616974555188,11.703979628818562,12.368722569410858,12.282682015416178,12.237338594045996,11.245188496305635,10.797860628197174,10.925261274700794,11.464663669247324,11.510659963459569,11.762908503812119,11.432785776588332,11.004175364951033,5.704193042279072,13.254477192947173,12.57935727749846,12.695427417152583,11.811223812522533
OSM_NODE_5076889972,6.341277074182768,5.459479819952143,0.12853316343947863,8.823161326842305,8.681125302251116,4.521187838626243,4.420073390112218,2.803170754433104,6.554481122867827,3.302981037861545,12.458838867376693,1.1736335772011923,1.019612266201827,1.2826274164949067,19.58095322076871,1.3908754928697875,10.173323981195434,6.6028725525478125,2.0507470090677544,5.944893554137371,1.267141870353734,8.877630206588826,5.55987420703686,3.5848171738809937,3.6431364759411085,3.9036034513710423,1.668885127381476,1.5991453542914638,1.0578257354206773,5.139597086809034,4.579532879319038,3.223982898681279,1.0925681642175797,0.0,4.556317200291888,6.875719249545406,7.5408389767620525,8.83784086006512,7.206938016254008,5.5993067007438535,5.157960955520556,4.30669942376114,7.4558496348965715,8.355657995800847,7.844042035934389,2.846040628709718,6.273757936446644,4.90578757751203,4.923555456463927,6.438565750463194,6.626773916868128,7.116548203262943,8.626659620322846,11.951995132630833,0.8439468734711587,4.876277354205204,4.301937582695104,6.166838621783304,6.696111992411022,9.76296474122581,4.901823240833047,4.803791919167199,4.411499407068124,4.637707661148888,4.969031614019389,4.84135245468029,4.863476741344069,4.328681527773874,6.039991978213812,0.4042421908457008,0.7675422308712134,1.4150645538510813,1.2801992089078187,0.6608971144488598,0.38218004650727094,5.067816668694459,4.197502269459051,20.670973189734198,7.534577748009208,4.533686663147487,4.789886017717447,4.98359433246716,3.6941139482598855,3.055837721419737,3.109263289391866,3.154260455454769,1.994218112712962,2.526313836442214,1.6472318619298414,1.8253300257708553,1.686584731317891,1.573449806566967,1.7722478885454083,1.708301151426293,1.5939790938937832,1.3855703730416666,2.8400278956966996,2.519382995371511,2.4440857342222717,4.192656354474196,4.211563679994514,3.9317034133135875,3.446826602830779,3.7243946564106545,3.1750953306465184,2.7836777013487257,10.858353353835264,10.89277594434828,12.364334006103839,12.151805886171795,11.78946739046588,12.612731450723274,13.26240855196079,12.477695561706557,12.569345972341075,12.775927778233807,1.5419703473360022,13.931931041595169,12.584449187213252,13.295223708134731,13.818082848601897,13.230560533004498,14.26430563407019,13.604670359077804,13.276823077508432,8.407277213048314,4.88465949148857,8.127471306924093,8.042996244908673,8.361856521280096,4.975991820526189,7.692611838667443,7.366094577724225,3.1785604784543304,3.1726843557965085,3.1841451674800054,3.251957070546214,11.172764862295844,7.819606069331249,4.447298165330266,12.985144936587403,12.943842491450809,7.218655224782786,23.36347908028839,13.02276848932225,13.27473834497146,12.655604759783587,8.887398695944515,14.79419929007222,4.049767704392042,4.761585854559866,4.794176334331088,4.69700928215846,13.544418846537095,13.400849712807469,2.918314872017139,3.0485564769123665,2.2471297003995288,1.6784939074785468,1.9163787735599764,3.0386018486606616,1.6781933562548181,3.345817074084383,3.69303942615312,3.5905648988647036,1.808892705015166,2.036762079826971,3.422244530738052,1.4753571879777554,6.515166833066429,3.325441015481799,6.0013970559757635,14.775203680500436,12.77273059937478,8.26873461953749,3.283228166878477,7.379783091777198,7.371592310131261,4.015059504082887,5.385645853413193,6.185831324728023,12.672675782944374,12.297219639929345,13.138619160795086,12.81369278639604,12.325931894541542,12.65255928552982,1.267010986491482,4.944986718798648,10.960684582017986,4.990103498404551,0.5214399521544358,1.7621595998582398,1.9505729201184812,1.9862799737508743,2.406022238434363,2.5097798026308697,12.707921005730746,12.37792211936441,12.333306344655538,12.77894826039681,12.643909117682991,12.682525563173872,11.95560579441482,11.510668301058965,11.617998720839413,12.158264070734607,12.197449895646159,12.447862952900367,12.095920540535062,11.669330549271564,4.93393723146942,12.334561363820344,13.105663440420125,13.098296711211658,12.430257021476496
OSM_NODE_5077099025,6.56259920837845,5.725830399250158,4.49270152806009,4.867828813962082,4.152069701201384,5.005392803027529,5.07609583699966,5.224693381952185,2.0774062838336,7.855893762152249,16.906743776739287,5.228691539946946,4.490302159040427,5.823589752588325,16.65457948823707,5.8659581589737515,13.276648833857237,3.2427267012195675,6.603512946249027,4.0974135345725164,5.716428297341294,4.380262429912334,8.358969664476591,8.135482694200562,8.177435599921235,8.456415096978922,5.772330172388059,4.910922110046294,3.7725629298082084,0.8556611181240144,0.02321587375335534,7.71580871678323,5.042491414105878,4.556317200291888,0.0,2.3600626942818685,3.2755371649380325,4.339908417114128,2.6642015325924664,1.9766434989783046,2.7689228494141345,0.5473996037802518,3.4365126935560544,3.929067117939426,3.6539310016483286,6.123560603720589,10.110420668168093,1.4930404293529922,1.3906828120501307,9.866290235822243,10.082237060066866,10.696013010759945,4.070908992989148,8.376154690599376,3.738438503448209,0.32229106196099516,0.7267092521588464,1.8760420413961263,3.924278517004128,5.314637789990573,0.7943856917430853,0.27805378180668033,0.1724906478881431,0.08873891725843562,0.4155645001161083,0.2853792484797662,1.3842545604914014,0.40581485633730613,1.9782002461497257,4.221531637503035,3.8869206020575278,3.4068116268046817,3.499479876804794,3.971447374451377,4.899335430865105,0.5116476744588155,4.632804530266641,17.752488159554108,2.987768440872061,0.03729623107910025,0.2469102706427461,1.070633185057686,7.718448453495799,7.2758615251561505,7.50652891980169,6.98394010638128,6.174875958186693,6.861208766914835,5.068615702020215,4.777968681234602,4.846443579126957,5.347805829883642,6.153301626201241,6.1433738276076735,5.5509416345191225,5.36046044941698,7.251550158768855,6.945843699266736,6.935555543952379,8.618419441087802,8.761916443685731,8.447932860758897,7.969717887628798,8.206061343852097,7.680422599387775,7.195347049006802,15.319940585263334,15.297052544464814,16.803151670032893,16.591975232274475,16.165143519504003,17.083849824975218,17.741956618909953,16.95710606213583,16.8811755060366,17.110600496595826,5.784181845553948,18.298329504413122,17.117786218865316,17.629324481751226,18.31967405792728,17.75658218709839,18.683971759366013,18.048121695162614,17.685006996196684,6.092538967672527,0.7379155009169803,5.7016883833770535,5.73865772338364,3.8150090936685737,2.22071167698154,3.1773300814266006,3.78840859972342,7.010176072219483,7.046187736922296,6.977193777878345,7.060115148132793,7.322584782682665,3.9269480611843557,5.03597513120744,17.41346423479617,17.324049083397597,7.016537410112855,26.7404070703852,17.376464318966786,17.69349617868433,17.028779400480445,6.671964575411757,15.263893785235833,1.1537151806993367,0.9381933015383782,0.9156783981321592,5.164407174032744,18.007333636796844,17.87914325980799,7.110632914978477,6.944384758860806,6.689074616312477,5.971817550974316,6.112858057278628,7.409937047728623,5.920454658405778,7.58540869116644,7.679624334770662,7.657016043071193,6.212163348270488,6.218706810676925,7.814048558655039,5.603068724845063,2.126994944631941,7.0996388631527285,10.54149860196928,19.15068324273369,17.325250133453434,12.725807499187491,3.224520673180782,3.019911426219325,3.170629161289916,7.567583272116844,9.096690394519342,5.252996213302012,17.143882611215115,16.774059857389986,17.613517222995938,17.339103163662752,16.86970716949031,17.197368321597093,5.579703002416971,1.0352750585562203,8.06332674871621,0.4738662361382511,4.052282026190296,5.803691580305219,6.251890127072252,6.489992561386876,6.948266441991963,7.039997797080061,17.11242894489182,16.784224745617585,16.746054909908626,17.327377926237254,17.19943589010652,17.221048289740768,16.266345373522714,15.818714672847868,15.954430942680927,16.492751196485724,16.54120190441852,16.793791149374215,16.470182315611673,16.041450883227828,1.6952551987525655,9.027526472736898,17.605311939702414,17.648446614426632,16.85368809511388
OSM_NODE_5077124619,8.185819415338667,7.469337071443868,6.8031143115524095,3.9814150134171773,2.1594272412427578,6.242547534571808,6.366908560875717,7.492973024650211,1.2616316280530302,10.178325917730588,19.265002912320035,7.441821207793573,6.850355682254337,8.153229828018091,15.005710309452917,8.209950427117201,14.832588119565475,2.5908663683878177,8.908988024231114,4.369434398796724,8.062609694835102,2.0202024244733408,10.541620830656457,10.4605265953491,10.5130937805273,10.778814586606114,7.9622316764103545,7.023265148395775,6.016678778393264,1.7629125013549904,2.3374801554973295,10.062736033092726,7.40207627177378,6.875719249545406,2.3600626942818685,0.0,1.284909284140621,1.9798462763275781,0.9386118930133492,2.0344637668930177,3.3464543364032084,2.764636624673341,1.808773606709046,1.6125257232233317,2.7036869373872348,8.440665163541563,12.430599319688312,2.379420028940601,2.29023857944742,12.128599316795254,12.346308908858209,12.973698654665185,1.8796412011358798,6.5542973859296865,6.042176973933601,2.060707383996737,2.8648570267651525,0.9793136435809364,4.546305450724438,3.481207058411494,2.379706961616044,2.1580180678344507,2.4841655050915237,2.289638815999223,1.9473518836137291,2.08724199083563,2.3484411183370364,2.681116512313357,1.3876787874990901,6.5221501019490695,6.172858352385807,5.633292850581525,5.741507029466285,6.264498876064088,7.2297044470212,1.8618438860418705,5.950895460518873,16.091483326020274,1.077954430893701,2.3890231278676612,2.1559855290064527,2.5162829353129705,9.806082387703128,9.43947405509192,9.725991049313793,9.043087913140079,8.364028925768604,9.07162524195757,7.18194800103729,6.838007090107836,6.938200734643953,7.500497742454188,8.394542557762739,8.400366529673136,7.72380436502738,7.549993204752901,9.480530875497449,9.185338026797526,9.201038115525293,10.835079756943307,11.087260756330245,10.79029845947957,10.243539170683887,10.454231348038833,9.945699355135298,9.425299527352118,17.676640032893605,17.656986990860673,19.162003487396504,18.950714413348937,18.525075559501186,19.43982543576713,20.096885771285134,19.311898760905578,19.238289863185482,19.468979188864864,8.142399419260487,20.657845291051025,19.456736576091707,19.98754729911735,20.670447584919398,20.09923699353428,21.04379947825415,20.4068531043741,20.045001502496984,6.52522374444399,2.3571697850519047,6.127538923217754,6.241961282296089,1.508887415439556,2.931822794319565,0.8189876718004598,3.693025866402951,9.355202268995034,9.393542043530484,9.31996992307872,9.403082072200487,6.234723008561331,2.320298148599007,6.309047859461157,19.772911909334532,19.683981014349072,8.42834374927842,28.257940969273193,19.735652051473497,20.05328648884021,19.388600039097373,7.080193463353782,16.491656229650552,3.2879296549849797,2.6318407921953093,2.583856157682086,6.354599119491685,20.36442884769355,20.234285983370107,9.27040484265444,9.024252755680129,8.938368179066256,8.195911537079056,8.308355557448646,9.621384710215134,8.134393768196038,9.74737123294817,9.756511596799962,9.760236395928857,8.458283066013552,8.406427774425117,10.026562072795436,7.806944185011785,1.5792343430304012,9.439767983712684,12.875268096250865,21.5103872430393,19.646385409049838,15.082175246860542,4.874397268397544,0.9139551503622848,1.335331994343226,9.881242459847845,11.409447339470354,5.723179881079859,19.499858808069618,19.129194280545914,19.969094475504665,19.681963131219057,19.201476580241938,19.528224029486502,7.82232962784631,2.526744689323888,7.802978113765617,1.898671571093964,6.383205021396335,7.978579082167195,8.468919684538237,8.765888108982189,9.241871642492832,9.32462358655511,19.472446175041682,19.144208721078545,19.10592514053347,19.6544694068698,19.512588730465634,19.556839733786198,18.62361286553863,18.17598660565989,18.31317913145024,18.851273752475425,18.90013730420444,19.152767695088155,18.83006871823662,18.401331953718035,2.5044401324897914,7.362983739897429,19.95641213382603,19.973322159541702,19.213266280671743
OSM_NODE_5077145982,9.43550982967113,8.695529737141479,7.452793028319223,5.007109070995932,2.71939130530691,6.077891785130311,6.226515909313954,8.500111339723524,2.542068898153721,10.810211144265734,19.99827480997275,7.942605335510235,7.663487899695102,8.821778183336532,13.728083666261231,8.916542112955964,14.666644357411965,1.8830917116007169,9.51850862227752,3.841435430952814,8.77786546146908,1.6491675852747534,11.61892285240758,11.096219817581273,11.175463609428096,11.405970767955978,8.425393745732908,7.42980154056974,6.590995395122052,2.482631806438334,3.2558744735450316,10.76375084788414,8.19669247466551,7.5408389767620525,3.2755371649380325,1.284909284140621,0.0,1.6197270446493408,2.067525724307369,2.0539783304932047,3.1595586112769416,3.7676863133197225,0.6578611019717313,0.9787350045528712,3.804758872106768,9.38822706181341,13.367753777070366,2.6768242045310466,2.6374055642060306,13.141801631040071,13.357692052963444,13.970166443246862,2.2266682360799517,5.28912145695659,6.696906771339866,3.0315153366270304,3.9028491163783245,1.4140626689068136,5.827395138631411,4.004671517903486,3.507255767101759,3.1443650709228264,3.3545075879364257,3.2260750711778545,2.903403738401308,3.0451757704271873,2.6994724176437,3.6550493505683117,1.5064820028807164,7.160840280814412,6.797265183010733,6.200351491744163,6.322219493493398,6.897169135632732,7.912233796842844,2.84562318327116,5.851632236103218,14.815487418098398,2.0396926582954715,3.3104561955322245,3.1267253404629884,3.688855412926838,10.12902034365777,9.847358264756782,10.196173617737761,9.351865314713487,8.818603050824597,9.539572427433427,7.58486498508206,7.202966133675412,7.328228614762023,7.933921021136135,8.912232131756678,8.93936636162174,8.17324746608187,8.021515690159077,9.966211333177199,9.688915351652241,9.741052349231184,11.288800600873508,11.719141880720413,11.470887033795414,10.784589532059721,10.954672379657321,10.476648694467544,9.912984247963214,18.398849740799776,18.42028972137816,19.90226824728116,19.689907760000185,19.306669471706712,20.15351259872794,20.80248367828046,20.017937961327362,20.055349286601853,20.27461219310076,8.915041108057437,21.447067378850583,20.09490686166059,20.794175997522945,21.352339921401935,20.74879552651306,21.798738414897098,21.143780087041797,20.807435705106652,7.776529406603115,3.473697851274514,7.381607067838783,7.502940085234641,1.6966359017948078,2.9286598656449945,1.1121066527153098,4.924818189940353,10.24324417392612,10.2744399290403,10.21435633691943,10.296725214538384,7.074583755473597,1.0894923605211995,6.161506866970985,20.521134476111218,20.46403150015553,9.702015398570584,28.00166945861949,20.531233905982372,20.80845411356588,20.17258190477469,8.323963331402302,17.776533045348728,4.345633987433027,3.7671157781227524,3.719642850263016,6.156233446159404,21.08522763862926,20.941041842058265,9.676667603118819,9.35301092046403,9.458715339040285,8.69502985653499,8.771232153584336,10.082824014894598,8.622210170918036,10.14888769373891,10.069719406638072,10.099428100031455,8.98145535800713,8.858595090762888,10.48414826439001,8.289224369429862,2.8588719934421247,10.34063941585179,13.518636534309426,22.294855211008855,20.234051358947582,15.807870226793618,5.056352964632062,0.37733716472271983,0.23334891557517357,10.83206507267584,12.360002972985725,5.174467994507155,20.21345061300835,19.837725474701816,20.679157764714382,20.33305982016053,19.818333989781518,20.141764219563164,8.3517611924005,3.6918632774390416,8.907029224228605,2.8056440384196604,7.081088224633284,8.424764564986788,8.95458618724304,9.327339994449623,9.826289035549182,9.892979817698464,20.236974102120023,19.907336137552413,19.864733165732545,20.257414283047908,20.08164117908971,20.184809199839584,19.44018248164446,18.9930651313193,19.11619133549978,19.65612459164772,19.70013009335797,19.95192332095,19.612825825119604,19.18485695542399,2.7068923768260977,6.080690302287673,20.641085305495412,20.569733582825823,19.964764900130923
OSM_NODE_5077157348,9.782857300691022,9.148793274987321,8.761488125112027,4.22841718959826,1.6466207534377268,7.695228701874298,7.842333051433296,9.430997861928137,2.811306707759232,12.137542713223507,21.243577582239304,9.353514938739261,8.830193741444866,10.118216867882046,13.781325127715347,10.181883351767636,16.28637086363633,3.479164879949564,10.860838779968493,5.440606598156827,10.035685353393118,0.04042848653134217,12.423353616809015,12.420931336831913,12.479337317159784,12.737480383010041,9.859568451914802,8.891339579128166,7.950841469348881,3.7001453080772837,4.317325555048697,12.035370439285364,9.381679999892642,8.83784086006512,4.339908417114128,1.9798462763275781,1.6197270446493408,0.0,2.0643832159445483,3.594362673426039,4.768957335435022,4.732615463898428,2.1667374052828636,0.6492237319262883,3.293191891199187,10.39964976331398,14.387283625792763,4.1385697971739885,4.075542280896825,14.0517102510157,14.270083984997761,14.904638317424093,1.0912884876582083,5.358491584929362,7.999880283335277,4.039128199033197,4.821222278823381,2.7203763810827377,5.80491842173717,2.682043897410696,4.298813342473895,4.13425166774992,4.462607239648676,4.269223156446822,3.926967771817322,4.06640357145901,4.1378041438750675,4.655528448717342,2.974210807667485,8.477096570025363,8.122986310759458,7.563431376942284,7.676740082711759,8.217161154340912,9.196123576666936,3.8402627627808785,7.462650115516067,14.843231872866571,1.8012241813716758,4.36882668680654,4.133936181151,4.390711081282004,11.637274539464139,11.314672885833206,11.630166036202072,10.864597273606892,10.25859788372705,10.97360592991774,9.048788386110273,8.684110275662372,8.797700100815286,9.38306747159493,10.3152329744369,10.328935984825858,9.614391765085465,9.449815339103669,11.390737065547535,11.102177433731482,11.131491664746475,12.73391795663325,13.047341873003582,12.760145606054925,12.175979632375583,12.37194070206024,11.874126995268286,11.336224675300357,19.654196845085117,19.636731026554127,21.14098694000264,20.929622687488376,20.504852336042784,21.41683584790985,22.07315721724377,21.288109449215668,21.216252708078414,21.447762123177956,10.121306665463393,22.637356905559535,21.42221491638364,21.966221742259414,22.643838006028624,22.067132181377794,23.023460462002387,22.385740298314182,22.024787875692926,7.468287247535384,4.284371645882018,7.098442765084117,7.255061042277259,0.756007700905913,4.500322167785274,1.1649097218171949,4.652568630229191,11.327413949885376,11.366935569618908,11.291041926481734,11.37421239175139,5.925831300727752,2.3553175762523564,7.777780631229713,21.752305153067663,21.663756657836164,9.896774350133645,29.6147736080595,21.714956685294926,22.03292226814319,21.36830802082485,7.966043961472044,17.701085585634733,5.230516077239409,4.538166999650486,4.491065908513405,7.775271211485779,22.34218178735314,22.210698681556924,11.144467920825376,10.857091793906543,10.861176027299772,10.10889828815685,10.206445210539759,11.521615011771608,10.042640329992137,11.6200490582206,11.582064316504535,11.60041051743124,10.38118012046054,10.300027114364987,11.925825286892179,9.712052001744059,3.0641227383471086,11.409413803409736,14.839237910912493,23.49001751167731,21.599772730966297,17.059617700925568,6.5992783872441105,1.5731948908404056,1.8528734751254157,11.836590887593186,13.362678905282808,6.756880481375861,21.476867629267705,21.10564452863473,21.945814706724146,21.650053222921308,21.16216213242097,21.488217655387484,9.74610532058761,4.408819751063152,8.12679736248236,3.877205204207843,8.351048561601132,9.86839799253821,10.377067405829697,10.702908029942256,11.186970912097777,11.264839378105957,21.45225050020536,21.12398769120591,21.0856205189018,21.611885974635253,21.460622002552277,21.520164533174054,20.601689544128114,20.1540767682561,20.29221396768057,20.830157578525785,20.879286037526978,21.131940654589656,20.809817789944553,20.38107838551305,4.208189884362762,6.316285618530285,21.930074613568998,21.929152477517672,21.192753868939896
OSM_NODE_5077162954,7.732386904890122,7.085709422914715,7.1481289199457,3.043195162187531,1.4915128446684156,7.048296983613043,7.162685444480922,7.471295284120327,0.761539384268362,10.497073373882916,19.457900536112366,7.888536412768829,7.050907987615305,8.462762865737982,15.630677356677863,8.486781561899193,15.5982864879252,3.52947741700884,9.257225837485278,5.284905021704726,8.333860519443082,2.101583145247363,10.397261203469002,10.773960294425187,10.804392498383779,11.096683286979344,8.428097332623896,7.539214410575155,6.435223025191823,2.32870328858063,2.641162666906428,10.325249127559808,7.611126235586674,7.206938016254008,2.6642015325924664,0.9386118930133492,2.067525724307369,2.0643832159445483,0.0,2.8926997309163736,4.205673061430178,2.9214893538384517,2.670166965157962,1.9872219588850577,1.7736859022952114,8.477916109535364,12.447957721869573,3.115712860850104,3.011143333699238,12.05878928701588,12.277584279214688,12.919967901094395,1.4479028107427656,7.161377475785017,6.398065308592008,2.3419117266793315,2.965433401217265,1.8426374050419914,3.859105647326437,2.726237353549639,2.3874347046328532,2.4059657091811837,2.8214402838198254,2.579203082734557,2.2638354268394405,2.3797572307700037,3.0626323356618017,2.882740950345554,2.274249787974793,6.881082378482829,6.549988899689227,6.065899596903383,6.161471878102425,6.6332574788875585,7.5406823927112425,2.1598924984511463,6.736074335079478,16.707647709953697,0.33084704961412686,2.683189054979057,2.423363361210463,2.419693740771567,10.344534375166273,9.927059359807169,10.169083521696312,9.596419051607716,8.831040743226023,9.522170076759043,7.697895113710196,7.382821809803696,7.465905068746109,7.992216955905348,8.817197861110628,8.807521858825009,8.201931000281258,8.015464678836189,9.914945187554213,9.609831191801273,9.599023780695449,11.281095473707927,11.399139537544642,11.064343314712326,10.631653206813676,10.870229972553956,10.34365572875291,9.858802649241703,17.883403526565846,17.82720725273762,19.348957661661256,19.13913799765464,18.676193912400507,19.64944182512947,20.311992304465257,19.5284292726215,19.354312846652192,19.59532029261982,8.361504208177394,20.79694936843327,19.729704764258845,20.111768074273737,20.90452540071938,20.36144444305917,21.213471641015545,20.59392914336164,20.210013929194215,5.72589541029129,2.387306777488047,5.334546532212693,5.464539268157181,1.3513425017495688,3.7507702243948553,1.1015906663774737,2.866139039867141,9.447690132052696,9.493109028477702,9.406128026713397,9.489224927902104,5.312128220227681,3.1527046412954656,7.1080122879727226,19.951335122644526,19.833703328932195,7.883578329076445,29.045468330921295,19.87083124225388,20.224845822322408,19.53537832595085,6.266524527429878,15.821860763220705,3.3277840161150762,2.5981031808981627,2.55396201906464,7.1709209637519615,20.565774070705764,20.44809326726769,9.760543636403876,9.565641654507795,9.353274869019804,8.634068874121844,8.770344268477826,10.07140876786795,8.581199126359342,10.236541697814367,10.301278585772017,10.289022594268577,8.876274477561688,8.87460049958072,10.475886308461742,8.261635912354988,0.9997873020806447,9.517906700059838,13.167066693182665,21.652194790632997,19.959124328988736,15.29450446190009,5.557369635241282,1.6963901333802724,2.179009531801386,9.900546036663387,11.417829121779574,6.634235048134278,19.709416687534404,19.344016562215174,20.180632516253244,19.94384533585996,19.49221940269206,19.820842054558224,8.243501094105293,2.444919909821417,6.882678580613838,2.2772152588910077,6.696374452657044,8.455716062445088,8.913390452741325,9.152398783573345,9.606160153407599,9.700317761101605,19.636864079335695,19.310681221704765,19.27640194433712,19.95519936950107,19.840042951055615,19.837830884249943,18.741616967225088,18.294669218383866,18.444860085069106,18.979841929616736,19.033162572889054,19.285962155005844,18.979337002680282,18.55098679847911,3.2717350453640366,8.031814460148512,20.189685780283266,20.27848139764149,19.390065726185327
OSM_NODE_5077230548,8.538740135073022,7.696242924435672,5.502194125562747,5.830041579339826,4.187647108031947,4.216293490842476,4.345828728248145,6.9248495128820675,2.8003139637595567,8.824254460820317,18.046166675532998,5.9164650044412195,5.846013410649435,6.868807152009557,14.730178854401581,6.988330544610473,12.818821308445443,1.2723747957660465,7.527737100034713,2.4568751110845786,6.857347922001257,3.6293275497575603,10.121391369590224,9.110985468139331,9.20410896005937,9.415313393945853,6.386895081930033,5.382995509105147,4.607479932487195,1.1877832225407485,1.968234256082248,8.817927966740776,6.351136088778089,5.5993067007438535,1.9766434989783046,2.0344637668930177,2.0539783304932047,3.594362673426039,2.8926997309163736,0.0,1.315099204616139,2.5193833318219028,1.8594806411110771,2.995077650553358,4.522694737607486,7.702733987594922,11.626371631443705,0.7065096574622844,0.7246173625365422,11.511859705197097,11.723047047657518,12.307564644172972,3.8537191031879363,6.570446906766052,4.761227106894489,1.9206033501599025,2.702599969378574,1.0585680485903357,5.646683341232556,5.514131102966998,2.6133163568426423,2.025267196606323,1.9525125646113104,1.9815974216811951,1.8133930382472763,1.9035205922630394,0.774404636677169,2.371747250288357,0.657405060305047,5.207089647429733,4.839781480217445,4.218670091536134,4.34615442141266,4.943396686931024,5.97794322015974,1.8359668619566207,3.938456757135798,15.829379070587422,3.09795752221218,2.0125635710781684,1.9818576790852924,2.8862501696849905,8.075463871029779,7.796821808810369,8.155013125371006,7.298651198428175,6.777103508386467,7.499248466781938,5.5371083323136725,5.151362190438908,5.279231846610375,5.890503323656659,6.887221182039798,6.921554980233955,6.132421845082896,5.98650375523782,7.9290100383987,7.65706549199963,7.720414251160959,9.242976883692023,9.729658070172858,9.508708685405214,8.761097254996915,8.919053829233425,8.450743952146153,7.876392306215594,16.44243765878286,16.490846266450017,17.954736517105083,17.74201582904898,17.388767930839997,18.189368310023458,18.832894940773492,18.049587764752054,18.163928937368595,18.373462689681556,7.039347642190625,19.531236812130356,18.09287016404451,18.89289886507637,19.369470668929242,18.75110216034894,19.8581276114721,19.192372344600958,18.873289082965712,7.792765777810049,2.5584817086917804,7.392188147091003,7.460813027607475,3.3990998347853703,0.9193145189222682,2.6489658647533862,5.171867935261992,8.46930895458488,8.49187157081395,8.448256677531317,8.528786451219853,8.185225138336863,2.2317116453494967,4.286248143196443,18.57784740023502,18.54295027444209,8.985963134796636,26.23086387594602,18.621730935873526,18.869362195133693,18.25489742516494,8.371149171723951,17.226486804913907,3.116985154293074,2.8354770491224177,2.799502294234783,4.323782881409196,19.124054970854115,18.971937091957688,7.6261220516055745,7.299123125873151,7.432555775933679,6.665120122767249,6.731661814649013,8.040091842711414,6.5893471744396415,8.097458963270386,8.016575652483743,8.04548216473672,6.957965426767575,6.816500497290769,8.440041340382233,6.256064382320435,3.048884257066162,8.580871631523046,11.52935824736931,20.374261983585715,18.212762232540314,13.858948787945758,3.0096067518111265,2.0211678819853387,1.8482500261907107,9.131365262367494,10.643875613855085,3.778277778205928,18.249170903262264,17.871034166817704,18.712246654206822,18.336462375237648,17.807877352719434,18.12975227379781,6.333307350529213,2.864909009110158,9.463433736437404,1.663874690771518,5.170420386429293,6.382540141963074,6.920046234100804,7.316307707088938,7.822505911224778,7.882285753352916,18.305159927336685,17.97508299430449,17.92956750869795,18.241389906668104,18.05458503174087,18.17843521317021,17.549589318131133,17.10385186619516,17.2151974380163,17.75551722041384,17.795576372070645,18.046236721694036,17.69522189019223,17.26863011156778,0.6709126956022525,7.142844107083955,18.660408359768084,18.55116481494576,18.024493069702327
OSM_NODE_5077299107,9.110422441599772,8.22029219613872,5.04404362679671,7.1082503391974905,5.492311859598891,2.938163569295189,3.0788336351400436,6.975829578023532,4.065375341466895,8.205372205762208,17.442292645814575,5.224119613844566,5.623417431278269,6.363092788111126,14.583930674117655,6.532392822858682,11.546300892660783,1.563302516963453,6.91596885973048,1.3292281402704746,6.420194360988855,4.800668680126964,10.177306764005806,8.490331034857576,8.615764200957432,8.777312900309273,5.627924913764139,4.594257937799525,4.105473025612855,2.2249226396237476,2.7707913799019446,8.290815462546583,6.064192794177368,5.157960955520556,2.7689228494141345,3.3464543364032084,3.1595586112769416,4.768957335435022,4.205673061430178,1.315099204616139,0.0,3.235499838797186,2.760149135605881,4.137077499355361,5.802859001696959,7.601685540516942,11.386880971510791,1.3125053770314887,1.4300527859033125,11.40747379875445,11.610799177775863,12.156739038302455,5.136459334188802,6.797008840879066,4.371324893977546,2.849525702952572,3.4228095876055145,2.373357129285883,6.668972376024482,6.821698504894862,3.535531230376879,2.9259890894152987,2.670041812889686,2.811465498961101,2.7792711246943957,2.818177840169517,1.4153432365110248,3.0891745754601554,1.9602621054736094,4.753723394080297,4.394621754831355,3.7444295208744585,3.8798863554164407,4.50211736210504,5.538694640337205,2.839289371783747,2.6936927974883953,15.681701833766043,4.4129051084916195,2.7968859727993536,2.8765326641880824,3.8186836296891866,7.124882988945264,6.937179029378383,7.356592124900029,6.346351649289061,5.995022309571971,6.7130861006022755,4.737045707941791,4.32157982562943,4.474626378910303,5.113538202134726,6.178621901612371,6.238715567740659,5.365861345334023,5.253342236239284,7.153140373323299,6.9087191989370735,7.014421768319542,8.407455731857095,9.09129882781998,8.937388193468994,8.031837401300848,8.139950253709051,7.716114799571002,7.10404829417303,15.835769457990754,15.935455612927194,17.36004502779949,17.147352376803138,16.850329904964582,17.560885406076743,18.19116749980106,17.412791019624887,17.66703575620445,17.859860642427332,6.680503234900602,18.989020840471305,17.378003078308737,18.377278676211862,18.69739238804939,18.04553152053116,19.270709027172508,18.58633621977567,18.300688000388227,8.83698580028535,3.4775909169779706,8.441651215741595,8.489392502959504,4.661605728309447,0.5520651774483368,3.918642280725637,6.345929532907606,8.234293675825167,8.244296879657155,8.224517968539315,8.300854617573242,9.485419288347316,2.940075876262851,3.015838465166919,17.98921378837923,17.99478970286472,9.660341333938218,24.937316670316612,18.093256850090633,18.287669139029486,17.71365374208442,9.4173453085452,17.90914061579659,3.7558627266880547,3.7062827728006003,3.6815268976478324,3.0329826940771776,18.498868412450108,18.330835673857813,6.768150507556942,6.366678618278188,6.710459692456026,5.94087537202604,5.960887151812264,7.234234145368981,5.853682039541994,7.225482038427686,7.057520405959829,7.11110406752382,6.2538854890653734,6.030389474119512,7.622055602500212,5.525686117845285,4.289872682429161,8.363061659543112,10.875864065123576,19.821358002577725,17.443044128583644,13.279435456138582,2.082945836034063,3.2197167187993037,2.930436276214458,8.97957132755881,10.448598846668265,2.540779538543461,17.620224242813315,17.23827335429664,18.076469255249386,17.63469843671916,17.071181418605647,17.387854259540934,5.660344088933653,3.7877259140428063,10.656447050741514,2.6383924745066336,4.812870303234142,5.603066951441474,6.170911009774382,6.649009518429717,7.169189419557989,7.207018967485553,17.738651445958585,17.408906256332962,17.35821760390802,17.487628953011235,17.266332169886127,17.45192759722375,17.05641486241126,16.614751214054916,16.706284957518346,17.245106340261238,17.27842442294363,17.526245698439777,17.156139900505675,16.73357829856384,1.103777847809459,7.190552883852069,17.99513282203787,17.789057816728832,17.44334107292191
OSM_NODE_5077343888,6.019621473594862,5.179359429734619,4.255903917392642,4.794252395607075,4.37950465550127,5.2680878554755575,5.322845452028844,4.745220043120741,2.248007344706811,7.5827916524037775,16.553073631139767,5.077604061602363,4.1352342829510595,5.549231501217038,17.20072001112371,5.566523673048388,13.37443202031473,3.787897299348567,6.356381279568383,4.563295108600842,5.413130877531281,4.773033180042725,7.851821850977376,7.858027572560441,7.884469232978135,8.18149837071773,5.632525188183158,4.833907617921115,3.618245940766261,1.3990207219297186,0.5593697585749303,7.4037662324321065,4.694224371083342,4.30669942376114,0.5473996037802518,2.764636624673341,3.7676863133197225,4.732615463898428,2.9214893538384517,2.5193833318219028,3.235499838797186,0.0,3.963037341233253,4.36457538416319,3.653579778303072,5.676688969213244,9.66677273942311,2.000440111201271,1.9059888050146985,9.387665561032367,9.604507609618308,10.225070012734928,4.362036229924828,8.911105810613634,3.520704506113784,0.7361863794937179,0.18890500733899535,2.388612854162098,3.553000806309812,5.465870755375309,0.6248805355981193,0.6239566454122693,0.5798562786916776,0.5644267229451406,0.8647129009838976,0.7242689614097301,1.8921647857675612,0.14999550495208255,2.518154329670772,4.000355647413441,3.687969602818288,3.277224248346537,3.353308507722079,3.762950600790838,4.630168761020659,0.9250441499830028,4.882089236365809,18.298492028512186,3.25197455112697,0.5104282135392875,0.6413681683584578,0.810712295939371,7.6262577139525645,7.141249009726697,7.331782352057156,6.913069783386034,6.031706810672213,6.697247344983711,4.988514185344978,4.734397806070508,4.783085478642172,5.238547964646576,5.970632324515443,5.94733958280986,5.425538388482634,5.225502743573294,7.071079437972588,6.758963269614601,6.726706906963752,8.44015685615702,8.482296637904048,8.142979105446058,7.748197837056149,8.005512989740406,7.467846509245767,7.014462895189814,14.973470377240531,14.931185005694266,16.446346094318468,16.235901553877,15.789826646054978,16.739091453482924,17.400194159460902,16.61607133917884,16.489029019628553,16.723477164176824,5.443359051929669,17.91778572257302,16.808432511901806,17.241385951965135,17.98823172313159,17.440925005726324,18.31865397859844,17.69158746739057,17.3171176758719,5.708415413152884,0.5942835005406181,5.324981781350528,5.34702737482478,4.1583406100264435,2.6968690405583837,3.568402865799441,3.5816915507837384,6.594857331361733,6.634743609774073,6.558441511187577,6.641608681359144,7.241484234271493,4.460051480726391,5.288408806406424,17.052349442664728,16.948413864306403,6.486740064958588,26.82718736520628,16.993710734694478,17.328926882345392,16.65159286279025,6.284598053148425,14.737702712771235,0.6073315521017524,0.6011873147903981,0.6065305995026656,5.436001410424637,17.658257005620346,17.536690116106218,6.979672030646685,6.862497614751077,6.495789048754158,5.804497798273358,5.96573096536943,7.241661964275414,5.761454685903805,7.449806849644202,7.593638122836066,7.55645654964619,6.024958668380378,6.0761514885993515,7.642701059235565,5.454819501337511,2.219773106092344,6.67710593031308,10.246406525225158,18.771697711341712,17.039472330487403,12.38210710142993,3.4149062959263783,3.491546067748313,3.6765033033241052,7.1182208424663775,8.646957126038567,5.669223844922999,16.799097668332674,16.432088506252356,17.269829759440455,17.023320518326027,16.57086135901564,16.89953965952879,5.400924392263558,0.767697068459632,7.788080590731066,0.9746331360022653,3.7905720522298325,5.674101793620276,6.0876242078610225,6.274248409815151,6.7122882056255495,6.812634880225115,16.744095642816443,16.416848702112446,16.380712901967183,17.0343498995079,16.922741138659575,16.916352165688224,15.874863302813612,15.427343093222571,15.569416412944317,16.10645160364495,16.15708694929897,16.40985758811266,16.094045674183945,15.665357757675597,2.1950488149735197,9.570976556653283,17.273442035140178,17.357969189081942,16.491619597998355
OSM_NODE_5077616006,9.801267667600191,9.028598381220394,7.359957645715318,5.650021271578191,3.374541819496874,5.6168797228744625,5.773315869604394,8.627825719389289,3.062786458672269,10.682700970193027,19.90555371635976,7.763673314986757,7.665618740364297,8.727372650982115,13.330744608164288,8.843531349517809,14.166736494396076,1.3264092970137003,9.385863025402902,3.2806917209911806,8.710991735398066,2.1902073647742593,11.788579524346016,10.969463967329993,11.063532934553791,11.272972940274798,8.222611534143784,7.207639110333314,6.466922856947549,2.592365299233068,3.419548105253979,10.67627465614796,8.182489353796653,7.4558496348965715,3.4365126935560544,1.808773606709046,0.6578611019717313,2.1667374052828636,2.670166965157962,1.8594806411110771,2.760149135605881,3.963037341233253,0.0,1.5198993058394137,4.42949060805617,9.466849395157686,13.42273788632319,2.5507175707795207,2.540490405738408,13.254417408251136,13.468297998158334,14.067612564418816,2.873183315507496,4.957134446988601,6.615977343829808,3.2379445058810536,4.117389935650703,1.5846737605499555,6.335413435071968,4.650424343682572,3.798158901142164,3.354398201378333,3.485152763117681,3.4019398952518958,3.1083797300768246,3.243201770449868,2.598695116430119,3.8355865184088542,1.4870135842728416,7.065072623618872,6.697983800034862,6.078150037401522,6.205544192588137,6.801223475912485,7.833556381600151,3.0702939495359707,5.419542742630657,14.423505427744535,2.673477226759319,3.473273578694786,3.328148210822328,4.01122549692605,9.84513252665159,9.606520464882387,9.984884959661487,9.065852792811183,8.608285781131336,9.331084493164811,7.35925599863869,6.962586983587137,7.098899295013269,7.7202816843007,8.734055704032327,8.77231951155637,7.9655916221730365,7.8265952935696665,9.76426110673513,9.497992680436326,9.569100455994604,11.063563000027838,11.587437333182487,11.368144827265674,10.607348608596311,10.755116207390941,10.295619709507616,9.71239147138909,18.301897653788703,18.348417896771757,19.81394156465362,19.601232484120626,19.244845497917048,20.048764025593446,20.69202891773772,19.908814040158887,20.015140090552674,20.226722236421203,8.881690312179243,21.387198143452146,19.946225921575035,20.746247727405184,21.22718920584524,20.6057094331859,21.716971415592337,21.051756284147988,20.731537012900535,8.333908944991924,3.757372815402077,7.9360204023900565,8.049009632036476,2.3413058360881753,2.6307067556303223,1.7675223814791967,5.498588863645477,10.275991550313412,10.302217617196426,10.25154844871885,10.33299602176103,7.732439493855906,0.528609937059354,5.706232900620644,20.436829878918914,20.399604630807747,10.116623918569,27.461511564415137,20.476564728962444,20.728051449207474,20.111028015111575,8.888829488475508,18.24789698884875,4.562457988781773,4.056729433936527,4.010903994532103,5.681349001769492,20.98350857289658,20.83109651955671,9.436057669497945,9.076534528428834,9.278109275958938,8.508740315057914,8.565537368354121,9.867687335435361,8.430591650098965,9.903138769442998,9.781528155642944,9.823488827881315,8.805669636844204,8.646744487919733,10.264826848602723,8.09748943056437,3.379777263205213,10.381616888121643,13.386836611491095,22.230988625813765,20.056983148440615,15.718072354307152,4.76240580694288,0.9871003549828798,0.49262021187583543,10.905805127596796,12.427765362878231,4.590235504207389,20.108561633168915,19.730343735436115,20.571527995152152,20.191416630392993,19.658037778650336,19.979150270675873,8.184290306982215,4.007781094800371,9.538780742421242,2.9887790546455095,7.02005768458138,8.213283670567124,8.75930087517779,9.169611461158295,9.67784795831449,9.735371740126615,20.163134954955282,19.833083952970814,19.787861897680116,20.088742816301213,19.894631038424734,20.030230619876896,19.40052171079732,18.95439963737282,19.068267937752342,19.60858783390307,19.649415747641655,19.900319251800983,19.551285361482208,19.124433906592454,2.529625160560194,5.674450352647902,20.518481206563827,20.397018896927698,19.883238223286067
OSM_NODE_5077627038,9.691447174479642,9.012588977557751,8.274183884662643,4.555897022874435,2.0482866184356805,7.056445638909337,7.205244596138498,9.10230694853307,2.666611696187591,11.64612927961723,20.7929833636905,8.822493810970716,8.402815426526073,9.638194082257181,13.657355587037983,9.715306766488084,15.642240800388914,2.8299424601207774,10.361688564585775,4.79142111180242,9.572118234880023,0.6754852391664529,12.15282937191863,11.930897711109358,11.998511486117165,12.244681079230155,9.318564555594952,8.337020823611955,7.440200908821787,3.223320897992417,3.907309166550918,11.568216951964173,8.947821326819552,8.355657995800847,3.929067117939426,1.6125257232233317,0.9787350045528712,0.6492237319262883,1.9872219588850577,2.995077650553358,4.137077499355361,4.36457538416319,1.5198993058394137,0.0,3.4917351473716534,10.040060210679608,14.029954683986615,3.573693758660854,3.5196327112815724,13.739865612211936,13.957459797724763,14.583492182940487,1.4941894599985468,5.191917407550956,7.513559370049365,3.645541261180297,4.472187976006278,2.1932022889197076,5.8396019692595456,3.223182781788848,3.9916459495506302,3.748821916397824,4.036555241478948,3.865530287036526,3.5255861836811375,3.6681091499385476,3.5821966416723043,4.272909550490807,2.3977968585467346,7.986065124549829,7.627261097726446,7.050666691163175,7.16785884050297,7.724056080529656,8.720135551464583,3.448217075507991,6.829843770057437,14.730990916581097,1.8062149659950109,3.9606293488616275,3.7419490202952526,4.119672782799591,11.062515083891272,10.759361467791734,11.090501250700138,10.287344619349195,9.715263495800434,10.433507052137303,8.49351743680476,8.12058339986521,8.239659481854144,8.834846114484291,9.788673997969981,9.80838897360829,9.070013518648215,8.911098805223398,10.855260079980274,10.571624350774345,10.61124219528075,12.18968488848291,12.556227069746642,12.28594702654012,11.656049387948254,11.840373947243917,11.351249278621834,10.80129843085853,19.198626491360226,19.19829437375717,20.69327250936916,20.48139989177756,20.07474577512571,20.95829867150983,21.611532030300506,20.82648662806628,20.802678027282166,21.028935000737057,9.679780715484378,22.21142521280533,20.934974485146196,21.54805516366759,22.173042866487886,21.584108423704237,22.582489338355522,21.936964943915424,21.586776748777392,7.629781066721358,3.9696218980659927,7.247812325835001,7.391161674644183,0.9935602212269729,3.88933553181236,0.9028687184327124,4.775594467043511,10.939156990594576,10.9752479519642,10.905863071698805,10.988825647488211,6.4157331374309665,1.7433239236043363,7.14021148317688,21.308116283399087,21.2333783360196,9.867007861159813,28.965971581305432,21.29160376484892,21.591776995666454,20.93958374950188,8.149867715530887,17.793391249689993,4.898820194039611,4.242534702317364,4.194607962561868,7.133951263430897,21.886739280424997,21.74956407798118,10.58883776206518,10.284047638422958,10.335315776306583,9.57727982215058,9.665251523249202,10.979677453980386,9.508009392693392,11.063082217135591,11.005278197204644,11.029179863987258,9.856146364395402,9.756066811902926,11.382784296675247,9.176045286342163,2.9556017006957394,11.027727640352824,14.352594380304728,23.062197546015906,21.09505635772921,16.604557046273747,6.004684260025515,0.9918423917187769,1.210578931543237,11.482376237873236,13.01130130784261,6.109135020631009,21.01830635012071,20.64497044172656,21.485944849153586,21.167534269853295,20.66735673690293,20.992293471550884,9.222864723467822,4.1322110571264234,8.479305715967284,3.4570806727216414,7.879399977804799,9.32309801086742,9.841788519083849,10.188930637529658,10.680025601196306,10.752995808114381,21.01497204565928,20.685995977550025,20.64575232145161,21.112328482345617,20.94976981239691,21.0292981669835,20.187618900383786,19.740042278071854,19.87170386155197,20.4107209665726,20.457633253421513,20.710003847968416,20.380343662329196,19.951784022473205,3.6275825137423516,6.09412427905992,21.4602236177064,21.42739894317309,20.749792425117718
OSM_NODE_5077629512,6.856600081980638,6.377267531516241,7.811666148892814,1.3073484652088396,1.7893769415527028,8.509277344198646,8.60434249783263,7.455629543477255,1.741711894723498,11.023076588321114,19.64961769344261,8.706051812682901,7.462513855216251,9.019740589486474,17.074505949499265,8.984038868787557,16.920538854828862,5.286829460044172,9.863415574569206,6.968359612099365,8.825621295444215,3.318417691779685,10.057043609784204,11.285001888712134,11.274019001946993,11.610191208075989,9.265253481229855,8.487362526867008,7.254128027499941,3.6856003552522876,3.6347839692776276,10.751092707579735,8.015186236522618,7.844042035934389,3.6539310016483286,2.7036869373872348,3.804758872106768,3.293191891199187,1.7736859022952114,4.522694737607486,5.802859001696959,3.653579778303072,4.42949060805617,3.4917351473716534,0.0,8.534841416639779,12.377018586004548,4.586981527953024,4.470665335009278,11.829022209008668,12.046326224817511,12.707414888795604,2.246255594425066,8.641419710835821,7.11169440101458,3.3711614183763383,3.6029684982977366,3.523224656344186,2.6897420906010536,2.136928139318207,3.028754585504454,3.3779074878198774,3.826293668272993,3.5668227966835633,3.354450472359556,3.4143376501406975,4.510515997796984,3.688274649455201,3.957891669318878,7.579301266330662,7.293334163204545,6.924677826444134,6.994703634513138,7.3586672007033656,8.12977950839038,3.254072083504273,8.165289804972344,18.13572009080784,1.7674688753550354,3.6560553423772135,3.416214058369399,2.8858500839316523,11.275449944027626,10.77211272184225,10.928865892979085,10.56633109517292,9.660806547045194,10.307706623719591,8.641735667136027,8.385169675880215,8.436431706538594,8.885969410564252,9.567928208683284,9.530706683963354,9.06639826654612,8.862473882595934,10.663598650220454,10.346455006782385,10.287814020707666,12.028227473219486,11.896474190905185,11.497328604752578,11.28265192152381,11.56842792377488,11.017839153241237,10.606868390635444,18.112025187334027,17.986981589635963,19.530068545879615,19.32437133199679,18.79373196230735,19.871753601410507,20.540872016638993,19.76462089642411,19.400876896770566,19.659913049213387,8.757859759005886,20.87870045458165,20.072142902605503,20.169208123806,21.166291579443204,20.679782056096897,21.351023809056883,20.76791442324853,20.34426241979947,4.175317732970916,3.0623548351782977,3.808074041264178,3.9695643883094966,2.5616209892653994,5.300589696871782,2.7358566343022357,1.4099596745908356,9.579048011869268,9.636473421985684,9.526780166672157,9.607642813083721,3.7125986854319515,4.89411912664121,8.55608932919422,20.112567829138396,19.94116422863923,6.816034742333459,30.385660726553837,19.950486762207877,20.37144033423599,19.639087820668465,4.675379263787658,14.42561530688226,3.7970154366235604,3.1125225582541325,3.087142417269619,8.649374214631333,20.767050752094907,20.673735972496377,10.61320175266548,10.514490189881267,10.077920599078885,9.416912942751017,9.592511189210606,10.845575837190742,9.38074239518082,11.079189042675358,11.24438918791958,11.203125613667702,9.617243533235555,9.705470089354247,11.24173953010796,9.083164837083698,1.5631941045878783,9.620615867183242,13.601489689096855,21.734544639715757,20.376179070398127,15.555636976795338,6.843850177274041,3.4450949448244144,3.9368750709247604,9.883100357917142,11.347418998746313,8.300630105484716,19.931255589028982,19.57809787274955,20.403470560855023,20.26391048909302,19.869948908562808,20.200241345694796,9.006116943471246,2.9271704764091115,5.111229116251923,3.4375831047284438,7.322756141163795,9.312200822839653,9.700964151296686,9.830263186696687,10.233603504458118,10.346491299164027,19.773407424615446,19.45316078788103,19.426696951072685,20.349328456287548,20.285898907500414,20.19494510235234,18.795976753894262,18.353432593267822,18.527172299665658,19.052609325900654,19.11402210703221,19.365498472729705,19.091335512954522,18.666610189504638,4.7726805090206135,9.57451829034041,20.45384120998662,20.679292763271217,19.551640928476687
OSM_NODE_5077671912,4.435903779327059,3.7734484132319452,2.9723480391665267,9.183419916759037,9.816126798309748,7.363744141147557,7.265359923039244,1.0989383441682141,7.730904462970637,3.4208682987981263,11.116950455713916,3.7281218294361107,2.023197386312934,2.4799742982106876,22.177334908726422,2.178965475094769,12.081934905960898,8.872319385485893,3.034271948463928,8.57748658650146,2.121312922872061,10.439978611791492,2.7160992931770616,3.568038801310365,3.4156390643958408,3.839345301852491,3.964026684843629,4.36584654306822,3.777120341924247,6.909332901183333,6.144395076710978,2.848697472406652,1.7537217203117301,2.846040628709718,6.123560603720589,8.440665163541563,9.38822706181341,10.39964976331398,8.477916109535364,7.702733987594922,7.601685540516942,5.676688969213244,9.466849395157686,10.040060210679608,8.534841416639779,0.0,3.9900881445882304,7.001214433892443,6.979208713572219,3.816897279000419,4.025217936027497,4.605175899142466,9.918235684890364,14.259711321156141,3.373917125372127,6.395897318184898,5.579101609102125,7.9756812041080964,6.5535404334426905,10.646148281456997,6.110955408724836,6.29139635035621,6.034713107931605,6.181333805407752,6.5179375331097775,6.374912013407323,6.9283305551514065,5.7675101345670265,7.981124689879109,3.174712239974452,3.441980653962575,4.028920959358494,3.903265199986278,3.3475858821337052,2.581444088389929,6.5924291368564125,7.0316279736837615,23.27361203948214,8.80334402772113,6.090195536568959,6.2993553620388,6.058283104545042,5.447685544624669,4.697751390564388,4.371952318682716,5.240050444681813,4.065159496045283,4.137366304483303,4.369876685986031,4.632810748109961,4.474433159685537,4.158329534275817,3.621641902678972,3.467681628651574,4.049681226936415,3.909703122038793,4.155237681653148,3.9149885985370707,3.6505713036162235,5.083110141971133,4.025813826773891,3.4867054125776606,4.117455530109269,4.5277464381831605,4.033593822308272,4.118778729806548,9.591183273283102,9.452219156345988,10.996188618296182,10.791043833146551,10.262962620503668,11.345437139463879,12.015504648743116,11.242932122629163,10.89750339153026,11.147657310177442,1.6473076896587815,12.360285343501186,11.613500972544676,11.660903323540257,12.651810357026704,12.199157543850196,12.818284920585347,12.233221782309895,11.811546307248843,7.633223963069002,6.120959823190585,7.469511596477099,7.321520429414441,9.78830941959776,7.294578887127806,9.238648220244805,7.619846722182874,1.0802130027063754,1.1510770318909138,1.0173588249520167,1.0928545851524882,11.240196149806385,9.90847897733084,7.291635133079984,11.577738471994582,11.413595549024505,5.382475908414411,24.758061256714004,11.432053678810256,11.837347644113917,11.112292599203005,7.9805795400337045,12.208389672797782,5.171852955728003,5.884467353862143,5.929930653293343,7.5410619849818525,12.235092754318408,12.14725449279735,4.645264036094782,5.098015165036417,3.7153154412119798,3.7316092826823417,3.9989910966247177,4.3893727962094635,3.8055938233698394,4.87235295729123,5.492235304812742,5.3144546770484355,3.591095899058733,4.088814664400919,4.604765134188264,3.830441795962276,7.579704325826997,1.0931894750194957,5.404898653934935,13.216603523362176,11.99149540927796,7.064497180612019,5.978821611757321,9.143309694046403,9.265553929607494,1.4441301393179444,2.973130077282358,8.970135085509789,11.404719532677564,11.056023729094646,11.876568200552507,11.786452359750072,11.445988145742128,11.77537274019428,3.507937643641785,6.033117450551663,10.284417554978203,6.597348058820145,2.941938863876399,4.080049059304322,3.8627608988175317,3.3657746144368534,3.3301609226793247,3.482040307001872,11.240133383536266,10.919135521412246,10.892119524402474,11.938782076788984,11.938554478907657,11.748507878794362,10.287801385798128,9.842536821273676,10.006280849403465,10.536090394993913,10.594297514925598,10.846542283600945,10.56198850174696,10.136140337049769,7.093542757803751,14.757521106543356,11.94209784782409,12.273313610807316,11.016799768467678
OSM_NODE_5077681129,6.822362135816674,6.626559452342978,6.396749290693367,12.8827970192203,13.753002230110184,10.558583355322458,10.422363979687503,4.97921049279982,11.695261287692428,4.258314926461962,7.5160558616186535,6.645901502810533,5.7913131805001825,5.237993222806773,25.851395194658426,4.990905613044401,12.712356801293138,12.7504105148247,5.088905485540395,12.218274806107628,5.066485739886825,14.427577315133599,2.787587535409055,4.110745801249835,3.8457290511594056,4.083652926325836,6.564087042004096,7.393295453529671,7.328046498348385,10.885805384410707,10.131456239368921,3.728300911418979,5.323536851304622,6.273757936446644,10.110420668168093,12.430599319688312,13.367753777070366,14.387283625792763,12.447957721869573,11.626371631443705,11.386880971510791,9.66677273942311,13.42273788632319,14.029954683986615,12.377018586004548,3.9900881445882304,0.0,10.92036859801729,10.908164665334327,1.1908381485991457,1.1425435589550994,1.087263762005406,13.881353501113948,18.14052754151487,7.019499334159885,10.385268568236716,9.568095328641485,11.953914103360663,10.138075112440777,14.50967241491219,10.09365648554805,10.281172811754036,10.017862006967933,10.169408878337407,10.506839478154616,10.363890975492602,10.854510037160336,9.757175682170674,11.941686458178046,6.672299041481853,7.015619835881623,7.6615188648069195,7.5263872548261554,6.909019303833609,5.906113588202931,10.582046600315032,10.300002635580888,26.939950860970423,12.77077817097495,10.077393668432734,10.288752842808957,10.02988907016228,6.950706462772981,6.354435277193253,5.779596278141783,7.198411189332811,6.418771324394324,6.02143723194309,7.324940264958834,7.708616041741065,7.525934798988034,6.9846140311420015,5.992011968310727,5.851366874090368,6.772345926869936,6.742544954552195,5.73522803207593,5.7115227267323805,5.432923112787244,5.707508525824027,3.95614771062963,3.5652494376671617,5.03042748258363,5.338771849333505,5.209533110891099,5.739261401089942,6.139126162990173,5.836139017821059,7.376784798430975,7.186090090937398,6.537223191137462,7.802817929617837,8.466428187606473,7.734790465422988,7.051763513051831,7.324546200723429,4.731796716209304,8.550981338017102,8.351627947289503,7.824317542485167,9.153723764507134,8.84711713391943,9.086146121724598,8.571752896354235,8.087974246839332,10.71447748718183,10.105314230022556,10.65687445726879,10.472634110445377,13.768076851521029,11.140397598700222,13.227351116043451,11.330275170970644,3.161897184323696,3.1459698097919033,3.179420467447456,3.099760176270071,14.722857100300933,13.849333850980482,10.4658226201553,7.9058647168312,7.651832655310736,7.632225779775785,24.01826345705964,7.627802635018545,8.134432606513814,7.348544200046877,10.916497467047328,11.81222721106418,9.157292004157462,9.862769124966112,9.908809576084098,10.710909458540646,8.624715427285066,8.587761982501736,6.4145526010425105,7.057216446412304,5.698741788297358,6.217471285131486,6.391180099348637,5.88108189739556,6.321171179868498,6.3295016598342695,7.035042053399246,6.827408576977093,5.922057214887126,6.414931440914073,5.804601216670215,6.534240924539904,11.529170802989075,3.0456961268291836,3.818488157508192,9.402014855684428,8.914085136128648,3.980354220428078,9.554994484472061,13.129061041288395,13.239337516823444,2.5507710964694725,1.0327441162304096,12.372754576083757,7.859152149715234,7.5499729609458575,8.318827964098354,8.457471780706406,8.291569543835157,8.604935697816149,6.250841097904296,10.006438524799128,13.263955774041671,10.584286417141247,6.5755563085499364,6.659413283744789,6.163555063372924,5.4994410868929835,5.083208800589521,5.162291366164972,7.530055361245383,7.226078755230323,7.214358302707958,8.79952476749335,8.949533170143244,8.518540055345317,6.457709102615233,6.02361624352834,6.223134946139042,6.7308537360002365,6.800886689159889,7.048148931211293,6.82070484733122,6.4094427885950696,10.99544261180636,18.577429915332022,8.472321080437217,9.132607951197942,7.357878292312126
OSM_NODE_5077810152,7.991055450014721,7.127991163934258,4.810989637365042,5.88189668599314,4.522119511278538,3.944626816617763,4.052788283007144,6.237221022657793,2.8472457663251105,8.147853430392544,17.359678462250322,5.265781309691139,5.139520657252181,6.179432727247921,15.374715445100405,6.292896371363398,12.484325553224268,1.9108532994833256,6.853072860336484,2.6267467492820433,6.160292611782322,4.175648881517352,9.43911153868815,8.434362254156614,8.521937150607444,8.7412817648186,5.751036498513315,4.763574097922909,3.927247614123096,0.9265197258433077,1.4914764574905095,8.12765197939593,5.6454887613574245,4.90578757751203,1.4930404293529922,2.379420028940601,2.6768242045310466,4.1385697971739885,3.115712860850104,0.7065096574622844,1.3125053770314887,2.000440111201271,2.5507175707795207,3.573693758660854,4.586981527953024,7.001214433892443,10.92036859801729,0.0,0.1197411461446235,10.812628879392872,11.02330094816415,11.605385817431685,4.2564232517083065,7.264163198296171,4.065350073909526,1.541608779427186,2.1891998331182037,1.4399923414326017,5.360611480081327,5.822576183255074,2.234722637552028,1.6235151155905814,1.4208969889721323,1.5244715332946823,1.4674074778903712,1.512014429921356,0.10881447414881597,1.8505855766573733,1.1775740014388147,4.516481508134175,4.149872928242352,3.5370989574724194,3.6623105827549787,4.252484719249114,5.283057784277873,1.526869592425782,3.6227306444959138,16.474295409469544,3.371133882661661,1.5244546864096198,1.5746152417421109,2.517783502903089,7.498779540997201,7.185673203611987,7.52261593383419,6.726670916548883,6.145794042407506,6.865740976774869,4.919920784224455,4.548093663260208,4.665983380405646,5.263197943244168,6.235461066095585,6.26353109176833,5.500333013914397,5.345943992558833,7.2908567682066705,7.0123510896981545,7.064829861005221,8.618653216232998,9.055162578348423,8.8234963693291,8.108064548369233,8.278681422759288,7.799892658086319,7.237434454145434,15.756990605942136,15.798563494959238,17.266987142819154,17.054337470526885,16.694263056404715,17.50652598140009,18.151941426973842,17.368128456169075,17.465179771629803,17.676177256293517,6.3361421222608225,18.83658034008219,17.425927649952172,18.195687758101077,18.69357072611364,18.081920677076027,19.16881137088597,18.505811945610017,18.18234187326443,7.527467287981914,2.1769566195406314,7.13139698264251,7.181656818823671,3.84737700478276,0.7625619274041727,3.1020468459634514,5.046561359957739,7.762939745420081,7.78539810535877,7.742038772475585,7.822518368541437,8.294960792712477,2.937255715812056,3.9998774305561087,17.88906649874167,17.84919480797531,8.483965939339907,25.92976784022263,17.925847313492206,18.179575488181467,17.560453766472595,8.107855020226413,16.73634469773411,2.5681963995269066,2.419682308247231,2.391554408923881,4.075616767659582,18.44036464802519,18.29083021066946,7.015145345338694,6.718522263972601,6.781914531517081,6.018339989908424,6.097275695172144,7.410354864477322,5.9459478269797,7.489431772906867,7.443918597035271,7.461972694890771,6.3047955430878995,6.186186033779069,7.812635664849486,5.613089978050747,3.041324079690659,7.87478734731591,10.855205924365162,19.680594915487223,17.558355175918376,13.17096406085587,2.498077311529909,2.582555230809113,2.488623467094595,8.427831091520858,9.938979184685328,3.8470338997554645,17.56637889364629,17.188995239072455,18.030369882005036,17.666696800203994,17.145852040237923,17.468739543950335,5.675690702472302,2.488637869204728,9.357935377632673,1.3259067448933306,4.470239511740224,5.752693724203662,6.278637472745135,6.653332844698178,7.155007710625597,7.219225145896253,17.613624624399993,17.28360735025445,17.23874802439328,17.58308627158015,17.405013018178586,17.513950590190152,16.850658201939666,16.40468071466067,16.517755650332138,17.058078730823176,17.09877080434129,17.349645464335037,17.000697933725338,16.573795568598296,0.209046282060096,7.8142821195457985,17.983558862046653,17.894702140461295,17.334898776054185
OSM_NODE_5077819618,7.907327255975537,7.048375671214874,4.8308939916794,5.764640282375687,4.426059491103768,4.055992242554822,4.162496223696327,6.201414833563546,2.7316892426464476,8.176771357481993,17.380917485370663,5.308823738097712,5.13360095042729,6.2001549471112805,15.430473916011682,6.308169227018973,12.587367072809055,1.9631113509729157,6.883427342718726,2.7411120127911652,6.173920053579302,4.113008105833541,9.399780991592321,8.463073124840175,8.547156874287007,8.771419328271875,5.799656834415983,4.818761715199018,3.9560850543062225,0.8068317146552048,1.3881341901379405,8.14704195758075,5.644835422331897,4.923555456463927,1.3906828120501307,2.29023857944742,2.6374055642060306,4.075542280896825,3.011143333699238,0.7246173625365422,1.4300527859033125,1.9059888050146985,2.540490405738408,3.5196327112815724,4.470665335009278,6.979208713572219,10.908164665334327,0.1197411461446235,0.0,10.787512013845726,10.998809403044639,11.5842443738742,4.169186258236595,7.294666699050808,4.081376117777584,1.4282015684785665,2.094361405504024,1.365197647135467,5.24594356104225,5.722501777167482,2.1234570480887647,1.5123365824056163,1.3261741684709252,1.4187155092031862,1.3514995396676301,1.3994666267136424,0.06256771896184657,1.755994607291992,1.1318001647783047,4.537099463997571,4.17137502716202,3.56551172022963,3.6889815090038875,4.273050022469969,5.299304536958077,1.4093353147242358,3.7311042332076165,16.529961109881768,3.2705855426798798,1.4229345225878118,1.4637238707511993,2.406278724194356,7.564482383532255,7.241881603221328,7.571598237373438,6.793928014393633,6.195832077135298,6.914605200767397,4.975690504369881,4.608569503880741,4.723268736257925,5.315260523724546,6.277429671125233,6.302694367406168,5.550512779823055,5.393058645296683,7.337810510611135,7.0568710893069415,7.104732070812345,8.67006558379057,9.084962996321133,8.846570455942855,8.148712339912585,8.324430569403926,7.841577459024371,7.284105432097294,15.779066789233777,15.815357382586617,17.28730920993415,17.074724078704232,16.70901789086053,17.530264898875348,18.17686489050095,17.392773718078544,17.475495256515266,17.688113816212827,6.341284562513523,18.85109377938917,17.458755370218103,18.207681235098335,18.72151337600203,18.113564334815283,19.18785049170651,18.526939894053136,18.200126585450874,7.4122419761253315,2.065798060383261,7.015872562786517,7.067101873385471,3.7675183917170263,0.8811109290596879,3.0248774060799692,4.926924848163925,7.753178271807407,7.7768591509600435,7.731182201455476,7.811976379854216,8.179512221778596,2.9424340024015145,4.110138518757779,17.908577996103105,17.86458191025062,8.392185815561474,26.03511652580048,17.93921508815147,18.198291789584196,17.575222541345198,7.992623066432411,16.643644128767498,2.4809607391919597,2.312294406127133,2.2833110858972394,4.1884050867184754,18.46348957657402,18.31564904592849,7.0714862983228395,6.783600089597426,6.824092464884285,6.062523696357649,6.146224713502361,7.460330458546593,5.991540820461543,7.546463433503357,7.510655999481238,7.525930032971694,6.346115929284656,6.23655598569942,7.863268441362703,5.659064889577555,2.9234668293141843,7.8631752097613195,10.88486208513576,19.69598443693894,17.59701069318302,13.191402685529722,2.5841701506404404,2.5277928082297967,2.455532679051729,8.40910548011814,9.923165754547563,3.965926865201474,17.590147596399195,17.213277655065745,18.05470973023799,17.698061554664793,17.181093759535834,17.504434394057757,5.715374566552968,2.377714739271367,9.238312586526657,1.2089976827077193,4.4808798064141415,5.803501399754661,6.324823325905191,6.689961134152647,7.1891585353800425,7.255579142636211,17.63095111578197,17.30100029538737,17.256683907050242,17.62001688589457,17.445721684245175,17.5479885197891,16.860787964062048,16.414546127137687,16.52957892330068,17.0698793244295,17.111239422562427,17.36232407740556,17.015419164683937,16.588246390087463,0.3263956903650749,7.858430779288753,18.010989072077294,17.932435257371573,17.35380887375766
OSM_NODE_5084499016,5.884680424106216,5.806442213584222,6.566311465955134,12.232502164180428,13.296559735831366,10.883875082811775,10.761255933375727,4.642923851243177,11.298520849391982,4.991418357326957,8.443489677897166,7.000579986519561,5.790317323444538,5.572795483781699,25.966158098394544,5.291734745651312,13.704107219301866,12.688811180419076,5.6024311304410315,12.338758309570778,5.3343485442278755,14.09160974511773,1.8579536986746554,4.896188138110757,4.628339937502511,4.9318745432861775,7.011210562955437,7.733329694913074,7.462359346616172,10.677457973877278,9.88603986248289,4.386247866923116,5.399031687527291,6.438565750463194,9.866290235822243,12.128599316795254,13.141801631040071,14.0517102510157,12.05878928701588,11.511859705197097,11.40747379875445,9.387665561032367,13.254417408251136,13.739865612211936,11.829022209008668,3.816897279000419,1.1908381485991457,10.812628879392872,10.787512013845726,0.0,0.21887083399385443,0.8803500451417563,13.469108655513056,18.07444394361284,7.103073824529137,10.12000400832796,9.270110419902013,11.736468588804422,9.460360084964092,13.965626909747133,9.757663334568349,10.01059773618225,9.791423843702226,9.917182901884214,10.245888032325942,10.10301123617087,10.737697788066805,9.49187139230869,11.7674167814077,6.818477933986213,7.1343142947075116,7.759887788701176,7.6280837200307,7.031558777974886,6.097417131885728,10.312314249558149,10.593181075621818,27.060593423708728,12.373731337237558,9.831467115958167,10.023740211579481,9.66260645125383,7.688367993966662,7.035604959335295,6.491763717469154,7.83730914514391,6.928544190498557,6.633743287909796,7.687362343572081,8.0391261070937,7.860869667581844,7.3785992684348765,6.478375469541271,6.327096322078295,7.19104068358633,7.126904098450531,6.405666992576559,6.329340519052782,6.038017548997158,6.580453186182871,4.858613398446436,4.395227511085785,5.808603478844751,6.156608227050487,5.941568535460473,6.400459113448938,7.151112305826513,6.783038771998183,8.296654482120077,8.116017337648332,7.407272397591474,8.754114662718223,9.407199770474586,8.701793783896004,7.815319447244347,8.106001465750602,4.9302775238392815,9.329578857766391,9.395876588043025,8.58631577554806,10.10973856046696,9.859559814205488,9.918743094957849,9.454035652607908,8.93727426871088,9.846498581885122,9.775767903105862,9.82135165542519,9.628767156734579,13.399103594709327,11.110201067362237,12.904891809800242,10.701859261176498,3.265286548149798,3.279909315636683,3.255413318877214,3.1901278695466013,13.952313044407097,13.70655629539863,10.798422599865651,8.78982216063594,8.479621021887478,6.6394381518750745,25.188589102121696,8.421890979262924,8.996651604817492,8.178990842281557,10.006372851360535,10.655548542152696,8.841045641957287,9.51441932712258,9.561742865693105,11.047413723529964,9.534190306444371,9.522461471831626,7.071687126519762,7.691503555346131,6.269932574353882,6.6827465934484565,6.889420681214035,6.579196099137796,6.782608992361228,7.055162230811088,7.766475735638012,7.558817033383951,6.415508613157887,6.9319143469009985,6.563896373057957,6.9501574991397215,11.10671545547052,3.1142851701207026,4.957668251204062,10.16740090043583,9.998515514262914,5.126706233958455,9.699623355844514,12.87810441805847,13.031163913441427,2.4372649683733143,1.1925471424640668,12.6203847878841,8.80844398899792,8.520154497894731,9.257249180513725,9.480948363955276,9.363966415541194,9.670686028293195,6.644163640734229,9.643479070914672,12.340091448062141,10.337153988162346,6.657991486025103,7.115927637132813,6.67651963711377,6.020918283302828,5.671717548890087,5.774211530396255,8.395351385262964,8.106369547448562,8.104084695021797,9.871055475281947,10.05141219378535,9.569902458642032,7.246261116058023,6.830584036389318,7.056775922446919,7.537300199300049,7.616197575199354,7.8554403715467425,7.67540481358818,7.2810592075760185,10.908453190916157,18.573323264996766,9.446497196595836,10.20110959954795,8.256524345756992
OSM_NODE_5084501351,6.074173570940054,6.010672364332586,6.754260134009695,12.445987921615481,13.515265419077341,11.059829124404052,10.935613054517269,4.85950787033776,11.517335896197636,5.099320047708114,8.267002155818021,7.169651249466404,5.991230321506222,5.741589085070341,26.165032350420336,5.463756151224589,13.759667726446,12.897537193221421,5.748046920544153,12.5349991404838,5.5101242761842695,14.309990211933686,2.061182507489099,4.99369575937632,4.725502673084918,5.016379631748242,7.16873701875431,7.905061137983479,7.654546365750596,10.892388140305792,10.102029986786826,4.505281573586397,5.593366476137078,6.626773916868128,10.082237060066866,12.346308908858209,13.357692052963444,14.270083984997761,12.277584279214688,11.723047047657518,11.610799177775863,9.604507609618308,13.468297998158334,13.957459797724763,12.046326224817511,4.025217936027497,1.1425435589550994,11.02330094816415,10.998809403044639,0.21887083399385443,0.0,0.6666983466931039,13.687979412436063,18.284250701045675,7.299137771170526,10.336609340828984,9.48739221102777,11.951897738934631,9.673027589800295,14.182850538558222,9.975757343563977,10.227326950845447,10.006787166004198,10.133382943327932,10.462396336725787,10.319493009507012,10.948795761538225,9.708363056043707,11.981284587194153,7.008892766026973,7.327499527770098,7.95538598669231,7.823189744597575,7.2243003831639205,6.282585781954943,10.529070398539911,10.772463928697507,27.25909286932432,12.592566289400153,10.047461795795027,10.240322175286357,9.881120637563804,7.800781811158007,7.157429548968327,6.6071179675766745,7.967487625224819,7.077341814664172,6.766495896743249,7.856420591925159,8.212288166539404,8.033332450421494,7.5434441274625,6.62969850599215,6.479604923813517,7.3525236712274,7.292587363379435,6.5282866373373345,6.460636045673518,6.170764613465479,6.662937526046716,4.930500880171744,4.481829175190893,5.909987722878999,6.250567781730292,6.052154270116798,6.5246603549576,6.992258492191487,6.611680688261255,8.119057443767584,7.940233931925618,7.223089822291797,8.581481208840735,9.232235863679616,8.53209738173528,7.618142747055672,7.910428090841082,5.112267330637639,9.132878586522772,9.242749563774982,8.38840463120263,9.93703291976408,9.698431080224102,9.727762496449149,9.269869925643485,8.748990552768596,10.0428038535869,9.993755788061845,10.021406711846867,9.827988107999223,13.617801148156422,11.316679242309924,13.12301958728956,10.916617315354625,3.4499625298378676,3.4616742204990723,3.4426300465016215,3.3755972538048127,14.157481351004003,13.919453638992145,10.973511128668724,8.606357047821051,8.288989268542064,6.818166330219553,25.160779280959034,8.227430530368007,8.810022361572718,7.988921627049506,10.196979067723463,10.670937491808454,9.058653910844853,9.732678316994896,9.779987843564578,11.222203264854427,9.35401691673768,9.346383445146644,7.19772979979243,7.822263605313733,6.408470558301443,6.837318734401672,7.0397878267373235,6.697253297551517,6.937865341234315,7.168959970069513,7.880165380684518,7.6722472018337085,6.5657276073206114,7.079685547780408,6.670484178258607,7.11163995338214,11.325586285432973,3.301338263603794,4.950500525438316,9.968932130218166,9.856605072244829,5.015029294876951,9.892654771726178,13.0946906034566,13.24646810511513,2.6351349280301726,1.325719292595656,12.805308865692759,8.635409578507872,8.35121436384374,9.081984358373909,9.32261533810505,9.218712116839077,9.523272530415749,6.8080011110645025,9.861942078264898,12.527775810601511,10.553281195554725,6.853647469430707,7.272363167823359,6.824443894889524,6.166355340530725,5.806245842187625,5.905266857189068,8.209591127705734,7.922940136409073,7.92202082560184,9.725218661321541,9.915415887432623,9.418539566812196,7.052223055580201,6.639072739767796,6.868199055358928,7.344968831585442,7.424817278278572,7.662912480378307,7.488870552537441,7.097233015029723,11.118088003315986,18.779677531666955,9.277625224568203,10.054181923729086,8.075651646695686
OSM_NODE_5084506336,6.720178945616585,6.673792147445613,7.242692314027963,13.112369410550782,14.16753737396631,11.494611207373667,11.364543905046322,5.48124267354648,12.16044244944244,5.323694012527493,7.654191916822224,7.5869168914406755,6.533487927761137,6.163463183242468,26.68631116332505,5.898394054927171,13.78404764600088,13.4687201845026,6.090411057338148,13.049146707360801,5.95789043517812,14.944631284907164,2.724936325810875,5.186139466071913,4.919786293747249,5.1676593231200725,7.545168174328495,8.329858701464026,8.157562201369627,11.499057974434294,10.716103177041802,4.77132662356712,6.110046833872928,7.116548203262943,10.696013010759945,12.973698654665185,13.970166443246862,14.904638317424093,12.919967901094395,12.307564644172972,12.156739038302455,10.225070012734928,14.067612564418816,14.583492182940487,12.707414888795604,4.605175899142466,1.087263762005406,11.605385817431685,11.5842443738742,0.8803500451417563,0.6666983466931039,0.0,14.334454412960243,18.859506633295826,7.818505494297198,10.955103857583568,10.111584138313574,12.56152392861665,10.33964587192786,14.844160682214579,10.607590000890793,10.846806961133261,10.616616795014425,10.748941555168019,11.080117823305711,10.93706004614083,11.533183027089455,10.32620895478241,12.580957420518525,7.506267989963314,7.835154420701739,8.471272324656637,8.337691556540616,7.730395157568394,6.7618020118291104,11.148669306733607,11.220258151330249,27.778532872496495,13.236316320325354,10.661586571804072,10.858669196675923,10.518302723947233,8.022803741350453,7.4131871591545595,6.844483553492006,8.247673447461812,7.4239540676265365,7.060321029750694,8.271638598319566,8.641572419082808,8.460480712012945,7.944431568585341,6.986840136404197,6.841482920518802,7.742198079982564,7.697343167129942,6.789851786266241,6.751184262518999,6.467740589955497,6.79441677864315,5.043309048731838,4.646030961996181,6.106750709221479,6.4212066469636735,6.277476660919235,6.791441339412183,6.421276295347576,6.012010082297651,7.504010584390206,7.329207958357349,6.5951661085379465,7.976731054935792,8.621968551688479,7.933874446905289,6.966461989996009,7.261221638832308,5.584375883385605,8.48155393653239,8.68224933597493,7.735386861608392,9.33115575901156,9.118613717641235,9.085797798854319,8.64074673081973,8.112246879919606,10.696875663817968,10.624437160524415,10.679993404732814,10.485644724119714,14.257669014258537,11.877557950817193,13.754670103540825,11.582193824077061,3.943037048937177,3.944589821309963,3.9446388485880157,3.87214112120394,14.82093217040455,14.512795660352587,11.405140994916792,7.978947824616215,7.648141809944719,7.447111612675506,24.924259173765872,7.579957624940133,8.176362612409003,7.349225768745164,10.843175616335866,10.906827854990192,9.685869308992258,10.36647529134503,10.413604913109612,11.652389438349813,8.732814439040595,8.733678955775,7.467242853648133,8.104930760834833,6.723411661232751,7.204759237200804,7.39193241160182,6.9429474338085795,7.307272461220827,7.398325131073632,8.106045986233374,7.8981349130571115,6.919379226109023,7.422775843304323,6.879039691412956,7.502132499761781,11.972353920773907,3.804110703248916,4.820585581383731,9.31479067497562,9.322777739931709,4.576654254749433,10.395752011995203,13.71235549140746,13.854923715905153,3.182829571101028,1.7325331061253861,13.272936405515278,8.029740233609138,7.754856741525425,8.471176861433456,8.74966435973767,8.67741913487146,8.97628967424841,7.207887023562947,10.498378812066141,13.169113078682484,11.168176516241857,7.372257094071491,7.644621248223539,7.169118071990002,6.505742442791672,6.1113440153580285,6.198273110867552,7.577901354077587,7.296018672695558,7.297854950529115,9.18185828560172,9.396314554349528,8.862084473140401,6.405923543888903,5.997479980777469,6.2319313685334885,6.701508890435833,6.783016755540537,7.018960203585298,6.8561121983648885,6.470129303012909,11.694721638874025,19.337271538345814,8.68059871864653,9.507782769095366,7.453809736032034
OSM_NODE_5084616457,8.922308056981029,8.343202372570314,8.563607331455653,3.137211058484059,0.5625705199778498,8.066438653458373,8.198630894115714,8.902473739002568,2.1874120113364026,11.923711637143448,20.90538971244583,9.264797917782037,8.495434024347432,9.889986614953507,14.844147522282295,9.921369147889692,16.67219147195489,4.078173814940211,10.674420767914272,6.0080761665111275,9.769395241281526,1.1089019835409284,11.782135476928552,12.202136352990076,12.237706028579687,12.523943463303008,9.79535267129898,8.87633246155663,7.821860501598619,3.6098275272685636,4.047697267991333,11.763783859168704,9.055205601250801,8.626659620322846,4.070908992989148,1.8796412011358798,2.2266682360799517,1.0912884876582083,1.4479028107427656,3.8537191031879363,5.136459334188802,4.362036229924828,2.873183315507496,1.4941894599985468,2.246255594425066,9.918235684890364,13.881353501113948,4.2564232517083065,4.169186258236595,13.469108655513056,13.687979412436063,14.334454412960243,0.0,6.441585890059228,7.808611772094697,3.750420893620741,4.411533975249957,2.831602863875063,4.84864416342554,1.7780499851834313,3.8353374518090386,3.8243011555242217,4.219703542903359,3.989001438662244,3.6602220530631455,3.7856471407481456,4.227708658747853,4.316193211427935,3.1964836131531906,8.291586712266524,7.953458637684955,7.445354673304956,7.546844856483326,8.039903059352142,8.966423458068045,3.55994493367043,7.792028475950449,15.900919993087784,1.1182271702016917,4.093061717865329,3.8369877000229473,3.8614232237453248,11.669316081077355,11.283858914827489,11.549665616533487,10.91010053253111,10.198163368868137,10.898493306064122,9.035225018669323,8.70059486433817,8.79535830327866,9.34460303503604,10.205894911739747,10.202864459003774,9.56228225530093,9.38239055645341,11.299427741231131,10.998560068957671,10.99894541258032,12.661116465919102,12.828082594483865,12.501230564554914,12.036321943395803,12.263785821495716,11.74426589585999,11.243658000509486,19.330130331292267,19.275106079781057,20.796630587940083,20.586762728712927,20.123846015005665,21.096115766680775,21.7583445127565,20.974622850578942,20.79996216393034,21.04172842624846,9.804981742516082,22.244033953344957,21.16914711650598,21.557984546062798,22.349300866569756,21.802666749510593,22.6613708530853,22.041632725894036,21.657890393163555,6.414598281677156,3.8349358012276995,6.052055505689808,6.215509405037877,0.5321762130912296,4.769711871656726,1.2223881526462839,3.6376161534861775,10.89351021321055,10.939423380396962,10.851450713470786,10.934507918129585,4.922703818459795,3.1967668164285277,8.138430250967264,21.39918885449717,21.281271459109274,8.973210138874114,30.07369786843799,21.317762818929697,21.672748200228114,20.982857221705057,6.901138194651295,16.67186801192717,4.775451415839221,4.044281271680219,4.000539131085431,8.168042471709331,22.012955397844372,21.894544491329448,11.115722064374674,10.887853453158813,10.745947785700663,10.01543878789067,10.140038621056933,11.44850116869031,9.958339521701914,11.592674665311272,11.621583314019196,11.6203883371993,10.267090352314767,10.241153899424534,11.853667533822012,9.63444851042185,2.3624066670865504,10.96243683205728,14.601402346771405,23.099369791244552,21.390612916279586,16.740597740267244,6.753238119324183,1.9972923318411084,2.4400283720628626,11.336455146520763,12.850153481621858,7.3578679510484815,21.15609812493048,20.79032040447265,21.627217757824802,21.38506241240274,20.928386516194497,21.25669083518458,9.632133450036989,3.8880585149406235,7.040356933558211,3.651816560136951,8.120224790267738,9.816927265680109,10.29206072318514,10.556312380762323,11.018482904430977,11.108760598242219,21.084740840930454,20.758575296817902,20.724304366096646,21.38938824015706,21.267850850199512,21.275896201854547,20.18749191192887,19.740644922239287,19.89169546539845,20.42644679873061,20.480030684067685,20.732821919642753,20.42692294705038,19.998601230433216,4.37363321139155,7.4061651245956295,21.634478055607477,21.711758731314987,20.837931200937273
OSM_NODE_5134884137,14.723756326341988,13.97277203044522,11.839440272565348,9.562044711197958,6.97955065515992,8.710911537786142,8.892120847689757,13.494677233925492,7.77578365801476,14.95996572462688,24.164931734174754,11.972685392325221,12.350236953796953,13.158458828441784,8.469368314910243,13.329286819395467,16.12514799817605,5.392318352721192,13.683131882088372,6.28417260399463,13.216114638475139,5.336828711143592,16.686262128442813,15.242029998227974,15.382017800312656,15.517220283832104,12.32631854679533,11.296179968396443,10.901863727004788,7.5224980131608765,8.36044725210545,15.078301746787155,12.82311008908836,11.951995132630833,8.376154690599376,6.5542973859296865,5.28912145695659,5.358491584929362,7.161377475785017,6.570446906766052,6.797008840879066,8.911105810613634,4.957134446988601,5.191917407550956,8.641419710835821,14.259711321156141,18.14052754151487,7.264163198296171,7.294666699050808,18.07444394361284,18.284250701045675,18.859506633295826,6.441585890059228,0.0,11.152408700610641,8.192095272790946,9.069949600767323,6.5418044180562225,11.020286348933906,7.718787013321521,8.750783255036273,8.308717069965567,8.409474359125905,8.347438713862518,8.062802831047929,8.195747145208449,7.342320689668941,8.779395862915774,6.3994509604616,11.547943769198518,11.186519361882272,10.537089015674155,10.672221174801633,11.293926402532293,12.333403139147677,8.026999767426624,8.727774231952932,9.548072664756807,6.998051631252771,8.413290533512411,8.280984847072208,8.954312808362937,13.528582870741683,13.495618253504094,13.980031903540276,12.780451874032417,12.665661158438478,13.363465168155646,11.425949866144466,10.999712719637568,11.168069484548807,11.810221534960204,12.902753467818286,12.977846883532584,12.064369824753758,11.9778766650328,13.804599500479886,13.590420831120145,13.727960631533094,14.96153930129027,15.828634514384456,15.708995900885366,14.712379928579553,14.769438665110146,14.396538180337043,13.75996280496427,22.561203838514967,22.692522249904968,24.08954405616413,23.87743805216044,23.61414462934246,24.26364085748649,24.880178194212135,24.108881782485813,24.44679814923838,24.633154398873614,13.464876906412803,25.747411829807756,23.992236855945983,25.149088149085372,25.35462392988892,24.667697128219768,26.00074692398294,25.304245554409544,25.042727146058816,12.80824236810403,8.711406033031922,12.430881098980914,12.578488472722093,6.079821081174649,7.001426564390637,6.059802666119391,9.963271763891674,14.978901887821367,14.994923606405365,14.963424381689112,15.04213191629828,10.932643264282884,4.45131292554841,8.822697886810781,24.721345693886636,24.751670563942497,14.982204229214508,28.58602843200322,24.859785964116124,25.02382201318351,24.474608176862162,13.316615280150964,22.982292282083666,9.514137876115289,9.010176529148065,8.96390608720833,8.66926336781852,25.20149776036932,25.019951974337935,13.33386022139439,12.834690372142868,13.41670772720064,12.658450617071543,12.642254945642485,13.8519968889337,12.564836714727637,13.757982538122674,13.447477136248793,13.545666423577213,12.979806025182288,12.696506639601882,14.216706778456416,12.246723693217222,8.084008616734744,15.099287746304661,17.5901924128622,26.57252988415644,23.98168097252246,20.03053273529799,8.804697280816603,5.644995900686215,5.309542865453035,15.677711762373105,17.177202383912338,6.879527052429254,24.322393573025387,23.93846641079785,24.771220891092362,24.26338510163216,23.65919446936262,23.96693012959993,12.412415462481981,8.953422502304896,13.405625516346255,7.939508972594163,11.588391338596221,12.285422675850992,12.865757348845692,13.391899410552773,13.914289327629055,13.938780642804083,24.485619891320795,24.156766413233182,24.103070422824484,24.04948788268132,23.777232053685932,24.05107923150421,23.83805934120036,23.398125360077795,23.482884885470693,24.02044367789615,24.051040172867186,24.297337163079764,23.919113752563966,23.499195897412353,7.166199582461705,1.0634892516977903,24.662149166252153,24.336822349590232,24.181804331892398
OSM_NODE_5828839701,6.321722984515659,5.406466675076567,0.7616093855471463,8.138981384563058,7.879032050089636,4.082909236496506,4.008982879810163,3.063796929814078,5.762334592308008,4.137723088175529,13.302430153811056,1.6255116939447163,1.3544954792137107,2.125939382675849,18.869014267901687,2.2275544917921795,10.508340199232864,5.786019711850552,2.868557457259879,5.235870215622127,2.096333400838313,8.03958189861346,6.071764162775208,4.4210704912500995,4.485015454250688,4.737831918417412,2.1863832287777654,1.6769151887160507,0.455904614387517,4.300273905598643,3.761629619276315,4.067487814008398,1.7084966903849683,0.8439468734711587,3.738438503448209,6.042176973933601,6.696906771339866,7.999880283335277,6.398065308592008,4.761227106894489,4.371324893977546,3.520704506113784,6.615977343829808,7.513559370049365,7.11169440101458,3.373917125372127,7.019499334159885,4.065350073909526,4.081376117777584,7.103073824529137,7.299137771170526,7.818505494297198,7.808611772094697,11.152408700610641,0.0,4.059915718640073,3.531762372117561,5.323814818655543,6.158088553183232,8.98646025781564,4.128748978121454,3.992131433133848,3.5891945881240805,3.8215169275142755,4.148427047753474,4.023817747517627,4.021523043763571,3.531518686244525,5.196347869946811,0.48311778520679105,0.20965233042512155,0.6579837952773481,0.5295600330306798,0.24785295462745924,1.217948123711825,4.2487929508143365,3.7226345343237854,19.962088480687683,6.723941897664737,3.717357884881618,3.975766764844661,4.23179132537452,4.240046057161884,3.676294166661091,3.8192058161869897,3.6053580216179477,2.568842901366983,3.1964288965127468,1.7921702373468038,1.7691818237625505,1.7029488619809758,1.8990168205750981,2.4572806126891913,2.4276241170357387,2.0236278767997042,1.8074563989156265,3.5557330807246474,3.2411730954914186,3.206873138450987,4.923711793886976,5.047462784577338,4.775332681179564,4.234249476603443,4.484878409402736,3.949483878389775,3.4990172741174517,11.702173872404005,11.734032815325286,13.207624242283577,12.995126062722978,12.628913253128228,13.45667817913047,14.106295694093916,13.321599878759697,13.403420746221668,13.612245275262941,2.3124686043347915,14.771234714732195,13.42378894686235,14.131675006519316,14.661173981509979,14.071190402222044,15.106980030780363,14.448203875282791,14.118783392749052,7.988821017924904,4.107519690242765,7.684154876303474,7.618062924919156,7.533346023969645,4.160324195358091,6.8578306222653405,6.723577683698159,3.87881396386099,3.8838562595139385,3.874279044975325,3.9479960524683637,10.523518078877297,6.985284885837256,4.024433860396868,13.828075627407912,13.783935505999173,7.147928665334772,23.81283486023919,13.860821570384696,14.117257922606093,13.495104677432678,8.49567513985857,14.965000246439153,3.318070627673884,4.006650155639338,4.036114229659997,4.268315602935715,14.38833292456084,14.244750132697156,3.523093203411204,3.5238331382918067,2.9761982469841777,2.3073215314749893,2.4969401129547517,3.734124998391337,2.2764662596924223,3.9799273976885594,4.223432702489792,4.152087185461363,2.5086151210771535,2.6135471109994617,4.131578488036854,1.9959058160304237,5.739079481167906,4.014543992707841,6.840597897847906,15.615343390678674,13.60421081773624,9.112213919251065,2.6074888790280037,6.536605712331623,6.527995457378453,4.665897434327247,6.097206992497268,5.600574223434642,13.516622608828216,13.141150426004197,13.982553414339998,13.65446546189234,13.162326550775918,13.488504365577768,1.8946815396329826,4.191710765043786,10.480250866448143,4.1634935421407695,0.44624871744432054,2.250414732772294,2.5912858885722,2.756378387581674,3.209901009746025,3.302265948673574,13.549575130960845,13.219624607007791,13.175374392952488,13.613193927349382,13.471521656090268,13.520573860427975,12.789278498776465,12.34383093609868,12.454006187916479,12.994322812388564,13.034365605679277,13.28506343531262,12.935347885775471,12.50845934431135,4.097942543507514,11.560485098092865,13.948910383214308,13.931495482616809,13.27289782096588
OSM_NODE_5923074192,6.65931388505105,5.843544943066824,4.813495132567373,4.604279118712913,3.8299799819404807,5.222227614413802,5.30046909391493,5.4771068142306545,1.7634215790203902,8.174727328212805,17.213793858932192,5.550176542860062,4.794333841772355,6.141834914850816,16.51048968423534,6.181201963407528,13.550359872967332,3.160727384648781,6.924190284481907,4.168334738146894,6.031063275002675,4.07953444500531,8.587925906971767,8.453932494358721,8.494142146924915,8.775165208880106,6.093131584835357,5.226774757026173,4.094525359951655,0.7372876030180407,0.2992562747926624,8.029751282765034,5.348510465738551,4.876277354205204,0.32229106196099516,2.060707383996737,3.0315153366270304,4.039128199033197,2.3419117266793315,1.9206033501599025,2.849525702952572,0.7361863794937179,3.2379445058810536,3.645541261180297,3.3711614183763383,6.395897318184898,10.385268568236716,1.541608779427186,1.4282015684785665,10.12000400832796,10.336609340828984,10.955103857583568,3.750420893620741,8.192095272790946,4.059915718640073,0.0,0.8800037209254433,1.6575718176290557,3.819684748775552,4.997434934413409,0.7004470711026741,0.11666780260925491,0.48398968183189395,0.23858234591744723,0.1297079190115679,0.043179933317210546,1.4359403648973446,0.6291881335272355,1.8187956925125912,4.543028405907613,4.209026789675649,3.728031203569375,3.821297164682491,4.2933331122215845,5.2177536513063,0.1988826731571983,4.857469220231123,17.607209169402914,2.6655635929476467,0.34268237268829077,0.09657150780032302,0.9811887791948456,8.03463529738027,7.596001551043394,7.828527012731262,7.297799657865719,6.495769366394303,7.182932280926496,5.384698408078783,5.089607372141042,5.160707311695244,5.666597777503635,6.475526824428811,6.465661106558396,5.87090101691559,5.681099239455464,7.573689199174156,7.2680874506131135,7.25775047396441,8.940445092049575,9.080237187144853,8.763085907497706,8.291694965896255,8.528350913225408,8.002586508310866,7.517496347122482,15.628495959053376,15.601033595818928,17.10946452676157,16.898448717933785,16.46664507172937,17.39287403238545,18.05163736633806,17.266895896240268,17.17764441703508,17.408676286105734,6.092232615397077,18.598452243910373,17.433085502920626,17.927174508262915,18.63139104185652,18.070960243449584,18.98828558578167,18.354563899001263,17.988606477959948,5.987461449125589,0.6437363282758158,5.592250821554071,5.640483057887603,3.501194878048749,2.2974702357929715,2.874792248698,3.5860369659793108,7.297000351765336,7.334518161277909,7.26264182695846,7.345689074537212,7.056874096731848,3.7413590666583567,5.257751041491935,17.71876998850821,17.625529166354077,7.074711137861656,27.01530333143076,17.675885660953895,17.997952461742294,17.32980477045084,6.567823785845207,15.308672138959981,1.3253938387168156,0.9149078633660853,0.8790900282386356,5.376224187309758,18.31547347465198,18.188688533255682,7.430552960571067,7.259648289881548,7.011363485505653,6.293747076047281,6.43397229041043,7.731754195763503,6.242120619061946,7.905557621916648,7.995104943841738,7.974129100210666,6.534430607518481,6.539556871423041,8.13593083061269,5.924345042091825,1.8287208588575043,7.38357561011575,10.85826972917974,19.451299259813922,17.643520974425783,13.034745352938938,3.48104190314139,2.7581023177060207,2.9415570040571586,7.839032347660499,9.368227497441545,5.368153016772501,17.452904356984178,17.08364825184337,17.922793348384875,17.65344344828111,17.186428982499194,17.51423257390509,5.901907981786126,0.9550317147881996,7.882825840422555,0.2636356051239874,4.3709644022941525,6.123854371504271,6.573693894504211,6.812025785602325,7.269613058554957,7.361720080207026,17.415881235922363,17.087909100028256,17.05026248346078,17.644833275418588,17.518609886622915,17.537009760615824,16.56299244976717,16.11536883737464,16.253085793054044,16.791045835912275,16.840166357354196,17.09282533774547,16.771472381386612,16.342726618855316,1.7502881270826403,8.869805345514438,17.916917466159365,17.96620991616155,17.158727336420473
OSM_NODE_6047258976,5.836199140452152,4.999749944318589,4.256400968313968,4.715327020580711,4.405280655780741,5.419286913896157,5.470309855518869,4.63034298347681,2.26805401587455,7.5623604183528,16.494745755333902,5.107833726401791,4.085984733347605,5.531259056172679,17.37203143602045,5.538145971146381,13.477362997429106,3.9694326999280443,6.347897781437068,4.7501670791577055,5.383428378727551,4.8615830923648815,7.717240390082684,7.835552524197731,7.855630622782441,8.159741452010186,5.665509405448747,4.890429956903893,3.6524889849756224,1.57011648521537,0.7366762530715467,7.367460654838404,4.646517448998537,4.301937582695104,0.7267092521588464,2.8648570267651525,3.9028491163783245,4.821222278823381,2.965433401217265,2.702599969378574,3.4228095876055145,0.18890500733899535,4.117389935650703,4.472187976006278,3.6029684982977366,5.579101609102125,9.568095328641485,2.1891998331182037,2.094361405504024,9.270110419902013,9.48739221102777,10.111584138313574,4.411533975249957,9.069949600767323,3.531762372117561,0.8800037209254433,0.0,2.5375456603211273,3.389396199036188,5.461169301124811,0.5999873160294581,0.7640325539641143,0.7684248096570144,0.7338470924118842,1.0097096973505626,0.8743527312705675,2.0808833863356346,0.33861441067064196,2.6840173518068347,4.007908937477404,3.705392134309474,3.3221112192688986,3.391884276419872,3.7763941042416502,4.616510570070852,1.0579513311838755,5.030744930751247,18.469506073827905,3.2962549968237984,0.6903753495448389,0.7892737899966029,0.7236435207129708,7.672739145218411,7.173600904518505,7.349446774521612,6.9676232739402195,6.062721611657701,6.7196980024325415,5.043591524617341,4.80217518756284,4.844275609314149,5.283095837981289,5.987420054475096,5.9591934401970095,5.464045877296008,5.261111851167906,7.086970190826705,6.772911857418812,6.73246445544105,8.455351180482497,8.458371681510828,8.108930181812974,7.7478604690615684,8.012855000006544,7.471233237640792,7.030276164450348,14.918609389733112,14.867843494367834,16.386671049680665,16.176588203919483,15.7220841893861,16.684585413188064,17.346850795456973,16.563188903819633,16.41351108241712,16.650218563587547,5.397374971255209,17.847315528756525,16.76883996132666,17.167668221404274,17.93917916539873,17.398593682829468,18.254914123681225,17.631804103351662,17.252403435359476,5.53943909206931,0.5861041773241306,5.15797477825987,5.176584315702392,4.228546739926572,2.8850142938409298,3.6595517879367923,3.464814518616348,6.512484430586302,6.5542395101564495,6.474400814539838,6.5576070990502044,7.155876724209078,4.618698044474627,5.437234750848098,16.990671720376262,16.880310480325342,6.2989245648931105,26.92477412826865,16.92239177601071,17.265679095816648,16.582845933156428,6.114579231395876,14.549508517951166,0.44540268788961984,0.49905843960466856,0.5180615264861593,5.589013187878678,17.601719185933614,17.483026065050943,7.013526646452571,6.9134249440472955,6.507745461123337,5.827236718886467,5.995453903280677,7.2618036679667535,5.787299068334675,7.481425484776891,7.642263534523502,7.600157421376147,6.039966184471729,6.107305037172575,7.661243970577316,5.485173172444763,2.2132461404983306,6.591057864128252,10.214942694455532,18.701803008463227,17.009454213076868,12.329205792511244,3.553121110689523,3.617390262405333,3.8189736573687045,7.017954908236773,8.54556727705607,5.849719318582817,16.744568552418173,16.378841410300257,17.215684045454374,16.981018347819123,16.535637912735147,16.8646618425067,5.420304964996743,0.6809714422274235,7.644999395198589,1.1305995303000775,3.7829035026664593,5.710610203590461,6.110948268155376,6.278076280957062,6.707645684346611,6.8111914708201295,16.679286114339902,16.352525157034062,16.317297065732255,17.001398873167997,16.896393580375502,16.878657287154454,15.79976316049752,15.352381364125504,15.497335067292326,16.033680142601916,16.085300255599282,16.338106479352476,16.02587491683721,15.597292070480021,2.383951982700947,9.738295912548336,17.224337476761526,17.325986856927305,16.429626788556586
OSM_NODE_6055798022,8.237130853336266,7.4521409427106375,6.083657145773626,4.827080175481546,3.137933048323283,5.263341081438773,5.388283663899277,7.097275371082384,1.8518930796807072,9.453784482923778,18.614550567270232,6.636679885206199,6.255260236914411,7.449443679635571,14.89756530756015,7.532770649164899,13.856022800733754,1.8392553657090345,8.16858751889857,3.452545096821362,7.391460995758619,2.7585571982903945,10.23415632517329,9.738754776034426,9.808632446115729,10.052066940751264,7.139768672307008,6.171872621605459,5.247258439341841,1.0686006488632376,1.8574777330518903,9.38407961429403,6.791879144636633,6.166838621783304,1.8760420413961263,0.9793136435809364,1.4140626689068136,2.7203763810827377,1.8426374050419914,1.0585680485903357,2.373357129285883,2.388612854162098,1.5846737605499555,2.1932022889197076,3.523224656344186,7.9756812041080964,11.953914103360663,1.4399923414326017,1.365197647135467,11.736468588804422,11.951897738934631,12.56152392861665,2.831602863875063,6.5418044180562225,5.323814818655543,1.6575718176290557,2.5375456603211273,0.0,4.953103206849357,4.460472311439682,2.219628658455845,1.7735560669142312,1.9451673343284692,1.8335015576121654,1.527865219867753,1.6652432880235952,1.4265881487929308,2.2667409497784408,0.43565625842843814,5.794637207272308,5.434944944682832,4.857924114450068,4.974743213643086,5.53223984524003,6.533657638702907,1.4861958388495295,4.9736477448095195,15.992127937351421,2.0395561141920475,1.91192098640387,1.7495019091346036,2.4438214916659984,8.928030090105386,8.595028934261233,8.910812112881683,8.15834185006759,7.538483472723965,8.254094728549978,6.329526308408662,5.968484841396128,6.079404362002044,6.662711437537901,7.600736307061215,7.618047834354163,6.894132055265283,6.730437735329364,8.672536238936754,8.385852472704128,8.420924628174237,10.013827980224946,10.363829908465581,10.098332191935176,9.465761047506556,9.655340318324418,9.161980840098327,8.618203300890956,17.017773463824813,17.028194446008875,18.516578800785133,18.304449666937757,17.910533356805605,18.77554944122795,19.427200003158536,18.642275928369767,18.652210146776007,18.873656505613386,7.5151454354141,20.049727111773162,18.74267408850911,19.39312717109497,19.98490313039122,19.392551226477728,20.40963233184408,19.75934836205339,19.416198609101993,7.043835626477791,2.177049708894604,6.641924169075603,6.731849366713922,2.4087268925360927,1.952851223308703,1.6621322515709598,4.307965180233342,8.829679436423586,8.861222954583283,8.800558029927446,8.88296145162884,7.149624060527282,2.097645329820431,5.33018872596117,19.133474562561425,19.06852093789169,8.584443856914625,27.278870426294088,19.132356262780256,19.419055012001703,18.776121570768304,7.6148508210868995,16.76306079622979,2.9829471065010584,2.476732090554958,2.431516036473929,5.375353458827594,19.70540825992668,19.565438633178744,8.424914169763346,8.146829622226935,8.147150105348159,7.39195422698407,7.486645959849923,8.801794621381198,7.3245376148947985,8.900751432894241,8.874783330457264,8.888244319343718,7.667535698559527,7.579844974922004,9.205855288980244,6.993448151224528,2.1361139005593173,8.926690372174889,12.160817195211315,20.898726342856857,18.90213544706982,14.424717478450505,3.9352728442928067,1.21314466974215,1.2952510247792857,9.419291054127042,10.946882905229542,4.796504182338549,18.83553468055049,18.46123556964763,19.302456923729125,18.976106226748755,18.474259249837427,18.799141179421994,7.033397573322263,2.437327728709642,8.546838714391683,1.414953875590272,5.696025320182036,7.148084605383043,7.65879744134083,7.996868593145229,8.487005588442345,8.560591947664289,18.8450797586908,18.515702321637555,18.474165103885902,18.919133753754753,18.757702967813383,18.83651485489879,18.037011998886218,17.58971229418063,17.715502492107163,18.255194162754435,18.300172436828866,18.55218934662395,18.21650581446715,17.78826010293009,1.5436261507727795,7.245073289926151,19.272497730032363,19.234274906336836,18.576096034074553
OSM_NODE_6139791985,4.18297481217552,3.784708925398705,6.706924811169074,2.778254008457586,4.454434392414595,8.799268564975193,8.842840798943369,5.45753117320652,3.285524223812519,9.517026152803089,17.576343472972134,7.7660874803993405,6.021355757067157,7.661239096584942,19.489648894000734,7.542785098230552,16.593297197177908,6.766128068434966,8.525608951330064,7.987054368820213,7.38709842697484,5.836378153253695,7.631984555352733,9.748098704679668,9.681654977690517,10.064578290774486,8.317165488923305,7.7794405095722805,6.4510373666627805,4.489451546866336,3.9186169257117673,9.121134136782857,6.514156909031884,6.696111992411022,3.924278517004128,4.546305450724438,5.827395138631411,5.80491842173717,3.859105647326437,5.646683341232556,6.668972376024482,3.553000806309812,6.335413435071968,5.8396019692595456,2.6897420906010536,6.5535404334426905,10.138075112440777,5.360611480081327,5.24594356104225,9.460360084964092,9.673027589800295,10.33964587192786,4.84864416342554,11.020286348933906,6.158088553183232,3.819684748775552,3.389396199036188,4.953103206849357,0.0,4.703629029000555,3.137994135002481,3.744103810172246,4.050848675386197,3.870591146030083,3.895307379305181,3.850795718580528,5.255460102968838,3.6783587091214467,5.312808432026487,6.550630254969474,6.3655292876376715,6.225432931483471,6.24528575657474,6.39552850037839,6.884650330928439,3.845316658519845,8.406516236212651,20.566722555436936,4.041626138023003,3.9012151741109995,3.7937316519159316,2.8562850767475707,10.372640794209609,9.75193027557973,9.767484229159097,9.762630669250141,8.675808015061547,9.216432277776283,7.914326739457113,7.778226173057576,7.770634349040787,8.056573942144611,8.464079635289117,8.386689737465323,8.17608086871669,7.958358769466599,9.497467724109146,9.177540036536776,9.049480773365635,10.802776181977805,10.319066621454379,9.848437537168873,9.943127771712525,10.286927343064377,9.72346918716272,9.442561154043245,16.091699671567092,15.896379512362225,17.44699308149344,17.24725178951015,16.65365337804104,17.82820642657157,18.49870804215702,17.736549743721223,17.188860621315058,17.46261705820792,7.191845816712925,18.688958545211648,18.15742236545483,17.96172631435465,19.153894548856496,18.732706864888527,19.211164672616274,18.66795457385927,18.208177802981027,2.169109435717994,3.195846257573736,1.7774885397144622,1.821219191759595,5.048916510013518,6.116913177273973,4.9605656470401485,1.3223162210264756,7.6333130845144,7.702267803425479,7.57087800927672,7.645641016275159,4.6887904172363895,6.857422326481198,8.81271950151997,18.004798583374658,17.782188213958623,4.132527922850386,29.961218028299385,17.765123093700247,18.247233600189215,17.478797961127466,2.749169894615119,11.965387038092977,3.245612046443631,2.9955454800264936,3.012255764682046,8.971760501626873,18.694669595100788,18.62716181615711,9.612946384782909,9.677699827760922,8.904773539977446,8.372571004608261,8.599518237716673,9.71022004930997,8.36505861821907,10.040953020298822,10.363355620575136,10.275564033360011,8.495325642079358,8.719553615069321,10.075937811939784,8.122316560459119,2.9685250426605703,7.639980913303444,11.893548487132568,19.54004902633197,18.54502935019915,13.603203668804374,6.909746850302589,5.451580478088182,5.877748643194134,7.760330927102679,9.130057830679995,9.176070300719108,17.886714067860115,17.549434915347767,18.35610682878615,18.322352496822518,17.997557505927325,18.32663416748811,7.957397463805693,2.889935830628596,4.355208807391433,4.040471180952829,6.210957450998342,8.392256354450884,8.6466101465434,8.600030419537287,8.907325447230242,9.041988812929139,17.643880229154867,17.332032574275885,17.31352747704495,18.49145766695199,18.4900762112524,18.295768117450454,16.595776253367685,16.160970946884206,16.35544786482394,16.867550367074575,16.936097689674614,17.184365055820283,16.943371592640684,16.525764460547155,5.569512225027615,11.879622430950933,18.449641215126853,18.826204319023034,17.448689328129483
OSM_NODE_6166310287,8.882497819933837,8.464494297166004,9.717215579765996,2.1745771662857765,1.3320505759873797,9.723065186633148,9.84575981851438,9.574558904428661,3.2395438438183017,13.006528131403156,21.751744250549834,10.530260579744379,9.474733147680872,10.982290981059283,15.917211250381797,10.97177755299263,18.303927941997394,5.846746195387131,11.80698456215031,7.760098977731225,10.81484406463629,2.6809579964853434,12.189638814980086,13.275484656614056,13.281060584541084,13.600564677574555,11.079463918746324,10.224070365067728,9.069851414266125,5.054726351078124,5.2924148368024975,12.772994495728376,10.033479889966927,9.76296474122581,5.314637789990573,3.481207058411494,4.004671517903486,2.682043897410696,2.726237353549639,5.514131102966998,6.821698504894862,5.465870755375309,4.650424343682572,3.223182781788848,2.136928139318207,10.646148281456997,14.50967241491219,5.822576183255074,5.722501777167482,13.965626909747133,14.182850538558222,14.844160682214579,1.7780499851834313,7.718787013321521,8.98646025781564,4.997434934413409,5.461169301124811,4.460472311439682,4.703629029000555,0.0,4.861495865400689,5.041868462948536,5.481207865912269,5.226512599148926,4.9379886898830465,5.038357047329774,5.776205641146106,5.4618446861290595,4.861860353051046,9.465460150966692,9.153167765701886,8.713567450848023,8.79997202988573,9.228803184781208,10.073240531561451,4.8320679919746405,9.426623604861186,16.942372319760906,2.4519529755002942,5.327830139881372,5.067954949485908,4.790308615996419,13.031984395168223,12.585963014399367,12.795313405386755,12.292787434705296,11.481065244523654,12.157152519726246,10.382067727154613,10.08153891395236,10.156753654757058,10.661876659888492,11.435125828561215,11.413177819326295,10.862362354532376,10.668895703304768,12.535676432587323,12.224354916150734,12.191580316295326,13.904800368684572,13.894231863202222,13.518791179866197,13.209017199054141,13.471014359355483,12.931570399370962,12.47910981306819,20.204923239889226,20.09425175767057,21.634269517173802,21.42760471048185,20.908975657241875,21.967438345094717,22.635519402883695,21.85704992533645,21.52638947580875,21.78331799446154,10.782678912825416,23.0003665567596,22.13649374243121,22.293736612675808,23.25352246880138,22.75163492644615,23.464329784490882,22.874276265354162,22.45761528390978,5.7134235685326695,4.880220277263367,5.413181728999409,5.608881782619163,2.309261847874729,6.412172535706122,2.9678445521703387,3.3816363669720695,11.67974082368355,11.734886600932489,11.629441114392261,11.710955706510605,3.269056791141082,4.957051958070468,9.788526360291044,22.220976295543693,22.058645897469727,8.744609829479641,31.73744560912014,22.07202458654613,22.482663390232318,21.756986798402213,6.103157149185878,15.942714219363966,5.7363520236168135,5.00769225685219,4.9728819713049885,9.83580598353327,22.867894087296616,22.769203833347138,12.421709686173283,12.256430484096747,11.961593970952677,11.264896189948225,11.417281661506749,12.703370716266063,11.218607224635331,12.895371575863129,12.992028800391303,12.97147304332371,11.490152163186831,11.525185979789258,13.105507243934735,10.90645084421553,3.2483804234557168,11.726923871656346,15.627216171089607,23.856479323681683,22.416627961049745,17.638014521046188,8.282399511125483,3.7644933469697475,4.216779202810036,12.008025369444903,13.47925102590837,9.114049221881745,22.02708752072299,21.67088371942187,22.499394842615253,22.334958824957788,21.92315133134096,22.253180040818854,10.864257541248291,4.827020946101578,5.7243726119816225,4.972152568328985,9.243467646110043,11.114232063482527,11.547178540837525,11.738124640016645,12.168321520340251,12.272357894723298,21.88605066793539,21.56458054930467,21.536703232956963,22.397556410119797,22.31598278307705,22.25492670349283,20.920267342716045,20.47694663456999,20.647611582376825,21.17464607961953,21.234981050775016,21.486769220920376,21.20764375920273,20.7820862990657,5.966180509667202,8.742456802760953,22.539997560198024,22.72554912612838,21.659643483533753
OSM_NODE_6214131049,6.023084082729628,5.232527726504974,4.8557891033473615,4.179106473962496,3.8116297318812835,5.783668314605124,5.8490587230577615,5.132184629543749,1.6744114057381112,8.160865339298798,17.07127595078533,5.696902808596719,4.673506274953419,6.1304164264836265,17.116501810683015,6.13479870925631,13.975003572451643,3.8372748036599993,6.947871093698251,4.8592220968590505,5.9796815564256764,4.3389395292760975,8.16202389789466,8.433556692949766,8.45170970971811,8.75789509677515,6.25300905181357,5.4587877796837425,4.2388026325733135,1.4255915555519583,0.7861369848112244,7.960542089001637,5.234508071702086,4.901823240833047,0.7943856917430853,2.379706961616044,3.507255767101759,4.298813342473895,2.3874347046328532,2.6133163568426423,3.535531230376879,0.6248805355981193,3.798158901142164,3.9916459495506302,3.028754585504454,6.110955408724836,10.09365648554805,2.234722637552028,2.1234570480887647,9.757663334568349,9.975757343563977,10.607590000890793,3.8353374518090386,8.750783255036273,4.128748978121454,0.7004470711026741,0.5999873160294581,2.219628658455845,3.137994135002481,4.861495865400689,0.0,0.6112187901037719,0.938929286716632,0.7342476514835705,0.800077467659302,0.7253856080977628,2.127714776245679,0.6711703638947782,2.4507220042263897,4.605945946963401,4.300274301291257,3.900740901944201,3.975234043947787,4.372711372424361,5.216273750951405,0.7848862038473997,5.406180198534236,18.211369143126518,2.717495521880094,0.7757814327412901,0.6601456375053714,0.28323456201270764,8.250487132454358,7.7616436344296,7.944797585219233,7.5379452496657935,6.651463179289763,7.3129925483988245,5.613383646133804,5.358137309643288,5.407762559537865,5.862302027716878,6.582970506890679,6.556372734214254,6.047846842613034,5.846873008540408,7.682950370881439,7.369522446917197,7.331199897475336,9.051664460224922,9.05593729714991,8.70290074514051,8.347538665483928,8.611332094596042,8.070426257940781,7.6262790301333165,15.498344452618813,15.439778417598427,16.961969010662415,16.75224615304553,16.289289974408643,17.26443998065642,17.927612611701772,17.14439180309666,16.971492302154893,17.210947330540364,5.985930417979021,18.41118020464235,17.359180112083745,17.727766195626703,18.523245388478646,17.987268055481035,18.826046597068554,18.206874925131203,17.822638556754868,5.307099183313744,0.05794785182086362,4.914404702427257,4.956173650569464,3.677764658436092,2.9839700999278924,3.1473164269252716,3.01709648936577,7.065621935879725,7.109766221469691,7.025345742638375,7.108516512309262,6.629935729587096,4.316168425140978,5.810891993086244,17.56399052077612,17.446964667388364,6.405545085495231,27.43219956391297,17.485387997768925,17.837411361994445,17.148824724324857,5.887081744069245,14.627686804734845,0.9423875502287731,0.2601412801143128,0.21323732078525276,5.9455288263171076,18.179746994798034,18.063513194048824,7.600615698951919,7.487208063665014,7.104946884147877,6.420299213693335,6.584937675925375,7.856157100689811,6.378850037729739,8.069938008501705,8.218149233613978,8.180199207658687,6.63615435702771,6.695969535310273,8.256278072167811,6.074227993795748,1.6133494883197785,7.139105724947133,10.809748690905833,19.266232193941267,17.604461038497078,12.910883960453804,3.9698907249333995,3.193546195706651,3.4514975881924594,7.54307026425376,9.06707081348237,6.03851094252259,17.32439834756479,16.959764670791248,17.795793647038284,17.569734756812224,17.12831738178802,17.457496515859464,6.014772779012109,0.2547104098272286,7.274634613321615,0.949816703167963,4.382877217020683,6.295826278530238,6.7037734258379285,6.877135472288724,7.307590573734599,7.410944659254692,17.249488413405015,16.92326806266384,16.88896744109736,17.59513944917223,17.492783718812817,17.470043963970657,16.358366026943237,15.911232987210584,16.059646897798327,16.595087024003064,16.64786727934385,16.900677934375306,16.59256798514644,16.164161930184168,2.442447814011373,9.46469642175546,17.808414703105885,17.92014982470394,17.002699050662553
OSM_NODE_6214483638,6.545924313993165,5.72847038087956,4.743172921612367,4.597628172605391,3.889933976679855,5.251886235934079,5.326598690547443,5.367857840406944,1.803113197434726,8.099412892621766,17.124831597226382,5.495730965865591,4.704218626648334,6.065725171749753,16.62647355904358,6.100771751923797,13.549274406169705,3.270361977272528,6.85316194583734,4.248511817459577,5.949925323102287,4.174674499962288,8.474643631432848,8.377898740107918,8.415362397548956,8.69964469472139,6.041201372716691,5.185780743152173,4.037809596831057,0.8465751190796801,0.25771954295828853,7.947547578125662,5.259644589038158,4.803791919167199,0.27805378180668033,2.1580180678344507,3.1443650709228264,4.13425166774992,2.4059657091811837,2.025267196606323,2.9259890894152987,0.6239566454122693,3.354398201378333,3.748821916397824,3.3779074878198774,6.29139635035621,10.281172811754036,1.6235151155905814,1.5123365824056163,10.01059773618225,10.227326950845447,10.846806961133261,3.8243011555242217,8.308717069965567,3.992131433133848,0.11666780260925491,0.7640325539641143,1.7735560669142312,3.744103810172246,5.041868462948536,0.6112187901037719,0.0,0.4502304029573845,0.18966581597436988,0.2460195292180225,0.12220651856593456,1.5165828214466872,0.5241879498716421,1.9346539733108614,4.475173647328048,4.14465675155948,3.6750332381418063,3.765553446824744,4.2274108006363935,5.142123250148885,0.3018670059398696,4.88333884174694,17.723250432332687,2.732003097745633,0.2866630695204036,0.04975257821275926,0.8942797799220309,7.992914752718069,7.5459468895280875,7.771038797671895,7.259799749634465,6.443491619648879,7.127168420474097,5.343306018776524,5.0548042335331616,5.122219804436494,5.620008225989591,6.415941524133348,6.403633152631315,5.8214757959178405,5.629737232892443,7.515034815163172,7.208119304629572,7.193751155862528,8.882680480081332,9.003928055752134,8.68223353616179,8.225726551271977,8.46631120666798,7.938169463366325,7.458742099151853,15.540765310017754,15.50990543013094,17.019948994676234,16.80905757161091,16.37389371168192,17.305489587365532,17.96479922631088,17.180169170047268,17.0820122895452,17.31390444935164,6.004764431159188,18.504823420542106,17.35204985005503,17.832267648830943,18.546407982440297,17.988803709189504,18.89730811919632,18.26511840344474,17.897166139447968,5.9129276694974715,0.5534933117654189,5.518919790308331,5.563814241169635,3.586095548115963,2.3741398171580257,2.969422196042437,3.5462963788510184,7.197422334034938,7.235561817594298,7.162515368591295,7.245602413340503,7.0519028772385095,3.8580135565096993,5.2851078966591905,17.628509539213717,17.532738230533646,6.965624701341919,27.013522387716737,17.5818666687465,17.907091868422015,17.236741840570183,6.493151620332101,15.201917829413157,1.2094296483355538,0.812041526435479,0.7784658278541294,5.408215610024204,18.22734337992025,18.101730554645176,7.381106867982445,7.219490286796205,6.950104416207977,6.236869225361514,6.380917665557989,7.675433503928903,6.186741626494874,7.855459668572258,7.954566587366983,7.930762810959411,6.474048369396454,6.487421688656307,8.079194350552992,5.870724305257771,1.848943597489883,7.2828483001039155,10.77941937070498,19.357948014434424,17.566796151768735,12.94741547292835,3.4897709468441707,2.867924160231575,3.0562204005315246,7.734100435550805,9.263199701052468,5.436180304028139,17.365516544862263,16.99675082406529,17.835610460206162,17.571251585843527,17.107294441003187,17.435295999264476,5.842678096788802,0.8653790023361718,7.834941837197402,0.3776251032744077,4.296036654065899,6.073849811148576,6.517548403056755,6.746590097428346,7.200702755844954,7.294396344509234,17.32435521885631,16.99654472067803,16.959251985629447,17.56677898939323,17.443552395581875,17.456823173563055,16.467468303256457,16.019859384758146,16.15866322519847,16.696409032089196,16.745904576138265,16.998597419539486,16.678583628500856,16.249839398834144,1.8313234342811449,8.986207781741186,17.831840579587528,17.8886351657434,17.06829042221898
OSM_NODE_6226079490,6.59193795769508,5.7441772676852105,4.345591513094693,5.038332730039607,4.311110899625138,4.84818392009422,4.916581790875731,5.153365922867685,2.2456948402444334,7.713063738170563,16.781073094042547,5.068035939426259,4.3705332216475785,5.682297485036422,16.661118887273766,5.730081974024912,13.10548169257761,3.224253856803091,6.456352277505363,3.999211680256318,5.58158258924785,4.502878788913431,8.303502790933377,7.993415856971115,8.03864618752176,8.313696863657812,5.610044101823287,4.743250697190676,3.613782820242183,0.8927920206384923,0.19255753990739158,7.581604479790952,4.9199303678408315,4.411499407068124,0.1724906478881431,2.4841655050915237,3.3545075879364257,4.462607239648676,2.8214402838198254,1.9525125646113104,2.670041812889686,0.5798562786916776,3.485152763117681,4.036555241478948,3.826293668272993,6.034713107931605,10.017862006967933,1.4208969889721323,1.3261741684709252,9.791423843702226,10.006787166004198,10.616616795014425,4.219703542903359,8.409474359125905,3.5891945881240805,0.48398968183189395,0.7684248096570144,1.9451673343284692,4.050848675386197,5.481207865912269,0.938929286716632,0.4502304029573845,0.0,0.2605685688975598,0.5597743066222799,0.44379762632943365,1.3125133394184962,0.4298806133607245,2.0112715766739844,4.072061256582678,3.7343324886153426,3.2455732028318454,3.3400921341603533,3.8202491849918854,4.757930707929307,0.6620203430666395,4.473388885355747,17.759588466755574,3.1431692655350387,0.1731205573635418,0.416832743625441,1.2075033741166712,7.551033400692441,7.112406488411654,7.347680063946931,6.815151600804475,6.012764306356412,6.701242770053566,4.901101968511545,4.608152843200188,4.677825261081697,5.182629303560108,5.9961201026729105,5.988096293612697,5.387237775615494,5.197875325441436,7.093550782423409,6.788845608892293,6.781774255299104,8.45968111059417,8.620045068620797,8.311722175936593,7.817488580686583,8.050525236203816,7.526889595490752,7.0374254641284555,15.1924745987999,15.175108106308688,16.67837970050301,16.46701947089673,16.045953781499215,16.95570608248202,17.61294158703758,16.827979566199968,16.767337329097796,16.995066121248154,5.658700329487065,18.180543147317387,16.980794584868942,17.51400079457598,18.187919508869264,17.621003590096553,18.561477661715315,17.923140362038293,17.563377206668317,6.217041968708899,0.8842484587803308,5.828135921066022,5.860747338550739,3.9527460036753417,2.1266071107832585,3.3029489596110246,3.9466066822714234,6.907509154176505,6.942037599787081,6.875866990709408,6.958633677804398,7.493193363514711,3.96618913320138,4.877248848596122,17.289864536484057,17.204821522534672,7.066229073911945,26.569021858435455,17.25948062495772,17.57087831724004,16.910068750245284,6.795745878784793,15.317473655760098,1.1651739740360305,1.0558078971412757,1.0387783140471192,5.008697952912079,17.880270976375776,17.750298734814738,6.946853477105515,6.776368867665202,6.533100723343366,5.81270286835187,5.951223743534067,7.250297728404894,5.760327210392823,7.421964275696315,7.511748203581445,7.490283486408646,6.055578705880175,6.056506447737776,7.654659459273733,5.44183739523324,2.298966050815756,6.999701606465985,10.402367562612755,19.032322900483432,17.18306500289254,12.598015230339376,3.0572708949782044,3.112193238162827,3.239760981420237,7.4787757986620615,9.007279695897793,5.133616159805145,17.01573955994914,16.645202742033128,17.48502968124315,17.203594889530283,16.730368396977784,17.057773129694546,5.4223468617701025,1.1699565806289476,8.213442158797632,0.5855036278852839,3.910632821127666,5.64029089043329,6.092239767370343,6.337528209536508,6.798919644257485,6.889135309548509,16.990994202659056,16.662540503392005,16.62376966749092,17.18672707837177,17.05540741434932,17.082981671682592,16.152359171968097,15.704749885598343,15.838349139400798,16.377020061473818,16.424754072347255,16.677254324027498,16.35120964045505,15.922518339395225,1.6168116303077675,9.044246928443744,17.473734490603483,17.50722076172222,16.730427916522192
OSM_NODE_6283475050,6.562513062570651,5.731716686210532,4.574934347537855,4.783255130690148,4.066267030055468,5.0804589920382766,5.152673754535608,5.274699765340421,1.9889627958467808,7.93631718211501,16.980016213826236,5.315397030755908,4.561833396800951,5.9035403226884595,16.638659712108673,5.9438041395230155,13.362113244924172,3.242479709627107,6.685616874292413,4.138580304773485,5.793882190609454,4.309604499894932,8.400896164905232,8.215602244805154,8.256279891337442,8.536772887540634,5.85949042505067,4.99936434336518,3.8587721211922292,0.8364041885875387,0.06807401612987879,7.792857277536711,5.115066706056953,4.637707661148888,0.08873891725843562,2.289638815999223,3.2260750711778545,4.269223156446822,2.579203082734557,1.9815974216811951,2.811465498961101,0.5644267229451406,3.4019398952518958,3.865530287036526,3.5668227966835633,6.181333805407752,10.169408878337407,1.5244715332946823,1.4187155092031862,9.917182901884214,10.133382943327932,10.748941555168019,3.989001438662244,8.347438713862518,3.8215169275142755,0.23858234591744723,0.7338470924118842,1.8335015576121654,3.870591146030083,5.226512599148926,0.7342476514835705,0.18966581597436988,0.2605685688975598,0.0,0.34228888974461497,0.20486374845755295,1.4160050463794482,0.4338430758073571,1.9537689580763624,4.304633389426308,3.9711311989850877,3.4937594907766707,3.58588934972974,4.055175882088098,4.979414049229653,0.4329724886486242,4.7093636699974795,17.736242096426796,2.9034140892731797,0.10415904303025929,0.15855799953448876,1.0144074541602581,7.80683045333267,7.363320978924045,7.592635019764207,7.072547745305346,6.261980114690399,6.947671355966098,5.15702884733852,4.866684777241172,4.935034655052569,5.435722980247157,6.238906973574332,6.228354597577973,5.638488780203151,5.447711598111791,7.337391804992472,7.031368925817829,7.020004818012234,8.704474218364119,8.841937774615214,8.52574614868674,8.053599696541191,8.291076314849686,7.7647661279401845,7.281164936811242,15.39399159767677,15.368774386943137,16.876046584039173,16.664950996063144,16.235671201726454,17.15815701429685,17.816618647886315,17.031824637639904,16.9493746635636,17.17953312801751,5.857850945892548,18.36821779399228,17.19572341854639,17.698156787406802,18.39546466987784,17.833942126711705,18.75587397301917,18.12108746469937,17.756554388032285,6.039505933960984,0.6768511225499438,5.647550732477095,5.687150586088965,3.737778542672632,2.26148325204971,3.1057035809550357,3.7139681270173086,7.073962112474757,7.11062069170991,7.040393788142413,7.123372809427383,7.2378523907751,3.896704808554518,5.112033745637671,17.485853852513657,17.39457312258197,7.005566785684872,26.82610086559289,17.446020231797576,17.765464580961822,17.09908600367386,6.6192700441866705,15.249987311238893,1.1709826264607985,0.8962278337626777,0.8701781340118898,5.238484573188055,18.08117621642496,17.953732558573513,7.198180128742627,7.032876065795949,6.774270111937661,6.058038469958625,6.199827549170787,7.496290442670871,6.006985378410134,7.672862335030759,7.768089760518141,7.745262970645777,6.297573282563475,6.30583520723056,7.900318429557233,5.689932573119538,2.038479791243627,7.162209367278299,10.62039758106983,19.220807252028564,17.405245800752866,12.800048055737562,3.306743197226926,2.9641598177988913,3.1260991271465977,7.625112315218532,9.154331524861401,5.3054804221681,17.218188696782647,16.848668808103557,17.687960959396875,17.4164390334092,16.94858536940579,17.27634507813815,5.665382721905426,0.9808027887295986,7.993990040076434,0.4204964441548366,4.1325634400843105,5.891154931997599,6.338268768157194,6.57400174904566,7.031152334474283,7.123423602975475,17.183901767357998,16.855809280474077,16.81789615527833,17.406771127608565,17.28014865292938,17.299415701258628,16.33462083313617,15.886989985839062,16.02362251809117,16.561780402952067,16.610540642864887,16.863163805030513,16.540611232557126,16.111870390308468,1.7291401092850187,9.007032517689069,17.68103760045497,17.728063409640466,16.925942072729313
OSM_NODE_6286793555,6.781595602226076,5.968602656610604,4.904157005586386,4.601175251384534,3.7545563300692995,5.205900819103186,5.288130139122503,5.602965595544807,1.7141510313066983,8.269589639878888,17.321458880537477,5.6247032947206455,4.903849558193512,6.237786906792006,16.38383126394212,6.28132679036308,13.566668132977028,3.04522446246706,7.015007601417569,4.092213853622887,6.131894841470531,3.9673468560507295,8.716519531019483,8.549469885982028,8.592360727476766,8.870164876017972,6.164911722996523,5.287606118968571,4.17203827103582,0.6259736188830742,0.3925450835211272,8.13133382373964,5.456763121503049,4.969031614019389,0.4155645001161083,1.9473518836137291,2.903403738401308,3.926967771817322,2.2638354268394405,1.8133930382472763,2.7792711246943957,0.8647129009838976,3.1083797300768246,3.5255861836811375,3.354450472359556,6.5179375331097775,10.506839478154616,1.4674074778903712,1.3514995396676301,10.245888032325942,10.462396336725787,11.080117823305711,3.6602220530631455,8.062802831047929,4.148427047753474,0.1297079190115679,1.0097096973505626,1.527865219867753,3.895307379305181,4.9379886898830465,0.800077467659302,0.2460195292180225,0.5597743066222799,0.34228888974461497,0.0,0.14314176036290713,1.3639443189272316,0.7540436198053215,1.6927393091957308,4.631375654329839,4.294098086735966,3.802066242021588,3.8980209014986804,4.379893387265758,5.313459845047965,0.10597947683555851,4.845696591131444,17.480419148055624,2.584349689703054,0.44253076119828894,0.22337295176663932,1.075802528221108,8.095371636217628,7.665479393574242,7.905581776901071,7.354802114363593,6.567789559524944,7.258352682113572,5.445872207226779,5.144046829807069,5.218962068397326,5.733035779739181,6.554990653335615,6.547591451593364,5.940184323948693,5.752433960647589,7.651976188425707,7.347765116535901,7.341497873990912,9.0176121871718,9.175982417339364,8.863293237478535,8.377256553716027,8.60991966147854,8.08663024849945,7.595895160957593,15.73501732253701,15.710782517089187,17.21765800915628,17.006527747226915,16.577903312312376,17.49902749765649,18.157254390555693,17.37242032972295,17.29156959053439,17.521802825410298,6.199059253217886,18.710499686528177,17.5330834506818,18.040419307903775,18.735208445233944,18.17204044900307,19.097836037886044,18.46267003734631,18.09860843004526,6.060884181692637,0.7450886737222756,5.664385150213605,5.716525685661458,3.3996131505281713,2.227874805007682,2.763576927214755,3.6209580480078927,7.414764946268463,7.451731344317947,7.380890477412692,7.4638981505050905,7.050696695742767,3.6122238897475323,5.2440361987246495,17.82766033242496,17.736806250803664,7.190752411891286,27.031798138229025,17.7883090813212,18.10740669946183,17.44134088980352,6.641255371534261,15.42128094044179,1.455101306428346,1.0266189839091728,0.9886145382531288,5.357136268674732,18.422325009251985,18.294418335997925,7.499437486712263,7.318921272236902,7.0923980916863645,6.3705141941659225,6.506804491310736,7.807635404146681,6.317377875346378,7.97501975740846,8.054612501012562,8.036595430806043,6.6146854516115345,6.611419253376256,8.212166992579778,5.997905428069703,1.800945505529641,7.50234325863957,10.956372688412596,19.563076883156732,17.739267448349537,13.14095489474374,3.489867754794574,2.6324109179150486,2.8122999992255395,7.961372362737388,9.490605721021081,5.306497454332935,17.559059935620937,17.189340265432627,18.028743812808802,17.754566836303752,17.284566337431738,17.61216713563044,5.981167888090283,1.0526822529221873,7.924826042170781,0.14983271763869283,4.466276122653285,6.193650460411491,6.649643503962132,6.897299911493079,7.35826971807686,7.4487798372887335,17.52597279681156,17.197853601656067,17.159873642083074,17.741894645359586,17.61270426913393,17.636172934404,16.676826649295837,16.229196195809294,16.365905495331855,16.904055988547956,16.952827646205705,17.20545140995446,16.882854212661105,16.45411411541588,1.6764484726261417,8.742121691603513,18.020838707580097,18.062789910153256,17.267794192060716
OSM_NODE_6291998465,6.667255352576745,5.8484441674832075,4.777990553353287,4.6471334410504435,3.868470419221095,5.180992124078582,5.258853797402252,5.460096204052694,1.8051578205584706,8.140484768564532,17.18422694667525,5.511160087787703,4.765512262304664,6.107891342749191,16.508174536834115,6.1486266185563805,13.507214861264767,3.14817544012839,6.888780123714553,4.138407821555485,5.998732987051849,4.106797430591694,8.575527959775137,8.419897386153956,8.460956659210426,8.740970682280164,6.053661695729405,5.185746707886482,4.056003521993368,0.7244243709932683,0.26219070483805157,7.9977208722617235,5.3191225272564795,4.84135245468029,0.2853792484797662,2.08724199083563,3.0451757704271873,4.06640357145901,2.3797572307700037,1.9035205922630394,2.818177840169517,0.7242689614097301,3.243201770449868,3.6681091499385476,3.4143376501406975,6.374912013407323,10.363890975492602,1.512014429921356,1.3994666267136424,10.10301123617087,10.319493009507012,10.93706004614083,3.7856471407481456,8.195747145208449,4.023817747517627,0.043179933317210546,0.8743527312705675,1.6652432880235952,3.850795718580528,5.038357047329774,0.7253856080977628,0.12220651856593456,0.44379762632943365,0.20486374845755295,0.14314176036290713,0.0,1.4058195954957708,0.6111432652694427,1.8163805047338104,4.506910739720654,4.172101316869385,3.6888583074039656,3.7826125409946503,4.256763681302425,5.18371124928021,0.22812376675938872,4.815817482977997,17.605092682245107,2.702816446596125,0.30811253420283663,0.085415248296672,1.00743632935064,7.993641493859456,7.5561917985021605,7.7900140649395295,7.2563785895885395,6.456346923231995,7.1441083655257005,5.343715044032312,5.047892201209144,5.119384233138217,5.626306560835704,6.437460367403511,6.428105499089236,5.8310316330388,5.641547586005553,7.535408768600765,7.230078059825822,7.22060698932048,8.901966471770793,9.04627226667046,8.730575437723346,8.254982337415843,8.490749751174286,7.96552053391688,7.47923689761498,15.598435000998698,15.57240668750631,17.080130286882945,16.86906322209663,16.43874878760277,17.36266358598422,18.021207346764427,17.236426399112897,17.15114479383523,17.38174343708049,6.0622352437809806,18.5709573714368,17.400545859559116,17.900305787132133,18.60024768250793,18.038801265328477,18.95957260951192,18.32519337484396,17.960103931238777,6.0190017029982235,0.668133926564,5.624167214520001,5.671303042586128,3.5329159445370304,2.2661217791642096,2.902478640481013,3.6255642680927807,7.272789361208868,7.309946434738873,7.238756233824531,7.3217770181645445,7.099819238694907,3.7445884781605745,5.216262566347464,17.689750601507924,17.597644442088853,7.0878298031541025,26.972151953535466,17.64858305116971,17.96919298320444,17.302048802092624,6.599332105890179,15.323933112858077,1.3192586559309973,0.9328280069692471,0.898418377469484,5.33526882943275,18.285558323936012,18.1583049397839,7.390650457150559,7.21847529507751,6.973628584630353,6.255154498191828,6.394683906457647,7.693022064440037,6.203250246579611,7.865749442480456,7.95396715424394,7.933346307825102,6.496525661078551,6.500109304046368,8.097269160671406,5.885169755046893,1.8717333911395573,7.360049396689862,10.825066421205726,19.42366837365834,17.609599601224655,13.004545372162877,3.43813567509709,2.7754040389770624,2.952245288129444,7.818313061101389,9.347544026771368,5.334307322804047,17.422694921404574,17.053246762769778,17.892499968692658,17.621298859906272,17.153263600079672,17.481001870554607,5.863788242285973,0.9800806701732749,7.92108263429151,0.25837803066915255,4.336771659072444,6.084069256207201,6.534955640560571,6.7752237628578005,7.233642998252125,7.325353392002792,17.387420145402697,17.059377644942984,17.0215742702168,17.61132216614404,17.484192982190276,17.50418586383508,16.536441675344292,16.08881350383146,16.22598802895633,16.764049920829454,16.812986383019066,17.06562736745277,16.7436381972774,16.314894402458293,1.7204170061267283,8.869300061404283,17.885812736422235,17.932547714773385,17.1297874708467
OSM_NODE_6312985526,7.885524053779422,7.023810325663909,4.77050487650428,5.802638567073655,4.481627414270775,4.010777219639467,4.115752549551051,6.155214253588017,2.773020861020803,8.115352246262365,17.320468123613747,5.2463855038351435,5.07818635790849,6.139690951347834,15.467959411816055,6.248515298133246,12.535655225037388,2.001564200201793,6.8218514275829225,2.732589177421209,6.114530668858183,4.175292261041082,9.355002424825713,8.401678026062408,8.486151706031126,8.709882874721202,5.737095881542571,4.756266563793198,3.894593405880141,0.8372504466814685,1.3827449479950924,8.086797037453383,5.588211652709012,4.863476741344069,1.3842545604914014,2.3484411183370364,2.6994724176437,4.1378041438750675,3.0626323356618017,0.774404636677169,1.4153432365110248,1.8921647857675612,2.598695116430119,3.5821966416723043,4.510515997796984,6.9283305551514065,10.854510037160336,0.10881447414881597,0.06256771896184657,10.737697788066805,10.948795761538225,11.533183027089455,4.227708658747853,7.342320689668941,4.021523043763571,1.4359403648973446,2.0808833863356346,1.4265881487929308,5.255460102968838,5.776205641146106,2.127714776245679,1.5165828214466872,1.3125133394184962,1.4160050463794482,1.3639443189272316,1.4058195954957708,0.0,1.7422756604077363,1.1940812554337032,4.476601063876638,4.1107426775317535,3.504045677994078,3.6277042332133016,4.212547599125545,5.2394693313106995,1.4256216653905514,3.683315745077348,16.567496362798916,3.324257115257034,1.4156447012634525,1.4675691389379606,2.410850510287935,7.502578939589204,7.179404996325411,7.509036304323887,6.732182296650942,6.133264523964365,6.852043609439322,4.91321162282391,4.546309176554898,4.6608467178860895,5.25270280459396,6.215040352976502,6.240442448119838,5.487945060893774,5.330514984366745,7.2752745817536155,6.994393238064138,7.0424460619323455,8.607499796436446,9.02346213954287,8.785833365990017,8.086393815179711,8.261922528749317,7.7792087784238735,7.221574713927264,15.718499387225073,15.755553188840084,17.226987084480474,17.014392258755898,16.649542154202965,17.469486106619687,18.115940460454798,17.33188148596865,17.416788810337916,17.629118886363432,6.283455556450342,18.791664292109566,17.39700163732125,18.148677996394973,18.660241799162797,18.051918400799973,19.12771759067911,18.466508728717056,18.140177969516245,7.4227449409868225,2.0699092950219296,7.026962082420244,7.076373413953681,3.8277545063078366,0.8640271768179674,3.0856423768499184,4.9516189323085875,7.698822552699586,7.722188231915216,7.677113924592841,7.757826735994569,8.220560676362378,2.997320708860164,4.063886012823765,17.848373201648435,17.80500717817973,8.376330746367532,25.9847469855069,17.87997439596274,18.13820385588113,17.51574737603458,8.003129846422047,16.62855098356539,2.461469529336736,2.311429237031937,2.2834993460403092,4.14464921591885,18.40279161381897,18.254737685200748,7.009014608982866,6.721648525737756,6.761697621997643,6.000051857872408,6.083661673504075,7.3977633382039,5.929029724820833,7.484013897033069,7.448850659337991,7.463878561512134,6.28375543699384,6.173988281918277,7.800700775514816,5.596543668249017,2.9604299845903377,7.809311454465666,10.823386690849194,19.63641428247149,17.534824321433327,13.131049066297974,2.5260869169153692,2.590356242540965,2.5170527458342717,8.357265228936194,9.870502765012098,3.946398924260059,17.52936518019055,17.152429834333482,17.99385679917201,17.636440918034072,17.11914158409075,17.44244847677897,5.6530891010623705,2.38145308029747,9.26271027257877,1.2238024952284308,4.421941088753915,5.74093458987551,6.262299967728933,6.627868949092834,7.127253059371955,7.193510595840364,17.57107071135254,17.241108728539004,17.19670974398177,17.557942503490263,17.383420015579595,17.48613239024054,16.80211310753428,16.355917894619182,16.47059978706077,17.01090613974646,17.05214993746523,17.30319921297365,16.955949974471043,16.528820182432966,0.3147410999988584,7.9009329963798605,17.949772453422717,17.870307461336626,17.29369006337519
OSM_NODE_6314589561,6.167862226737687,5.325627759008742,4.273826731887444,4.849993231285008,4.352443836116263,5.15792539827071,5.21608759574773,4.848954349672223,2.230923706560449,7.614521700643758,16.612343075737382,5.070873576134945,4.19161663624537,5.580232689185665,17.06013514435515,5.605564260110712,13.304817420956821,3.6411492473370877,6.379412549319147,4.417473375928698,5.453313476285175,4.695956576404302,7.968393700977489,7.891234042044205,7.922600039018239,8.214023842420419,5.623083144012396,4.80598131665901,3.6102670012523563,1.2611249822510862,0.41988904669030874,7.4478535453747154,4.748800758124991,4.328681527773874,0.40581485633730613,2.681116512313357,3.6550493505683117,4.655528448717342,2.882740950345554,2.371747250288357,3.0891745754601554,0.14999550495208255,3.8355865184088542,4.272909550490807,3.688274649455201,5.7675101345670265,9.757175682170674,1.8505855766573733,1.755994607291992,9.49187139230869,9.708363056043707,10.32620895478241,4.316193211427935,8.779395862915774,3.531518686244525,0.6291881335272355,0.33861441067064196,2.2667409497784408,3.6783587091214467,5.4618446861290595,0.6711703638947782,0.5241879498716421,0.4298806133607245,0.4338430758073571,0.7540436198053215,0.6111432652694427,1.7422756604077363,0.0,2.382900516668504,4.01308812751178,3.6933929098277876,3.2612815033681284,3.342354140305319,3.7714080191941104,4.658694017290611,0.8249254792350114,4.774438457609515,18.158092200170067,3.2121260065056223,0.3685289241829905,0.5326477651743813,0.8927237373529582,7.604710532621395,7.1313751742715255,7.333602363919418,6.885257513653275,6.023558978694691,6.695566886289762,4.961623516100373,4.697244237238594,4.751353849316353,5.220052070823392,5.973939584999603,5.954593099629047,5.4117936986126,5.214284368784402,7.074441988448706,6.764038846659458,6.738304093492386,8.443493340049315,8.516401784766673,8.185038978281156,7.7641168564014045,8.015254433395185,7.480946824937272,7.017916144888257,15.030228874251717,14.994419513743182,16.506653069199405,16.29594948504259,15.856329590245108,16.79542196845214,17.45558303337064,16.67116733730099,16.56136586281286,16.794088583076224,5.4959692758815475,17.986202997532178,16.853280782422264,17.31230850035252,18.0402834026555,17.487838455770717,18.381927922693755,17.751884271755298,17.38120092978757,5.837670958175198,0.6301745985067221,5.452597453071777,5.4776415555896625,4.096353500713863,2.549313083728719,3.490624088694236,3.6691086713665175,6.674087684032223,6.712572319002269,6.638920949009817,6.7220236414253485,7.301100329852261,4.329201283418087,5.180419076523892,17.11413796156347,17.015100646399148,6.636696300893825,26.761322972129058,17.06283387321042,17.391892328814805,16.71879013650856,6.414677409209613,14.887697315248285,0.7490610519660594,0.6998407390534331,0.6965651733067063,5.324103051293726,17.716074540570578,17.592314905039853,6.968666793671365,6.837680303860825,6.502601645600723,5.8031672022671605,5.958670572339158,7.241545536624282,5.757664632165123,7.440378492692593,7.570357461791369,7.537201467737611,6.029647219658177,6.067861256676682,7.643678984460066,5.4476460929244634,2.223996002525115,6.759017438734412,10.285868881332991,18.8396259009771,17.07687984695671,12.437676905087933,3.3179931535517673,3.386445711944296,3.55828547506139,7.210400952852625,8.739552463056281,5.530617629176245,16.8554411231653,16.487479126963667,17.3258433854543,17.070244146657032,16.6123483733927,16.940730938258756,5.4026079696097495,0.8507034984888783,7.894770308606785,0.8521498596879552,3.815612821073643,5.661776172891559,6.085621925064,6.287642764731385,6.732097041847862,6.829871521933021,16.80829330285697,16.48070171498969,16.443877647968762,17.07403568399527,16.957302398971283,16.959723825847423,15.946931436702329,15.4993432619999,15.639226865637722,16.176740803901318,16.22662670612322,16.479350937359595,16.16084882468238,15.73211654741261,2.0455444446552127,9.433273709440718,17.32558589630055,17.39687684495248,16.55369123194566
OSM_NODE_6322556737,8.468837219101372,7.661104643953085,5.95028702665402,5.262270651195106,3.533543789167737,4.873268301714728,5.003209207316943,7.142272232978748,2.2753327857545083,9.304291481687414,18.498776869200604,6.440072049512132,6.198319604024295,7.319661050286216,14.691863281631914,7.419549040397442,13.476217457633563,1.4537012420558506,8.012186265482697,3.0169961913347367,7.282600037868495,3.0104546219553634,10.30928374869411,9.59038664931148,9.67118328144406,9.899784276011122,6.928138105038451,5.940773828662445,5.084639245014559,1.1232575280268435,1.963143949383894,9.263835678733042,6.722863891955711,6.039991978213812,1.9782002461497257,1.3876787874990901,1.5064820028807164,2.974210807667485,2.274249787974793,0.657405060305047,1.9602621054736094,2.518154329670772,1.4870135842728416,2.3977968585467346,3.957891669318878,7.981124689879109,11.941686458178046,1.1775740014388147,1.1318001647783047,11.7674167814077,11.981284587194153,12.580957420518525,3.1964836131531906,6.3994509604616,5.196347869946811,1.8187956925125912,2.6840173518068347,0.43565625842843814,5.312808432026487,4.861860353051046,2.4507220042263897,1.9346539733108614,2.0112715766739844,1.9537689580763624,1.6927393091957308,1.8163805047338104,1.1940812554337032,2.382900516668504,0.0,5.657637190379075,5.293282005952979,4.693992108333823,4.8161566840042305,5.39377524503413,6.413125687931759,1.6765058336767569,4.595555312843244,15.788726131130964,2.460297586695944,2.0154328234669117,1.9016150221910808,2.6979822295498614,8.667165419989301,8.362373217436366,8.699857932103304,7.893079919486482,7.3232178278085245,8.04294002642738,6.09694476587199,5.722793599208573,5.8424792544825035,6.440771936507243,7.408971639050082,7.434493222963384,6.677764195988743,6.52251526709319,8.46743520842995,8.187683903490443,8.236524995124421,9.796224716811718,10.213048654549102,9.968082867086814,9.280468353357328,9.45473237115747,8.973201045966562,8.413892408895988,16.898253448995916,16.9262215108203,18.40381122341867,18.19134335283902,17.81599915315408,18.65152358722893,19.29954217072067,18.51516309311054,18.573113320910934,18.789243351874315,7.432474232061141,19.957333758511297,18.588458222469168,19.308855613299915,19.847412426275422,19.24251111644664,20.30216890573755,19.64454749355892,19.312437022067137,7.423837439824167,2.402397417429123,7.0218682227817135,7.105590537101919,2.745534571114626,1.5741719920696404,1.994748620148563,4.716299262980006,8.799633354819896,8.82737074768868,8.77392196012897,8.855657242059502,7.58372013609353,1.9554102005658895,4.943558432282763,19.023764719879516,18.9726150526814,8.852639339190688,26.8871217159385,19.043286019843862,19.31216728125408,18.682113415745253,7.997540652563519,17.058470449310654,3.124540666692491,2.6988855038633983,2.656504849971546,4.979554216609248,19.58389212952313,19.43819414566641,8.19180244941897,7.887971255492105,7.955604836551217,7.193430632059178,7.274475564510372,8.587790430147773,7.1218464609081975,8.665749360948547,8.61084498712144,8.632591678895785,7.47777146114067,7.363658708607799,8.990157855273246,6.789166418195606,2.551582860650451,8.903031868473791,12.012673459386274,20.80382136276629,18.72873550479595,14.30854853529883,3.6278810341651577,1.4083715091573448,1.3316855551093918,9.420964678315341,10.944107613854856,4.361882092430674,18.71144028216774,18.33523663271792,19.17668823306326,18.82682748900098,18.311967779455365,18.635472263625363,6.847167685253371,2.6856425367376695,8.970270227902072,1.5580057296133276,5.586387260181092,6.9302094395209535,7.4548440949456705,7.821472458805273,8.319895822975244,8.387009267499897,18.74252837550636,18.41272931938818,18.369349222477172,18.7514272966043,18.577500913649935,18.678333162413242,17.95809704798395,17.51134276367351,17.630654779958572,18.17081608026838,18.213579672896685,18.465062858300875,18.122293015730683,17.694658170992778,1.2340220579700076,7.05430479422207,19.13641375432015,19.064020708474246,18.468082080034417
OSM_NODE_6331818623,6.4549479487097035,5.555542301311623,0.2955278902088149,8.591377032280384,8.36166590961311,4.193392907459832,4.100903125140271,3.023758605477281,6.243638378745393,3.6611090280330005,12.843876244909751,1.2175202210350737,1.232209619382345,1.6631131459084012,19.185847156410734,1.7901637959198329,10.191869532831902,6.201087906920541,2.387127113626587,5.548383045058409,1.6697636775434024,8.516726716236057,5.890482249679985,3.945294167170999,4.0153179643277435,4.260640281945633,1.7667569695133936,1.4436896357532008,0.6559431752718345,4.77698857954555,4.244721404766185,3.611279084231677,1.4363315837775799,0.4042421908457008,4.221531637503035,6.5221501019490695,7.160840280814412,8.477096570025363,6.881082378482829,5.207089647429733,4.753723394080297,4.000355647413441,7.065072623618872,7.986065124549829,7.579301266330662,3.174712239974452,6.672299041481853,4.516481508134175,4.537099463997571,6.818477933986213,7.008892766026973,7.506267989963314,8.291586712266524,11.547943769198518,0.48311778520679105,4.543028405907613,4.007908937477404,5.794637207272308,6.550630254969474,9.465460150966692,4.605945946963401,4.475173647328048,4.072061256582678,4.304633389426308,4.631375654329839,4.506910739720654,4.476601063876638,4.01308812751178,5.657637190379075,0.0,0.36764421209874004,1.0113762705746294,0.8768357008866401,0.26405419578568495,0.7855399314372169,4.7318252168315595,3.857085165532774,20.276489309387802,7.20702466353164,4.200474353505256,4.458874194541279,4.703602184235558,3.8236912996501897,3.2319948124635682,3.3496360073503095,3.2237944724387986,2.133810164965708,2.735687469642111,1.5271291089772812,1.6147184837754078,1.504631698666949,1.550361037079325,1.9897491228596778,1.9526725045639364,1.634199247219652,1.4161388541806443,3.0843730475530244,2.7678915602723095,2.726351267000773,4.45045023319826,4.5711826348328035,4.310449159089402,3.751658606258338,4.005613055600965,3.468024217564165,3.0276396373400263,11.241997790817985,11.283760778185368,12.750660642671447,12.538034515232265,12.182740060893675,12.994035293959104,13.6419423560996,12.857532656828296,12.966813846585028,13.171926150092851,1.9412336738116707,14.325251457750078,12.949237347576755,13.691100475050423,14.192686598455849,13.598081369107447,14.652364203719777,13.989931532326139,13.666464834171762,8.328977658256274,4.585617351694241,8.035628617177377,7.9608795626995255,8.014845627700728,4.574289772961101,7.337133555531454,7.159926296068632,3.5647485719763274,3.5616928968271333,3.5676095995828416,3.63714965839708,10.964137599268172,7.423988685171665,4.124311653602907,13.372585402851739,13.336305211990796,7.310512486161625,23.447882970208354,13.417353755836682,13.663213564612253,13.04877080462714,8.823656772928548,14.999271665135867,3.7828635686862757,4.479166782701403,4.509502132121766,4.372877263535746,13.926785376162274,13.780575181873296,3.0834034266756714,3.131974739590804,2.5008987897179527,1.8534007093620313,2.0593466086090872,3.2679920460226657,1.8312419739496901,3.5321142731874517,3.8129171424720836,3.7296782361896668,2.0379851188508566,2.178162630873387,3.6626199917936737,1.5722440401241256,6.217497648828507,3.7088823667246893,6.366539756703128,15.16752932539641,13.124676383817244,8.654653178468706,2.8897224523001084,7.006708625178337,6.988664607744059,4.388734771442086,5.776829853911177,5.8172766672529095,13.053942102301377,12.677608694864716,13.51906081239415,13.181562841084826,12.685364794506066,13.011234349923443,1.4367888582187114,4.663902884879027,10.850735813763832,4.645729547268055,0.38175822918833086,1.8423151286338837,2.136030222743639,2.2745845044095097,2.72689621055926,2.819236366217862,13.098144578978646,12.768079520294592,12.722790402021745,13.134932973413097,12.99068970326577,13.044832738480586,12.35333227564664,11.908696474633995,12.014277906522675,12.554478430386864,12.593025711028224,12.843200430040575,12.48919601587433,12.062948615225038,4.540223805566761,11.930874243158668,13.480962081207503,13.45269921531351,12.818488434230058
OSM_NODE_6331888223,6.50292936979809,5.590706910758598,0.6631564771278081,8.330527541873133,8.0341842038136,3.9649098458595216,3.883957690663224,3.1919404914690834,5.923904801044905,4.018884064410868,13.210004805733877,1.4275022042455718,1.4416167086146814,2.029584482784536,18.851944383552468,2.156960759599944,10.298917665726039,5.835344395679003,2.737881122114595,5.2141152250306035,2.034683453826918,8.162518846627473,6.150851012675276,4.3038130750546015,4.378200865133693,4.617511742492644,1.9893466090107503,1.4697083608499983,0.33517862604754456,4.423088747057263,3.9100528410902267,3.9782912922609257,1.7362244781838911,0.7675422308712134,3.8869206020575278,6.172858352385807,6.797265183010733,8.122986310759458,6.549988899689227,4.839781480217445,4.394621754831355,3.687969602818288,6.697983800034862,7.627261097726446,7.293334163204545,3.441980653962575,7.015619835881623,4.149872928242352,4.17137502716202,7.1343142947075116,7.327499527770098,7.835154420701739,7.953458637684955,11.186519361882272,0.20965233042512155,4.209026789675649,3.705392134309474,5.434944944682832,6.3655292876376715,9.153167765701886,4.300274301291257,4.14465675155948,3.7343324886153426,3.9711311989850877,4.294098086735966,4.172101316869385,4.1107426775317535,3.6933929098277876,5.293282005952979,0.36764421209874004,0.0,0.650236186972101,0.51473764101574,0.10749619068169394,1.1497170162887596,4.395598880567158,3.6133640872788124,19.943664308351458,6.874537355937552,3.86704851882305,4.126627655365726,4.410403229456175,4.039615112099272,3.485526392375768,3.64453385125523,3.3990888168567706,2.3758881324886407,3.015275246485013,1.5832759133190306,1.571553457446904,1.4991187985654166,1.6910800059425817,2.2828574244306825,2.261298472785352,1.820330883908777,1.6051169145994282,3.383172457438467,3.0711873803608376,3.0491005724338547,4.7522074783013935,4.928969727326758,4.675331363766988,4.083160087005136,4.322954413780253,3.7936720682778056,3.326541236804697,11.60777852019558,11.651124517209963,13.11711575078566,12.904468859015283,12.55033212577341,13.359075421394529,14.006387551213905,13.222099605161132,13.334274329135015,13.539538571267887,2.2898026714140967,14.692842808323213,13.30777254143602,14.058719995490366,14.555320830226536,13.957801341261677,15.019191685723756,14.356102405362387,14.033604657845581,8.198439393203325,4.277493381070591,7.893783505202673,7.827702234123157,7.669084040304613,4.208467682893344,6.98637917077339,6.921995361862883,3.892138493536548,3.892721626175061,3.8915999212422077,3.9631545668315313,10.719928925409164,7.056344473938801,3.9023630414703776,13.739290834329562,13.703830224899477,7.335781746680973,23.603943159559734,13.784996143128076,14.03013471843856,13.416353999846258,8.705044962381022,15.122809513725075,3.503769578205946,4.184622246263,4.213045140821744,4.148353709848108,14.292136266711594,14.14508175271771,3.330544139550283,3.3190376449821843,2.80920977611434,2.1236800150489232,2.3051123250162373,3.5564265688087464,2.0884425329642826,3.7905032288188476,4.0216633388969765,3.953280754332474,2.3370311532422714,2.4206333431731606,3.9560367936097443,1.800639962603459,5.907670030062528,4.0325753265525375,6.726020291004989,15.535036323407938,13.476950641145914,9.021092519464023,2.565310978699153,6.646315882213185,6.6239418446253895,4.699451728903787,6.108683047480056,5.529064075107861,13.41896898737506,13.042362503155575,13.883811304994662,13.541456786587805,13.041411057052422,13.366888892582553,1.7149451789282741,4.369926913268526,10.689226696227374,4.3037479474294456,0.5052148654475613,2.0502807222733432,2.407703246383177,2.6032313340281967,3.069520046249608,3.1559005694141007,13.465384787624807,13.135311290770538,13.089909320763747,13.489253425908153,13.340268593658056,13.40221782114381,12.720749128202476,12.276056089668048,12.381870183085615,12.92207622772492,12.960657259484778,13.210839126585261,12.856787638199938,12.43056081676567,4.1727157347896995,11.576545387069539,13.8438864591281,13.806199152836951,13.185367851880523
OSM_NODE_6333122478,6.779462598988845,5.853878428530885,1.3047664213580077,8.016881017756035,7.556411168945544,3.493017037105803,3.4327965998400236,3.6713440980241674,5.474303541426933,4.61133518349922,13.827745024140702,1.822637054509493,2.0066818376590816,2.6565715266370318,18.215171523324827,2.799671770796543,10.369261218367,5.19133967254253,3.3182023733735426,4.579914517000189,2.6810587626488296,7.602572527682736,6.720825765639417,4.897708407657395,4.985797546694357,5.205986400204034,2.366275519813418,1.583749521990367,0.3906472217528357,3.8726195336563243,3.4295411525616726,4.604908380692603,2.3627537557692344,1.4150645538510813,3.4068116268046817,5.633292850581525,6.200351491744163,7.563431376942284,6.065899596903383,4.218670091536134,3.7444295208744585,3.277224248346537,6.078150037401522,7.050666691163175,6.924677826444134,4.028920959358494,7.6615188648069195,3.5370989574724194,3.56551172022963,7.759887788701176,7.95538598669231,8.471272324656637,7.445354673304956,10.537089015674155,0.6579837952773481,3.728031203569375,3.3221112192688986,4.857924114450068,6.225432931483471,8.713567450848023,3.900740901944201,3.6750332381418063,3.2455732028318454,3.4937594907766707,3.802066242021588,3.6888583074039656,3.504045677994078,3.2612815033681284,4.693992108333823,1.0113762705746294,0.650236186972101,0.0,0.13557677208142738,0.7577298533429252,1.7968604825842356,3.9061892492937353,3.119738235311011,19.30778803347109,6.385439479854351,3.390910387342282,3.6518065962539827,4.042866128630532,4.350774175952662,3.8724931696534686,4.105158445694711,3.6501749329257445,2.7684618755500328,3.45644390892008,1.7318328945555195,1.5529354360199452,1.5562341363932064,1.9616451786404463,2.7623610287524136,2.76754887649057,2.1506444829076563,1.9553292139191605,3.854073096499053,3.554363028950006,3.5692154504669884,5.217056166212294,5.519462894826716,5.290200091403521,4.6131188703372334,4.821959651834176,4.313174152985329,3.7983117292771023,12.223811471882716,12.278372261768235,13.736867767157458,13.524115045090445,13.181011354850245,13.971034875626097,14.615455518987194,13.831850563466029,13.971605836722333,14.174465988121007,2.9390828760987358,15.323359161672082,13.894654425326374,14.69341041313762,15.156658733871081,14.548533417642117,15.641314432057632,14.973953660719046,14.658362789253438,8.154931194855072,3.8714888256723836,7.83009064473062,7.781015187387951,7.13807835263454,3.564881189298792,6.440124558825809,6.665975191761466,4.529545365074142,4.532539003431841,4.526633477236075,4.5995218428548865,10.436661030907596,6.425838287998315,3.4423720815593213,14.360651221904831,14.333084997861075,7.571114305587034,23.747972336042327,14.417626690360754,14.653062678196122,14.046758367375665,8.68183036424203,15.493830825595222,3.1863552040080876,3.8162159637527453,3.839242510465857,3.6811472934113447,14.905505890737386,14.754408521114916,3.7087292012225803,3.5924108064252462,3.305259278160454,2.5703415269777055,2.706068094749177,4.005948555448226,2.51547410118821,4.181851145781477,4.320216492808463,4.279482643200878,2.8252999528891154,2.8124093631492597,4.4107126720904235,2.196316865629083,5.484964439854313,4.667211855952707,7.319350618364492,16.16387704566288,14.044407437942107,9.641471375299673,1.9503872740844106,6.0642965968042475,6.021044016565927,5.322886917690551,6.747627113598352,4.953125757653094,14.030854907412001,13.653009638372838,14.494308039793042,14.132892029528252,13.620372919666469,13.944529144535306,2.18940026412665,4.000817683783077,10.576731242377328,3.796297549623665,1.101904571540645,2.4013118357868866,2.8482105981856543,3.1397963097371906,3.6296729517398374,3.702842424060164,14.091141287179232,13.76101546869758,13.714569298187586,14.062776035792252,13.900064840869902,13.985310879903997,13.358543012538286,12.914371891121428,13.017347907033225,13.557402725064463,13.594953384597593,13.844729809209573,13.487432397948735,13.061800250202905,3.5490466284291675,10.926823610594303,14.446509226151413,14.37715704611216,13.808060108113132
OSM_NODE_6333127354,6.713917952010273,5.790306145939143,1.1707990355840316,8.075307895195023,7.651059468632129,3.5896846131031017,3.524744422696332,3.5643227307013574,5.561708613280712,4.488164107281421,13.70001691008195,1.7306023284195533,1.8825738908536067,2.525933051090063,18.34864072086151,2.6660001223023864,10.355335993995016,5.324847653640681,3.196781584774379,4.712666320843633,2.546598537677484,7.715977907583393,6.598895224253437,4.774329732697922,4.859663004650167,5.083783656642894,2.280733541802723,1.5420728824995922,0.27530993914701735,3.9826016205672,3.5223350848656008,4.474808338329218,2.2300701186677907,1.2801992089078187,3.499479876804794,5.741507029466285,6.322219493493398,7.676740082711759,6.161471878102425,4.34615442141266,3.8798863554164407,3.353308507722079,6.205544192588137,7.16785884050297,6.994703634513138,3.903265199986278,7.5263872548261554,3.6623105827549787,3.6889815090038875,7.6280837200307,7.823189744597575,8.337691556540616,7.546844856483326,10.672221174801633,0.5295600330306798,3.821297164682491,3.391884276419872,4.974743213643086,6.24528575657474,8.79997202988573,3.975234043947787,3.765553446824744,3.3400921341603533,3.58588934972974,3.8980209014986804,3.7826125409946503,3.6277042332133016,3.342354140305319,4.8161566840042305,0.8768357008866401,0.51473764101574,0.13557677208142738,0.0,0.6222338176708321,1.662141165513633,4.001626225858947,3.220803838736009,19.441096542468465,6.482280835330305,3.482611719785817,3.743526175461246,4.110236976581305,4.2831638070762095,3.7890890637996084,4.007613446107454,3.5932842409484427,2.681496580384355,3.3617878207603447,1.6851819325433517,1.53834724921512,1.5257602059206208,1.8936042201000651,2.659053509729189,2.659292071047257,2.0726789471938267,1.8723764738289754,3.754230545685239,3.4517618009464157,3.4595312217481426,5.119631978241744,5.396925016927022,5.162626516912038,4.502358303660979,4.717465077272707,4.204275051090231,3.6982317843903014,12.096421498589514,12.148512777102434,13.608694927651609,13.395961535477866,13.050397518133394,13.844576629387966,14.489642570262765,13.705870955758561,13.83948304639284,14.04289852786101,2.8035282122175533,15.192806494179411,13.773615863845842,14.561901821129084,15.032539579186242,14.426689344596609,15.512646451217558,14.8462215238366,14.529095007149696,8.15565160293741,3.9474320011012387,7.834873803808599,7.782197926362831,7.244729059852325,3.698208571170693,6.5501292478038895,6.711138876573434,4.395622806054082,4.398247877029885,4.393080814640349,4.46576523144258,10.489287937193676,6.555896011661326,3.5363097047594714,14.2321337576597,14.202806264348832,7.514255924034452,23.720545178483544,14.28658561935802,14.524202059326338,13.916217273865435,8.67856108417345,15.411640541262376,3.2406603238793856,3.883444822223934,3.9077415573048917,3.7769962623996807,14.77875801418483,14.628542063020149,3.6267730093986614,3.530933336704821,3.1998419294993905,2.4726107455636797,2.617316948406159,3.9104624904185026,2.4212024688967317,4.098037835804353,4.255086814650235,4.208756743363171,2.720500858118794,2.7257319095012824,4.314656697630098,2.106488788081175,5.566267069767812,4.533731958811903,7.196519447433433,16.03371110603312,13.92752416308345,9.51305409925571,2.078205355535344,6.182599604334168,6.144321521227323,5.191295723002121,6.613547422640277,5.073637628346575,13.904414043453942,13.526830459360411,14.368180633931427,14.010883588756874,13.501018628524147,13.825470338422983,2.085296085117184,4.06848640102474,10.592937021651458,3.8959071987373397,0.9706757410149541,2.3207932883312754,2.7524105473848337,3.02647947249321,3.512348797196853,3.588122746435793,13.961642971085926,13.631523989272987,13.585309536244838,13.944601007557388,13.784803209292233,13.865087530810358,13.22630810572545,12.782012140370384,12.885643192276333,13.425738057269749,13.463524688794246,13.713396131242428,13.356830285385703,12.931058602825479,3.677055471704957,11.062392685517754,14.322094014014711,14.259542025451324,13.679238620408652
OSM_NODE_6333656535,6.463117485220941,5.554084656523937,0.5587987599330103,8.38678341012879,8.11599386771516,4.047183436016175,3.9633461872239852,3.119242839422285,6.002317407511446,3.9223477267913345,13.107930440065212,1.3801808496099963,1.3560699892201307,1.9271655989318404,18.95714264327106,2.0510241273433203,10.290407128820302,5.942040020236827,2.6446724228712095,5.319169382037548,1.9279739180535913,8.2567464186106,6.05858955297744,4.206885713412839,4.278654909234227,4.521491905772354,1.9402974967170465,1.4770215425461544,0.4323019326774419,4.517032058673903,3.994609501727685,3.87521779905271,1.6346986756442439,0.6608971144488598,3.971447374451377,6.264498876064088,6.897169135632732,8.217161154340912,6.6332574788875585,4.943396686931024,4.50211736210504,3.762950600790838,6.801223475912485,7.724056080529656,7.3586672007033656,3.3475858821337052,6.909019303833609,4.252484719249114,4.273050022469969,7.031558777974886,7.2243003831639205,7.730395157568394,8.039903059352142,11.293926402532293,0.24785295462745924,4.2933331122215845,3.7763941042416502,5.53223984524003,6.39552850037839,9.228803184781208,4.372711372424361,4.2274108006363935,3.8202491849918854,4.055175882088098,4.379893387265758,4.256763681302425,4.212547599125545,3.7714080191941104,5.39377524503413,0.26405419578568495,0.10749619068169394,0.7577298533429252,0.6222338176708321,0.0,1.0429991916171377,4.4809308930849925,3.6991655926093916,20.048709728680496,6.958432896317713,3.9510406068962354,4.210140616663756,4.477973883492082,3.995310652172346,3.4285508737588617,3.57346080219476,3.3671212750363644,2.3214656348072222,2.9491664641343287,1.5824926410365887,1.59950585507004,1.5157820150039958,1.6659002916529368,2.211396398702776,2.1843917897343164,1.782003202332423,1.5650475955567391,3.310583020547467,2.9968172084600226,2.967534987653295,4.679027340914494,4.832471236666561,4.57434593561784,3.9984713953522957,4.243859961565703,3.711241029521628,3.253886187117945,11.506038657308691,11.547459493850448,13.014700325571201,12.802076132048361,12.44606578108798,13.257983886398812,13.905772609885839,13.121388941581081,13.228872755360394,13.434540268905057,2.182573668821679,14.588576397253785,13.210971721215142,13.9537565529595,14.456008107258986,13.860316480555662,14.91633931842136,14.25398544845118,13.930320980611658,8.211360873644333,4.350907111641798,7.910200053599281,7.841378208223393,7.75905307661871,4.315155590075044,7.0787846725922945,6.969970355612004,3.787360620289338,3.7874499301646822,3.7873063998292764,3.8585803578361286,10.770524108475328,7.161098820257512,3.9830004383483497,13.636589151529092,13.599789159943604,7.30248250806044,23.580996885038445,13.68038299505186,13.927161615576948,13.312122030109546,8.714344106003521,15.063961484409939,3.565603113147134,4.252647829929552,4.281823605657644,4.229739051358359,14.190782311939419,14.044419267618585,3.275568751227466,3.2833142026984103,2.7328691933272653,2.0596547029781935,2.2493830427609818,3.487594332023078,2.0286201503529617,3.7320966757748884,3.979653011992125,3.906440315058414,2.263577858766784,2.3661567322084047,3.8856215719244336,1.7492347040292766,5.982056346877187,3.9283437148340687,6.628618466938909,15.431043127981537,13.383468358828742,8.918695785826083,2.6683632965832134,6.7440664333144476,6.724738908292619,4.59735020970314,6.003447977461061,5.625491644836547,13.317888460137796,12.941503694595193,13.782955958388062,13.44386725664474,12.945979680777853,13.271668142190306,1.6474710620351047,4.437786693735274,10.71228979101152,4.391721199760375,0.42264603031499876,2.0059478420360257,2.343648610046057,2.519183354851369,2.9799930738109697,3.068888194632596,13.361940745387047,13.031881685102432,12.986658205603863,13.394731839821423,13.248106205036112,13.306061663960397,12.615275172123805,12.17049822751856,12.27679140273128,12.817016977850445,12.855771869940911,13.10601946950886,12.752522641375824,12.326200999206629,4.276781876471147,11.68392869297008,13.74437511898728,13.712100860298674,13.082449985038043
OSM_NODE_6333864197,6.291788756635221,5.431080631987587,0.495490873005949,9.080911713125351,9.009087729491227,4.82133866143898,4.712499607232023,2.6690963282792763,6.87757845172027,2.957290961776041,12.08612370604727,1.2221985541107903,0.9782887840987957,0.9243706490642863,19.945757029327805,1.0105159887471775,10.134358029066789,6.9850260874469665,1.7354443491430924,6.312677867779893,0.8849796327141738,9.236013929715835,5.2808455252582505,3.2361895085468104,3.2835440776086156,3.5575538460787612,1.627522740028157,1.7893107385222264,1.435471989828572,5.500733002222483,4.922533027855248,2.8516065451588637,0.8502162992306216,0.38218004650727094,4.899335430865105,7.2297044470212,7.912233796842844,9.196123576666936,7.5406823927112425,5.97794322015974,5.538694640337205,4.630168761020659,7.833556381600151,8.720135551464583,8.12977950839038,2.581444088389929,5.906113588202931,5.283057784277873,5.299304536958077,6.097417131885728,6.282585781954943,6.7618020118291104,8.966423458068045,12.333403139147677,1.217948123711825,5.2177536513063,4.616510570070852,6.533657638702907,6.884650330928439,10.073240531561451,5.216273750951405,5.142123250148885,4.757930707929307,4.979414049229653,5.313459845047965,5.18371124928021,5.2394693313106995,4.658694017290611,6.413125687931759,0.7855399314372169,1.1497170162887596,1.7968604825842356,1.662141165513633,1.0429991916171377,0.0,5.4109586023395915,4.510277522776616,21.034935885238426,7.8693531435532496,4.875653013036069,5.129920716228528,5.2859611988633315,3.573835247761763,2.896762062305204,2.884214390068743,3.0991954138112887,1.8960398214134007,2.3415533965430964,1.8064653867777916,2.0513698061669774,1.8943819044488908,1.6527646653449364,1.5989307488325473,1.5070834451633315,1.6134307390937686,1.4279594638967874,2.613973138873245,2.2934926185148807,2.1831991671907454,3.942157549780328,3.8625812501378496,3.56595223424192,3.1534868239113787,3.4531785853280446,2.8955674310783284,2.558745089239104,10.486747197258012,10.516084975774467,11.99071830767588,11.778270135327276,11.411298214802121,12.242699469486336,12.89363725719271,12.10875646995825,12.188813057792478,12.396157704723565,1.1782191747691728,13.553679170614167,12.227174472009416,12.915511586284564,13.452983931708813,12.871029626582406,13.889420517954362,13.231738001589209,12.900916531008134,8.532833947081473,5.20148737204707,8.265709867426718,8.172707888651686,8.710504112240004,5.358143080057831,8.047569642217391,7.604579547809493,2.8326754981681455,2.8224582868700816,2.8423621503778866,2.9074048494865226,11.40889823784321,8.19971073428465,4.743180303320899,12.610729683030385,12.566138613526853,7.187789666542641,23.25462408601875,12.64378810805798,12.899608915451516,12.277476321860759,8.99892715468979,14.640572236307134,4.3451775790739555,5.066333292947427,5.100531064926464,4.993278895588098,13.173553780784857,13.031926981516891,2.7723961681151765,2.9816171928460395,2.020452005707378,1.5560753550066635,1.8175775919885861,2.825587090567782,1.5792297142056178,3.1730078985159405,3.5822653008441177,3.461986071283192,1.6212631166190066,1.9352410607190973,3.19422354141699,1.4465686131817144,6.828315282339155,2.983329514702714,5.645738503241193,14.397540604262,12.425915992934643,7.895744887461534,3.6489247995357976,7.74679777809906,7.744810904970984,3.6852144801580593,5.029615311507284,6.523013356648195,12.30266715632282,11.927885127553456,12.76918509078328,12.453933283007125,11.973029191310724,12.300223288504302,1.1770204072937864,5.24827166650395,11.110922882380509,5.339148548325376,0.8472989482499664,1.7338288182063348,1.8057098531313616,1.7266891992409301,2.1038275420476498,2.218804931053063,12.331652649879738,12.001709412075497,11.957540014677827,12.428796482689108,12.301429679464169,12.327234265712255,11.574953377725494,11.129876066025467,11.238096976459328,11.77838746672746,11.817922908697499,12.068464545184822,11.717740730541625,11.29095526201196,5.313372565640446,12.71277915110031,12.740092780202614,12.749395212025595,12.055327678245368
OSM_NODE_6336211360,6.792434735324281,5.987008629798305,5.003773483280885,4.5046873583271205,3.650243465569453,5.296792051493242,5.380638240221518,5.669625164902545,1.6085029426466555,8.367541411270478,17.411908287923023,5.728809637293566,4.992782342571972,6.335197498202671,16.361716110929613,6.37660450310821,13.66792839001892,3.052407944179046,7.114627742954993,4.1463359726581315,6.226772216757386,3.880668124783316,8.773425524816801,8.647116224177886,8.688695286885752,8.968062387630171,6.269497788430135,5.39334896851242,4.275491576569398,0.6511744658606697,0.48844237561388376,8.225809123445186,5.546703987347579,5.067816668694459,0.5116476744588155,1.8618438860418705,2.84562318327116,3.8402627627808785,2.1598924984511463,1.8359668619566207,2.839289371783747,0.9250441499830028,3.0702939495359707,3.448217075507991,3.254072083504273,6.5924291368564125,10.582046600315032,1.526869592425782,1.4093353147242358,10.312314249558149,10.529070398539911,11.148669306733607,3.55994493367043,8.026999767426624,4.2487929508143365,0.1988826731571983,1.0579513311838755,1.4861958388495295,3.845316658519845,4.8320679919746405,0.7848862038473997,0.3018670059398696,0.6620203430666395,0.4329724886486242,0.10597947683555851,0.22812376675938872,1.4256216653905514,0.8249254792350114,1.6765058336767569,4.7318252168315595,4.395598880567158,3.9061892492937353,4.001626225858947,4.4809308930849925,5.4109586023395915,0.0,4.938507689986206,17.457782907259837,2.481170389125345,0.5359023847097371,0.2943923935228221,1.0515015522495257,8.201144228590923,7.77042241024269,8.009236958144202,7.460729969002929,6.672345633386811,7.362325639075927,5.551595914333875,5.25001740668334,5.324834458232751,5.838315936193777,6.6580851577209605,6.650067954628818,6.045126706206357,5.85707977991327,7.755361461719065,7.4508246818423585,7.4434895873150735,9.121258009505803,9.273539566529703,8.95856450896767,8.4787237023893,8.712527429948741,8.188549099548116,7.699254557165419,15.826310877929496,15.79957358701919,17.307701437464882,17.09665952810631,16.665395653304486,17.59058856398337,18.24919438384262,17.464423156654387,17.376524638355946,17.607553047833463,6.290077870712958,18.797276127824887,17.628518416118386,18.126053839923458,18.828357228637152,18.26686358632412,19.186795395060578,18.552782951987286,18.187190518675788,6.0081218113053465,0.732920573667748,5.610631442716491,5.666139052065423,3.3048135510806227,2.2891585578165334,2.6759689019268675,3.542070805775325,7.495421711212107,7.533064475678663,7.460934513194966,7.543992209979417,6.952917043723332,3.5786976267741224,5.335999379206954,17.91715493651817,17.824282628297464,7.188605113532465,27.133011882389532,17.874733819241392,18.1964442515514,17.52858442764756,6.588367695558512,15.412572015994902,1.502278115985278,1.0248304596872686,0.983948833133649,5.446815758437842,18.51338320454827,18.386279863133577,7.6044560937214705,7.4247650156489815,7.195118725626431,6.474201506472817,6.611227619284564,7.911527287356313,6.421364166466649,8.079968409133787,8.160449027017647,8.142256446471746,6.717590844299878,6.716000977277996,8.315994009873146,6.10219399978283,1.6984837913376032,7.581707588885024,11.052789537904296,19.650102014511944,17.836874570116876,13.232465164890257,3.589786421157189,2.5665027502557627,2.7614719280728006,8.035317034181794,9.564458995638029,5.371685216906922,17.650619609151985,17.281226104347184,18.12044977959722,17.849363896506347,17.38099573976544,17.70870163628203,6.084296328082212,1.0320721212718864,7.849015087744024,0.20367720645029172,4.563922301509627,6.298528404362819,6.753502142723053,6.998829426337851,7.458693955138094,7.549751565796057,17.614478734099944,17.286483064339606,17.248780794881046,17.83886851493352,17.711061544746006,17.732063730472802,16.76187394844815,16.314250444127758,16.451952584439994,16.989919341686065,17.039026549058555,17.29168394885212,16.970236265508344,16.54149076964269,1.7355128514004072,8.716166826214074,18.11391874205021,18.160000363433774,17.357146158872684
OSM_NODE_6437181282,9.794529467285832,8.864100429735526,4.069312201269602,9.43785704110829,8.110236784755983,0.4036947916370226,0.44331008470057187,6.783572885965208,6.442225491113308,6.500154807472014,15.533240333079489,3.659869545420939,5.05457950454312,5.063322680305646,15.672961328630313,5.3220117273538365,8.882537202999734,4.133848360432443,5.3222011710186266,2.4792418296528083,5.2649033605249835,7.494336476172763,9.74754715162236,6.765053803003208,6.949987175127441,7.001590507596834,3.841883157320948,2.9119920789702993,3.2822280745608414,4.485142910091572,4.646450044565686,6.771489792544573,5.285581668030289,4.197502269459051,4.632804530266641,5.950895460518873,5.851632236103218,7.462650115516067,6.736074335079478,3.938456757135798,2.6936927974883953,4.882089236365809,5.419542742630657,6.829843770057437,8.165289804972344,7.0316279736837615,10.300002635580888,3.6227306444959138,3.7311042332076165,10.593181075621818,10.772463928697507,11.220258151330249,7.792028475950449,8.727774231952932,3.7226345343237854,4.857469220231123,5.030744930751247,4.9736477448095195,8.406516236212651,9.426623604861186,5.406180198534236,4.88333884174694,4.473388885355747,4.7093636699974795,4.845696591131444,4.815817482977997,3.683315745077348,4.774438457609515,4.595555312843244,3.857085165532774,3.6133640872788124,3.119738235311011,3.220803838736009,3.6991655926093916,4.510277522776616,4.938507689986206,0.0,16.74703185665696,6.981693796009255,4.64372725777578,4.837290172366578,5.659901749614621,4.8008108688325155,4.806253276913189,5.328497243786297,4.056668035027768,4.111268877180482,4.754722307038553,2.9948674546329417,2.5946748814290808,2.7780330921927554,3.3604662158577834,4.443226040173199,4.555247000002925,3.5983858509897804,3.584810291136476,5.185245852909691,5.0174227289749975,5.206687781095918,6.255109251943407,7.29993334206798,7.289280133409882,6.108543808395532,6.110066826993187,5.799507990999748,5.146969586419807,13.940484228274107,14.130861409701051,15.467981461878729,15.257651575035394,15.06438231136698,15.60776596268945,16.209318125775095,15.446758288401538,15.946327501003049,16.10671390358322,5.664023781885843,17.173082692844602,15.279805035833638,16.614849062162726,16.65981358850673,15.957233127229737,17.37300387121729,16.662388714818764,16.437807525617444,10.526425315514112,5.3535876478271,10.15673195385039,10.156496650326705,7.333802437147186,3.023201004111491,6.58524331517303,8.419991416181418,7.33039249594158,7.3134097705213605,7.344901523449558,7.40654321419703,11.877068833375466,5.522164035806154,0.4065004914115077,16.10127173081932,16.178280413546652,10.527095409291825,22.31234255370688,16.310827790129494,16.40894901997547,15.91252945350842,11.092548331122886,18.575190081445804,5.169742280200714,5.474234810189313,5.470030898970819,0.5910787014759661,16.542656306625727,16.34881922845122,4.651248637877433,4.117418087031406,4.892758550981652,4.196852563968639,4.106918508002627,5.1979431463777885,4.093699690709068,5.053076878005213,4.719832614074172,4.8192096178485935,4.520577223426098,4.133639385771431,5.539068829794765,3.821838536778397,6.602932218712439,7.485056375293553,8.990234108420475,17.97912450545374,15.254547000668861,11.474872948441567,1.5143594507421805,5.909850799977642,5.621455691304209,8.19443640893641,9.491540346901365,2.101095764615957,15.665717273194906,15.280988362435819,16.105859880044232,15.556149009454602,14.939453143096662,15.244945596009652,4.073022969176717,5.619251639905222,12.669103304743585,4.744015837828523,4.1183556500781595,3.7715680415397115,4.344005767429594,4.958060266407035,5.463108882958552,5.450598278762481,15.892290764381444,15.566726296887857,15.507415054380385,15.32458095215976,15.049496636522557,15.333807819779857,15.349990904497174,14.92162926292231,14.975708672276616,15.504959902771335,15.52566561532181,15.765414012061372,15.365305877265142,14.95521033831119,3.465053462425239,8.858404021736764,15.974897562172318,15.610241563280498,15.574248376487514
OSM_NODE_6477881085,24.224756061349552,23.442916732997528,20.546560452499964,18.953569068733277,16.412169559755885,16.558388433497807,16.719351249682173,22.648154466369554,17.321846750496725,23.24082676545877,32.035783722036406,20.378230671855246,21.271935715860785,21.73305233661277,1.0996281969392463,21.960768461860486,21.225938281637447,14.56691178265258,22.065942683800014,14.729554330847686,21.87708981587728,14.817472239654347,25.854950298075682,23.500717873667142,23.693018069217388,23.723375251035076,20.58889378870192,19.637337957438746,19.6229899303213,16.899929187949088,17.739463644878743,23.51485021331707,21.670231865292486,20.670973189734198,17.752488159554108,16.091483326020274,14.815487418098398,14.843231872866571,16.707647709953697,15.829379070587422,15.681701833766043,18.298492028512186,14.423505427744535,14.730990916581097,18.13572009080784,23.27361203948214,26.939950860970423,16.474295409469544,16.529961109881768,27.060593423708728,27.25909286932432,27.778532872496495,15.900919993087784,9.548072664756807,19.962088480687683,17.607209169402914,18.469506073827905,15.992127937351421,20.566722555436936,16.942372319760906,18.211369143126518,17.723250432332687,17.759588466755574,17.736242096426796,17.480419148055624,17.605092682245107,16.567496362798916,18.158092200170067,15.788726131130964,20.276489309387802,19.943664308351458,19.30778803347109,19.441096542468465,20.048709728680496,21.034935885238426,17.457782907259837,16.74703185665696,0.0,16.53613906112617,17.78972812044876,17.690298046873618,18.432813738544546,21.204176034139028,21.41298576535066,21.980339323516386,20.571474056902453,20.847969686741944,21.458101183010157,19.732426736973203,19.319784267232947,19.502511164350025,20.104198142128787,21.190228891218393,21.301502399471122,20.34464766874422,20.321566917136604,21.872684796957092,21.73671328581649,21.942378554164602,22.7643129451726,24.01325040707124,24.032740094613402,22.791597250941596,22.731802178180843,22.492942019451142,21.840144397272734,30.48268514093716,30.748703918960096,31.989842528661857,31.785087590621217,31.68588962397346,32.05712074814233,32.60982806516688,31.882630587823876,32.604164339279876,32.74198661217136,22.211703098103353,33.7480446057743,31.517110947262807,33.23904003064847,32.96754655881386,32.19455937633522,33.86162458605435,33.130251652974465,32.976414656521065,22.311020884245472,18.167807307655906,21.941540570192636,22.096423818291115,15.584702969280855,16.03550640524905,15.606339735928037,19.48641510404065,23.83570514677088,23.836087528498368,23.834092239369934,23.90639479305701,19.953816341024694,13.899614724542838,16.663481744189536,32.61836626413345,32.763380514265336,24.51750220370508,30.944397959462975,32.92260672009766,32.93159695993385,32.51340570508556,22.80203352981455,32.524080587389555,18.905768691659354,18.467404354505533,18.422678269457602,16.438182070765553,32.971797462293615,32.74649960470256,21.276140962354187,20.66839675701752,21.630299090104966,20.943873321656966,20.84800837982327,21.84989629241338,20.8407269370731,21.61136005290153,21.11130351804705,21.264509700475408,21.267538793863384,20.867683989780428,22.145841904398768,20.565423273755112,17.63112135530677,23.974801420782583,25.629987608097256,34.52032074265432,31.31061882463214,28.1255387055873,17.387749894899095,15.178704433216947,14.815683602451639,24.624093102095,26.05207213495184,14.645946569526107,32.11229932839858,31.731017476968763,32.523594459403135,31.82084797476146,31.12406756690914,31.39829531993089,20.803987897545742,18.42801446194107,22.6576866865171,17.34672381769114,20.408163087822615,20.517399084238484,21.08594533973354,21.705092033389775,22.208808169476672,22.191758787494333,32.453820631177805,32.136155852559476,32.069642460470774,31.433918814757522,31.04696802813471,31.53286619447053,32.02062356866156,31.602450465293273,31.635186461411834,32.15407450519272,32.16627242583848,32.39830528538063,31.980020007232998,31.58335647131053,16.335450951577503,8.749056980141127,32.324400423753126,31.676109138845767,32.11802570772017
OSM_NODE_6536855095,7.981633854113163,7.353508575198708,7.475014653620475,2.979701733232506,1.1807668155573465,7.285498112982305,7.404273446177985,7.793046563393736,1.0765432327337727,10.82601513509819,19.788354361851006,8.207930286030471,7.381754865753702,8.791716418402922,15.463262248258477,8.816783613284764,15.854462452806898,3.6344341409135907,9.584588648085779,5.446112279388788,8.66397793327379,1.836610015206548,10.704030667321051,11.10313820224353,11.134280370836485,11.425735234422278,8.745769191876422,7.850261241375195,6.756374284423952,2.6179899600312933,2.9646661198755946,10.65573351994241,7.941968752042532,7.534577748009208,2.987768440872061,1.077954430893701,2.0396926582954715,1.8012241813716758,0.33084704961412686,3.09795752221218,4.4129051084916195,3.25197455112697,2.673477226759319,1.8062149659950109,1.7674688753550354,8.80334402772113,12.77077817097495,3.371133882661661,3.2705855426798798,12.373731337237558,12.592566289400153,13.236316320325354,1.1182271702016917,6.998051631252771,6.723941897664737,2.6655635929476467,3.2962549968237984,2.0395561141920475,4.041626138023003,2.4519529755002942,2.717495521880094,2.732003097745633,3.1431692655350387,2.9034140892731797,2.584349689703054,2.702816446596125,3.324257115257034,3.2121260065056223,2.460297586695944,7.20702466353164,6.874537355937552,6.385439479854351,6.482280835330305,6.958432896317713,7.8693531435532496,2.481170389125345,6.981693796009255,16.53613906112617,0.0,3.0075125546305888,2.7483239553683014,2.7452585816387227,10.65380116916965,10.242893826999087,10.48972825736809,9.903131186498568,9.148771901196318,9.84188169805713,8.009048275533985,7.689583865222073,7.775260214010825,8.306678849454238,9.139246287953624,9.13085598962979,8.518120616185504,8.332971173582992,10.236320203659472,9.931992704902047,9.923313701266656,11.601759630816607,11.728443795019654,11.394663291661619,10.9569024946078,11.193444976820789,10.668140918885594,10.180243227684858,18.214083823283563,18.157224116377822,19.679304303918336,19.46951757796907,19.005628004546114,19.98012995477107,20.64272894818881,19.859185831426487,19.682338567857297,19.92378678329309,8.692332872931155,21.125873515877167,20.06031569125407,20.440118833007148,21.235366635638993,20.692185633591475,21.543372015352933,20.924251306391593,20.539814778696865,5.836416340479013,2.7178007406451545,5.4507869841039165,5.5901246920828935,1.0632723130800912,3.9779672237979096,0.9764670115455045,2.976357400159798,9.775774699994704,9.821491511481533,9.73393236224025,9.817008349803299,5.167558416378886,3.1282711064149242,7.348210057467974,20.281485929441946,20.163045007975086,8.105415927331984,29.294030852497233,20.19964323296485,20.554822338516207,19.864631359207515,6.365354390668019,15.9879511377691,3.657258083341317,2.9262842012038077,2.882429886512024,7.4033651965906,20.89634363518634,20.778816229347317,10.076013971049203,9.874164684463512,9.676165030548258,8.954640634256688,9.088587544928599,10.39135338499267,8.900913531806651,10.552295885355008,10.609590267315657,10.599659818054182,9.198744192308101,9.192224296066197,10.796020013647395,8.58040862878919,1.284608692550432,9.84529435094142,13.497114999935748,21.981188509760944,20.288874571230156,15.62527571001378,5.834323309584061,1.686414060409268,2.1817463479796486,10.224234822210471,11.740222490802084,6.800495668024015,20.04010343476629,19.674760150948128,20.511335219791818,20.2745856637961,19.822517651093065,20.15110747533136,8.565446833913617,2.771244889002072,6.867808791171354,2.5920646490116406,7.024671661817931,8.772147582173856,9.23347129119766,9.477386402621645,9.932702577346943,10.02617801506446,19.966666183761387,19.64055060609232,19.606378188178326,20.28527895178612,20.16930288857511,20.168320720733735,19.069767236722793,18.622876133395174,18.773603659236862,19.308432169651972,19.361929330164333,19.614723314962312,19.308697475664133,18.880378182650833,3.5177762113306414,7.8917417597960595,20.520526811710507,20.608454761137985,19.72019364932413
OSM_NODE_6579860910,6.526462473761526,5.68916042202196,4.470812891825587,4.865613315023742,4.169974306573292,5.017449061168139,5.086976624665619,5.189675051710133,2.089488725326199,7.832486573199282,16.878930282373304,5.212312968273257,4.461603503236015,5.799814692057861,16.691811906657897,5.8407122968670695,13.277888261888478,3.279092561320954,6.581510455526039,4.125662628784783,5.690929752337246,4.409193316936413,8.322799850042466,8.111842059647783,8.152869061418183,8.432958000178864,5.756817227018968,4.899172512479386,3.7553634768954884,0.8929432340334559,0.0545856407168034,7.690066615950435,5.014292080911964,4.533686663147487,0.03729623107910025,2.3890231278676612,3.3104561955322245,4.36882668680654,2.683189054979057,2.0125635710781684,2.7968859727993536,0.5104282135392875,3.473273578694786,3.9606293488616275,3.6560553423772135,6.090195536568959,10.077393668432734,1.5244546864096198,1.4229345225878118,9.831467115958167,10.047461795795027,10.661586571804072,4.093061717865329,8.413290533512411,3.717357884881618,0.34268237268829077,0.6903753495448389,1.91192098640387,3.9012151741109995,5.327830139881372,0.7757814327412901,0.2866630695204036,0.1731205573635418,0.10415904303025929,0.44253076119828894,0.30811253420283663,1.4156447012634525,0.3685289241829905,2.0154328234669117,4.200474353505256,3.86704851882305,3.390910387342282,3.482611719785817,3.9510406068962354,4.875653013036069,0.5359023847097371,4.64372725777578,17.78972812044876,3.0075125546305888,0.0,0.26093174051408713,1.0496964522752896,7.706379964315726,7.260985850785712,7.489141217981,6.973140933950315,6.159245638744945,6.844398230831169,5.056722964401636,4.768355836563722,4.835559236490865,5.334122955952532,6.135180705698145,6.124419763671955,5.53628553857089,5.3451412118917405,7.233764703735963,6.927608162434906,6.915952021086618,8.60094945332213,8.738202532883145,8.422676459717529,7.949472323639898,8.18714620589945,7.66069499583,7.177526978797528,15.292520884504407,15.26849456375607,16.77515191489576,16.56401479923977,16.13605243796742,17.056565895141862,17.714861670174663,16.930040725039113,16.85112630933135,17.080842650548238,5.756533397763226,18.26896725793994,17.09262251100284,17.599526894452595,18.293203752432593,17.731050169593267,18.655501192134114,18.020157905856482,17.656372015342196,6.0690742510210764,0.7199218634442869,5.678694663939657,5.714597501351366,3.840549545511794,2.249335231665946,3.20580134272611,3.7765722961743546,6.978527860654837,7.014751088840518,6.945358911292286,7.028299106459329,7.320507602914568,3.96399233043715,5.047269224246083,17.38522154948698,17.294957887120894,6.9818024858633,26.74123828844699,17.346961927895457,17.665055405634764,16.99959384057685,6.648342029288449,15.229574889641922,1.1165526622914537,0.9119569967923222,0.8907103028708365,5.177181931012189,17.97980934349097,17.852009534159937,7.095963455348248,6.932857757555458,6.670395736781686,5.954616812284064,6.096962794223872,7.392943156163678,5.903764874304991,7.570517856231158,7.667954334456097,7.644394342750789,6.193772091441344,6.20312517053987,7.796917895567929,5.586976755103641,2.133696035582183,7.067609963587778,10.516974809204346,19.121421825774245,17.30152456445607,12.698482721595076,3.2302748503399616,3.053550039360522,3.2063189889791075,7.534170762562626,9.063314970141242,5.277190124804042,17.11659816095631,16.746935573957003,17.586305858904048,17.31355576257818,16.845175151384765,17.17290504306435,5.561690060800041,1.0136271815747278,8.047886133750424,0.5072268421550168,4.028750017310434,5.788836409494252,6.23494308441098,6.469888152809561,6.926996573719778,7.019269252004996,17.083759337345953,16.7556057052823,16.71755398455372,17.30320964103081,17.17626437606246,17.19616858278224,16.236325151122102,15.78869372997695,15.924776626984244,16.463031586138655,16.51160871096997,16.76421224673062,16.441048809323384,16.0123127285261,1.7259720433772114,9.064822444880607,17.578804047867408,17.62444050374895,16.825380440121524
OSM_NODE_6587383192,6.583752041262008,5.7638751428325,4.728138077148036,4.639398547847674,3.9094194387470136,5.205244340233122,5.28052226494563,5.38082927512367,1.8304996331912393,8.08710675520274,17.12072113316606,5.473244538003361,4.700783187120353,6.053814174814597,16.593352091627747,6.091306477997438,13.509005824531537,3.2296022700122555,6.838560138361591,4.199295214008693,5.94087060933062,4.174348017238757,8.493154022160322,8.365989580377747,8.404987293428698,8.687459076083783,6.017660794875589,5.1578253180077525,4.0162346226325685,0.8064956237441931,0.2251127565976499,7.939158610457325,5.255387100417018,4.789886017717447,0.2469102706427461,2.1559855290064527,3.1267253404629884,4.133936181151,2.423363361210463,1.9818576790852924,2.8765326641880824,0.6413681683584578,3.328148210822328,3.7419490202952526,3.416214058369399,6.2993553620388,10.288752842808957,1.5746152417421109,1.4637238707511993,10.023740211579481,10.240322175286357,10.858669196675923,3.8369877000229473,8.280984847072208,3.975766764844661,0.09657150780032302,0.7892737899966029,1.7495019091346036,3.7937316519159316,5.067954949485908,0.6601456375053714,0.04975257821275926,0.416832743625441,0.15855799953448876,0.22337295176663932,0.085415248296672,1.4675691389379606,0.5326477651743813,1.9016150221910808,4.458874194541279,4.126627655365726,3.6518065962539827,3.743526175461246,4.210140616663756,5.129920716228528,0.2943923935228221,4.837290172366578,17.690298046873618,2.7483239553683014,0.26093174051408713,0.0,0.9433017221952633,7.965330150852936,7.521665985431678,7.74995810416441,7.230802526093908,6.420111629933984,7.1053102042566545,5.315509910175988,5.024562947223004,5.0933217895750165,5.594254666814518,6.3957729994845955,6.384593139970562,5.796882344775664,5.6059414208092875,7.494472066947772,7.1881469140070475,7.175663946113558,8.86174359092241,8.99217820349261,8.673056141799995,8.20861041457713,8.44732254441346,7.920297581081803,7.438223218431673,15.535847791692344,15.507244911556663,17.016204440739116,16.805229943972428,16.37236189070261,17.300353639589304,17.959315606741395,17.1746129348949,17.082570236396815,17.31382629190521,5.999608714229825,18.50391861419462,17.34302856203438,17.832289376707134,18.539762077834474,17.980444312666215,18.894551305952387,18.261329806000113,17.894724579785603,5.962579822752958,0.6023496809514209,5.568611090883419,5.613378018912352,3.5925371901124636,2.32471760017133,2.969418304254836,3.594007158792689,7.201039584607323,7.238672491054692,7.166586320980668,7.249640605085028,7.093373345010989,3.8298626516852416,5.2388296623956165,17.62526465006182,17.531236396092226,7.007192749205218,26.973476298801693,17.581241135242152,17.90425375471892,17.23543178663184,6.542796568098224,15.244805033876752,1.2343359024127,0.8576145356497282,0.8248451615278857,5.361228560742633,18.222690881570045,18.096323553505936,7.356570732321295,7.191295008645727,6.930720844147691,6.215476856798207,6.357866009754318,7.6538329574026065,6.1646875329908735,7.831203683128454,7.926532490759077,7.903810050665912,6.454246688586455,6.463982744808607,8.057785797734812,5.847897233981223,1.882986138357729,7.287424675753568,10.769107860097131,19.35684605596846,17.555327096735226,12.942231209842157,3.4469373231532243,2.8543694302804146,3.0353829439814057,7.7424749383904325,9.271667928242723,5.386430058156109,17.36038289495492,16.991302736485725,17.830346524636234,17.56291207717646,17.097175475361883,17.425065387489806,5.8223287375203965,0.9140707874436533,7.883654301240764,0.3436702104727726,4.283413620296042,6.0495051928161505,6.495841087132722,6.729183998021121,7.1850267532279375,7.277929021561015,17.321971587873993,16.99404929826317,16.95651422618321,17.556050337453623,17.43117177152504,17.447308805677455,16.467944806452564,16.020324224450093,16.158327983124465,16.696231032464638,16.7454534611895,16.99812215399455,16.67714932705112,16.24840320168355,1.7823026365825596,8.954672685753696,17.825251120428888,17.877638951454067,17.065163443155196
OSM_NODE_6587572604,5.793635221844483,5.019211224884504,4.944214874209064,3.9926134450472395,3.79620778207283,6.040375279756097,6.102243126383008,5.055967967586449,1.6761544593031381,8.216410296896976,17.06581929426966,5.820386643833212,4.698252769078569,6.192392391346702,17.33901218191792,6.182880700530713,14.185055737500292,4.100200890137828,7.021010627290001,5.142454288241545,6.026344352099749,4.430458781535925,8.039602961744901,8.48598251548862,8.495304548367848,8.810958327972854,6.37942237348544,5.6134660376448675,4.368557191933943,1.6988801197572365,1.063800214459567,7.99435463740029,5.258959775058681,4.98359433246716,1.070633185057686,2.5162829353129705,3.688855412926838,4.390711081282004,2.419693740771567,2.8862501696849905,3.8186836296891866,0.810712295939371,4.01122549692605,4.119672782799591,2.8858500839316523,6.058283104545042,10.02988907016228,2.517783502903089,2.406278724194356,9.66260645125383,9.881120637563804,10.518302723947233,3.8614232237453248,8.954312808362937,4.23179132537452,0.9811887791948456,0.7236435207129708,2.4438214916659984,2.8562850767475707,4.790308615996419,0.28323456201270764,0.8942797799220309,1.2075033741166712,1.0144074541602581,1.075802528221108,1.00743632935064,2.410850510287935,0.8927237373529582,2.6979822295498614,4.703602184235558,4.410403229456175,4.042866128630532,4.110236976581305,4.477973883492082,5.2859611988633315,1.0515015522495257,5.659901749614621,18.432813738544546,2.7452585816387227,1.0496964522752896,0.9433017221952633,0.0,8.392691861854363,7.886480555323359,8.050951948892411,7.690075757288669,6.7752131773962425,7.4256439245495915,5.766365386191715,5.525703445814682,5.5678185475021955,6.002836959674275,6.6890719297791215,6.656274681175248,6.18107081797719,5.976730550331728,7.787009642444828,7.471334302275018,7.422503143118622,9.153987488938727,9.105696825112268,8.738892881164476,8.429939710057948,8.703657932160514,8.157971046750076,7.730279858408947,15.498822866595452,15.427369055234838,16.95449770266075,16.745412785781458,16.269683603100006,17.2647221119206,17.92941981227929,17.147176047102135,16.93941700423253,17.182323551847965,6.01028526980993,18.386453357843152,17.381745261117814,17.698206482702002,18.531336593517725,18.00557631206507,18.81164161699988,18.1987723579301,17.807083532320487,5.025299402010314,0.34114192291942536,4.633148374430873,4.6737254778462916,3.741871733587129,3.26716381087519,3.254649217526565,2.776465814053159,7.033684861436694,7.080584282908079,6.990943661570673,7.073949784174768,6.435662363405943,4.533394116956141,6.065348822630897,17.553214039299547,17.4263000690582,6.154764784837241,27.637077736915302,17.459690798102805,17.82411518870775,17.127280972416926,5.605163389526622,14.367134307276894,0.9473624701594259,0.22679653965856936,0.2066448472296972,6.204168430511028,18.176614689513244,18.064788264204058,7.727395167718209,7.634967772304277,7.20443869816098,6.533983684237114,6.707138449248348,7.965533313840695,6.4964144220466284,8.193726623864398,8.362991169895967,8.318993209071266,6.739962240815008,6.819863355895846,8.36336955125861,6.197559965040716,1.5622812986112213,7.101280598456732,10.847371845477493,19.242107241877353,17.64098796019556,12.915735041154734,4.210292044585353,3.362219782519049,3.646601218136752,7.481565752293139,9.000476953935422,6.319813579612293,17.324623245850407,16.96206744320669,17.796430433584803,17.588218498415113,17.157386303655002,17.486969481217024,6.124678800367532,0.04314520887846789,7.012958295353223,1.2255705966866373,4.46256662329168,6.426498759166341,6.8179563571084305,6.966421889634787,7.385335574841738,7.492778884674156,17.234009116005378,16.908672542624988,16.875785227922858,17.627391867989463,17.534665676092434,17.49537323892763,16.3272313943678,15.880535445383234,16.033392307898506,16.567499512088126,16.621797822361973,16.87455167990968,16.57215973562552,16.14411219456223,2.7255889576042778,9.684187350177687,17.816657831608307,17.953724093305226,16.99165876068155
OSM_NODE_6712311338,9.710494798582078,8.902154840067327,3.671218338807429,12.354195226555932,11.833798476590204,4.844253488309842,4.665227317748136,6.003339603870991,9.795766694765627,2.7036306008661786,10.84949355321687,2.61520724522758,4.5390302651277,3.0680057618218473,20.157504489800544,3.329373981657487,6.655477969368433,8.684511370384488,2.4166381271048447,7.262875584987518,3.434987189855356,11.674255187478108,7.680186127195283,2.8408794430494653,3.1050197931903125,2.90921075525421,2.0575561786450667,2.807926914468827,4.029948374345495,8.059688402397779,7.740493960047013,3.305842583186498,4.214141559680664,3.6941139482598855,7.718448453495799,9.806082387703128,10.12902034365777,11.637274539464139,10.344534375166273,8.075463871029779,7.124882988945264,7.6262577139525645,9.84513252665159,11.062515083891272,11.275449944027626,5.447685544624669,6.950706462772981,7.498779540997201,7.564482383532255,7.688367993966662,7.800781811158007,8.022803741350453,11.669316081077355,13.528582870741683,4.240046057161884,8.03463529738027,7.672739145218411,8.928030090105386,10.372640794209609,13.031984395168223,8.250487132454358,7.992914752718069,7.551033400692441,7.80683045333267,8.095371636217628,7.993641493859456,7.502578939589204,7.604710532621395,8.667165419989301,3.8236912996501897,4.039615112099272,4.350774175952662,4.2831638070762095,3.995310652172346,3.573835247761763,8.201144228590923,4.8008108688325155,21.204176034139028,10.65380116916965,7.706379964315726,7.965330150852936,8.392691861854363,0.0,0.7499629221305564,1.200476733204182,0.7793474238328694,1.7004481442958679,1.3209188891397456,2.6499378835371865,2.9687724013798786,2.8786550191818696,2.389862585420134,1.9884381412175582,2.108467324766933,2.2225855485400086,2.4352474533834387,1.3362556263924033,1.5350753039938294,1.8127232885048297,1.5680578668061278,3.1157341824599665,3.396506008399517,1.9251901303692143,1.6776550913938137,1.749131515195018,1.3597799422445402,9.282523673122263,9.548405010114143,10.79699146963295,10.590287936520372,10.485193211074277,10.894205929799337,11.475511559026325,10.72626196339772,11.415461008020639,11.543522936450117,3.8606060014023527,12.545411538259279,10.49768701832731,12.037336904715955,11.896872093339988,11.17682417894995,12.684241969592485,11.960762791727289,11.780224572510411,12.097319723867544,8.220235746222766,11.821003044393864,11.734470628251996,11.310481131734338,7.219837066695409,10.579020490269764,10.961163696873943,4.976681139770095,4.911062576256772,5.035035877039853,5.045987967954946,14.756070341173805,10.064271200431289,4.7320315081514925,11.428035297253928,11.559443948718409,10.63656304447741,19.681051419443314,11.719296250594951,11.739960252739749,11.309411905612574,12.569973224507622,17.579562963122154,7.518348191038401,8.16593878952593,8.189560522498292,4.914875573735574,11.82181464734342,11.614255491989528,0.8226805142414969,0.7818525124769311,1.7377791853876627,2.022407301026478,1.7779520854617554,1.1276099855759516,2.015946908597394,0.634934469984592,0.09491826632531741,0.1356006153614853,1.9827700272235604,1.657539171295096,1.1487617987119811,2.2515254462252603,9.824183906295435,5.1308619955025945,4.473148896559737,13.325239604494262,10.454421421862202,6.951095449651616,5.083624366283462,10.075428302166339,9.918994842910415,5.810949918961205,6.49802808372878,6.765207288028175,10.950929119335894,10.566944001720746,11.378917553400445,10.78009782362941,10.148497164375046,10.451062506620739,2.42741075545988,8.35079324678442,14.654333467620365,8.069104884054365,4.163107551580327,1.9896415880289537,1.7690715743056011,2.0925622353470215,2.165594176447867,2.0259839485771285,11.25223671675461,10.933265843382873,10.867649131198318,10.527109715028265,10.248772089968297,10.545673756767929,10.842135482109732,10.43468622385577,10.450173986310837,10.96197391427014,10.970543887618703,11.199614892244044,10.777717866277925,10.384496175433656,7.435009747539809,13.637213107079187,11.222239156093188,10.810741856394772,10.919533251667819
OSM_NODE_6718195234,8.971007485778085,8.170221701282669,3.0483922340744782,11.815191462254258,11.418567312867335,4.911101241204765,4.738659080392173,5.264020321885365,9.34655168438039,2.0995876829372113,10.72972301118081,2.0660968854237334,3.845425253156853,2.331137563662179,20.35523334378195,2.5854491409366753,7.401296633838096,8.499995423219938,1.6678593019778278,7.211448401997969,2.695341510202347,11.352551552963044,6.955578069154033,2.282447820088981,2.53353806397831,2.4142446104028883,1.5087238927546816,2.4233693605301347,3.5230246768525935,7.679972071639069,7.298422101261155,2.652490489868413,3.493049471721893,3.055837721419737,7.2758615251561505,9.43947405509192,9.847358264756782,11.314672885833206,9.927059359807169,7.796821808810369,6.937179029378383,7.141249009726697,9.606520464882387,10.759361467791734,10.77211272184225,4.697751390564388,6.354435277193253,7.185673203611987,7.241881603221328,7.035604959335295,7.157429548968327,7.4131871591545595,11.283858914827489,13.495618253504094,3.676294166661091,7.596001551043394,7.173600904518505,8.595028934261233,9.75193027557973,12.585963014399367,7.7616436344296,7.5459468895280875,7.112406488411654,7.363320978924045,7.665479393574242,7.5561917985021605,7.179404996325411,7.1313751742715255,8.362373217436366,3.2319948124635682,3.485526392375768,3.8724931696534686,3.7890890637996084,3.4285508737588617,2.896762062305204,7.77042241024269,4.806253276913189,21.41298576535066,10.242893826999087,7.260985850785712,7.521665985431678,7.886480555323359,0.7499629221305564,0.0,0.5973684940053255,0.8784962865385623,1.111326259595949,0.5799480239053334,2.2661959430847958,2.645970941539591,2.5199558157226285,1.9394991472984355,1.297851409909259,1.3996378005365002,1.7252964312325567,1.9173470965502353,0.6302953779149228,0.7873524106787638,1.0712489184507719,1.4737803544169212,2.6659530300549488,2.8503333409709564,1.4218270536758797,1.319724333951646,1.1686701377682922,0.6402171140961668,9.140802610260337,9.354597148850894,10.666690436443181,10.45696691285126,10.290946308010529,10.801540881032242,11.403917101136253,10.64056067002575,11.195096285140318,11.341401374055518,3.114254482089613,12.384579691631533,10.49775159999707,11.844272706007665,11.86205883615926,11.172487165464318,12.569388644875632,11.856978037368625,11.6401225044936,11.429380778538329,7.734995650385863,11.161968613350819,11.069466776832801,10.948217905679929,6.976413811724538,10.228554183556149,10.391910520139529,4.24343872646217,4.179651874538271,4.300233160623341,4.313949393133569,14.195702184008296,9.86007411386139,4.800841339742169,11.29988562079273,11.391778023880414,9.89963880859036,20.37099155558187,11.534319780188707,11.608603857089978,11.13121616519108,11.89254425364319,16.83812686199029,6.988580580456426,7.659961046385063,7.686451949356398,5.007623652195834,11.73641787299356,11.543475438747246,0.17070050167718787,0.7574435145438063,0.9899575845871645,1.3821333283935882,1.1805660321466787,0.479600342904448,1.4012363493585493,0.3095578922111898,0.797671160281219,0.6174289735431153,1.2789070728825314,1.0666493769817227,0.7366777567653287,1.6889497383216936,9.355335325202219,4.399494810468868,4.219315463910384,13.183342652735384,10.518975706745799,6.715080027980567,4.860616909883865,9.768030277883446,9.645017237459875,5.089231937273417,5.843081353764118,6.851198527455101,10.859475824420006,10.474744714385672,11.299880243117947,10.767780931999617,10.171032826023305,10.482426342614655,1.7994779338128377,7.845381637142974,14.004836732172654,7.6508826430976535,3.5478091997661254,1.472169944896343,1.105350725860391,1.3455519302646197,1.432549048018202,1.3001746431779626,11.098896001766327,10.774966561516285,10.713758620628363,10.573142403373158,10.334421054813827,10.559755571846916,10.608504652607907,10.189465535758654,10.225116056049563,10.747463644889947,10.762893747292884,10.998494685907652,10.589062368897375,10.184976989370579,7.140829781312028,13.662481003120154,11.17350988665532,10.868703680414908,10.776666903912124
OSM_NODE_6720791863,8.7291258241474,7.9610589530718485,3.1265381540950794,11.930195840550388,11.65847550412725,5.453764677171339,5.2842291870774885,5.037825980570015,9.561605448745805,1.5213878871624442,10.208217574868474,2.2852406165421177,3.774844807875124,2.165498731791834,20.91991766210853,2.371037055128942,7.716538256613353,8.914999111606933,1.3679130933592403,7.699359117604219,2.503500682670089,11.668631251115482,6.499845229795166,1.690361338005538,1.94535383345023,1.8169367917888717,1.7719559545935213,2.7776973766305706,3.7340125687580024,7.963080643888601,7.529434404142856,2.10672434519074,3.3562592207735857,3.109263289391866,7.50652891980169,9.725991049313793,10.196173617737761,11.630166036202072,10.169083521696312,8.155013125371006,7.356592124900029,7.331782352057156,9.984884959661487,11.090501250700138,10.928865892979085,4.371952318682716,5.779596278141783,7.52261593383419,7.571598237373438,6.491763717469154,6.6071179675766745,6.844483553492006,11.549665616533487,13.980031903540276,3.8192058161869897,7.828527012731262,7.349446774521612,8.910812112881683,9.767484229159097,12.795313405386755,7.944797585219233,7.771038797671895,7.347680063946931,7.592635019764207,7.905581776901071,7.7900140649395295,7.509036304323887,7.333602363919418,8.699857932103304,3.3496360073503095,3.64453385125523,4.105158445694711,4.007613446107454,3.57346080219476,2.884214390068743,8.009236958144202,5.328497243786297,21.980339323516386,10.48972825736809,7.489141217981,7.74995810416441,8.050951948892411,1.200476733204182,0.5973684940053255,0.0,1.4756156914164933,1.3779234135524239,0.6569990563446925,2.6277923738465256,3.035962833399673,2.8895521905436734,2.265066581215022,1.3620755875963244,1.4023998894309766,2.023000609235526,2.1803828857530743,0.27029301199303674,0.5913248425267021,0.755274794936771,1.1120324925296432,2.0714871445227927,2.257346180468653,0.8268014766416691,0.7895400491292218,0.575174160023789,0.32601619554380523,8.612954135489462,8.807171796012714,10.141042718570551,9.930403368092268,9.742226633451885,10.291259750287201,10.902006374837951,10.133533685271614,10.637074676114908,10.789043292819636,2.869045809975985,11.845532474387687,10.03157126473955,11.294476779312259,11.376443445669635,10.702843565102205,12.047767962982824,11.340640950018738,11.109507480693878,11.364453267199195,7.92194485079117,11.113250163688331,11.010559743168661,11.233841059936381,7.361811383734033,10.525454287541661,10.474589323327123,3.814602152266451,3.7456916358488996,3.8760282534445727,3.8813255604677583,14.28109961326831,10.259358314766931,5.344666464710223,10.774306702978661,10.851178608115898,9.666961281844713,20.51321398047435,10.987518321901492,11.08141358833542,10.587141916120977,11.809181133947364,16.425267909970696,7.132481344279121,7.825855967372601,7.8552340255862525,5.557756243120883,11.228018056109157,11.041738479198052,0.7090719861986743,1.3514718414319897,0.8646623192878327,1.5350888453448437,1.4254044339925973,0.1309519909755543,1.5919036987423159,0.5655487966939504,1.275588441519846,1.0686682777039873,1.311651631974798,1.338621763630989,0.3133449419226679,1.919409198651863,9.5515437960426,3.964689349178301,3.6660222925248642,12.650629653048254,10.087340714486931,6.1582633872700825,5.273698089747202,10.098780197509907,9.999727632796859,4.6295764495016645,5.300523148243834,7.393129593476755,10.34963234966733,9.965152403096274,10.79481947361308,10.294851527721278,9.71721320504803,10.032638729461752,1.9310717583864314,8.010908072734532,13.966875108214923,7.901454092280674,3.6241309954662606,1.7725322445063751,1.2577227731700995,1.1752659437282105,1.04184083186362,0.8900167312608506,10.563851561580098,10.238444000589205,10.17895086916352,10.131106661043946,9.915279893713153,10.100677164545198,10.0469543707627,9.624891388952802,9.666506171707637,10.191654525293817,10.209262185318694,10.44677002056369,10.041923752755476,9.634602230445374,7.491466119769071,14.17198767466443,10.682351017190477,10.432630630925441,10.245970011950869
OSM_NODE_6720794826,9.356022639275647,8.515324000690025,3.1111758823734426,11.666874726546025,11.083733509817499,4.12395747231898,3.9472964847829357,5.667238927626286,9.060841398706971,2.958330826450679,11.524123369468809,2.0079260654488005,4.077483642318934,2.7720340299019006,19.51760530388502,3.064556987843639,7.035162985865055,7.906545076109828,2.3089955832828384,6.505932263754488,3.1410090220416893,10.901429666814636,7.642127720504585,3.1536366819726074,3.400144204903793,3.292538543721422,1.4859752898899894,2.0793937643116904,3.3519084061030275,7.301871169698159,7.005714344985513,3.476475886883373,3.828327412182688,3.154260455454769,6.98394010638128,9.043087913140079,9.351865314713487,10.864597273606892,9.596419051607716,7.298651198428175,6.346351649289061,6.913069783386034,9.065852792811183,10.287344619349195,10.56633109517292,5.240050444681813,7.198411189332811,6.726670916548883,6.793928014393633,7.83730914514391,7.967487625224819,8.247673447461812,10.91010053253111,12.780451874032417,3.6053580216179477,7.297799657865719,6.9676232739402195,8.15834185006759,9.762630669250141,12.292787434705296,7.5379452496657935,7.259799749634465,6.815151600804475,7.072547745305346,7.354802114363593,7.2563785895885395,6.732182296650942,6.885257513653275,7.893079919486482,3.2237944724387986,3.3990888168567706,3.6501749329257445,3.5932842409484427,3.3671212750363644,3.0991954138112887,7.460729969002929,4.056668035027768,20.571474056902453,9.903131186498568,6.973140933950315,7.230802526093908,7.690075757288669,0.7793474238328694,0.8784962865385623,1.4756156914164933,0.0,1.2185540566935453,1.2071205147088138,1.9245954647015142,2.2136328806248553,2.13759419722623,1.7121474998433925,1.626291279206499,1.7758905088897656,1.5898028131723678,1.807967900485243,1.4670459643206684,1.5082035732272567,1.8010375103631397,2.21555545882317,3.543641101560341,3.721755137852111,2.3000778200583403,2.1706951637517755,2.04372322104955,1.4597840763788654,9.944618078509016,10.181080799635703,11.46616336403507,11.257753455601483,11.118204230861737,11.582198222306996,12.173570510336946,11.417434343856655,12.032708528894199,12.172286668200242,3.6017202873227463,13.198924994726022,11.22431382800299,12.671848683613227,12.610850744562217,11.902218358459736,13.362283685728581,12.643963598378294,12.444749696428353,11.548037016861395,7.505749620681144,11.258371205700682,11.181172526998797,10.545547097905326,6.440955289876953,9.811846126037915,10.299199956938354,4.91907375326356,4.8622447522769985,4.969561143302328,4.993134859613168,14.082399490702231,9.285461534392487,4.0122609577991115,12.098680077584598,12.208636637317117,10.266324123392037,20.224580694684082,12.35850223931694,12.409092906290436,11.952404739148703,12.035826474523136,17.441627088895956,6.833742620658947,7.463717993875478,7.485520582073031,4.206612077324525,12.51373097853241,12.31275235960813,0.7874347294258633,0.14781244380632597,1.6003893563987768,1.5684352875031748,1.2946783766185344,1.354861080675918,1.5262959114080497,1.04008721419833,0.717971233211633,0.7702299818283574,1.6505672105522486,1.1850595700518252,1.5849731396264473,1.6789039926695546,9.098351146425443,5.080178532688034,5.060423029769641,13.989474608447885,11.201972629274895,7.554843922113714,4.304581300987567,9.301097937537586,9.141269210380552,5.792912625392357,6.6460411192969815,6.0575502862997395,11.639529616473107,11.254959328821178,12.073545749002607,11.502296800517872,10.882785392112181,11.188454749650441,1.9221774104731573,7.647781455927193,14.07389743063781,7.324034041812091,3.5840866497372392,1.3930528028375877,1.384250932743068,1.9132026528633472,2.1701139037946473,2.063110340426475,11.909302282233762,11.587407302433025,11.524198705198794,11.269196309104645,11.001981766367367,11.277306431305352,11.45049459843618,11.035119504910343,11.063916830783505,11.582724956596639,11.595601870702625,11.828826754960186,11.414252857299731,11.014245404944294,6.660228412247442,12.90893498946967,11.930122488864942,11.556563592232862,11.582118637345944
OSM_NODE_6720856542,8.137469414725977,7.298258295299055,1.9711565995195617,10.706390514401203,10.322234058851782,4.290955540044334,4.133587944480492,4.450595914004691,8.242230197249944,2.3929617974445248,11.499821323444896,0.9549160778939005,2.8723426036650626,1.5851906222543906,19.777439927032404,1.8878915326315464,8.245791450762042,7.549545769750653,1.3335760405771326,6.400907974350669,1.9477535063480538,10.296910881452014,6.558018650506425,2.65435519961946,2.846269724664442,2.892734319851175,0.4030181150136495,1.4040579734798466,2.4136928756737808,6.601791234882708,6.197554499607376,2.7322080284852097,2.609780711797852,1.994218112712962,6.174875958186693,8.364028925768604,8.818603050824597,10.25859788372705,8.831040743226023,6.777103508386467,5.995022309571971,6.031706810672213,8.608285781131336,9.715263495800434,9.660806547045194,4.065159496045283,6.418771324394324,6.145794042407506,6.195832077135298,6.928544190498557,7.077341814664172,7.4239540676265365,10.198163368868137,12.665661158438478,2.568842901366983,6.495769366394303,6.062721611657701,7.538483472723965,8.675808015061547,11.481065244523654,6.651463179289763,6.443491619648879,6.012764306356412,6.261980114690399,6.567789559524944,6.456346923231995,6.133264523964365,6.023558978694691,7.3232178278085245,2.133810164965708,2.3758881324886407,2.7684618755500328,2.681496580384355,2.3214656348072222,1.8960398214134007,6.672345633386811,4.111268877180482,20.847969686741944,9.148771901196318,6.159245638744945,6.420111629933984,6.7752131773962425,1.7004481442958679,1.111326259595949,1.3779234135524239,1.2185540566935453,0.0,0.7228007998073306,1.2581044424279921,1.6760612666684298,1.5205825691041923,0.8880670165680098,0.46159977948035763,0.6197250295742954,0.6454630095741692,0.8159652152701539,1.1591156525354913,0.9248905440026981,1.0955420394150674,2.4753449691902354,3.1947780487765707,3.1861677900062415,2.047571250175724,2.1490869082381714,1.731391447254231,1.1092417804113903,9.897146646602923,10.051202516841832,11.42595568945064,11.214122515142417,10.980682928157167,11.59918649272191,12.219825746424885,11.445951000455077,11.848113095737334,12.015789663089524,2.4182274753808635,13.102207109801254,11.38327736470541,12.526941338156114,12.71124893643882,12.051582717469593,13.336645661746587,12.638607730919384,12.384061031127933,10.400182348674193,6.625206575553002,10.12166567686418,10.036509537934824,9.872738738516913,5.987364796377235,9.159623895564026,9.289938426975223,3.8511889340491146,3.8031636448511614,3.8940281162348396,3.9279011692575896,13.09172823070139,8.887226689948408,4.187296036231354,12.05831665511821,12.106152060113688,9.048296154931128,21.372807094422352,12.228020835832952,12.362176578713873,11.834848991728212,10.876652063436172,16.27342316143755,5.877895590051923,6.548713188727139,6.575296234652256,4.418275705853164,12.537281508391,12.35961248726531,0.9546563263197768,1.09212179628983,0.7823793260792647,0.3499011976155596,0.07858617773160222,1.2645763593972517,0.3181575127287186,1.4187054447399126,1.6990265353326182,1.5999318542519165,0.515855763495402,0.04474811222586394,1.6676244514138516,0.5776539840106203,8.2472311175669,4.01516773903394,4.926603130524842,13.919078622618951,11.456736512701196,7.389011889293078,3.913147044567623,8.723445472484965,8.621862962340721,4.744470464270033,5.752772027796292,6.207681455820156,11.658067495312663,11.274458487458897,12.108894698520245,11.641431930580058,11.07679405471412,11.394181920091782,0.7291929578874959,6.734136732898278,12.953909392034683,6.5570912078657475,2.464889332621937,0.39500474276873776,0.25522112958392307,0.9194105575357783,1.3755741454656107,1.344837861739187,11.830839264384815,11.503079630574435,11.44710623818107,11.496325362694195,11.28853421573448,11.456943281824984,11.24849603107906,10.81757501006449,10.878203501826189,11.410202231476203,11.433843499672692,11.675932160578894,11.283552502323623,10.869162872214977,6.113605216991767,12.893717756208924,12.01232655927598,11.800223122017321,11.521797131067675
OSM_NODE_6720966336,8.392193000456668,7.590281905145345,2.5303751746437118,11.326747887000652,11.012350786716135,4.905354811024417,4.74086128463391,4.6850362552111715,8.921028856977589,1.8342925323508088,10.808005079739518,1.6341394338148554,3.2778816916894713,1.7513380618330225,20.392434599252482,2.008555190952572,7.97635533477411,8.269267254128941,1.1275088249657113,7.089434007589273,2.116208298377738,11.01204505102765,6.455327526049417,2.0671850626220643,2.2896652562895334,2.2671678518484306,1.1149570526961983,2.1259627567428216,3.0894299055534353,7.308776789708234,6.884046069894097,2.2931364022896243,2.9148952486574267,2.526313836442214,6.861208766914835,9.07162524195757,9.539572427433427,10.97360592991774,9.522170076759043,7.499248466781938,6.7130861006022755,6.697247344983711,9.331084493164811,10.433507052137303,10.307706623719591,4.137366304483303,6.02143723194309,6.865740976774869,6.914605200767397,6.633743287909796,6.766495896743249,7.060321029750694,10.898493306064122,13.363465168155646,3.1964288965127468,7.182932280926496,6.7196980024325415,8.254094728549978,9.216432277776283,12.157152519726246,7.3129925483988245,7.127168420474097,6.701242770053566,6.947671355966098,7.258352682113572,7.1441083655257005,6.852043609439322,6.695566886289762,8.04294002642738,2.735687469642111,3.015275246485013,3.45644390892008,3.3617878207603447,2.9491664641343287,2.3415533965430964,7.362325639075927,4.754722307038553,21.458101183010157,9.84188169805713,6.844398230831169,7.1053102042566545,7.4256439245495915,1.3209188891397456,0.5799480239053334,0.6569990563446925,1.2071205147088138,0.7228007998073306,0.0,1.9782002919410209,2.391681666852024,2.2405424492652575,1.6108524897007086,0.7540872734664229,0.8349735061633533,1.3668328170432869,1.5238243041528268,0.44181159747262955,0.3100104931029589,0.595783693260131,1.763527734785211,2.5552574352103474,2.625015038223465,1.35641183439546,1.4275782244709994,1.0450187643654836,0.3966247674069542,9.207996519300478,9.379376244488732,10.736967028645513,10.525586411030774,10.311721840893226,10.90053870479735,11.517199336509846,10.74541709130027,11.19171920239494,11.35243217251017,2.5398869593517435,12.425911288312134,10.66734554417574,11.861213908226485,12.001840360327204,11.336782056608959,12.646375507720734,11.944333076371619,11.699770423806351,10.868732786392068,7.288900718826503,10.605600514193544,10.510288366122568,10.579782419992206,6.70989299301611,9.870118628903214,9.886138760208468,3.7338451655107203,3.6739689171302583,3.7872396977873994,3.806515405595318,13.692398469565864,9.609230398360673,4.79841889489438,11.369871289638036,11.430328137359098,9.320208264002902,20.943656115072045,11.558620551579745,11.675197778667139,11.162133914951479,11.327566656476137,16.302966695820135,6.514349127342945,7.199896185581723,7.228264174613292,5.020358234944452,11.838241357748917,11.656983983960309,0.5079128044555697,1.0600326748830349,0.4224571313916098,0.8927576458379688,0.7684666081035118,0.5500422407842442,0.9409796765456754,0.8329452717833835,1.3581710194293906,1.191840600644804,0.7214846015203288,0.684817110608194,0.9552869257809139,1.2647904026521568,8.91636655118497,3.893077165982154,4.242787836104598,13.237791212693145,10.735089255953094,6.721025258591935,4.630390717662867,9.441782941994783,9.34347681270248,4.597987127910611,5.443433571457352,6.837970949539363,10.959219774708542,10.575175745365181,11.407790980173084,10.927400804587696,10.358104658538954,10.674862584900911,1.3017489676548222,7.385195121504731,13.452271226157983,7.252119447032195,3.0308897542714894,1.1178053981190725,0.6099799636498772,0.7733760741497967,0.9633283452488557,0.8626084191635192,11.149684899287964,10.82284902873606,10.765331143552995,10.775857313158504,10.56602407742224,10.739402152977636,10.596092152937505,10.168924549263805,10.221065139798293,10.750257123151437,10.771219016752708,11.011368168168655,10.613315959205517,10.20187149342727,6.835232306721148,13.57439169981985,11.304756478356882,11.079070717230717,10.83673005024024
OSM_NODE_6744500748,7.970351167900763,7.076913493566085,1.549253957721869,9.7469590516841,9.188202403627026,3.2348058201932375,3.097452851007355,4.44556716003492,7.145989912617465,3.5580646381518832,12.74038636328259,0.6868063297118455,2.6665825648622943,2.1148532416260077,18.655030931647175,2.3983492254737415,8.717388144154274,6.291548587263346,2.334568410597534,5.179516654357272,2.3719564347640616,9.086616658853353,7.039899239234455,3.834123572524085,3.9971038834299737,4.097435789118024,0.9003822820758942,0.1589076451097697,1.4636085110071348,5.426532966085589,5.0906354513970085,3.782635175475149,2.656674509661779,1.6472318619298414,5.068615702020215,7.18194800103729,7.58486498508206,9.048788386110273,7.697895113710196,5.5371083323136725,4.737045707941791,4.988514185344978,7.35925599863869,8.49351743680476,8.641735667136027,4.369876685986031,7.324940264958834,4.919920784224455,4.975690504369881,7.687362343572081,7.856420591925159,8.271638598319566,9.035225018669323,11.425949866144466,1.7921702373468038,5.384698408078783,5.043591524617341,6.329526308408662,7.914326739457113,10.382067727154613,5.613383646133804,5.343306018776524,4.901101968511545,5.15702884733852,5.445872207226779,5.343715044032312,4.91321162282391,4.961623516100373,6.09694476587199,1.5271291089772812,1.5832759133190306,1.7318328945555195,1.6851819325433517,1.5824926410365887,1.8064653867777916,5.551595914333875,2.9948674546329417,19.732426736973203,8.009048275533985,5.056722964401636,5.315509910175988,5.766365386191715,2.6499378835371865,2.2661959430847958,2.6277923738465256,1.9245954647015142,1.2581044424279921,1.9782002919410209,0.0,0.426977822818325,0.2624808465972201,0.3847690721055502,1.4854292359562737,1.5790429349458295,0.6385669351459647,0.5900210699337294,2.416898495061223,2.1743707633124627,2.3022226615478147,3.706245434338794,4.406675313986291,4.333191618434298,3.298948637632919,3.405770411439857,2.9827071465120123,2.367323393123546,11.135866973681013,11.2728824692773,12.663906229450637,12.451722948837585,12.198673048941496,12.845772002563297,13.469559056022153,12.69413280222774,13.051723565150601,13.227001034473869,2.8195882619850186,14.326759170212418,12.64102884573628,13.740419136590567,13.965809531129276,13.308955978786924,14.575238005866687,13.88111788166087,13.617101023903452,9.778204998484112,5.581326029121355,9.469745382039331,9.406816026821355,8.689891601306575,4.734288171127195,7.966596809496903,8.395476781798006,4.4580589513262,4.429519708615697,4.4833834890442095,4.53593092798215,12.168479656561207,7.631735702561957,3.141062400421728,13.295531974060433,13.330675284918337,8.833712281207905,22.046897807761077,13.445667808787702,13.597872297895035,13.056256889527255,10.287290562126516,16.434174550966212,4.918177140752493,5.540147882826689,5.561574889199011,3.385977870860763,13.784016971082767,13.609327461841744,2.0958366570172564,1.8769588264659742,1.9907965724147174,1.238135728981693,1.2246698930529811,2.5090524575936404,1.141232160867032,2.5712709651747376,2.6114252456706852,2.5912490594153708,1.563309094458671,1.2940371649361433,2.9055988883902795,0.8375893642995418,7.177395161663211,4.619228498874922,6.165351044012243,15.148531963136213,12.713195782286983,8.60971772196039,2.6556915272060895,7.502066782305157,7.384528042063427,5.348673859748966,6.5536834979161185,5.091667697757083,12.904809329899072,12.521644967802125,13.357423113081769,12.898512921926919,12.334882046999768,12.652182430653077,1.0790656153850242,5.723999237341898,12.252589689672636,5.421337244173735,1.9084020770045897,0.8664176745939632,1.4412991331573561,1.9910485359121841,2.5092893622151933,2.51975792062215,13.060963402595316,12.732425157599895,12.678028770768565,12.753892834262263,12.542914324217188,12.715008882892205,12.448163685220335,12.01346481869137,12.08349507041645,12.61811801726419,12.644679065971227,12.888702196206234,12.50268254655037,12.085463929682797,4.877974799951937,11.676779094059373,13.26573455354996,13.05727054219936,12.755939679484356
OSM_NODE_6744521336,8.058918503738436,7.152447271571623,1.7107501052583165,9.5166022243584,8.870148224445812,2.8532095084405307,2.72410061736816,4.619489337640393,6.853025418878008,3.983959447251709,13.166062731619947,1.0652052411520072,2.824025697865157,2.478140271575672,18.24116128132294,2.748674975621618,8.817930728776162,5.879071530804639,2.752407768212148,4.752771450498338,2.7067898981803715,8.721570658946412,7.327027117754494,4.260534191194346,4.421801671488053,4.524406306607033,1.3267760845832148,0.31798384486185977,1.3688378316466132,5.091105804755995,4.799478306255179,4.19809177821153,2.8910964728222726,1.8253300257708553,4.777968681234602,6.838007090107836,7.202966133675412,8.684110275662372,7.382821809803696,5.151362190438908,4.32157982562943,4.734397806070508,6.962586983587137,8.12058339986521,8.385169675880215,4.632810748109961,7.708616041741065,4.548093663260208,4.608569503880741,8.0391261070937,8.212288166539404,8.641572419082808,8.70059486433817,10.999712719637568,1.7691818237625505,5.089607372141042,4.80217518756284,5.968484841396128,7.778226173057576,10.08153891395236,5.358137309643288,5.0548042335331616,4.608152843200188,4.866684777241172,5.144046829807069,5.047892201209144,4.546309176554898,4.697244237238594,5.722793599208573,1.6147184837754078,1.571553457446904,1.5529354360199452,1.53834724921512,1.59950585507004,2.0513698061669774,5.25001740668334,2.5946748814290808,19.319784267232947,7.689583865222073,4.768355836563722,5.024562947223004,5.525703445814682,2.9687724013798786,2.645970941539591,3.035962833399673,2.2136328806248553,1.6760612666684298,2.391681666852024,0.426977822818325,0.0,0.18344623668161184,0.8117431322210358,1.9118721054945775,2.0027181800702003,1.0653812242543637,1.0049278822828485,2.832227991761028,2.5966750733009407,2.728868650044534,4.101701630610362,4.833641596116754,4.757328405927001,3.7212906530846883,3.8183728823883842,3.4049673020075453,2.7837173880310453,11.561763198596461,11.699837010644137,13.089929617279841,12.877783426444859,12.625650202100598,13.270274688248133,13.8931386314946,13.11819688146048,13.478321209484161,13.653873501462321,3.1357783930200216,14.7536772684294,13.05843521660804,14.167339648686028,14.38705493106151,13.72720952357586,15.001213372433721,14.30649963297889,14.043610100177261,9.69235114027502,5.3231312661473345,9.372959916239909,9.319147430700811,8.343417396709983,4.33389771966631,7.614365549126005,8.198825329640298,4.792324733896434,4.768264191276343,4.813566823404449,4.869733032999224,11.950354362697938,7.225971529332281,2.7637078688677756,13.721650704596328,13.757588544520313,8.901888922743767,22.19756554755815,13.872642157291969,14.024153507218365,13.483221947451883,10.212686585863235,16.606789394239655,4.708924581452998,5.300980967962513,5.319571760277738,3.0114315418664104,14.20849737333064,14.032915414669915,2.47530303090293,2.1872631741801847,2.417041923303472,1.6648244835044,1.64647690082295,2.9147720668101598,1.5681961215550775,2.9461049975505986,2.921477351964468,2.922536679526965,1.9896933664318255,1.7102698363432103,3.306830628181974,1.2613833719036758,6.89867911041666,4.951414054889953,6.591008825679671,15.57527932147096,13.123301689643592,9.036665940185237,2.2387471242006303,7.130235970549912,6.999612137351849,5.675265639275556,6.917853046414106,4.684908340920451,13.32927329155835,12.945985398055873,13.78139416349814,13.317264484987803,12.749730575028611,13.066278725600728,1.4842610522579986,5.48290910794605,12.128695945359679,5.11121554622198,1.980416850254928,1.2882811568334762,1.8664243328219567,2.4157273712743947,2.9349503320213,2.946629429863473,13.487655213672586,13.159154491096317,13.104669302876554,13.16634517002267,12.950049516860078,13.131039142281534,12.874578526922853,12.439676580860114,12.510185797564162,13.044897722881217,13.071547676809475,13.315614400249377,12.929660005215837,12.512432480878182,4.4974086535373985,11.2500239881316,13.687694308675376,13.46846544693188,13.18234864145542
OSM_NODE_6744521337,7.958837690902327,7.056874302889965,1.5765049841872758,9.554628522303968,8.95517105341091,3.0348196489550228,2.90439652638297,4.487904322853083,6.923510541978723,3.8082285992360725,12.999426273244683,0.8818383661545305,2.695370007128966,2.29705137947352,18.42369287870218,2.5695815167152656,8.836377520533548,6.029079583948279,2.571503489737036,4.92739665124545,2.5303135007449726,8.83540528755107,7.163095042174402,4.0857994223285194,4.244463271462863,4.352284335039331,1.159588146509086,0.13482702425400753,1.3302521061193358,5.185702102124344,4.868247926470477,4.016286273725181,2.7389505928488584,1.686584731317891,4.846443579126957,6.938200734643953,7.328228614762023,8.797700100815286,7.465905068746109,5.279231846610375,4.474626378910303,4.783085478642172,7.098899295013269,8.239659481854144,8.436431706538594,4.474433159685537,7.525934798988034,4.665983380405646,4.723268736257925,7.860869667581844,8.033332450421494,8.460480712012945,8.79535830327866,11.168069484548807,1.7029488619809758,5.160707311695244,4.844275609314149,6.079404362002044,7.770634349040787,10.156753654757058,5.407762559537865,5.122219804436494,4.677825261081697,4.935034655052569,5.218962068397326,5.119384233138217,4.6608467178860895,4.751353849316353,5.8424792544825035,1.504631698666949,1.4991187985654166,1.5562341363932064,1.5257602059206208,1.5157820150039958,1.8943819044488908,5.324834458232751,2.7780330921927554,19.502511164350025,7.775260214010825,4.835559236490865,5.0933217895750165,5.5678185475021955,2.8786550191818696,2.5199558157226285,2.8895521905436734,2.13759419722623,1.5205825691041923,2.2405424492652575,0.2624808465972201,0.18344623668161184,0.0,0.6428715721497094,1.73792206205069,1.8251109449949408,0.8970526744116021,0.8247168503365245,2.679365907650923,2.436079599360225,2.5599922348791813,3.965408536508868,4.66231646360283,4.579418442668033,3.5605217831010165,3.6681206143698475,3.2443352944395314,2.629804147995905,11.394624401082291,11.528458992308437,12.922451970592524,12.710210846016597,12.453481440182275,13.105958802417659,13.730341621992398,12.954629092900165,13.303746044657867,13.480446123844752,2.9633528185744167,14.582673838427867,12.903412583669587,13.994254966838954,14.227534435564262,13.571256353175322,14.833842273128015,14.140496624568385,13.87467265474509,9.662867741290206,5.3742932832380195,9.348187454481772,9.290367157195613,8.445367010265315,4.473075987734008,7.719840486002309,8.219888148666715,4.616925378547211,4.591983487257072,4.638997226966965,4.694446219873636,11.98261085393404,7.369821313589464,2.944666814512908,13.553913684600186,13.586638639298192,8.8096511004271,22.19502869718697,13.70031731376119,13.855952330600061,13.311646231778901,10.17844136606352,16.478336056173557,4.7346414887388555,5.342211426974164,5.362274866347512,3.1920160354709712,14.044213404625541,13.870104419708142,2.349353399682898,2.1002412927191485,2.249585984904147,1.4918045930065205,1.486731233601036,2.7703635307532486,1.3969249249497697,2.8234685900967795,2.8360006008266994,2.8255507700266547,1.8155467797087483,1.5564904389094174,3.1660411647675164,1.0847083102219455,6.961374151301349,4.776473271385881,6.42454201410429,15.405352663339064,12.975432839512042,8.865425384726091,2.393492524601572,7.248483801444517,7.127034513261347,5.501652497965396,6.7374933183573,4.868279568651056,13.165024831126136,12.781954061894465,13.617974046277503,13.160752358291337,12.597362890353132,12.914656624584117,1.301482061396908,5.525223944932709,12.116497255884003,5.190855219410848,1.8784160336218132,1.1286054425281307,1.7016962458045644,2.238815497801308,2.7590637102395834,2.773785247863405,13.318005461697771,12.989336999224362,12.935241965144208,13.016307217839639,12.804800941800668,12.977469754195484,12.699506919096468,12.264153039176845,12.335934088599828,12.870994776409079,12.898103308891718,13.142470165980548,12.75768109038214,12.33996512201857,4.6214232578190835,11.424372449800495,13.52723646865552,13.319602978864122,13.013759018986933
OSM_NODE_6744534962,7.911782477315535,7.032734166844397,1.4983707523985812,9.967564383253363,9.483634206070343,3.586555158687579,3.4436217688705786,4.32135046180343,7.422742621942094,3.1747268226363796,12.356682511467776,0.43413163159709584,2.5799117176147823,1.8130012035206355,19.02791774605254,2.108656992438172,8.641555613418843,6.665361705900457,1.9620411082300504,5.564030969792225,2.1008277420079313,9.421181672786057,6.795598901581043,3.4501353850820684,3.615139101809482,3.7126985506718406,0.516719006931673,0.5193117190435451,1.6440134405806208,5.74055235905571,5.370170166864954,3.4113270186096067,2.4918192482793136,1.573449806566967,5.347805829883642,7.500497742454188,7.933921021136135,9.38306747159493,7.992216955905348,5.890503323656659,5.113538202134726,5.238547964646576,7.7202816843007,8.834846114484291,8.885969410564252,4.158329534275817,6.9846140311420015,5.263197943244168,5.315260523724546,7.3785992684348765,7.5434441274625,7.944431568585341,9.34460303503604,11.810221534960204,1.8990168205750981,5.666597777503635,5.283095837981289,6.662711437537901,8.056573942144611,10.661876659888492,5.862302027716878,5.620008225989591,5.182629303560108,5.435722980247157,5.733035779739181,5.626306560835704,5.25270280459396,5.220052070823392,6.440771936507243,1.550361037079325,1.6910800059425817,1.9616451786404463,1.8936042201000651,1.6659002916529368,1.6527646653449364,5.838315936193777,3.3604662158577834,20.104198142128787,8.306678849454238,5.334122955952532,5.594254666814518,6.002836959674275,2.389862585420134,1.9394991472984355,2.265066581215022,1.7121474998433925,0.8880670165680098,1.6108524897007086,0.3847690721055502,0.8117431322210358,0.6428715721497094,0.0,1.101686570771439,1.1996993788844115,0.254223145172392,0.2549149997878323,2.0460491197652266,1.7952580348551361,1.9177668518548432,3.3554841487503695,4.021906783236854,3.9518251886422346,2.91910673031332,3.0366523207237406,2.6030902397336955,1.9952669655670163,10.751977333759605,10.888117504440045,12.27989700555866,12.067682152577657,11.813916373299463,12.463121302992217,13.087739995524013,12.311882487553289,12.667430041380328,12.842394807350935,2.5641617109685977,13.942013481184254,12.26493922483838,13.355752364068833,13.586120257991022,12.932051216361085,14.19126381298664,13.497669164361618,13.232672752416864,9.873029427818352,5.83275210885284,9.574698172605698,9.50383456862056,9.009328417206683,5.099512722279639,8.29126871910841,8.589037013052916,4.172977745768037,4.139861691249507,4.202461466752116,4.251063048818552,12.376333891837632,7.999951580038637,3.4899895488401014,12.911437423532584,12.945932726574805,8.791943329784747,21.91514985628767,13.060919323450884,13.21363685003553,12.67148843156138,10.371412353778068,16.288826280622505,5.13184056298441,5.776080573088957,5.799774163161159,3.7321850935737184,13.401377063448864,13.22749891134096,1.7711228251695974,1.640834598958943,1.6068420532400347,0.8540302276463227,0.8484015407138845,2.1495913577163486,0.7565332077560019,2.2481017662397984,2.3615884398608773,2.317913147610722,1.179637196981537,0.9265289302937608,2.5502331746901987,0.46140323659896043,7.442289529992645,4.335758689853904,5.781742624136896,14.763909133124567,12.343934586404766,8.22495581911511,3.0342109251520726,7.843023248294306,7.736113420880714,5.068819789509819,6.233676658726834,5.460217407740213,12.522193094972389,12.139145248330939,12.975249163909584,12.52116033894439,11.961199490273186,12.279185541893094,0.7366334963792549,5.960949722609075,12.37800667848562,5.71520984864511,1.9263712677947007,0.49308340378340976,1.0591483253988343,1.609733721023378,2.126402785607754,2.1351963243023855,12.676386032690793,12.347818200839228,12.29349331962034,12.382428965901275,12.176457795089508,12.340200219705455,12.06406981647399,11.629589268474797,11.699100448352224,12.233621643415953,12.260077944584213,12.50404656083077,12.117917990060308,11.700727430579176,5.228012845946129,12.061282045686765,12.885402904098967,12.686963828783236,12.371597310643406
OSM_NODE_6744550068,7.753281030893306,6.928838430994314,1.7773518780592976,10.577728392918079,10.30515501010863,4.647855707333333,4.496746886427206,4.05330814511917,8.203130128959184,2.0730758701362215,11.27051741270055,0.9707577990074299,2.553183706516258,1.146379884847307,20.11599711544287,1.442790162053581,8.61078870130562,7.719761493064482,0.9051376808709071,6.664579923292385,1.5147834946890555,10.354081641619072,6.097180688759018,2.348701662954439,2.5148631259649075,2.614993737683529,0.6013449195927427,1.6077493071113373,2.384111425037104,6.632660575196179,6.176287481406141,2.340227614525722,2.2339757818143897,1.7722478885454083,6.153301626201241,8.394542557762739,8.912232131756678,10.3152329744369,8.817197861110628,6.887221182039798,6.178621901612371,5.970632324515443,8.734055704032327,9.788673997969981,9.567928208683284,3.621641902678972,5.992011968310727,6.235461066095585,6.277429671125233,6.478375469541271,6.62969850599215,6.986840136404197,10.205894911739747,12.902753467818286,2.4572806126891913,6.475526824428811,5.987420054475096,7.600736307061215,8.464079635289117,11.435125828561215,6.582970506890679,6.415941524133348,5.9961201026729105,6.238906973574332,6.554990653335615,6.437460367403511,6.215040352976502,5.973939584999603,7.408971639050082,1.9897491228596778,2.2828574244306825,2.7623610287524136,2.659053509729189,2.211396398702776,1.5989307488325473,6.6580851577209605,4.443226040173199,21.190228891218393,9.139246287953624,6.135180705698145,6.3957729994845955,6.6890719297791215,1.9884381412175582,1.297851409909259,1.3620755875963244,1.626291279206499,0.46159977948035763,0.7540872734664229,1.4854292359562737,1.9118721054945775,1.73792206205069,1.101686570771439,0.0,0.15838408024740588,0.8516428094503214,0.9266923397612732,1.1005506068997777,0.7928202466551082,0.837338909343159,2.4696772298600216,2.925902126762283,2.8524095403776264,1.8738762007709324,2.059739141928884,1.5644400594042593,1.0439926198024627,9.664745627061928,9.791341710818717,11.191556159415688,10.9791278630663,10.715801091989466,11.383491901393128,12.012594338443906,11.234555648777357,11.56645659903687,11.74255204278413,1.9780791003410476,12.84583715562783,11.217521280607267,12.256333021072589,12.52159193767141,11.880666087906352,13.102984022841703,12.413039600691205,12.140745164541789,10.131686851065863,6.560346932720918,9.864221311048876,9.771636854236759,9.900148338988885,6.131792177708789,9.199237667783565,9.133263973740059,3.389592876342781,3.341684189704657,3.432465434868618,3.4663162190186623,12.939718315689406,9.035097329427614,4.547264562357052,11.822375353436696,11.849878282557134,8.671700245573222,21.662004176958973,11.962557099572063,12.123418856001162,11.574329748441185,10.596145876797285,15.829210163359711,5.772193134344706,6.463898201684107,6.493200068870649,4.783883470205157,12.321637060370223,12.15227237985222,1.1761760380311803,1.4887744499726479,0.5467140370005074,0.24803458728872507,0.4126098370899874,1.2782457165812493,0.34967498100883077,1.5780101120150767,2.005155986201869,1.871417455119119,0.07798822483134664,0.4762333250787555,1.6742983545416406,0.6561389169452267,8.190393198655281,3.5535789692914106,4.698524189242587,13.669784263020965,11.325593980696263,7.128542319439411,4.1099703291811585,8.798403424588484,8.722208971467747,4.283051204719031,5.306393262838593,6.544286676885672,11.44275069882429,11.06045064636654,11.898202097505607,11.467926809224572,10.924516319445992,11.245240441866525,0.573873563169148,6.648980838531338,12.707879646568694,6.554829199805097,2.2776559275518937,0.6787270642450989,0.24212481520911253,0.5152261845291342,1.025303680739825,1.0362577922908927,11.58293100285151,11.254026325674722,11.200541400071819,11.354904585029225,11.1696971572117,11.298394798995494,10.96275207008966,10.528050279150108,10.598387370524732,11.133250235262851,11.16021143689653,11.404548359725974,11.020100221903888,10.602159189917547,6.2184342397219785,13.161793320607709,11.817943441667113,11.664051030261612,11.280535273995385
OSM_NODE_6744590579,7.617670198858501,6.798383780045478,1.724205925097068,10.527796741647382,10.293567058348724,4.767962708203897,4.619093007178172,3.914756268660458,8.185197420029459,1.9849811958175116,11.20456115587271,1.0155076734824575,2.446013287929776,0.9965363272355978,20.226000379280134,1.2895569205673938,8.744046131690228,7.773918809119995,0.7729669567424087,6.751423656825698,1.3663306717453731,10.367950872441982,5.938800221828643,2.2649581723768915,2.419354003466692,2.5413527684510537,0.7206945387457903,1.6926072728923607,2.3839994446414714,6.640157879060921,6.16643576471828,2.2185467490100708,2.106206957793247,1.708301151426293,6.1433738276076735,8.400366529673136,8.93936636162174,10.328935984825858,8.807521858825009,6.921554980233955,6.238715567740659,5.94733958280986,8.77231951155637,9.80838897360829,9.530706683963354,3.467681628651574,5.851366874090368,6.26353109176833,6.302694367406168,6.327096322078295,6.479604923813517,6.841482920518802,10.202864459003774,12.977846883532584,2.4276241170357387,6.465661106558396,5.9591934401970095,7.618047834354163,8.386689737465323,11.413177819326295,6.556372734214254,6.403633152631315,5.988096293612697,6.228354597577973,6.547591451593364,6.428105499089236,6.240442448119838,5.954593099629047,7.434493222963384,1.9526725045639364,2.261298472785352,2.76754887649057,2.659292071047257,2.1843917897343164,1.5070834451633315,6.650067954628818,4.555247000002925,21.301502399471122,9.13085598962979,6.124419763671955,6.384593139970562,6.656274681175248,2.108467324766933,1.3996378005365002,1.4023998894309766,1.7758905088897656,0.6197250295742954,0.8349735061633533,1.5790429349458295,2.0027181800702003,1.8251109449949408,1.1996993788844115,0.15838408024740588,0.0,0.9568946825206486,1.0028702789021215,1.1344376527656506,0.8158160850724918,0.8028827203976019,2.4978737751544147,2.854387777433698,2.754610385937205,1.8477244191244842,2.062730159370725,1.5456482626664354,1.0778167032475,9.598232785193112,9.714679468343355,11.123766686614932,10.911187799094002,10.636970580080385,11.322445548271475,11.95442273515056,11.175114214801486,11.481184246425755,11.660351871713313,1.8260690324708242,12.769584703720861,11.174497632359707,12.174980484737715,12.469606375786013,11.835579128363742,13.034960502694775,12.348121142146253,12.069434625254194,10.034273287862296,6.535026387327177,9.770640264289057,9.675565438308132,9.904018755596722,6.178636046649176,9.207672946789176,9.074394989758487,3.2316219808892437,3.183982253136124,3.27431237200806,3.3083961102564112,12.881066008486984,9.08076907409653,4.668495308278746,11.753840120414571,11.773897805912254,8.538400786260018,21.77046476972772,11.883169710042685,12.05377634319859,11.496861431640946,10.494540643121326,15.674441566705598,5.733742967328503,6.4318038792027314,6.462010940718008,4.9067903551946515,12.260338979632463,12.09402220226541,1.289251323161168,1.6366405879730095,0.5485741530676987,0.3671720284903437,0.5685411753471322,1.3304358482335594,0.47166145585383423,1.6675543845371315,2.129733167095219,1.987982148256798,0.12780227708391576,0.6345832829679419,1.715707840162966,0.7415401604590276,8.16637659857304,3.3956436806346058,4.637911790252006,13.59594760975411,11.29483243478265,7.053024830783024,4.177864874869676,8.819203664832445,8.75176255819618,4.125419567466647,5.15705684265329,6.656113163655172,11.381822913690538,11.000119564466182,11.838812499589745,11.42204711451109,10.886405294028751,11.208197813077646,0.5882515154699369,6.616565904093187,12.6174093076726,6.551049425294348,2.2218231956626475,0.8093116832773483,0.39543700578774077,0.41454729828995596,0.9367281322802191,0.9687759546293346,11.510089114966688,11.180858399478765,11.128301303438395,11.320492819225153,11.14333745518595,11.257914168602424,10.876118484143404,10.440130498435781,10.514061158276624,11.04983428076429,11.078017413074214,11.323119760392125,10.941706182988803,10.522579877100783,6.251695561578989,13.247634165731917,11.764460732235351,11.631391641090397,11.210212344672708
OSM_NODE_6744627843,7.902069604085002,7.033924218160343,1.5368322913781047,10.133402176495139,9.693425338507359,3.8149987835962835,3.6686032599705682,4.275005896119491,7.622822139301613,2.924295432044733,12.102459504251465,0.423157099241715,2.57197123856988,1.6473781041594926,19.26930590712906,1.9504617353100775,8.581910170646132,6.916544488163302,1.7255281620186116,5.8167937156060345,1.9586968537523253,9.652652778832934,6.6571474334597305,3.19866264655718,3.3664497619345473,3.459532693484197,0.2626598483259354,0.7724086615473963,1.8127091457962947,5.962274134099445,5.573471502068885,3.1741141125034233,2.428979534115844,1.5939790938937832,5.5509416345191225,7.72380436502738,8.17324746608187,9.614391765085465,8.201931000281258,6.132421845082896,5.365861345334023,5.425538388482634,7.9655916221730365,9.070013518648215,9.06639826654612,4.049681226936415,6.772345926869936,5.500333013914397,5.550512779823055,7.19104068358633,7.3525236712274,7.742198079982564,9.56228225530093,12.064369824753758,2.0236278767997042,5.87090101691559,5.464045877296008,6.894132055265283,8.17608086871669,10.862362354532376,6.047846842613034,5.8214757959178405,5.387237775615494,5.638488780203151,5.940184323948693,5.8310316330388,5.487945060893774,5.4117936986126,6.677764195988743,1.634199247219652,1.820330883908777,2.1506444829076563,2.0726789471938267,1.782003202332423,1.6134307390937686,6.045126706206357,3.5983858509897804,20.34464766874422,8.518120616185504,5.53628553857089,5.796882344775664,6.18107081797719,2.2225855485400086,1.7252964312325567,2.023000609235526,1.5898028131723678,0.6454630095741692,1.3668328170432869,0.6385669351459647,1.0653812242543637,0.8970526744116021,0.254223145172392,0.8516428094503214,0.9568946825206486,0.0,0.2181694373983825,1.7987637494104796,1.542975126315945,1.6636784737938277,3.120021711409428,3.7684021757216413,3.7037914903698357,2.66616156497592,2.789664656616687,2.3503004379441195,1.7472380066627629,10.497758453320706,10.634528982474377,12.025688755987842,11.813477819287716,11.56058121303524,12.20903136647153,12.833856158173964,12.057885107994567,12.415231462312112,12.589574893656618,2.4304478294225653,13.688310078295869,12.01331210707287,13.102770997036412,13.332955065243459,12.680048260063478,13.937052082131375,13.24345769504463,12.978581036690063,9.96128407464573,6.019761122730022,9.669581549012582,9.593763198509249,9.232665447945925,5.347162647245271,8.517648829065294,8.739432236767048,4.008035946774268,3.971379192951776,4.04072083281025,4.086095136217297,12.533486763105474,8.248615793610556,3.7167009776966884,12.65724134874784,12.692218035433406,8.79244208137433,21.813705999403382,12.80763310337801,12.959471470755474,12.417951144436712,10.452512620314474,16.21505057675464,5.29820017675037,5.954289316859517,5.979255857313275,3.956814253048237,13.147288260515051,12.973612072942833,1.559692338116564,1.5016490350695781,1.352619570941401,0.6036084845718073,0.5999581587453169,1.9100264119958026,0.5041436645452169,2.0348418516896305,2.2021034350174555,2.1413919914096207,0.9296227093666745,0.6860542294076846,2.312770778081879,0.24089631028144612,7.635585850302681,4.1716869329834,5.527523779501818,14.509967004693026,12.095668556160964,7.971344284769442,3.2873944751242985,8.078184364838165,7.976756127735659,4.906066985019908,6.038137173937252,5.69922029142849,12.26811036268578,11.885088687273429,12.721269844087036,12.268964691480049,11.710715366192058,12.02903013098495,0.5571921450495672,6.139510773695588,12.484125735848874,5.926057839225245,1.9976597178289857,0.2547904377764505,0.805561659250594,1.3630170551071747,1.876946459783716,1.8827235966073121,12.422397168370036,12.093858605041502,12.039469142470407,12.133034881704564,11.929674012810912,12.089168509625264,11.812200016659007,11.378049383222072,11.44672692892254,11.981047849502664,12.007272349361793,12.2510991044075,11.864514289943802,11.447504558131879,5.4684969076659184,12.313968932553504,12.632003346554697,12.438149827427628,12.117466811517316
OSM_NODE_6744632557,7.707397767188917,6.835041248805694,1.324013863039458,9.923926602401467,9.506741265750627,3.821105812530828,3.681174786650821,4.096044768621558,7.429614247047137,2.98777243389727,12.19718461301682,0.21217103068552567,2.3746071797618744,1.5590090684562656,19.243771488725525,1.853915992299592,8.795064590074983,6.797226515046321,1.7475458632620149,5.74873921539145,1.8461539025304656,9.488268028671099,6.541838956426867,3.2671334334124684,3.4213731257647817,3.539367515064276,0.4129919569185838,0.6910778267539825,1.6086242063742142,5.7874338512347645,5.383095148273919,3.1941826847683354,2.2576568463665616,1.3855703730416666,5.36046044941698,7.549993204752901,8.021515690159077,9.449815339103669,8.015464678836189,5.98650375523782,5.253342236239284,5.225502743573294,7.8265952935696665,8.911098805223398,8.862473882595934,3.909703122038793,6.742544954552195,5.345943992558833,5.393058645296683,7.126904098450531,7.292587363379435,7.697343167129942,9.38239055645341,11.9778766650328,1.8074563989156265,5.681099239455464,5.261111851167906,6.730437735329364,7.958358769466599,10.668895703304768,5.846873008540408,5.629737232892443,5.197875325441436,5.447711598111791,5.752433960647589,5.641547586005553,5.330514984366745,5.214284368784402,6.52251526709319,1.4161388541806443,1.6051169145994282,1.9553292139191605,1.8723764738289754,1.5650475955567391,1.4279594638967874,5.85707977991327,3.584810291136476,20.321566917136604,8.332971173582992,5.3451412118917405,5.6059414208092875,5.976730550331728,2.4352474533834387,1.9173470965502353,2.1803828857530743,1.807967900485243,0.8159652152701539,1.5238243041528268,0.5900210699337294,1.0049278822828485,0.8247168503365245,0.2549149997878323,0.9266923397612732,1.0028702789021215,0.2181694373983825,0.0,1.9449289421536533,1.6714044938432209,1.761096400134572,3.28593435535393,3.8511297057887393,3.7556436243713605,2.785510394466673,2.9333180459234827,2.471662194966793,1.8915093616886471,10.591371023369184,10.715042284253677,12.118069749384894,11.905620639504335,11.638304984285831,12.309891296633477,12.938375455837397,12.160662355460111,12.48401116443129,12.662733194823613,2.3103548244312497,13.769802274568601,12.135059224355716,13.177161687134202,13.444956575589792,12.799741908485794,14.029483077523068,13.339731935851837,13.066580841110811,9.743715930868456,5.8195228930505385,9.451640685795057,9.376079583592688,9.058526644730987,5.215817709812926,8.347088763284892,8.525939040155782,3.918329231761238,3.8854783691340695,3.9476530636268574,3.996410600805641,12.321389435454526,8.119103305489407,3.726111280225018,12.748792729393463,12.773959857160245,8.594019156552946,22.031744306260798,12.884733785661153,13.049645467146014,12.497640851690589,10.235540980533658,16.052683162893388,5.089632578009731,5.750001218780706,5.775506320268776,3.969806354012056,13.248061806451755,13.078070940844029,1.7544317146022532,1.7193508937051818,1.4585002370370794,0.6876974328294235,0.758369096022665,2.072509366025843,0.6043295999075718,2.2266085005211513,2.416546901057982,2.351523656801994,1.003010024511977,0.8592756305168198,2.4773526170965967,0.27257980151076394,7.438278923891429,4.081049831434719,5.625062947710539,14.594816764399626,12.230498320928326,8.052705628867152,3.1832819402602914,7.919514422042276,7.8275483881763215,4.81401809403744,5.984353998228811,5.6816161568535275,12.369130795453092,11.986736487900506,12.824283267997073,12.38763014545062,11.83767339103911,12.157262168217235,0.49184702851991086,5.935320440628893,12.26595629937055,5.741209699728326,1.7805728739982933,0.44989424152628865,0.9335573364840588,1.4173370266286696,1.9390520743886217,1.961295739858558,12.50829171703228,12.17926851860226,12.126091629129927,12.264090821525151,12.06889234320672,12.21372717625071,11.878988733409956,11.442957082527238,11.516793943942472,12.052443648935226,12.080390244150928,12.32530996978004,11.942872889154954,11.52418902470634,5.3201214442535365,12.24477971843629,12.74205686939243,12.571161695790813,12.206605864029362
OSM_NODE_6747086869,8.49120396302606,7.715505198158672,2.858568087849664,11.66179745279889,11.40361121328944,5.327272576399282,5.160806220011419,4.794091482502218,9.303429747390494,1.49189959451473,10.368637697005965,2.0389294074338187,3.5074552561449392,1.9049167237450937,20.808970566045343,2.1194786773589684,7.926805899956473,8.708445483222189,1.1302161423613624,7.52945002757583,2.2482586032953766,11.429335531943584,6.344143474568461,1.697492510243008,1.937291785222369,1.8680525511013397,1.5422008088447186,2.5631056296734065,3.479951429239514,7.717735271542245,7.274499908437697,2.024248311323408,3.094832466636112,2.8400278956966996,7.251550158768855,9.480530875497449,9.966211333177199,11.390737065547535,9.914945187554213,7.9290100383987,7.153140373323299,7.071079437972588,9.76426110673513,10.855260079980274,10.663598650220454,4.155237681653148,5.73522803207593,7.2908567682066705,7.337810510611135,6.405666992576559,6.5282866373373345,6.789851786266241,11.299427741231131,13.804599500479886,3.5557330807246474,7.573689199174156,7.086970190826705,8.672536238936754,9.497467724109146,12.535676432587323,7.682950370881439,7.515034815163172,7.093550782423409,7.337391804992472,7.651976188425707,7.535408768600765,7.2752745817536155,7.074441988448706,8.46743520842995,3.0843730475530244,3.383172457438467,3.854073096499053,3.754230545685239,3.310583020547467,2.613973138873245,7.755361461719065,5.185245852909691,21.872684796957092,10.236320203659472,7.233764703735963,7.494472066947772,7.787009642444828,1.3362556263924033,0.6302953779149228,0.27029301199303674,1.4670459643206684,1.1591156525354913,0.44181159747262955,2.416898495061223,2.832227991761028,2.679365907650923,2.0460491197652266,1.1005506068997777,1.1344376527656506,1.7987637494104796,1.9449289421536533,0.0,0.32114840576165443,0.5095688645760038,1.3691295021517018,2.144996238730222,2.2640545334777915,0.9236357402517306,0.9909011497401581,0.6203291687183017,0.05673461186626163,8.769391463404354,8.946031372448683,10.29829253629377,10.087040958252233,9.879212275416783,10.459768910986854,11.075827265338761,10.304345516375353,10.763635896678911,10.921747979497102,2.625912950601143,11.990737989759575,10.226302840765667,11.429617063788292,11.560029542013272,10.895472749867013,12.207290138829956,11.504371946921975,11.262283855112779,11.098835321972011,7.66056220951041,10.846325777915812,10.744404198707727,10.987682779822283,7.145415011762355,10.28199143606403,10.204898875180339,3.6416444673183928,3.575442254186027,3.7006804640365973,3.7105152833510733,14.011352237734267,10.04596634839961,5.219475991328454,10.931297417873502,10.995393545180713,9.427153430778866,20.76679242834379,11.125789771367915,11.236985867227228,10.728236760787533,11.545328407331379,16.248399060309172,6.866873374602458,7.562128639596565,7.591800867314381,5.438207077547073,11.39738227790235,11.215609728261214,0.6801511220724108,1.3298487787928321,0.5944444682397445,1.2847518477656608,1.198815383587122,0.236785613474796,1.3480967514617352,0.7223019847594733,1.3995915413541957,1.2007674908017247,1.047119857131585,1.12289963016753,0.5823137843456297,1.679284061382628,9.29081995771901,3.795183882463254,3.806973651447996,12.801059260234492,10.297911392416063,6.289760279383005,5.070700642333256,9.863817263702403,9.771596099212005,4.475260736506103,5.213124667672913,7.26306095391378,10.518414175153566,10.134307284697039,10.966622300404158,10.48594546500735,9.918159225983862,10.235301813015608,1.6725495519311848,7.747085876440613,13.699414612709662,7.6496966725702995,3.3555756425212833,1.5532951195856681,1.0137388217655052,0.9090549249089285,0.8354253510510055,0.6913684647440717,10.713139326067896,10.386608299428692,10.328635967204363,10.337211982195063,10.130936383385334,10.298907641164215,10.169663282996627,9.744083366154728,9.792889858922962,10.320920407667627,10.340892092685696,10.5803020867176,10.180322484816102,9.769964500420489,7.263692880604213,14.012384290261485,10.86297662712803,10.641177947376503,10.399089179518713
OSM_NODE_6747119109,8.217717637230328,7.431867066834064,2.5391334302140107,11.341704568705905,11.097562982820302,5.1796533305426165,5.017411983909713,4.514704783091718,8.99388319041766,1.5324230986133813,10.574938458181125,1.7492511412459164,3.19280244939107,1.6041021985804347,20.669295955192574,1.8335608422195029,8.17333569799042,8.459302542658452,0.8817199248796126,7.32523317354746,1.9556617805567684,11.140923512132932,6.180464329657451,1.7729170794627962,1.988806647605978,1.9872834671009743,1.2814048766068817,2.3145697312056943,3.1768774784788496,7.423050864253961,6.968839794662937,1.9832293685167914,2.7904487082644396,2.519382995371511,6.945843699266736,9.185338026797526,9.688915351652241,11.102177433731482,9.609831191801273,7.65706549199963,6.9087191989370735,6.758963269614601,9.497992680436326,10.571624350774345,10.346455006782385,3.9149885985370707,5.7115227267323805,7.0123510896981545,7.0568710893069415,6.329340519052782,6.460636045673518,6.751184262518999,10.998560068957671,13.590420831120145,3.2411730954914186,7.2680874506131135,6.772911857418812,8.385852472704128,9.177540036536776,12.224354916150734,7.369522446917197,7.208119304629572,6.788845608892293,7.031368925817829,7.347765116535901,7.230078059825822,6.994393238064138,6.764038846659458,8.187683903490443,2.7678915602723095,3.0711873803608376,3.554363028950006,3.4517618009464157,2.9968172084600226,2.2934926185148807,7.4508246818423585,5.0174227289749975,21.73671328581649,9.931992704902047,6.927608162434906,7.1881469140070475,7.471334302275018,1.5350753039938294,0.7873524106787638,0.5913248425267021,1.5082035732272567,0.9248905440026981,0.3100104931029589,2.1743707633124627,2.5966750733009407,2.436079599360225,1.7952580348551361,0.7928202466551082,0.8158160850724918,1.542975126315945,1.6714044938432209,0.32114840576165443,0.0,0.2952319612674774,1.6826901092988544,2.282689550126208,2.3258465146806295,1.1246648000866033,1.2698056712251338,0.8083698033415266,0.26538279147019556,8.972278345059935,9.129235464234245,10.501104504980457,10.28928922625817,10.059631172066547,10.674998450702933,11.296661114320857,10.52219832622047,10.931753756747693,11.096709248727612,2.3515658035014813,12.17924598353274,10.470446660466163,11.607052932756709,11.7914658733452,11.137073159681941,12.41176512850278,11.71382515125867,11.459615537615473,10.786269209908237,7.3476411393746215,10.53176236914171,10.43103307879592,10.691471754086356,6.885390314524682,9.98896280849663,9.883878642221804,3.463189822130011,3.4009735701922783,3.5187176946652357,3.5346166975168964,13.690300892942131,9.788140158571771,5.073747407144634,11.133495454702283,11.183263969574469,9.15083026394468,21.064045135978503,11.306911461476117,11.437455335041385,10.912748564108279,11.235372144583765,16.051657273859234,6.549517798610391,7.246693978176018,7.276676295874596,5.29878793609079,11.613144126939684,11.436442222871616,0.7664465417353276,1.3621706589538283,0.27334155958021156,0.9944107662805471,0.9502016403348473,0.5377804022633038,1.0677466269151172,0.9685719201369053,1.58502287858469,1.4008820968557956,0.7344336673678856,0.8952648368977374,0.9033515766878973,1.401026873237463,8.978490616677643,3.620637210579482,4.001872394520846,12.995114902906842,10.55919094174049,6.467874837090305,4.829234507676898,9.58070709022628,9.496495925425743,4.318031838688984,5.138376812409234,7.107345640365301,10.733917461005646,10.350413410492036,11.185268133447039,10.726018458010167,10.169173322323815,10.488059716907143,1.3666935147107475,7.431539435334945,13.383947762408496,7.347602838421389,3.0355086606470745,1.3084883405984422,0.7397082441295065,0.6017371980733117,0.6656699287588771,0.5553693440702121,10.906842803016874,10.579234816071525,10.522995308944802,10.59366062638026,10.397729496934227,10.546831869373923,10.333807841205992,9.904558785270842,9.961446475458704,10.492366078695618,10.51498906514808,10.756394207172042,10.362131656058487,9.948636068446312,6.989954694031351,13.816847967426588,11.091411103027317,10.900170440000293,10.597242996133339
OSM_NODE_6747162247,7.981843408212893,7.208204108465049,2.4783047769191544,11.26019951738646,11.083114975666241,5.384407107607473,5.225578572749575,4.285943163237247,8.969178179867688,1.300645071555881,10.44003169694965,1.8056787567065584,3.039558175082462,1.4155640055804057,20.87237172668191,1.61577737987729,8.431755903476443,8.556832497151417,0.6208472761308632,7.477311272522962,1.7487388620210784,11.170528682154616,5.888184114520239,1.5589012584604585,1.7561205837639442,1.8015281702234285,1.4021535001450218,2.4327728153311456,3.1843751940241893,7.441545102200865,6.958666152430377,1.7062100632233268,2.6059900258991697,2.4440857342222717,6.935555543952379,9.201038115525293,9.741052349231184,11.131491664746475,9.599023780695449,7.720414251160959,7.014421768319542,6.726706906963752,9.569100455994604,10.61124219528075,10.287814020707666,3.6505713036162235,5.432923112787244,7.064829861005221,7.104732070812345,6.038017548997158,6.170764613465479,6.467740589955497,10.99894541258032,13.727960631533094,3.206873138450987,7.25775047396441,6.73246445544105,8.420924628174237,9.049480773365635,12.191580316295326,7.331199897475336,7.193751155862528,6.781774255299104,7.020004818012234,7.341497873990912,7.22060698932048,7.0424460619323455,6.738304093492386,8.236524995124421,2.726351267000773,3.0491005724338547,3.5692154504669884,3.4595312217481426,2.967534987653295,2.1831991671907454,7.4434895873150735,5.206687781095918,21.942378554164602,9.923313701266656,6.915952021086618,7.175663946113558,7.422503143118622,1.8127232885048297,1.0712489184507719,0.755274794936771,1.8010375103631397,1.0955420394150674,0.595783693260131,2.3022226615478147,2.728868650044534,2.5599922348791813,1.9177668518548432,0.837338909343159,0.8028827203976019,1.6636784737938277,1.761096400134572,0.5095688645760038,0.2952319612674774,0.0,1.7592247258458962,2.1074414366726195,2.095756804904075,1.0448417163386428,1.2811865618401574,0.7453533085652982,0.4691334029382411,8.834916927203635,8.97216766195478,10.362567355852562,10.150296720190157,9.899288327490062,10.549760509418814,11.177428383889001,10.40000561975444,10.759782162724612,10.930753614277684,2.117318567566326,12.025460292738432,10.38061213331562,11.443100110423899,11.68459685355932,11.043467706843247,12.273982950108598,11.581674313012897,11.314908486065876,10.620002557260886,7.3114766048127535,10.372813465454449,10.267635284440317,10.70379664668141,6.968904862744379,10.009135527748613,9.787761509808846,3.172975278873882,3.1099040000810327,3.2293264990007384,3.2438955979575574,13.592007600369428,9.87212310742839,5.280101028263117,10.99395451089022,11.029340418655725,8.918095597214178,21.268465799933704,11.146515608854441,11.29596526300982,10.755752727437612,11.060882201128335,15.767887337952633,6.492381754860214,7.199278877095657,7.230747518744978,5.509279276611615,11.487983230400328,11.317133472095309,1.0604588790947451,1.6544763391670827,0.3148497201978869,1.0738507753017812,1.1021162065336174,0.7463083430613318,1.164089405361871,1.221790431700844,1.8670637336465103,1.677562924597758,0.7640150068336222,1.074729188709698,1.0429813977677604,1.4888838529466821,8.943408049399254,3.329680956803518,3.8658362005346008,12.846434670780745,10.493757530395396,6.308991460512876,4.94287374532823,9.62198356363053,9.552702845378905,4.024544688809198,4.847650325328507,7.303168368888354,10.608950237903672,10.226358561389668,11.063589152408229,10.6306553241588,10.088957463073445,10.410104456850174,1.3893575059900731,7.383392371594972,13.228203656655722,7.3473557972433,2.9651495999548647,1.4505650693240104,0.8685734361586415,0.45830796050542405,0.3704749685894837,0.2709235628880166,10.758786627225595,10.430297953305582,10.375814994850721,10.520975752427997,10.341024861796036,10.462075231725565,10.158712014266941,9.726586765083217,9.790419733369681,10.3235790327749,10.348568764860778,10.591648396556389,10.202900855488528,9.78674293236746,7.051016961008627,13.973647522537833,10.981256548464186,10.831073116899578,10.453845236514313
OSM_NODE_6754378940,9.510251766414804,8.791179094178732,4.218043374761439,13.01489875812319,12.770412668008142,6.337151606957526,6.161271865892555,5.877528034848273,10.672240097814612,1.7440445521899346,9.309327219783851,3.396336408592816,4.784443900606892,3.1461134073764576,21.715008418646335,3.299020490378393,7.2172966358277035,9.969655533753647,2.288154874128617,8.678068407088993,3.4468700300428035,12.772241885212042,6.892213523586438,1.7314901413259864,1.9876853924965898,1.648820927658494,2.8748222294604884,3.8599819237806923,4.8459660392533594,9.072257762955758,8.641333096092676,2.404220079781611,4.322009478277288,4.192656354474196,8.618419441087802,10.835079756943307,11.288800600873508,12.73391795663325,11.281095473707927,9.242976883692023,8.407455731857095,8.44015685615702,11.063563000027838,12.18968488848291,12.028227473219486,5.083110141971133,5.707508525824027,8.618653216232998,8.67006558379057,6.580453186182871,6.662937526046716,6.79441677864315,12.661116465919102,14.96153930129027,4.923711793886976,8.940445092049575,8.455351180482497,10.013827980224946,10.802776181977805,13.904800368684572,9.051664460224922,8.882680480081332,8.45968111059417,8.704474218364119,9.0176121871718,8.901966471770793,8.607499796436446,8.443493340049315,9.796224716811718,4.45045023319826,4.7522074783013935,5.217056166212294,5.119631978241744,4.679027340914494,3.942157549780328,9.121258009505803,6.255109251943407,22.7643129451726,11.601759630816607,8.60094945332213,8.86174359092241,9.153987488938727,1.5680578668061278,1.4737803544169212,1.1120324925296432,2.21555545882317,2.4753449691902354,1.763527734785211,3.706245434338794,4.101701630610362,3.965408536508868,3.3554841487503695,2.4696772298600216,2.4978737751544147,3.120021711409428,3.28593435535393,1.3691295021517018,1.6826901092988544,1.7592247258458962,0.0,1.752352451968434,2.1863428793501045,0.9658347714898977,0.5565004410154137,1.097345275057013,1.4257158345817984,7.732764390969639,7.98492506404014,9.252472714638904,9.044476726937397,8.92200519841558,9.366798502387615,9.959899541667914,9.202395551604129,9.848829590694368,9.97930853625787,3.7419793147847122,10.991102059295034,9.0307873757083,10.474875276441727,10.404708826065812,9.706725012346924,11.147127502290447,10.428422591726148,10.232492078360355,12.334984934382637,9.029464665810043,12.098219292829828,11.987136512618356,12.343289970869682,8.43557343405346,11.633008512098579,11.54644741031083,4.3446557658951175,4.266694548137841,4.414204188137841,4.399838531774367,15.351055369414079,11.325483232746631,6.225704186166447,9.884710438176008,10.00278715607581,10.455489657357699,19.67956634602335,10.158409859294379,10.195516711461323,9.749938240222809,12.76197455671362,16.859550962562587,8.231212080935068,8.929377556866879,8.95936346676533,6.421979765589621,10.298712715640471,10.099185318306853,1.6409782270024451,2.140498797571109,1.9503068835489767,2.6471190600121846,2.5280586040743818,1.2136981018332134,2.7028014197619843,1.2037149202183326,1.6624986931592696,1.500140503992296,2.415512064252103,2.434075310964021,0.8085975949408688,3.0283162903880454,10.659877087538492,4.474742580711802,2.908872024319481,11.777480348886275,9.045204510091596,5.38304341803147,6.328284066727536,11.197842596267467,11.089868088484328,5.053661513863032,5.420447002144005,8.272591754663035,9.424177684728694,9.039576821080116,9.85904713960948,9.303694701571485,8.700159824528246,9.010573679703658,3.0411571811791203,9.114211731983463,14.955832292148477,9.013347639021228,4.711674038254882,2.8666176352996,2.3691092261336446,2.2156362449618365,1.9094302693627674,1.7673055825729056,9.699719704565412,9.379046777166199,9.31476945402733,9.1000413055466,8.861201879404382,9.090256723252613,9.274428559619126,8.866632584722256,8.88295741121474,9.39588419431884,9.405339209757937,9.635467240215265,9.215719136838487,8.82035541503793,8.582317332723012,15.113255749432977,9.720479856363255,9.39507222496514,9.370384757372918
OSM_NODE_6765202851,8.408759284700546,7.795238675508911,4.285857397342372,12.753432315833775,12.86106992987776,7.459730653639241,7.295889731823207,5.007275669427139,10.725515091950813,0.9101245444976547,8.350999309945406,3.867395798169801,4.434198984040789,2.9384023561935413,22.947680204325252,2.9228317276950686,8.86114110245089,10.62071246947966,2.2021952878548174,9.584351329396199,3.079443823649774,13.087039489004416,5.352413687728934,0.6267647980536827,0.6374857502218905,0.3147875972076823,3.508054336043348,4.533134004471557,5.128877945847376,9.34757923654314,8.785114192401297,1.2052000896533221,3.885010976921495,4.211563679994514,8.761916443685731,11.087260756330245,11.719141880720413,13.047341873003582,11.399139537544642,9.729658070172858,9.09129882781998,8.482296637904048,11.587437333182487,12.556227069746642,11.896474190905185,4.025813826773891,3.95614771062963,9.055162578348423,9.084962996321133,4.858613398446436,4.930500880171744,5.043309048731838,12.828082594483865,15.828634514384456,5.047462784577338,9.080237187144853,8.458371681510828,10.363829908465581,10.319066621454379,13.894231863202222,9.05593729714991,9.003928055752134,8.620045068620797,8.841937774615214,9.175982417339364,9.04627226667046,9.02346213954287,8.516401784766673,10.213048654549102,4.5711826348328035,4.928969727326758,5.519462894826716,5.396925016927022,4.832471236666561,3.8625812501378496,9.273539566529703,7.29993334206798,24.01325040707124,11.728443795019654,8.738202532883145,8.99217820349261,9.105696825112268,3.1157341824599665,2.6659530300549488,2.0714871445227927,3.543641101560341,3.1947780487765707,2.5552574352103474,4.406675313986291,4.833641596116754,4.66231646360283,4.021906783236854,2.925902126762283,2.854387777433698,3.7684021757216413,3.8511297057887393,2.144996238730222,2.282689550126208,2.1074414366726195,1.752352451968434,0.0,0.5666342658237398,1.2446985919984266,1.4404319673480488,1.525842479905743,2.174927645979042,6.744500030593582,6.866238389172515,8.269502010221574,8.056896824056247,7.792309178205695,8.473751280600514,9.110274214489138,8.328995562001047,8.653554937209918,8.823352711145652,3.154738613258755,9.920357480960941,8.378846898022097,9.335664756941615,9.639824645536878,9.030077582868875,10.180626542507461,9.495125708882096,9.215607069207206,11.610868416559821,9.044474867137792,11.420161203426048,11.28507063455427,12.57213393800038,9.01619001007534,11.903973964446603,11.223286610596045,3.0754450040377437,2.992613714643536,3.1496943942473856,3.1099505853392957,14.97898647757626,11.912970934367518,7.353141343518439,8.899463493301047,8.924326886449167,9.351460931557032,20.908462801527676,9.03944868449703,9.199445343275046,8.649581658141454,11.983199119590056,15.282252725660545,8.158642453540612,8.891396818540558,8.928132013062047,7.5756128014932,9.411060186557215,9.249670550406615,2.778572804796192,3.422518470958732,2.421739515321788,3.170723168143373,3.207262506403341,2.197287608922049,3.2656695267885816,2.5453661314572535,3.2072971912242956,3.0075882938938454,2.848829339087773,3.169679036173906,1.9865062313872206,3.5819116482791453,10.66142076151578,3.167135614950426,1.8000442814409354,10.743895373518374,8.563335165131381,4.203128362967704,7.032026069665559,11.574774255465066,11.54049413037304,3.604561505190631,3.7227568905414126,9.38964929160399,8.53328195180657,8.152602772661513,8.992534896032003,8.614106252212995,8.114909983046479,8.441255112372081,3.431112862236221,9.069855199841944,14.261566321800483,9.200360338833564,4.709706436861217,3.5579287145429634,2.975715327334675,2.4425158187647877,1.9222315231345102,1.8898963372699324,8.65718060959619,8.328203020067592,8.274966602869457,8.567472598376815,8.440912018202413,8.473654243848973,8.0537259571438,7.623172705295849,7.683843210557945,8.216504951838639,8.241189748543944,8.484207030789273,8.096145394687154,7.679508232675408,9.058775448115492,16.080970698822952,8.93110199047542,8.88729216601657,8.356011140721565
OSM_NODE_6765214626,7.851189263782497,7.249023001807502,4.0180945449350025,12.322435263263325,12.514017486180812,7.477045193727,7.31962375366014,4.490965172225367,10.376557066424871,0.7955123595450808,8.537546839262886,3.740912924563983,4.044061627769105,2.649445758474414,22.96093041927799,2.5819757666071963,9.36765577574395,10.446420653619903,2.025966425787124,9.503293403140136,2.732322107615041,12.800104101904946,4.801834971196285,0.5681373976061576,0.339902378157391,0.5379487904511773,3.452039123768006,4.446473800746444,4.902249087306634,9.066519043787821,8.471045647467305,0.7463617820781483,3.485954078057782,3.9317034133135875,8.447932860758897,10.79029845947957,11.470887033795414,12.760145606054925,11.064343314712326,9.508708685405214,8.937388193468994,8.142979105446058,11.368144827265674,12.28594702654012,11.497328604752578,3.4867054125776606,3.5652494376671617,8.8234963693291,8.846570455942855,4.395227511085785,4.481829175190893,4.646030961996181,12.501230564554914,15.708995900885366,4.775332681179564,8.763085907497706,8.108930181812974,10.098332191935176,9.848437537168873,13.518791179866197,8.70290074514051,8.68223353616179,8.311722175936593,8.52574614868674,8.863293237478535,8.730575437723346,8.785833365990017,8.185038978281156,9.968082867086814,4.310449159089402,4.675331363766988,5.290200091403521,5.162626516912038,4.57434593561784,3.56595223424192,8.95856450896767,7.289280133409882,24.032740094613402,11.394663291661619,8.422676459717529,8.673056141799995,8.738892881164476,3.396506008399517,2.8503333409709564,2.257346180468653,3.721755137852111,3.1861677900062415,2.625015038223465,4.333191618434298,4.757328405927001,4.579418442668033,3.9518251886422346,2.8524095403776264,2.754610385937205,3.7037914903698357,3.7556436243713605,2.2640545334777915,2.3258465146806295,2.095756804904075,2.1863428793501045,0.5666342658237398,0.0,1.471336258188374,1.7759667803670756,1.6824402733341721,2.2810600761311477,6.9338047673587475,7.0002928509860505,8.447146724999067,8.234361938041722,7.912995451348506,8.683744382251454,9.331607028089875,8.547124161113116,8.738271672733392,8.924924821019305,2.7396548467302257,10.052398735034853,8.670000016854454,9.44157745156701,9.887096414153932,9.309335811280746,10.352996681572915,9.683755186682768,9.373548244703922,11.094885120340303,8.694296520777797,10.911839125503482,10.773106566086605,12.262906163421224,8.829473035493043,11.608868614274247,10.783019958754254,2.516036277707162,2.43322380734389,2.5903177180150205,2.5484453978439396,14.520526849755655,11.712164809674379,7.3734630239916354,9.071859035005238,9.05886782348612,8.792847856560037,21.474788907978464,9.155984913091254,9.365728550389154,8.7766422259642,11.458494961620486,14.745745343020559,7.79184357117156,8.528503095654836,8.566736813221164,7.603943554290548,9.616997080306888,9.47019535876263,2.936286292301802,3.5892376469436,2.4047605969837087,3.1003610753057287,3.184747347228831,2.3707331594119796,3.201568625554871,2.7869835132371175,3.4833101846738646,3.2770171862798927,2.7744970622144036,3.1680426690012466,2.247761164102984,3.4960428337635956,10.299465925706848,2.603999751555919,2.108638952087348,10.88719171504534,8.902430346148137,4.352921095240957,6.9047299749232725,11.311359419132094,11.299080837237216,3.03977181038388,3.2348520529620646,9.38904109305199,8.743637623720174,8.367160312518928,9.208612529076204,8.891963735450755,8.427884305116837,8.75657736942111,3.3010823118441985,8.704259749933566,13.7467227701416,8.895410474419515,4.409274219119248,3.5180702107876556,2.946797646191735,2.3422225911272374,1.8277588168011987,1.8414230986194509,8.808337023821574,8.478270832281524,8.42994161179459,8.892468731709336,8.797221239187115,8.774848791681713,8.13065199818818,7.692459565899135,7.77388974737911,8.31158719287314,8.343037609352196,8.590133982301923,8.218869069539386,7.796195292149336,8.839245684860408,15.9973841471974,9.17434997787775,9.2172499490139,8.520643313407053
OSM_NODE_6765222835,8.546191420358168,7.833412235198742,3.4924412639618927,12.226687229014088,12.113275164120283,6.250195502258581,6.083203332292723,4.9257824014030005,9.993970701388857,0.834663606466699,9.454729244269368,2.8446334780168216,3.925265176952282,2.291353501798421,21.729009176602613,2.4032194025532845,8.1265116052809,9.580583114445561,1.4284372431177645,8.442752693438171,2.5572753505490677,12.215040638859206,5.985455361433196,0.9207444134148939,1.1879935142982256,0.9976603102821029,2.4039357200854883,3.438338465685244,4.227393372588524,8.48487873833101,7.992868024191784,1.4919171923885164,3.433311761294872,3.446826602830779,7.969717887628798,10.243539170683887,10.784589532059721,12.175979632375583,10.631653206813676,8.761097254996915,8.031837401300848,7.748197837056149,10.607348608596311,11.656049387948254,11.28265192152381,4.117455530109269,5.03042748258363,8.108064548369233,8.148712339912585,5.808603478844751,5.909987722878999,6.106750709221479,12.036321943395803,14.712379928579553,4.234249476603443,8.291694965896255,7.7478604690615684,9.465761047506556,9.943127771712525,13.209017199054141,8.347538665483928,8.225726551271977,7.817488580686583,8.053599696541191,8.377256553716027,8.254982337415843,8.086393815179711,7.7641168564014045,9.280468353357328,3.751658606258338,4.083160087005136,4.6131188703372334,4.502358303660979,3.9984713953522957,3.1534868239113787,8.4787237023893,6.108543808395532,22.791597250941596,10.9569024946078,7.949472323639898,8.20861041457713,8.429939710057948,1.9251901303692143,1.4218270536758797,0.8268014766416691,2.3000778200583403,2.047571250175724,1.35641183439546,3.298948637632919,3.7212906530846883,3.5605217831010165,2.91910673031332,1.8738762007709324,1.8477244191244842,2.66616156497592,2.785510394466673,0.9236357402517306,1.1246648000866033,1.0448417163386428,0.9658347714898977,1.2446985919984266,1.471336258188374,0.0,0.41327836063220247,0.3163262639930052,0.9617941842370038,7.853496902363866,8.023450898081325,9.382488063741844,9.17093639820999,8.956237905200723,9.551769413366554,10.172382860333112,9.398380910893227,9.840039745473852,9.99825355071122,2.8123464154216227,11.069510433443963,9.349830362694346,10.506335944533205,10.667068673978296,10.015266705521233,11.292472654476061,10.592433492420112,10.344016908775727,11.422030715390402,8.329489838043175,11.194420258958543,11.078132489918117,11.745254659711943,8.001051086173801,11.052452814365804,10.735177143095221,3.3928443593016504,3.316194167005053,3.461251533914299,3.4504107684395833,14.531673269225843,10.904443356696287,6.142187921378836,10.015226233935138,10.073949485947638,9.49173826407119,20.64344562703173,10.202967627960154,10.320098813490237,9.806004457884017,11.83912263411008,15.949593558959137,7.493542470321414,8.208263229254824,8.240979501934827,6.35983713953993,10.489825046842254,10.31216758965748,1.5345778547544,2.1779192401652874,1.3292863542675353,2.0997142023567528,2.074845354826185,0.9531587980122748,2.1816160883572526,1.3215781704958156,2.0122653251510765,1.8063980610158672,1.8034976918426295,2.0160186735576042,0.7764310885924817,2.5132381968159025,9.960812705637467,3.5273190704195816,2.886485855801238,11.88160898597453,9.451750375183435,5.36633406422105,5.953315563986954,10.666710590203847,10.595439552077151,4.1303747822611845,4.626507800245158,8.186507735112064,9.610623662552529,9.226958691596451,10.061327105188791,9.60368075102318,9.052666532712594,9.372757184861227,2.433634032080755,8.391489605208918,14.052209923391015,8.385548281464947,3.967468667420972,2.4331508732968445,1.8609269221019589,1.4800111578159758,1.051078059580713,0.9371609418639762,9.793451524085519,9.466530457414596,9.40915651267781,9.481396465794418,9.297085197954516,9.428233084813831,9.246324144624818,8.821188280311757,8.869290824130944,9.3972889782158,9.417339652279312,9.65688068520181,9.257570458688757,8.84676542578197,8.092257548307293,14.930133072222015,9.966787360765586,9.790223842797895,9.481111115173583
OSM_NODE_6767676594,8.953872460264432,8.235262599816549,3.7594822181433383,12.534057996088727,12.356238536096456,6.226117889673871,6.054778844904402,5.322930006329544,10.246141610159965,1.2260603374874488,9.423643585332785,3.0186697120767554,4.265583488910122,2.625708442644827,21.674605957852016,2.7626575043411674,7.723600959245797,9.696711676567462,1.7616289335692308,8.488351833958207,2.913206714241444,12.410675946572095,6.384333381729651,1.2627977689072873,1.5294337290064424,1.2574270131443717,2.5327397287691844,3.5530779110652806,4.442270351119347,8.692201548858444,8.229118114239288,1.8883302327222744,3.7900182239474205,3.7243946564106545,8.206061343852097,10.454231348038833,10.954672379657321,12.37194070206024,10.870229972553956,8.919053829233425,8.139950253709051,8.005512989740406,10.755116207390941,11.840373947243917,11.56842792377488,4.5277464381831605,5.338771849333505,8.278681422759288,8.324430569403926,6.156608227050487,6.250567781730292,6.4212066469636735,12.263785821495716,14.769438665110146,4.484878409402736,8.528350913225408,8.012855000006544,9.655340318324418,10.286927343064377,13.471014359355483,8.611332094596042,8.46631120666798,8.050525236203816,8.291076314849686,8.60991966147854,8.490749751174286,8.261922528749317,8.015254433395185,9.45473237115747,4.005613055600965,4.322954413780253,4.821959651834176,4.717465077272707,4.243859961565703,3.4531785853280446,8.712527429948741,6.110066826993187,22.731802178180843,11.193444976820789,8.18714620589945,8.44732254441346,8.703657932160514,1.6776550913938137,1.319724333951646,0.7895400491292218,2.1706951637517755,2.1490869082381714,1.4275782244709994,3.405770411439857,3.8183728823883842,3.6681206143698475,3.0366523207237406,2.059739141928884,2.062730159370725,2.789664656616687,2.9333180459234827,0.9909011497401581,1.2698056712251338,1.2811865618401574,0.5565004410154137,1.4404319673480488,1.7759667803670756,0.41327836063220247,0.0,0.5634779600268844,1.0428268968038432,7.830534318234213,8.035978481842193,9.357914639173856,9.147608185987155,8.972088495405709,9.503795557699718,10.113272650627863,9.34547424744089,9.875395193310135,10.02196440137962,3.1937597047074706,11.06891314144316,9.243707226017813,10.525257595015796,10.586915814438592,9.914450466014568,11.263364349612063,10.55463695834401,10.328505219842777,11.795413318000135,8.59122234352057,11.562569768080584,11.449221969089729,11.959879250233177,8.136146337986295,11.258445064124386,11.05388863148525,3.804678695849411,3.7277116124211283,3.873345606323153,3.8616950488173654,14.855303649129777,11.036313587290554,6.116302016978367,9.99120490393082,10.075431795329576,9.899056440690687,20.236024332335912,10.215970412795416,10.298960009068544,9.813633297206703,12.218295765774181,16.350631548021177,7.773389306290518,8.48037195579631,8.511755029812194,6.32533544733941,10.440258201350437,10.252990531192534,1.463776599297086,2.065594947524451,1.5178426727499477,2.2633987894066623,2.1897159527276333,0.9175457172437604,2.3329049153734727,1.1374011602981433,1.7701094065234033,1.5736549722728908,1.9969935478806609,2.112029433876131,0.5866023240454342,2.6656022540793507,10.223110575350974,3.93811634349463,2.8995949247353296,11.870696189562295,9.307696684973513,5.395393416239966,6.057068596354383,10.849252197089378,10.760848379139562,4.534106965808497,4.9818604912382325,8.166311530821421,9.562087106731882,9.177532811116924,10.006494187282794,9.506116491773057,8.931657941562282,9.24793315241076,2.6326457851637115,8.664523391758607,14.420502315086784,8.612155069096477,4.245678555011707,2.5437126645524293,2.000088043934585,1.738190789742324,1.380057790152917,1.2456821631669943,9.784945190590197,9.460296627220805,9.399892292576247,9.348355237038875,9.140048834773006,9.313990225747206,9.289164813866451,8.87082008385174,8.9054557741866,9.42775128765797,9.44330797766532,9.679133285540551,9.270582760744643,8.865798715092316,8.25325047278501,14.958280351588686,9.892854452912077,9.651503561876748,9.464937226068173
OSM_NODE_6767680435,8.443539998541613,7.70949803335477,3.214995603983413,11.976014822263986,11.827208028484916,5.9459904141976745,5.780054297924502,4.790523658625825,9.711632625209205,0.9548119158630378,9.77002034966346,2.534727465777465,3.702137722601535,2.0622386323099224,21.429054935434444,2.203244373872083,8.120216059018588,9.265432962216272,1.1984149294056794,8.12784955459784,2.352513742298021,11.913105030664761,6.023472832741709,1.1152140369872252,1.3707694676075028,1.2551447494791919,2.088198482311549,3.122359705307815,3.9290512272154134,8.18575631578057,7.7035411510240595,1.5689119655962647,3.2288752593145036,3.1750953306465184,7.680422599387775,9.945699355135298,10.476648694467544,11.874126995268286,10.34365572875291,8.450743952146153,7.716114799571002,7.467846509245767,10.295619709507616,11.351249278621834,11.017839153241237,4.033593822308272,5.209533110891099,7.799892658086319,7.841577459024371,5.941568535460473,6.052154270116798,6.277476660919235,11.74426589585999,14.396538180337043,3.949483878389775,8.002586508310866,7.471233237640792,9.161980840098327,9.72346918716272,12.931570399370962,8.070426257940781,7.938169463366325,7.526889595490752,7.7647661279401845,8.08663024849945,7.96552053391688,7.7792087784238735,7.480946824937272,8.973201045966562,3.468024217564165,3.7936720682778056,4.313174152985329,4.204275051090231,3.711241029521628,2.8955674310783284,8.188549099548116,5.799507990999748,22.492942019451142,10.668140918885594,7.66069499583,7.920297581081803,8.157971046750076,1.749131515195018,1.1686701377682922,0.575174160023789,2.04372322104955,1.731391447254231,1.0450187643654836,2.9827071465120123,3.4049673020075453,3.2443352944395314,2.6030902397336955,1.5644400594042593,1.5456482626664354,2.3503004379441195,2.471662194966793,0.6203291687183017,0.8083698033415266,0.7453533085652982,1.097345275057013,1.525842479905743,1.6824402733341721,0.3163262639930052,0.5634779600268844,0.0,0.6538846972174539,8.168379411408619,8.33464136277441,9.697349843141001,9.485723403125322,9.266790632264899,9.867831972944076,10.488671266659217,9.71457709471174,10.147275607158551,10.307442509877013,2.646083294071683,11.381944529814657,9.664573983239181,10.816197398786358,10.983208326863254,10.330429820113066,11.607536602285007,10.908042816142414,10.658067044388169,11.238557810076635,8.051362206341134,11.003472835548724,10.891331060524434,11.448812609174025,7.687475046275746,10.753294849159332,10.492970984170686,3.3788772390278194,3.305530339738926,3.444319871671006,3.441075946631409,14.293573739585648,10.590760730060213,5.838439208464503,10.330002112634103,10.386237533297273,9.387058969224094,20.752927006561798,10.513736519258108,10.63463056825089,10.117554854762584,11.664665020516267,15.974120907064842,7.224801741623498,7.935395682454109,7.96741256224901,6.057909703711806,10.805911072801658,10.628455446464434,1.2635796596615496,1.9148802981536124,1.0182667878201355,1.7869804519225985,1.7585303754777108,0.6893720802187685,1.867469899403065,1.1208863669052755,1.8301295813917762,1.6220516921204957,1.4955011030948917,1.700048940629458,0.6343956565589398,2.1996371004338937,9.683204500311373,3.521424339778811,3.2000392051821223,12.195107867478999,9.762140011788398,5.67600836001609,5.637269208401342,10.361403158362283,10.286590187348851,4.157082494903326,4.752600866047811,7.880688965845968,9.926701641496557,9.543073158753762,10.377550435763919,9.919029440469386,9.366015031644958,9.685712851269138,2.128583679755209,8.119146844903979,13.861299032742092,8.092700065162612,3.6965110296238732,2.116844453010853,1.545314516923753,1.1935981921430228,0.8170693485237803,0.6825065145749255,10.10687766067081,9.779755819530953,9.722698504275536,9.793355737062866,9.605278399657418,9.74229012305812,9.552285296718914,9.125906058166963,9.176580465382484,9.705467196781703,9.726262806902245,9.966355103558364,9.56847406291717,9.156872872491704,7.782319996762339,14.616328398645194,10.283046445373811,10.101438143864934,9.795292907776037
OSM_NODE_6767680854,8.448253889667003,7.670291038489686,2.801977942748424,11.605283842110975,11.34739938652401,5.292110513678138,5.126264620366236,4.749644488882369,9.246963041175425,1.5035541713784717,10.411471873089202,1.9839090924513596,3.454418297860339,1.8551884468526196,20.77582777552564,2.073068595842643,7.963223717321961,8.658782843970492,1.0897265688964837,7.486036158268604,2.2004717854730997,11.374839746516502,6.322861681215859,1.7158674661617044,1.9519819122941742,1.894410606225049,1.4899145427254479,2.5128408322438087,3.4238942854784455,7.662537044721787,7.21830054560234,2.0228204231804496,3.044505722103755,2.7836777013487257,7.195347049006802,9.425299527352118,9.912984247963214,11.336224675300357,9.858802649241703,7.876392306215594,7.10404829417303,7.014462895189814,9.71239147138909,10.80129843085853,10.606868390635444,4.118778729806548,5.739261401089942,7.237434454145434,7.284105432097294,6.400459113448938,6.5246603549576,6.791441339412183,11.243658000509486,13.75996280496427,3.4990172741174517,7.517496347122482,7.030276164450348,8.618203300890956,9.442561154043245,12.47910981306819,7.6262790301333165,7.458742099151853,7.0374254641284555,7.281164936811242,7.595895160957593,7.47923689761498,7.221574713927264,7.017916144888257,8.413892408895988,3.0276396373400263,3.326541236804697,3.7983117292771023,3.6982317843903014,3.253886187117945,2.558745089239104,7.699254557165419,5.146969586419807,21.840144397272734,10.180243227684858,7.177526978797528,7.438223218431673,7.730279858408947,1.3597799422445402,0.6402171140961668,0.32601619554380523,1.4597840763788654,1.1092417804113903,0.3966247674069542,2.367323393123546,2.7837173880310453,2.629804147995905,1.9952669655670163,1.0439926198024627,1.0778167032475,1.7472380066627629,1.8915093616886471,0.05673461186626163,0.26538279147019556,0.4691334029382411,1.4257158345817984,2.174927645979042,2.2810600761311477,0.9617941842370038,1.0428268968038432,0.6538846972174539,0.0,8.811635178860056,8.985229965944411,10.340591443285385,10.12924552449164,9.918022081320542,10.503958382588355,11.120874738207748,10.348924042127692,10.800545697222555,10.959745083589157,2.582118129001116,12.030889559270825,10.274736012423201,11.468022290137702,11.606655606238354,10.943557421577186,12.249902374059182,11.547721020226911,11.303775483672002,11.046522105442952,7.603910987329223,10.793406961434473,10.691849997233446,10.932359442816663,7.094268424910663,10.226989470472683,10.148724426341502,3.6169041150891927,3.551417844269544,3.6753071578690304,3.6862825501171557,13.955205179585148,9.995189539000913,5.184584954787511,10.973524604524728,11.03541312230307,9.383612390672395,20.814907931152405,11.164761587604858,11.278958333832668,10.767723242905246,11.49376326434738,16.22131780864606,6.810147865136738,7.5054021245222815,7.535079856471666,5.404338747695881,11.441679694733718,11.260660804173432,0.6758037670698798,1.3204820381710904,0.5387162905138125,1.229404313401786,1.147428834738809,0.28212978846048314,1.2936662469664708,0.7545804357762544,1.4203928140760151,1.2241793340855152,0.9904024374798148,1.0736878783300612,0.6385753186225651,1.6252533902476398,9.234197810086693,3.771238802381246,3.847366690430128,12.842091015703001,10.348742315016812,6.327939947509448,5.021851620048202,9.809905050819834,9.718630888438751,4.454786411784213,5.2079406781704645,7.22691678797728,10.562646730882536,10.178617762348987,11.01133991562887,10.533800637133702,9.967559417985072,10.284953968227063,1.616176517203783,7.6903577839266415,13.646216587290834,7.593795233043375,3.299074530155873,1.5028279685648376,0.9595321743257996,0.8572256662552736,0.8066104712478079,0.6663857294777472,10.754052701583833,10.42734269560413,10.369636099749036,10.38737996626739,10.182508723413823,10.347880614877942,10.205915295772824,9.779728769564086,9.829824007735985,10.358337431576777,10.378728610366942,10.618463229628336,10.21936387421129,9.808494700387055,7.210838502698635,13.970501173589437,10.909144830476729,10.69170243846678,10.440677100635613
OSM_NODE_6770527801,12.961462239057532,12.734734481255238,10.948515371967527,18.768841842683862,19.294967624558485,14.051511936515025,13.878303932538785,10.685345036480738,17.16717676266216,7.63469792290597,1.606592688149587,10.611874911278193,10.838863939375527,9.579078009894415,29.438885972533182,9.485006123013303,12.047027213928105,17.36241265218837,8.930412872298042,16.296210554044958,9.626846332627577,19.694398677259475,8.921047990197328,7.348602848232757,7.240242412976169,7.058463732212561,10.235524676084458,11.267688877416113,11.835459203372416,15.975400532398098,15.342799915058333,7.635145735330341,10.281534516962731,10.858353353835264,15.319940585263334,17.676640032893605,18.398849740799776,19.654196845085117,17.883403526565846,16.44243765878286,15.835769457990754,14.973470377240531,18.301897653788703,19.198626491360226,18.112025187334027,9.591183273283102,6.139126162990173,15.756990605942136,15.779066789233777,7.151112305826513,6.992258492191487,6.421276295347576,19.330130331292267,22.561203838514967,11.702173872404005,15.628495959053376,14.918609389733112,17.017773463824813,16.091699671567092,20.204923239889226,15.498344452618813,15.540765310017754,15.1924745987999,15.39399159767677,15.73501732253701,15.598435000998698,15.718499387225073,15.030228874251717,16.898253448995916,11.241997790817985,11.60777852019558,12.223811471882716,12.096421498589514,11.506038657308691,10.486747197258012,15.826310877929496,13.940484228274107,30.48268514093716,18.214083823283563,15.292520884504407,15.535847791692344,15.498822866595452,9.282523673122263,9.140802610260337,8.612954135489462,9.944618078509016,9.897146646602923,9.207996519300478,11.135866973681013,11.561763198596461,11.394624401082291,10.751977333759605,9.664745627061928,9.598232785193112,10.497758453320706,10.591371023369184,8.769391463404354,8.972278345059935,8.834916927203635,7.732764390969639,6.744500030593582,6.9338047673587475,7.853496902363866,7.830534318234213,8.168379411408619,8.811635178860056,0.0,0.7068894717533682,1.5289947896437728,1.3176685704016586,1.3711495961509164,1.7660999544788007,2.4312783271577616,1.652599816344662,2.367475175762075,2.3883841527233183,9.536264538658871,3.267160637654072,2.268038897052005,2.8283960162293305,3.0628742703981686,2.710380418979016,3.4395848301968033,2.7518044382358102,2.500187133448264,16.829615792403533,15.496507003303558,16.753293644512283,16.574974951059534,19.126131932405162,15.75271067860773,18.495372638499912,17.20475265631086,8.534224793854257,8.475795440180631,8.588014868365281,8.507941482287974,20.746125693018776,18.642538345420395,13.94101163092225,2.161905957173285,2.2943678335719793,13.764402606574288,20.199028802381328,2.4928389150812618,2.468483657105992,2.072690642585315,17.048415481580896,16.579061977188676,14.563859826546171,15.301345464288714,15.343004726889841,14.144584046283034,2.6882223840438946,2.5660905804543024,9.291820635745207,9.86037143410374,9.145147715270943,9.906962994737253,9.91925468957884,8.743245463835787,9.998905366194746,8.912881400796214,9.374685708504765,9.22769135548166,9.588375813361203,9.86718722748701,8.404950579788013,10.320608712434462,17.056345319737282,8.499243753944157,4.971048902642764,4.044875539792056,2.992600455734684,2.594613189491376,13.77438489721167,18.230707181097344,18.229762308288546,8.332668764537488,7.054156136045741,15.991255912696074,1.8260542353276747,1.466112385776933,2.2976306820940198,2.330366179186121,2.327757813369638,2.596409344037419,10.175463237516732,15.467883042723775,19.397920727347767,15.77797034233903,11.321756033811873,10.275833141574596,9.695498861703971,9.186962002469027,8.666586907337587,8.631302706349935,1.971723249748969,1.6589724263277352,1.5887080801567983,2.8125332223558854,3.145505451650481,2.4550504236807074,1.9691308659194648,1.775178044786078,1.5875708701367788,1.9239275384973304,1.887020539364265,2.0600050059166626,1.6043709750927262,1.3215629498758847,15.7728172129154,22.781680331674373,2.3584516644026206,3.1233834458384377,1.6376218181868987
OSM_NODE_6770538393,12.641906535495163,12.461044250786493,10.988667185648106,18.600775165841014,19.219472017604254,14.260427428015195,14.089980313953353,10.536743614018922,17.101144270728664,7.734020866191366,1.6829253315919466,10.721698107530415,10.806941612999859,9.622949341557618,29.69760668299057,9.507456239921996,12.621247287416532,17.446558857040742,9.019523897148627,16.449230298072845,9.643621504311735,19.677060496600483,8.591948441332839,7.451012172635066,7.319739253620905,7.176353476502156,10.373867393281497,11.398991359322983,11.893153586872979,15.97669567708342,15.319700694270509,7.6737505342618375,10.255214563998551,10.89277594434828,15.297052544464814,17.656986990860673,18.42028972137816,19.636731026554127,17.82720725273762,16.490846266450017,15.935455612927194,14.931185005694266,18.348417896771757,19.19829437375717,17.986981589635963,9.452219156345988,5.836139017821059,15.798563494959238,15.815357382586617,6.783038771998183,6.611680688261255,6.012010082297651,19.275106079781057,22.692522249904968,11.734032815325286,15.601033595818928,14.867843494367834,17.028194446008875,15.896379512362225,20.09425175767057,15.439778417598427,15.50990543013094,15.175108106308688,15.368774386943137,15.710782517089187,15.57240668750631,15.755553188840084,14.994419513743182,16.9262215108203,11.283760778185368,11.651124517209963,12.278372261768235,12.148512777102434,11.547459493850448,10.516084975774467,15.79957358701919,14.130861409701051,30.748703918960096,18.157224116377822,15.26849456375607,15.507244911556663,15.427369055234838,9.548405010114143,9.354597148850894,8.807171796012714,10.181080799635703,10.051202516841832,9.379376244488732,11.2728824692773,11.699837010644137,11.528458992308437,10.888117504440045,9.791341710818717,9.714679468343355,10.634528982474377,10.715042284253677,8.946031372448683,9.129235464234245,8.97216766195478,7.98492506404014,6.866238389172515,7.0002928509860505,8.023450898081325,8.035978481842193,8.33464136277441,8.985229965944411,0.7068894717533682,0.0,1.5506184562779568,1.3528977617397089,0.9372143653357743,1.9718230858871224,2.63107423229873,1.9218674839400431,1.893596075019077,1.995748241740867,9.518802814427188,3.054937601620674,2.8001642472272055,2.4907765525820156,3.327140033749924,3.136225225650806,3.3875206251453265,2.781066918449365,2.3885013653613605,16.55058413101624,15.44058025858691,16.48978610251152,16.306954127890613,19.08929594179415,15.828312519495787,18.47429472656415,17.037955304503793,8.415661585495918,8.362274415287846,8.46507711167242,8.383419256996072,20.526512685846356,18.70420984575305,14.151010352075993,2.127228694211541,2.059595499426156,13.420231464115055,20.90461802311066,2.1803465688820065,2.3978404836608123,1.7836934930409567,16.748582523201573,15.969582618102788,14.500605584902896,15.235204034749868,15.27791879653278,14.361270245990207,2.7990386292281038,2.7516321023090367,9.499462609430466,10.088932534323384,9.28559885774223,10.036722734579149,10.068045183633176,8.938089085072555,10.131906407758223,9.142668970719551,9.64191683685636,9.485034165517547,9.714034801532915,10.023615133443677,8.618221216881619,10.446950085297537,16.978150533609845,8.367596349602593,5.141404100728183,3.886963184433302,3.595370437144628,2.6632017792675864,13.890444511687338,18.23924466484299,18.257525966624456,8.142557925446578,6.79470027342939,16.200163401195397,2.0268656404573737,1.7434027199712008,2.482935809922358,2.7984173174595868,2.9327289669069696,3.1714619015909684,10.28253143483248,15.397830048492061,19.09347636395278,15.760132000335904,11.340034592858993,10.421377322622009,9.839101957689934,9.30069190461,8.77832329939521,8.755085887871456,1.8168875656472465,1.487701957905908,1.449528946890239,3.3925383157311573,3.7796818570262736,2.9986621043619937,1.3913148106735385,1.114688555525973,0.9850257752783422,1.4338580186372776,1.4293620324248404,1.6518288820641636,1.2347574829912293,0.8374193630646819,15.82368496555699,22.944519896098882,2.668633573522372,3.684327316383723,1.5656268517376057
OSM_NODE_6770559392,14.169440611907627,14.003283655048525,12.45650870704819,20.150269263867553,20.748774348888805,15.576695766031232,15.403090882481225,12.082801194209734,18.62661894559675,9.156479150109242,0.16377580183707624,12.136748066167145,12.315749253136493,11.087590187650814,30.948882033919926,10.98580424672218,13.22623599827563,18.88401767441391,10.45085622903205,17.825190226416535,11.12551071508738,21.18125734602928,10.119661011180046,8.870785633686065,8.757328894486522,8.583094138691733,11.763533692059557,12.795282490345489,13.349292414315098,17.470112048873748,16.82591108801959,9.140393709371429,11.7610082234211,12.364334006103839,16.803151670032893,19.162003487396504,19.90226824728116,21.14098694000264,19.348957661661256,17.954736517105083,17.36004502779949,16.446346094318468,19.81394156465362,20.69327250936916,19.530068545879615,10.996188618296182,7.376784798430975,17.266987142819154,17.28730920993415,8.296654482120077,8.119057443767584,7.504010584390206,20.796630587940083,24.08954405616413,13.207624242283577,17.10946452676157,16.386671049680665,18.516578800785133,17.44699308149344,21.634269517173802,16.961969010662415,17.019948994676234,16.67837970050301,16.876046584039173,17.21765800915628,17.080130286882945,17.226987084480474,16.506653069199405,18.40381122341867,12.750660642671447,13.11711575078566,13.736867767157458,13.608694927651609,13.014700325571201,11.99071830767588,17.307701437464882,15.467981461878729,31.989842528661857,19.679304303918336,16.77515191489576,17.016204440739116,16.95449770266075,10.79699146963295,10.666690436443181,10.141042718570551,11.46616336403507,11.42595568945064,10.736967028645513,12.663906229450637,13.089929617279841,12.922451970592524,12.27989700555866,11.191556159415688,11.123766686614932,12.025688755987842,12.118069749384894,10.29829253629377,10.501104504980457,10.362567355852562,9.252472714638904,8.269502010221574,8.447146724999067,9.382488063741844,9.357914639173856,9.697349843141001,10.340591443285385,1.5289947896437728,1.5506184562779568,0.0,0.21282597706518186,0.9842065433071673,0.5597216189016405,1.125975791253494,0.6453000739457814,1.4766155413072337,1.299990073090278,11.01968254046447,1.799232617929616,1.8668448329802396,1.550616493257798,1.8467934330901565,1.899239181460133,1.9114464404440334,1.2452469860274036,0.9901291024254723,18.090144546048514,16.961702790839574,18.03319381032723,17.84937707372189,20.602887815692096,17.272198967223094,19.980187710289457,18.58724880037486,9.95453074891591,9.899796911885788,10.005059545030369,9.923731255794884,22.076073711014637,20.159004826408413,15.466050828586233,0.633290492953825,0.9338394303315457,14.935965465399667,20.468471746580107,1.222982445930665,0.9430899734794477,0.8669883930652234,18.281575220811224,17.119663117976263,16.024400481656667,16.760303841250263,16.802626222611284,15.66846272775059,1.2492959919055888,1.2309703876077234,10.818432861435118,11.383545862412682,10.67312359607632,11.434162239189982,11.447856439668335,10.271256916312023,11.526432310529271,10.43634437715252,10.88865426675892,10.744664573838243,11.115062424996673,11.396063432764267,9.931220993839215,11.84754359197505,18.508010268430933,9.909525144528272,6.499623502781681,2.5306138822427613,2.7698911868814244,4.096023231327484,15.300730822199887,19.728971992141457,19.735494772487424,9.692568038147083,8.342519796637532,17.516089072622908,0.5925578025034797,0.5852841300326788,0.9743910674608968,1.6999007488517581,2.208999975362033,2.3049974193010203,11.699778859815932,16.92443667164768,20.624054351170724,17.2637981475492,12.82194440814179,11.804310302595004,11.22378673972111,10.711971147399797,10.191091521586644,10.15747878987212,0.5608041738234504,0.4284322891962157,0.3497193460994379,2.5124468826699524,3.05940816827652,2.062807810875973,1.5239137161259368,1.7174587669338197,1.4255929596978596,1.2513794742476487,1.1511694151340655,1.1188055858070067,0.8540415737233895,1.0900379566781442,17.285726593608647,24.310499501335947,1.28830443518291,2.712864483089949,0.2175610434580808
OSM_NODE_6770559393,13.984703772132377,13.81203565031519,12.24390423782195,19.94810251135339,20.539942694593748,15.367251960840969,15.193776831112475,11.878477223850986,18.417273202709286,8.943703649909374,0.3301275976055656,11.924109209689151,12.104893931309713,10.874955335874636,30.74348587040042,10.773484580626231,13.073179567400572,18.671219025718536,10.238047089359739,17.613572739270317,10.913297430962439,20.969888844413962,9.934589249661162,8.658024089887238,8.544504079313098,8.370457980898033,11.55134553686995,12.582987384394395,13.136520807816645,17.258207289540056,16.61474188041694,8.927849892969123,11.54995554355141,12.151805886171795,16.591975232274475,18.950714413348937,19.689907760000185,20.929622687488376,19.13913799765464,17.74201582904898,17.147352376803138,16.235901553877,19.601232484120626,20.48139989177756,19.32437133199679,10.791043833146551,7.186090090937398,17.054337470526885,17.074724078704232,8.116017337648332,7.940233931925618,7.329207958357349,20.586762728712927,23.87743805216044,12.995126062722978,16.898448717933785,16.176588203919483,18.304449666937757,17.24725178951015,21.42760471048185,16.75224615304553,16.80905757161091,16.46701947089673,16.664950996063144,17.006527747226915,16.86906322209663,17.014392258755898,16.29594948504259,18.19134335283902,12.538034515232265,12.904468859015283,13.524115045090445,13.395961535477866,12.802076132048361,11.778270135327276,17.09665952810631,15.257651575035394,31.785087590621217,19.46951757796907,16.56401479923977,16.805229943972428,16.745412785781458,10.590287936520372,10.45696691285126,9.930403368092268,11.257753455601483,11.214122515142417,10.525586411030774,12.451722948837585,12.877783426444859,12.710210846016597,12.067682152577657,10.9791278630663,10.911187799094002,11.813477819287716,11.905620639504335,10.087040958252233,10.28928922625817,10.150296720190157,9.044476726937397,8.056896824056247,8.234361938041722,9.17093639820999,9.147608185987155,9.485723403125322,10.12924552449164,1.3176685704016586,1.3528977617397089,0.21282597706518186,0.0,0.880926027326769,0.669731553197431,1.2927628719574962,0.6990841982149556,1.5195141435180402,1.3827606572073101,10.808343250253065,1.9890624273742283,1.8770377953503137,1.687491389635229,2.0061743876504203,1.9830704163798034,2.1238638741497096,1.4561470540378758,1.1915818501620312,17.900367678982473,16.751856692997034,17.841330721158428,17.65808081348611,20.392229972850387,17.05937446826035,19.76894586340579,18.384892171753002,9.74791314063127,9.69286116034137,9.798725715949944,9.717491928245146,21.8792464671956,19.94619682902353,15.256654506590802,0.8442924909037905,1.0822094997559122,14.755402041220645,20.44751357597781,1.3513650093449459,1.151670999619075,0.9631920164592502,18.094799555120737,17.01608324237956,15.81489396979082,16.55094671253871,16.593217090124988,15.45943673148692,1.4474746605492441,1.406474032689812,10.608448046712162,11.174681737314723,10.460931697884199,11.221795907343392,11.235891161986931,10.060658986636188,11.314128574359632,10.227380365086983,10.682066554504445,10.537381443523726,10.902616493249834,11.1842917118342,9.721353846415836,11.635131090101783,18.299303230441613,9.70375548590348,6.28768264917236,2.735446793353189,2.774959741546461,3.8833830737940396,15.088223862231757,19.516881529819226,19.523025116934154,9.491272180056027,8.147513827402062,17.306772069312593,0.715299631829168,0.5835892907706566,1.1420313373767559,1.744304142023484,2.1853562718579647,2.310738264106207,11.487103373719123,16.715279151933345,20.438321784374413,17.05245207823297,12.60968396434068,11.592284436147644,11.011689140944027,10.499349259445317,9.978435551073728,9.944972685914516,0.7158863930889687,0.4909516437064681,0.40010932721406817,2.5243661486714104,3.0489866497334486,2.078077582440412,1.4795212211143327,1.6204773322018184,1.3271214829345634,1.2348059518610177,1.141257766728403,1.1558926590535812,0.8168084662533708,0.9716631132787104,17.072987530288426,24.099346123095167,1.4060107679285374,2.7459043271290797,0.3529160729813927
OSM_NODE_6770560184,13.290539651399868,13.156155734941716,11.887356812584406,19.376299716475938,20.056565756246076,15.195797780952615,15.025591186714761,11.338164141391164,17.945146631363652,8.654192414414467,1.1478288754985697,11.641734994139886,11.675513790128843,10.524503916487182,30.634817606682073,10.4013782291799,13.416915031153119,18.356300477429734,9.93565944176429,17.376573302433858,10.535154399140906,20.54522528571191,9.245988881166394,8.3722623565977,8.235474665611939,8.101295502656813,11.300363136468064,12.323543980735057,12.797162901793081,16.855616346412123,16.187671369379668,8.576531550221654,11.127306622577917,11.78946739046588,16.165143519504003,18.525075559501186,19.306669471706712,20.504852336042784,18.676193912400507,17.388767930839997,16.850329904964582,15.789826646054978,19.244845497917048,20.07474577512571,18.79373196230735,10.262962620503668,6.537223191137462,16.694263056404715,16.70901789086053,7.407272397591474,7.223089822291797,6.5951661085379465,20.123846015005665,23.61414462934246,12.628913253128228,16.46664507172937,15.7220841893861,17.910533356805605,16.65365337804104,20.908975657241875,16.289289974408643,16.37389371168192,16.045953781499215,16.235671201726454,16.577903312312376,16.43874878760277,16.649542154202965,15.856329590245108,17.81599915315408,12.182740060893675,12.55033212577341,13.181011354850245,13.050397518133394,12.44606578108798,11.411298214802121,16.665395653304486,15.06438231136698,31.68588962397346,19.005628004546114,16.13605243796742,16.37236189070261,16.269683603100006,10.485193211074277,10.290946308010529,9.742226633451885,11.118204230861737,10.980682928157167,10.311721840893226,12.198673048941496,12.625650202100598,12.453481440182275,11.813916373299463,10.715801091989466,10.636970580080385,11.56058121303524,11.638304984285831,9.879212275416783,10.059631172066547,9.899288327490062,8.92200519841558,7.792309178205695,7.912995451348506,8.956237905200723,8.972088495405709,9.266790632264899,9.918022081320542,1.3711495961509164,0.9372143653357743,0.9842065433071673,0.880926027326769,0.0,1.5355514297079247,2.0950939212096764,1.5800090279942656,0.9982031551853392,1.0616288371872726,10.396194121318217,2.142511650686791,2.7312026033278336,1.5536635228676734,2.8175287650791643,2.8632056046349925,2.5597751354051907,2.0468242705196786,1.5547036346203709,17.23276203949788,16.29153202363427,17.186958567236246,17.00011508604025,19.947906760792428,16.735949644265837,19.341227256756937,17.815948095654143,9.24250597562623,9.192340366510873,9.289076287421619,9.206713688664623,21.25877973835012,19.606049397773774,15.086481332392061,1.3837855387545726,1.1589057917024816,14.039964882107185,21.225906739396525,1.2473413559423006,1.5972451237285825,0.8662052219052272,17.409619527806363,16.139707516488695,15.348420467402986,16.080700958966844,16.12396699427193,15.297226197675316,2.1466368904873736,2.1875375632919476,10.435403280269568,11.025857928904108,10.213111315578448,10.961688103840826,10.996622426924473,9.873161400198308,11.057477671282662,10.079701676576036,10.578657644451237,10.422094483040421,10.638347277574427,10.953495519072835,9.554664174459486,11.370950370015624,17.81523344931006,9.18648988032651,6.076217799335359,2.988236322414219,3.6170360274705384,3.591767484909285,14.810413132603163,19.12014118550652,19.146602319490206,8.9223320060016,7.526710829012149,17.13535197861371,1.5736630341827742,1.4553579018199443,1.9447011100931288,2.620012773744188,2.998341462973037,3.1569043246108492,11.202192348446564,16.240969226451504,19.74663387250494,16.630320407482174,12.230020498044146,11.34920404045555,10.76687202863166,10.22267942818192,9.700298014654589,9.679706877632825,0.9928942319945138,0.701176196912657,0.710890842440477,3.3748924947868626,3.8706303179014916,2.934670081108553,0.6695775626878727,0.739683118652213,0.44626595501328103,0.5540111739702632,0.517891209792145,0.7186659023258785,0.3064570435025476,0.1279113571125767,16.72283006607418,23.87278488347406,2.270480217258866,3.612213003122788,0.8769037227795423
OSM_NODE_6770639681,14.613051957411523,14.424202240282987,12.701241246160313,20.51672847005615,21.06082888748812,15.702856402138119,15.527530636821941,12.437401853669858,18.93324779786489,9.37120413360852,0.3992716655695606,12.337611832166898,12.604267763571126,11.331928002883716,31.022568487996836,11.243274956824887,13.031419396722791,19.094197345879678,10.668450348567134,17.98855745375802,11.386201696672941,21.45701405267274,10.56329880011707,9.084547105138252,8.985279609811515,8.78843185058381,11.946413463714407,12.980722512305734,13.581907479463467,17.735378541335415,17.106730780904986,9.391515257903707,12.046634121059903,12.612731450723274,17.083849824975218,19.43982543576713,20.15351259872794,21.41683584790985,19.64944182512947,18.189368310023458,17.560885406076743,16.739091453482924,20.048764025593446,20.95829867150983,19.871753601410507,11.345437139463879,7.802817929617837,17.50652598140009,17.530264898875348,8.754114662718223,8.581481208840735,7.976731054935792,21.096115766680775,24.26364085748649,13.45667817913047,17.39287403238545,16.684585413188064,18.77554944122795,17.82820642657157,21.967438345094717,17.26443998065642,17.305489587365532,16.95570608248202,17.15815701429685,17.49902749765649,17.36266358598422,17.469486106619687,16.79542196845214,18.65152358722893,12.994035293959104,13.359075421394529,13.971034875626097,13.844576629387966,13.257983886398812,12.242699469486336,17.59058856398337,15.60776596268945,32.05712074814233,19.98012995477107,17.056565895141862,17.300353639589304,17.2647221119206,10.894205929799337,10.801540881032242,10.291259750287201,11.582198222306996,11.59918649272191,10.90053870479735,12.845772002563297,13.270274688248133,13.105958802417659,12.463121302992217,11.383491901393128,11.322445548271475,12.20903136647153,12.309891296633477,10.459768910986854,10.674998450702933,10.549760509418814,9.366798502387615,8.473751280600514,8.683744382251454,9.551769413366554,9.503795557699718,9.867831972944076,10.503958382588355,1.7660999544788007,1.9718230858871224,0.5597216189016405,0.669731553197431,1.5355514297079247,0.0,0.6706806893835814,0.19291329260682855,1.9819624646356628,1.762010235751332,11.300769082326063,1.9410652183718826,1.367636015757541,1.8986654165487575,1.3556323200960718,1.3399569473107262,1.813851548689041,1.0750886203489403,1.1247837456145569,18.515858124381445,17.26257745789485,18.450904475280826,18.269348795896025,20.891097550955358,17.489321976981962,20.258655014088806,18.95282043937979,10.292798980389065,10.23536638375573,10.345666475542037,10.265186161433382,22.471497718783663,20.383547939607954,15.591608555799551,0.7407643260119994,1.2954632129973733,15.39190524023199,19.976615816399736,1.6081910682450151,1.0141262991975832,1.3324698643299298,18.71788414724854,17.675049857699264,16.329933802095272,17.067385914832055,17.10906464702171,15.788764911608679,0.9382580248738144,0.801988590659993,10.957016307594028,11.505509980707041,10.857353927746681,11.623459488797735,11.624545025806157,10.420566822819607,11.713386173474063,10.560894156604808,10.98450402271914,10.84831050541037,11.307791486024579,11.567784435056144,10.069289981136203,12.0381674530054,18.822006900434282,10.254770344842287,6.685122849888748,2.5360419995987873,2.265336873585043,4.35812872518726,15.492622849549509,19.988640271641756,19.982690494346482,10.068109599936879,8.75055797395407,17.63932978110353,0.060033562793553444,0.32729591799485874,0.5320012861764968,1.1634384461450882,1.7550862048789506,1.8044650913581177,11.903281215649322,17.233828323614684,21.0635799082396,17.541171910257106,13.079800612263247,11.982303506450302,11.404482340429622,10.913376033289943,10.39509996568126,10.353922807346137,0.9607195474563087,0.9632520930079421,0.8972738363220761,2.0017339991645327,2.573181187087598,1.5533311894050865,2.081240020357174,2.272930898974545,1.980093695929041,1.801407578190218,1.6993370632581506,1.6376938186738161,1.4124849781875224,1.6346481147613772,17.519185820340116,24.461598052362188,0.737077368360325,2.1785333388352344,0.735267831967796
OSM_NODE_6770640705,15.272247689002652,15.089741068303951,13.349698017006375,21.187353574412768,21.72561371547358,16.29691570925288,16.120721380288476,13.107723261274264,19.59712325204807,10.010888769166574,0.9699866596167961,12.969902168847742,13.26504524707921,11.98078884321541,31.57976012801172,11.89624647369462,13.364839158511488,19.728037367526984,11.308299834942854,18.601321181330874,12.04006326187391,22.11330610866828,11.222125026780484,9.724108334559736,9.630014130068252,9.425060855565757,12.571196741014704,13.60603757691965,14.22590651825504,18.38909870864102,17.764866082529892,10.043458689267888,12.706861729417415,13.26240855196079,17.741956618909953,20.096885771285134,20.80248367828046,22.07315721724377,20.311992304465257,18.832894940773492,18.19116749980106,17.400194159460902,20.69202891773772,21.611532030300506,20.540872016638993,12.015504648743116,8.466428187606473,18.151941426973842,18.17686489050095,9.407199770474586,9.232235863679616,8.621968551688479,21.7583445127565,24.880178194212135,14.106295694093916,18.05163736633806,17.346850795456973,19.427200003158536,18.49870804215702,22.635519402883695,17.927612611701772,17.96479922631088,17.61294158703758,17.816618647886315,18.157254390555693,18.021207346764427,18.115940460454798,17.45558303337064,19.29954217072067,13.6419423560996,14.006387551213905,14.615455518987194,14.489642570262765,13.905772609885839,12.89363725719271,18.24919438384262,16.209318125775095,32.60982806516688,20.64272894818881,17.714861670174663,17.959315606741395,17.92941981227929,11.475511559026325,11.403917101136253,10.902006374837951,12.173570510336946,12.219825746424885,11.517199336509846,13.469559056022153,13.8931386314946,13.730341621992398,13.087739995524013,12.012594338443906,11.95442273515056,12.833856158173964,12.938375455837397,11.075827265338761,11.296661114320857,11.177428383889001,9.959899541667914,9.110274214489138,9.331607028089875,10.172382860333112,10.113272650627863,10.488671266659217,11.120874738207748,2.4312783271577616,2.63107423229873,1.125975791253494,1.2927628719574962,2.0950939212096764,0.6706806893835814,0.0,0.7850910642295517,2.304263280031577,2.025508623828523,11.960102817101978,1.7666201114562818,1.4097162072118081,1.9876276314911707,0.722571464278718,1.0493387614266267,1.3779318018827698,0.6890560209600489,1.101725655817031,19.180488472145477,17.92541705548919,19.11728288587745,18.935260710756307,21.550709152625704,18.12634639421248,20.915804315634944,19.623434896024957,10.962089843396617,10.904403992258093,11.01516038270306,10.934758516397846,23.141153983573687,21.02288837909902,16.18539042119637,0.8708497622322707,1.487275439329102,16.046322846434652,19.832465959451344,1.7796651214163406,0.9586137971541339,1.6479844417496536,19.379656252561286,18.188500844226883,16.993815500257238,17.73150170063538,17.77305096329813,16.379478680440318,0.401818819818258,0.13978930043879711,11.561186578700147,12.100252254637807,11.483495278771578,12.251270870869467,12.246752922222925,11.030730248191658,12.34011953870288,11.1580366891109,11.564895732330793,11.433422599005407,11.93728202761694,12.187747148608606,10.674135592526547,12.666293952701754,19.487280044167726,10.924635986132982,7.316699444633783,2.157697950942615,2.2052349377243803,5.018089242706268,16.119673093400852,20.640343529960646,20.63032835164401,10.738676309217285,9.41801501867819,18.230823033016264,0.6119966892784915,0.9681130001311509,0.1515925170551193,1.1028046488649983,1.8636413802654634,1.7905544241725633,12.536892990514577,17.89837231018363,21.7244287249872,18.198339791078823,13.732275593389172,12.604862014175707,12.028655706498713,11.546738895993336,11.029871064521856,10.985650245852769,1.2742858842177784,1.4293260665410308,1.3937523601340063,1.9396225973072012,2.548689543049487,1.538022685181403,2.547312927036008,2.809828801635149,2.524168131609217,2.2413597827066587,2.137304876941919,2.008452939817249,1.9087165760547076,2.207969725479116,18.162422670062075,25.066388276817847,0.42236930014454843,2.0152635718978233,1.2225416685460078
OSM_NODE_6770670894,14.550971007025664,14.350775725368273,12.565183842484684,20.41879963503275,20.943382749933633,15.53922095679246,15.363597146420819,12.336505039157359,18.81429098263468,9.22855690505106,0.5037053903375075,12.190502778652162,12.480867361032004,11.196187213422837,30.849069183922584,11.111191928034753,12.838568763051894,18.94815302788423,10.525968259395135,17.832042203788724,11.254977869522506,21.32825655291961,10.502508776447083,8.941802955433053,8.846208040144848,8.643763524695,11.795233424335493,12.829860081995118,13.442406492640531,17.60402656872958,16.98001973848089,9.258457156436043,11.922522097426151,12.477695561706557,16.95710606213583,19.311898760905578,20.017937961327362,21.288109449215668,19.5284292726215,18.049587764752054,17.412791019624887,16.61607133917884,19.908814040158887,20.82648662806628,19.76462089642411,11.242932122629163,7.734790465422988,17.368128456169075,17.392773718078544,8.701793783896004,8.53209738173528,7.933874446905289,20.974622850578942,24.108881782485813,13.321599878759697,17.266895896240268,16.563188903819633,18.642275928369767,17.736549743721223,21.85704992533645,17.14439180309666,17.180169170047268,16.827979566199968,17.031824637639904,17.37242032972295,17.236426399112897,17.33188148596865,16.67116733730099,18.51516309311054,12.857532656828296,13.222099605161132,13.831850563466029,13.705870955758561,13.121388941581081,12.10875646995825,17.464423156654387,15.446758288401538,31.882630587823876,19.859185831426487,16.930040725039113,17.1746129348949,17.147176047102135,10.72626196339772,10.64056067002575,10.133533685271614,11.417434343856655,11.445951000455077,10.74541709130027,12.69413280222774,13.11819688146048,12.954629092900165,12.311882487553289,11.234555648777357,11.175114214801486,12.057885107994567,12.160662355460111,10.304345516375353,10.52219832622047,10.40000561975444,9.202395551604129,8.328995562001047,8.547124161113116,9.398380910893227,9.34547424744089,9.71457709471174,10.348924042127692,1.652599816344662,1.9218674839400431,0.6453000739457814,0.6990841982149556,1.5800090279942656,0.19291329260682855,0.7850910642295517,0.0,2.109920981888021,1.906787996963328,11.175540075426103,2.133289108433265,1.227222044808341,2.0714878829479093,1.4213539717125323,1.2852523535472031,1.9970535360172854,1.2564054662667643,1.3148899987053078,18.443991524751908,17.14202163471914,18.375207617496386,18.19475029220808,20.766127643755624,17.345179608128408,20.1308240062204,18.854744695358843,10.186753912213272,10.128388166907678,10.24043529402256,10.160298412328578,22.385255685607664,20.240923608320145,15.427875258682578,0.9277282970754247,1.4614287750041408,15.336369627712019,19.836756390408496,1.7723045949803176,1.206235029314914,1.4732066089438702,18.65128023484958,17.712040249001188,16.211024944882077,16.948850667302807,16.990314602850038,15.624029662826207,1.0963192301396794,0.9231717673006694,10.796725618689276,11.341865375894818,10.706813084687715,11.473838645094467,11.472067082949923,10.262609918377374,11.563199928023502,10.397999880346758,10.81630143302307,10.681502894400797,11.159063916425813,11.414226462040649,9.909182370854873,11.888734466529625,18.70546965342714,10.151263448730422,6.53720790239515,2.7257335684546797,2.129957581971393,4.2340588553117895,15.342743466374836,19.85541767452501,19.84603325321686,9.976313711280204,8.673393748726044,17.4749184088149,0.2370655968011308,0.18713335408246,0.6636983025229855,1.0559425364539294,1.593551008152672,1.665882043578055,11.756925549302638,17.116015663384125,20.99834465834721,17.413368711409607,12.947258713223928,11.830016014023666,11.252965915824216,10.766831238799261,10.249371459050785,10.20640004093412,1.1131069309053063,1.070214153964427,0.9947579272909062,1.8702582695412089,2.4276163523814596,1.4203653106637575,2.161837919221847,2.3195408244869915,2.0262002798924583,1.8957908254182432,1.7961260153892666,1.7574349559520974,1.491869849394961,1.668912795684715,17.379190188019248,24.302025518106856,0.747046855829157,2.0677129429378875,0.8464772633524318
OSM_NODE_6780738254,13.686271287410703,13.613985509475505,12.67133631744073,19.93397929543195,20.712393585983875,16.088884213401467,15.920526283900935,11.954141340342694,18.615412836546863,9.49624212956998,1.6063074343392714,12.477976313601468,12.400739484505456,11.31749055997326,31.54912679558477,11.178523973213824,14.40829147227207,19.158596151121724,10.764227752976618,18.231004904678596,11.307099587159442,21.256673987980623,9.671997534728645,9.217956266097591,9.067108063484936,8.958317303052691,12.156808684289244,13.172445331617242,13.591444088367004,17.591599935177246,16.903447383229924,9.377426164964605,11.860386622022256,12.569345972341075,16.8811755060366,19.238289863185482,20.055349286601853,21.216252708078414,19.354312846652192,18.163928937368595,17.66703575620445,16.489029019628553,20.015140090552674,20.802678027282166,19.400876896770566,10.89750339153026,7.051763513051831,17.465179771629803,17.475495256515266,7.815319447244347,7.618142747055672,6.966461989996009,20.79996216393034,24.44679814923838,13.403420746221668,17.17764441703508,16.41351108241712,18.652210146776007,17.188860621315058,21.52638947580875,16.971492302154893,17.0820122895452,16.767337329097796,16.9493746635636,17.29156959053439,17.15114479383523,17.416788810337916,16.56136586281286,18.573113320910934,12.966813846585028,13.334274329135015,13.971605836722333,13.83948304639284,13.228872755360394,12.188813057792478,17.376524638355946,15.946327501003049,32.604164339279876,19.682338567857297,16.85112630933135,17.082570236396815,16.93941700423253,11.415461008020639,11.195096285140318,10.637074676114908,12.032708528894199,11.848113095737334,11.19171920239494,13.051723565150601,13.478321209484161,13.303746044657867,12.667430041380328,11.56645659903687,11.481184246425755,12.415231462312112,12.48401116443129,10.763635896678911,10.931753756747693,10.759782162724612,9.848829590694368,8.653554937209918,8.738271672733392,9.840039745473852,9.875395193310135,10.147275607158551,10.800545697222555,2.367475175762075,1.893596075019077,1.4766155413072337,1.5195141435180402,0.9982031551853392,1.9819624646356628,2.304263280031577,2.109920981888021,0.0,0.3193340769662707,11.14112196511362,1.515107020836474,3.3371400524731065,0.7732186401439525,2.966459507312593,3.277963399431381,2.173198972588803,1.9437676751009074,1.3317549652718084,17.660938352623752,16.976264970097297,17.635738140212563,17.443814924849345,20.642025495634343,17.534295375442188,20.05143233918796,18.379856321133552,9.906623257365192,9.861735853421695,9.948546632135487,9.865511051384015,21.74977835090232,20.38838630209276,15.980345929566052,1.4342343241625157,0.8459267401948809,14.395422397658235,21.944507831596653,0.6474587578276068,1.4504623336475526,0.662369098250513,17.80891726578837,15.965880427946455,16.029168135420164,16.75622376247348,16.800377771960736,16.19480195336685,2.1739748041609492,2.3427454516600217,11.335847827345264,11.936365706630232,11.074465047923692,11.813587867188332,11.860688194133887,10.767979073203424,11.911190589243702,10.992805118491429,11.509419057190039,11.348360021564272,11.488659511755891,11.822487364644445,10.460404590457252,12.219272031070117,18.473752415174967,9.838633899954791,6.975824361676025,2.354611297464135,4.239776612980992,4.480028403828409,15.642961502606223,19.857767510267703,19.901062524851827,9.518417820231047,8.068919956229628,18.026351335845426,1.9921284491098177,2.061192193302303,2.1781069664236035,3.145118747839854,3.6853041533359137,3.775801158139,12.038010200037137,16.912166511306484,20.13050429574395,17.349693786989334,12.995095762107535,12.21016283614137,11.628355362406237,11.066677542198205,10.545184746172675,10.532514770286882,1.0453706285332336,1.0494947120183211,1.1345469006243094,3.979073586291297,4.5348254817682525,3.529323385026228,0.6151984112431681,1.0626517482267053,0.9707534001434052,0.4597620456884279,0.4805980808487442,0.3636924766859338,0.7876618913779646,1.0677679518889922,17.501352607196424,24.728117313714318,2.6202111449993284,4.1596366180081095,1.2651403034751678
OSM_NODE_6780738255,13.98138905026116,13.900241574219404,12.87639829441101,20.203778822368513,20.959630761446018,16.24272627041367,16.073223982642617,12.20925428671496,18.858474070257987,9.675722033386398,1.4097245506653344,12.661138462776341,12.626120583246943,11.518627567928545,31.68976264221091,11.385641874357871,14.390148199383619,19.357664286262814,10.950341980509998,18.406365262113134,11.516181318450334,21.488173395184802,9.961427401256326,9.395602101403052,9.251136613467915,9.130365855675947,12.330195452109741,13.349782467380036,13.792763247508825,17.81477084469303,17.132956043178837,9.574581910439727,12.083050117977375,12.775927778233807,17.110600496595826,19.468979188864864,20.27461219310076,21.447762123177956,19.59532029261982,18.373462689681556,17.859860642427332,16.723477164176824,20.226722236421203,21.028935000737057,19.659913049213387,11.147657310177442,7.324546200723429,17.676177256293517,17.688113816212827,8.106001465750602,7.910428090841082,7.261221638832308,21.04172842624846,24.633154398873614,13.612245275262941,17.408676286105734,16.650218563587547,18.873656505613386,17.46261705820792,21.78331799446154,17.210947330540364,17.31390444935164,16.995066121248154,17.17953312801751,17.521802825410298,17.38174343708049,17.629118886363432,16.794088583076224,18.789243351874315,13.171926150092851,13.539538571267887,14.174465988121007,14.04289852786101,13.434540268905057,12.396157704723565,17.607553047833463,16.10671390358322,32.74198661217136,19.92378678329309,17.080842650548238,17.31382629190521,17.182323551847965,11.543522936450117,11.341401374055518,10.789043292819636,12.172286668200242,12.015789663089524,11.35243217251017,13.227001034473869,13.653873501462321,13.480446123844752,12.842394807350935,11.74255204278413,11.660351871713313,12.589574893656618,12.662733194823613,10.921747979497102,11.096709248727612,10.930753614277684,9.97930853625787,8.823352711145652,8.924924821019305,9.99825355071122,10.02196440137962,10.307442509877013,10.959745083589157,2.3883841527233183,1.995748241740867,1.299990073090278,1.3827606572073101,1.0616288371872726,1.762010235751332,2.025508623828523,1.906787996963328,0.3193340769662707,0.0,11.359587644777248,1.2270945644765365,3.1286223270803464,0.5196125087357815,2.670479105276298,3.023196733390091,1.8579673399384387,1.6317598283610906,1.019044146301009,17.95247305803618,17.215004471342166,17.924261273509018,17.733063938941896,20.878641153867623,17.734751034908097,20.28316010095945,18.648144338300714,10.148638693384736,10.102305567497444,10.191819960748234,10.108912259854693,22.03214537949957,20.595497032910842,16.13370402982152,1.1557540063422285,0.5442344787757069,14.695620735206212,21.738625196869254,0.32940121654615345,1.1423992372087912,0.43478970026200925,18.10439434075486,16.27961985211261,16.268838189336268,16.99750325368876,17.041419892015405,16.345892873217707,1.8718028362656522,2.0548325079978955,11.48452130231637,12.078635659689507,11.245090512448161,11.989141320449544,12.03012377471631,10.919995230276683,12.085876451247028,11.133188159838092,11.637108847341937,11.479448078054217,11.664900527444656,11.989333401483368,10.605549750910365,12.396671111097335,18.719948276581235,10.083755125176756,7.123653809377456,2.077972106345284,4.027336426062323,4.632051700445788,15.82845972697531,20.080734297005428,20.118304240569255,9.776837590280136,8.337511672839097,18.181624211265213,1.76490859907711,1.8816413967013375,1.906198116324574,2.9173891721257807,3.497750814114303,3.5661722310790287,12.221250809532844,17.154667853943366,20.428241437114657,17.578162344087822,13.207236581351626,12.38127887980676,11.799062628367619,11.245822396125753,10.723737647680183,10.707246909785098,0.8028174215137143,0.8925010505975298,0.983059418288514,3.763387302382948,4.332870316254307,3.3153220680601874,0.8668467387291063,1.3064811124052538,1.158599276044428,0.618487852480473,0.5823480175528685,0.3439388270908312,0.7868213518583281,1.1590268548834821,17.709526301375686,24.90352144574185,2.361333284510063,3.9273464703731196,1.0825228276828491
OSM_NODE_6795540585,5.866760849357696,5.0921251913511005,1.66538118186973,9.598783867326603,9.796575805075754,5.961418546241963,5.844231412773204,2.1688382379070625,7.660175288561845,2.325527224723899,11.122680188190422,2.1468038315377527,1.3127138556882547,0.8332305881579549,21.122079207654334,0.5379676151317504,10.51544949372487,8.09484582152738,1.5014584806956608,7.486764817504921,0.47639994151577936,10.161579114295444,4.231486759154523,2.5631801274856585,2.5234772061816177,2.884113500714515,2.325885584997886,2.842256196721829,2.597175334037861,6.459463479093265,5.806998662850061,1.9933226167911502,0.7516141412894848,1.5419703473360022,5.784181845553948,8.142399419260487,8.915041108057437,10.121306665463393,8.361504208177394,7.039347642190625,6.680503234900602,5.443359051929669,8.881690312179243,9.679780715484378,8.757859759005886,1.6473076896587815,4.731796716209304,6.3361421222608225,6.341284562513523,4.9302775238392815,5.112267330637639,5.584375883385605,9.804981742516082,13.464876906412803,2.3124686043347915,6.092232615397077,5.397374971255209,7.5151454354141,7.191845816712925,10.782678912825416,5.985930417979021,6.004764431159188,5.658700329487065,5.857850945892548,6.199059253217886,6.0622352437809806,6.283455556450342,5.4959692758815475,7.432474232061141,1.9412336738116707,2.2898026714140967,2.9390828760987358,2.8035282122175533,2.182573668821679,1.1782191747691728,6.290077870712958,5.664023781885843,22.211703098103353,8.692332872931155,5.756533397763226,5.999608714229825,6.01028526980993,3.8606060014023527,3.114254482089613,2.869045809975985,3.6017202873227463,2.4182274753808635,2.5398869593517435,2.8195882619850186,3.1357783930200216,2.9633528185744167,2.5641617109685977,1.9780791003410476,1.8260690324708242,2.4304478294225653,2.3103548244312497,2.625912950601143,2.3515658035014813,2.117318567566326,3.7419793147847122,3.154738613258755,2.7396548467302257,2.8123464154216227,3.1937597047074706,2.646083294071683,2.582118129001116,9.536264538658871,9.518802814427188,11.01968254046447,10.808343250253065,10.396194121318217,11.300769082326063,11.960102817101978,11.175540075426103,11.14112196511362,11.359587644777248,0.0,12.53472420994594,11.373626219015613,11.8791442665231,12.54496989018493,12.00148416789101,12.90406403386506,12.264474161919843,11.907302550969838,8.611151724168836,5.980216856969832,8.388247129443394,8.268995085524995,9.590606458136383,6.470647363003441,8.960733772335672,8.069472791630398,1.6663793449034683,1.6506789708093925,1.6823344969841225,1.7426484906765312,11.833596327869216,9.270203514776538,5.878758057673828,11.631492992277936,11.554531853765763,6.80150129992434,23.375124401351066,11.617246494294331,11.913375687530069,11.261527003748412,9.026858005497889,13.855223184821654,5.064826261203632,5.803153188514839,5.842529738787945,6.128499763921621,12.22332705649317,12.096990393532618,3.0440995600823415,3.461536688352721,2.124357675573045,2.084469510783931,2.3517330897081643,2.8625898292676957,2.15961980660318,3.320137198492869,3.897211305208759,3.7305201866227113,1.9511662772457146,2.4424240832786164,3.1379942023462926,2.202935191653197,7.572390328336518,1.8218577110128182,4.846096409087681,13.384206721127077,11.634197484530251,6.942665980332486,4.824359074383919,8.724054060724786,8.75994684140812,2.5402361642106612,3.851973765396398,7.694296541100019,11.36079742878905,10.992035239875198,11.830847384152904,11.583930932263472,11.1471105080962,11.476717823547894,1.878691751989861,5.976565224594434,11.24515961359624,6.244115935291056,1.8793205199807799,2.44166933078957,2.2199044438795847,1.7687049041088407,1.854091900578809,2.005712933812402,11.335339796372956,11.006479636434344,10.966765314107198,11.617820064605194,11.534393657882843,11.48574521345569,10.526029487045728,10.07913542358118,10.201201416105562,10.741099811950258,10.785403562721138,11.03731875652391,10.70202658240672,10.273648167574688,6.384483657027908,13.865851091965562,11.830202580180874,11.944753226438717,11.072321438188139
OSM_NODE_6796028631,15.201374711312987,15.126153128698675,14.029868410818958,21.428768257797987,22.16786531706235,17.29490471802907,17.12308620337962,13.425810740591242,20.062514506152777,10.788852722298541,1.796535226270311,13.776567740921275,13.810087890140963,12.666892312075863,32.702869217308,12.54368403171394,14.969093606750752,20.497311054308977,12.073376892569868,19.501784518683618,12.67717799401219,22.677748308097012,11.185809634117044,10.505934869722847,10.373327842988632,10.23085701514983,13.427416933576781,14.453388448306278,14.939346021599755,18.993642897791048,18.32079062499652,10.718725806196463,13.263606586803109,13.931931041595169,18.298329504413122,20.657845291051025,21.447067378850583,22.637356905559535,20.79694936843327,19.531236812130356,18.989020840471305,17.91778572257302,21.387198143452146,22.21142521280533,20.87870045458165,12.360285343501186,8.550981338017102,18.83658034008219,18.85109377938917,9.329578857766391,9.132878586522772,8.48155393653239,22.244033953344957,25.747411829807756,14.771234714732195,18.598452243910373,17.847315528756525,20.049727111773162,18.688958545211648,23.0003665567596,18.41118020464235,18.504823420542106,18.180543147317387,18.36821779399228,18.710499686528177,18.5709573714368,18.791664292109566,17.986202997532178,19.957333758511297,14.325251457750078,14.692842808323213,15.323359161672082,15.192806494179411,14.588576397253785,13.553679170614167,18.797276127824887,17.173082692844602,33.7480446057743,21.125873515877167,18.26896725793994,18.50391861419462,18.386453357843152,12.545411538259279,12.384579691631533,11.845532474387687,13.198924994726022,13.102207109801254,12.425911288312134,14.326759170212418,14.7536772684294,14.582673838427867,13.942013481184254,12.84583715562783,12.769584703720861,13.688310078295869,13.769802274568601,11.990737989759575,12.17924598353274,12.025460292738432,10.991102059295034,9.920357480960941,10.052398735034853,11.069510433443963,11.06891314144316,11.381944529814657,12.030889559270825,3.267160637654072,3.054937601620674,1.799232617929616,1.9890624273742283,2.142511650686791,1.9410652183718826,1.7666201114562818,2.133289108433265,1.515107020836474,1.2270945644765365,12.53472420994594,0.0,3.15718484106059,0.7524337752815576,2.1440551599041564,2.7941096919379085,0.7990478297110344,1.093654748700218,0.8285411949533263,19.175597149895122,18.414401501162196,19.149232702964753,18.957648587913738,22.074859236921704,18.87753400506838,21.473243531185222,19.872522481377626,11.353771670608975,11.305943540738458,11.398222998526096,11.315480514368403,23.25906536475945,21.748513373257087,17.184942601508016,1.2218060184971096,0.9961299584588642,15.909017270582215,21.534302814337714,0.9283567455268034,0.9270673516693837,1.2766043700703205,19.323996585646373,17.24701973191777,17.469508836965773,18.199860640359745,18.24350171042477,17.391943910080464,1.4133559916090705,1.708186351718646,12.53250131211769,13.11144565640258,12.338579339608668,13.091033397547225,13.120016130903036,11.976293497312385,13.185959729306783,12.163899590598751,12.637906082377123,12.4884470057967,12.768577557160578,13.074131721646124,11.64793177777402,13.501550942255315,19.927358188624034,11.292041780708622,8.183781683519417,0.856318593362072,3.97161876689472,5.717301422065704,16.945335157583166,21.258720963687768,21.287723479166846,10.996297047869557,9.562605711480101,19.235128337208753,1.905943337081416,2.2167927930467473,1.7302418397914854,2.863727640366677,3.5995103926780723,3.5540361735650796,13.337349194997584,18.35835747065652,21.645137407487343,18.7644844845045,14.371683762358957,13.4739781952604,12.891816637917444,12.355619074903673,11.83325426894696,11.809583752903544,1.2956735318512302,1.6121804772992911,1.6787226782286742,3.706234000669046,4.3152369604923555,3.29938232317279,2.0935379017117386,2.5290945928933155,2.354216368024677,1.826196975177564,1.7660055572970703,1.5137781250650932,1.8360554497671147,2.262848030797171,18.86533823731035,25.995916577387035,2.1882188241484326,3.7682523661954583,1.6425199301954152
OSM_NODE_6796028643,15.163794528948713,14.897503481364808,12.662374621661735,20.791071383781162,21.170184971826327,15.341040832360886,15.16242909146009,12.712438667049469,19.03355541529969,9.28889466223592,1.730860017808866,12.185905471267475,12.686327037552989,11.304225679013838,30.498411327764135,11.251919487915,11.999406681395543,18.92973577501352,10.57683573565019,17.708428911497275,11.402176428847184,21.462025001785786,11.139161184883832,9.00408917076088,8.94366266129217,8.690851637265562,11.75184134528132,12.784074082182089,13.504031731252145,17.723773843559826,17.140907824200763,9.405427277688863,12.125221735062759,12.584449187213252,17.117786218865316,19.456736576091707,20.09490686166059,21.42221491638364,19.729704764258845,18.09287016404451,17.378003078308737,16.808432511901806,19.946225921575035,20.934974485146196,20.072142902605503,11.613500972544676,8.351627947289503,17.425927649952172,17.458755370218103,9.395876588043025,9.242749563774982,8.68224933597493,21.16914711650598,23.992236855945983,13.42378894686235,17.433085502920626,16.76883996132666,18.74267408850911,18.15742236545483,22.13649374243121,17.359180112083745,17.35204985005503,16.980794584868942,17.19572341854639,17.5330834506818,17.400545859559116,17.39700163732125,16.853280782422264,18.588458222469168,12.949237347576755,13.30777254143602,13.894654425326374,13.773615863845842,13.210971721215142,12.227174472009416,17.628518416118386,15.279805035833638,31.517110947262807,20.06031569125407,17.09262251100284,17.34302856203438,17.381745261117814,10.49768701832731,10.49775159999707,10.03157126473955,11.22431382800299,11.38327736470541,10.66734554417574,12.64102884573628,13.05843521660804,12.903412583669587,12.26493922483838,11.217521280607267,11.174497632359707,12.01331210707287,12.135059224355716,10.226302840765667,10.470446660466163,10.38061213331562,9.0307873757083,8.378846898022097,8.670000016854454,9.349830362694346,9.243707226017813,9.664573983239181,10.274736012423201,2.268038897052005,2.8001642472272055,1.8668448329802396,1.8770377953503137,2.7312026033278336,1.367636015757541,1.4097162072118081,1.227222044808341,3.3371400524731065,3.1286223270803464,11.373626219015613,3.15718484106059,0.0,3.246489386843411,1.4769017070473853,0.6803187575766837,2.769214975272581,2.098157821706926,2.4091094667445776,18.989647301752637,17.352761299630544,18.8975599215271,18.72424634880209,20.9326571202725,17.349241152905197,20.274731318785275,19.22910450955708,10.539069495006258,10.474398948549092,10.598203739798134,10.521107244817438,22.833427439723962,20.25260612824721,15.22889536310734,2.064882956367809,2.6571133736274457,15.983787507923195,18.61085470580578,2.9703571657859715,2.2756243552969337,2.6970264407787465,19.228001498164055,18.760390869669052,16.437580068039,17.17618752474703,17.21583827019124,15.412283227831587,1.8040982854780883,1.5024336115972212,10.660772440298372,11.162815250165504,10.67712359299718,11.448350055671376,11.417181106063783,10.157053039789464,11.53140440809995,10.234450277076583,10.583757615180534,10.467781662592289,11.144627137193401,11.34834783524598,9.78213056073277,11.862628024540458,18.944009650144608,10.52196183168231,6.583214860011485,3.5548742899769956,0.9031362474750667,4.554935354168236,15.296421151479574,19.95354535183166,19.91364880056126,10.428327258562234,9.22797223077236,17.26167412346995,1.3701689409884164,1.2955575374127373,1.4273127096456277,0.3274473182190288,0.4584073044710089,0.4386613655345856,11.762254739393397,17.348577673843522,21.57914133613848,17.56389584823459,13.073532485159182,11.774936793699116,11.209482852508454,10.776786826341983,10.271200675447416,10.210922927698682,2.328303879059882,2.2946933942162255,2.2160436578324547,0.647481148846714,1.2058759023345438,0.20428198837898734,3.356034615510404,3.4555812818276124,3.1677177115288946,3.1071378315644482,3.0101947517386605,2.98377901881208,2.692954811267159,2.798549811624577,17.422259124444796,24.132333984885587,0.9944485267688388,0.8923640179196,2.0730276867511774
OSM_NODE_6796047040,14.454370228545647,14.386276134168597,13.395573229874138,20.706112917439192,21.474166687648363,16.748208937889054,16.57823646261388,12.720392009764574,19.37433487225242,10.190635585722363,1.6165431786592517,13.176700130877343,13.145254059920246,12.037446134298273,32.18829300703233,11.904995913253915,14.758873537952672,19.876066304887857,11.466699077001692,18.919513525872766,12.035646539698599,22.006634840764132,10.443382700009321,9.910074958545094,9.76718949107298,9.643304589266581,12.843129335647863,13.86378019425614,14.311545849365826,18.33413247043733,17.651669016808164,10.092984003365512,12.602401281951362,13.295223708134731,17.629324481751226,19.98754729911735,20.794175997522945,21.966221742259414,20.111768074273737,18.89289886507637,18.377278676211862,17.241385951965135,20.746247727405184,21.54805516366759,20.169208123806,11.660903323540257,7.824317542485167,18.195687758101077,18.207681235098335,8.58631577554806,8.38840463120263,7.735386861608392,21.557984546062798,25.149088149085372,14.131675006519316,17.927174508262915,17.167668221404274,19.39312717109497,17.96172631435465,22.293736612675808,17.727766195626703,17.832267648830943,17.51400079457598,17.698156787406802,18.040419307903775,17.900305787132133,18.148677996394973,17.31230850035252,19.308855613299915,13.691100475050423,14.058719995490366,14.69341041313762,14.561901821129084,13.9537565529595,12.915511586284564,18.126053839923458,16.614849062162726,33.23904003064847,20.440118833007148,17.599526894452595,17.832289376707134,17.698206482702002,12.037336904715955,11.844272706007665,11.294476779312259,12.671848683613227,12.526941338156114,11.861213908226485,13.740419136590567,14.167339648686028,13.994254966838954,13.355752364068833,12.256333021072589,12.174980484737715,13.102770997036412,13.177161687134202,11.429617063788292,11.607052932756709,11.443100110423899,10.474875276441727,9.335664756941615,9.44157745156701,10.506335944533205,10.525257595015796,10.816197398786358,11.468022290137702,2.8283960162293305,2.4907765525820156,1.550616493257798,1.687491389635229,1.5536635228676734,1.8986654165487575,1.9876276314911707,2.0714878829479093,0.7732186401439525,0.5196125087357815,11.8791442665231,0.7524337752815576,3.246489386843411,0.0,2.543740986173892,3.0313103653282303,1.4775274760009092,1.4486709864236558,0.8870127087525017,18.43111194821059,17.731998539817052,18.407246569954214,18.21504530666667,21.39615829224014,18.25336044766161,20.801577045741613,19.151593006312197,10.664596673962707,10.618659943473828,10.7074117946905,10.624461827783666,22.522756767350867,21.1147609484868,16.63899200647239,1.1826382723693323,0.6192046022162635,15.158909156619718,21.810541349873677,0.34048176664591,1.0301578285064668,0.7587579763193067,18.576596046306346,16.562817315158565,16.785588853005137,17.513843376494155,17.557824944401244,16.850185788589354,1.7404109897826472,1.9811826853152172,11.988411770469074,12.57950350041146,11.757289904837661,12.502744614337772,12.541852722055577,11.425422282631711,12.59921915770841,11.633365187736478,12.130697059522063,11.974885952997289,12.178730033585866,12.500208643914108,11.108062692700976,12.9107593067063,19.234816419731764,10.598764219878609,7.6285018223249725,1.5818002607334238,4.123695902388876,5.140189123570831,16.344414371337976,20.600120258305754,20.637909669209066,10.286232728114596,8.840537494600877,18.68755285062532,1.8850822736424364,2.0919970146612914,1.8971600917935503,2.996735749281429,3.6518201266019577,3.6745151635338655,12.736860702974363,17.67066813310195,20.89622898827048,18.097013692387748,13.72680650670183,12.89350799310174,12.31122382740418,11.760482321144691,11.238292814825714,11.220747892249621,0.9907807120538993,1.2152239369286808,1.3021214147100102,3.8558865812471934,4.448162136108005,3.4181315118127515,1.3735345061904265,1.8184302720493029,1.6782099768117245,1.1380696301738156,1.0989418881493587,0.8518623885717199,1.25993521560073,1.6598965178479579,18.22888410041362,25.416481704007136,2.3745291619378515,3.979571057775268,1.3439566294979481
OSM_NODE_6796052313,15.966981046764682,15.771623296272727,13.902099384801065,21.831202091318527,22.326978367007126,16.733717687422864,16.55613970322388,13.746852238355938,20.195112515814774,10.545855428094141,1.6886718047388283,13.484579845513432,13.853879364213332,12.535464374517096,31.945133461524343,12.462044539031657,13.439066999725616,20.241350797443726,11.841787191764531,19.07125429984377,12.608236025991001,22.683884998584567,11.917560505676624,10.259270045601031,10.177370925436543,9.95423190136554,13.070528581009677,14.105281924275966,14.76636218265255,18.95311499020417,18.342667317745896,10.608477552680371,13.294166387362743,13.818082848601897,18.31967405792728,20.670447584919398,21.352339921401935,22.643838006028624,20.90452540071938,19.369470668929242,18.69739238804939,17.98823172313159,21.22718920584524,22.173042866487886,21.166291579443204,12.651810357026704,9.153723764507134,18.69357072611364,18.72151337600203,10.10973856046696,9.93703291976408,9.33115575901156,22.349300866569756,25.35462392988892,14.661173981509979,18.63139104185652,17.93917916539873,19.98490313039122,19.153894548856496,23.25352246880138,18.523245388478646,18.546407982440297,18.187919508869264,18.39546466987784,18.735208445233944,18.60024768250793,18.660241799162797,18.0402834026555,19.847412426275422,14.192686598455849,14.555320830226536,15.156658733871081,15.032539579186242,14.456008107258986,13.452983931708813,18.828357228637152,16.65981358850673,32.96754655881386,21.235366635638993,18.293203752432593,18.539762077834474,18.531336593517725,11.896872093339988,11.86205883615926,11.376443445669635,12.610850744562217,12.71124893643882,12.001840360327204,13.965809531129276,14.38705493106151,14.227534435564262,13.586120257991022,12.52159193767141,12.469606375786013,13.332955065243459,13.444956575589792,11.560029542013272,11.7914658733452,11.68459685355932,10.404708826065812,9.639824645536878,9.887096414153932,10.667068673978296,10.586915814438592,10.983208326863254,11.606655606238354,3.0628742703981686,3.327140033749924,1.8467934330901565,2.0061743876504203,2.8175287650791643,1.3556323200960718,0.722571464278718,1.4213539717125323,2.966459507312593,2.670479105276298,12.54496989018493,2.1440551599041564,1.4769017070473853,2.543740986173892,0.0,0.846551342246566,1.5115577085053045,1.0989633476278338,1.6758577746435586,19.86452079791189,18.519747510831408,19.796435227456172,19.61583840514963,22.132274497292993,18.647719448462052,21.489408071641765,20.267110681668957,11.591789840572503,11.532250716730207,11.646457784174084,11.566760801799582,23.8051103169522,21.548380668255724,16.62180221453825,1.5433870423628167,2.1263021356022014,16.747367351513194,19.39418440089909,2.3924776241893877,1.5391565507121205,2.325540755723009,20.069880546090594,18.894196601703612,17.59260233405986,18.331013992486955,18.372014129762636,16.81024567195495,0.8067018349792532,0.639054618550713,12.022309203614569,12.543561410967335,11.987066599094915,12.75725979242523,12.74127716101572,11.503843319611294,12.843755366341703,11.60728208360735,11.984544527988346,11.861294599776661,12.44719438185521,12.677870444992113,11.138134532883464,13.17243676424692,20.091316643468218,11.55932752130929,7.840392309057507,2.2687647449599857,2.0321967940407135,5.617005873772556,16.620313558996255,21.197773484743962,21.176694406416317,11.394151913018812,10.094675133068915,18.661384379547325,1.3016939147735374,1.6077867479672974,0.8735537555710345,1.1570687321857382,1.9148397927962593,1.722264117289955,13.054925618372511,18.499638216962815,22.41628711329597,18.772880571199348,14.295200197040705,13.09962936992418,12.527444840775091,12.06544163291354,11.552350549338788,11.50162649306363,1.9660531717772771,2.1465179508104986,2.1143745251367525,1.7960062708230817,2.383724761709239,1.5149921966811897,3.2541500910572467,3.5294652208324746,3.2451217735656988,2.9441024095151724,2.8406654111373495,2.694410127475647,2.625836553863875,2.930533179412245,18.6985944547219,25.517743888643864,0.7148428960881676,1.7473720699156792,1.9437643469165549
OSM_NODE_6796052314,15.668750250237446,15.42828179496335,13.310137858077848,21.38166345975524,21.796994412646285,16.019845928991163,15.84132337824737,13.297635499221197,19.66131979563593,9.939657360430997,1.7391521502450593,12.848101907491092,13.313762574158964,11.94915732884073,31.1766269694694,11.890970754499007,12.592645260760658,19.59583687137602,11.230331051438181,18.38367224012283,12.040154521260837,22.107010373438804,11.630703332584023,9.654204822914895,9.587900697899318,9.342928033550882,12.418315836587698,13.451298599704744,14.157887134738605,18.370123572392867,17.77967366911482,10.041294635128954,12.752786541688872,13.230560533004498,17.75658218709839,20.09923699353428,20.74879552651306,22.067132181377794,20.36144444305917,18.75110216034894,18.04553152053116,17.440925005726324,20.6057094331859,21.584108423704237,20.679782056096897,12.199157543850196,8.84711713391943,18.081920677076027,18.113564334815283,9.859559814205488,9.698431080224102,9.118613717641235,21.802666749510593,24.667697128219768,14.071190402222044,18.070960243449584,17.398593682829468,19.392551226477728,18.732706864888527,22.75163492644615,17.987268055481035,17.988803709189504,17.621003590096553,17.833942126711705,18.17204044900307,18.038801265328477,18.051918400799973,17.487838455770717,19.24251111644664,13.598081369107447,13.957801341261677,14.548533417642117,14.426689344596609,13.860316480555662,12.871029626582406,18.26686358632412,15.957233127229737,32.19455937633522,20.692185633591475,17.731050169593267,17.980444312666215,18.00557631206507,11.17682417894995,11.172487165464318,10.702843565102205,11.902218358459736,12.051582717469593,11.336782056608959,13.308955978786924,13.72720952357586,13.571256353175322,12.932051216361085,11.880666087906352,11.835579128363742,12.680048260063478,12.799741908485794,10.895472749867013,11.137073159681941,11.043467706843247,9.706725012346924,9.030077582868875,9.309335811280746,10.015266705521233,9.914450466014568,10.330429820113066,10.943557421577186,2.710380418979016,3.136225225650806,1.899239181460133,1.9830704163798034,2.8632056046349925,1.3399569473107262,1.0493387614266267,1.2852523535472031,3.277963399431381,3.023196733390091,12.00148416789101,2.7941096919379085,0.6803187575766837,3.0313103653282303,0.846551342246566,0.0,2.279142303502353,1.7005566357550255,2.1484640457413287,19.52294108798081,17.981698731018497,19.439367730871243,19.26339397661792,21.57156601102353,18.01235580017047,20.917627446700653,19.818553580449805,11.128586285977118,11.065568140273468,11.186280688652197,11.108233702757138,23.40179110966898,20.915457180419253,15.907717577707645,1.8773249719121594,2.500952285669989,16.474528552237103,18.78348741415101,2.804659924858893,2.0057769348669185,2.615915382440573,19.74949844725812,18.9970995687488,17.06274643995356,17.80151206664836,17.841572190755986,16.09155468294408,1.3816711621704072,1.087064827537739,11.335091713096046,11.840006930786322,11.341413859388839,12.1126386528628,12.084702817869099,10.82871145077699,12.196468015214109,10.910438450129059,11.263037125622457,11.146378275241137,11.807410536954837,12.016957713899973,10.455348246550514,12.527223590793096,19.567564337136254,11.106291794464287,7.231781075115544,3.0594357454406444,1.2100741028352973,5.13475903946526,15.964600043088398,20.60411529867175,20.56888533273615,10.987794915550062,9.749685380891618,17.941132449661715,1.312919658728274,1.4312077166426116,1.1350008828668152,0.41760477651639705,1.0849277996750568,0.8757134235781393,12.422951019095205,17.972835590288575,22.099850101367664,18.204745956676998,13.716584346670054,12.442664389780218,11.87566720589429,11.436213178097617,10.928615257018095,10.870622162426772,2.2327685635499606,2.2969780975210385,2.2354267202305627,0.9605811091247468,1.5624827873838407,0.6770550926586153,3.4207803148779576,3.6028613185891074,3.3094366659704226,3.136901763165607,3.0339169488647024,2.951435310594252,2.7524320599457304,2.9540266818532364,18.080329907251176,24.810669343720974,0.6629652922208609,0.9742883503581037,2.0696359946258256
OSM_NODE_6796055407,15.801934834351592,15.694068107503956,14.3578327589033,21.93584088405796,22.6020466006173,17.4774774814776,17.30323647725025,13.895836616617546,20.48606733566609,11.066408669360838,1.8397649566744794,14.047728358417997,14.194062670208583,12.989656207115914,32.82485895938665,12.88272295455701,14.742733891629188,20.793347073492995,12.360043872082985,19.73521034222294,13.02087421112099,23.063779934181,11.76835517720925,10.780909268309719,10.665085170666446,10.4941046133011,13.674873142450098,14.706710342708455,15.254303959358596,19.360129767690328,18.70663885060414,11.041169778561414,13.641785835510985,14.26430563407019,18.683971759366013,21.04379947825415,21.798738414897098,23.023460462002387,21.213471641015545,19.8581276114721,19.270709027172508,18.31865397859844,21.716971415592337,22.582489338355522,21.351023809056883,12.818284920585347,9.086146121724598,19.16881137088597,19.18785049170651,9.918743094957849,9.727762496449149,9.085797798854319,22.6613708530853,26.00074692398294,15.106980030780363,18.98828558578167,18.254914123681225,20.40963233184408,19.211164672616274,23.464329784490882,18.826046597068554,18.89730811919632,18.561477661715315,18.75587397301917,19.097836037886044,18.95957260951192,19.12771759067911,18.381927922693755,20.30216890573755,14.652364203719777,15.019191685723756,15.641314432057632,15.512646451217558,14.91633931842136,13.889420517954362,19.186795395060578,17.37300387121729,33.86162458605435,21.543372015352933,18.655501192134114,18.894551305952387,18.81164161699988,12.684241969592485,12.569388644875632,12.047767962982824,13.362283685728581,13.336645661746587,12.646375507720734,14.575238005866687,15.001213372433721,14.833842273128015,14.19126381298664,13.102984022841703,13.034960502694775,13.937052082131375,14.029483077523068,12.207290138829956,12.41176512850278,12.273982950108598,11.147127502290447,10.180626542507461,10.352996681572915,11.292472654476061,11.263364349612063,11.607536602285007,12.249902374059182,3.4395848301968033,3.3875206251453265,1.9114464404440334,2.1238638741497096,2.5597751354051907,1.813851548689041,1.3779318018827698,1.9970535360172854,2.173198972588803,1.8579673399384387,12.90406403386506,0.7990478297110344,2.769214975272581,1.4775274760009092,1.5115577085053045,2.279142303502353,0.0,0.7412028695631402,1.0067695366080138,19.76089210670391,18.827141897385633,19.723197008765755,19.534394519062765,22.476798662179956,19.180378364111615,21.861275568049507,20.375641088569946,11.79179284229876,11.7401247640403,11.839593998467038,11.757493511206329,23.808881510776533,22.065107086729476,17.366604691941536,1.2816565394496098,1.4392756029486766,16.529637005985034,20.875436373448924,1.5290302098902693,0.9907153227397596,1.7409614090057923,19.924609714935084,18.03079173207885,17.886422535385783,18.620451304193708,18.663323611382275,17.56710841979109,0.9761527014459436,1.2696541479512773,12.722296834637119,13.28198647995353,12.584469984176806,13.345608644114519,13.358839076956905,12.177803297023923,13.437865028317926,12.335475409080907,12.775233536740323,12.635070299596581,13.026478193898782,13.306601537447042,11.834684871857547,13.75897968388603,20.360579566564066,11.738941151560002,8.410630214992944,0.7862782608591306,3.488722500256627,6.000147654936755,17.212075389239335,21.62134922658103,21.6337949983035,11.482011114361992,10.082265875735738,19.416067509998616,1.7616922618058184,2.136185836819228,1.4110796822017506,2.449108049413797,3.227182294519531,3.116126038555748,13.610578330791633,18.782371895571224,22.25443768678756,19.146613609002603,14.717650755496512,13.715406820059421,13.135007030327388,12.623026202402087,12.10200332018074,12.068826623158893,1.5786273226254448,1.9029715444419397,1.9380606342505848,3.2343275700206897,3.840690920244379,2.8745022036846426,2.6853645828915975,3.0887567359786687,2.8666324724437513,2.3846680657270936,2.3030152705651425,2.068080292385638,2.2677934364278696,2.6874383500884442,19.189616456342907,26.218801765321537,1.7765976606481924,3.2365433264762453,1.834094739299753
OSM_NODE_6796056357,15.3369455445998,15.195591210317717,13.696051596121348,21.378500091236685,21.99270180935597,16.76222586091188,16.58742889562752,13.317699612853716,19.87117510855867,10.386432078486154,1.1462087688285942,13.362244857472897,13.560932191190783,12.326824013921883,32.094876040377116,12.227707969072503,14.026624512600067,20.11404041024657,11.682217223099542,19.03374568102747,12.36797661218081,22.426004884206623,11.291408292888422,10.100285984164987,9.991536325348031,9.80929007361543,12.981019890969627,14.014205112671602,14.585899480994087,18.71371779716748,18.07088794866598,10.38072294356099,13.006079921768851,13.604670359077804,18.048121695162614,20.4068531043741,21.143780087041797,22.385740298314182,20.59392914336164,19.192372344600958,18.58633621977567,17.69158746739057,21.051756284147988,21.936964943915424,20.76791442324853,12.233221782309895,8.571752896354235,18.505811945610017,18.526939894053136,9.454035652607908,9.269869925643485,8.64074673081973,22.041632725894036,25.304245554409544,14.448203875282791,18.354563899001263,17.631804103351662,19.75934836205339,18.66795457385927,22.874276265354162,18.206874925131203,18.26511840344474,17.923140362038293,18.12108746469937,18.46267003734631,18.32519337484396,18.466508728717056,17.751884271755298,19.64454749355892,13.989931532326139,14.356102405362387,14.973953660719046,14.8462215238366,14.25398544845118,13.231738001589209,18.552782951987286,16.662388714818764,33.130251652974465,20.924251306391593,18.020157905856482,18.261329806000113,18.1987723579301,11.960762791727289,11.856978037368625,11.340640950018738,12.643963598378294,12.638607730919384,11.944333076371619,13.88111788166087,14.30649963297889,14.140496624568385,13.497669164361618,12.413039600691205,12.348121142146253,13.24345769504463,13.339731935851837,11.504371946921975,11.71382515125867,11.581674313012897,10.428422591726148,9.495125708882096,9.683755186682768,10.592433492420112,10.55463695834401,10.908042816142414,11.547721020226911,2.7518044382358102,2.781066918449365,1.2452469860274036,1.4561470540378758,2.0468242705196786,1.0750886203489403,0.6890560209600489,1.2564054662667643,1.9437676751009074,1.6317598283610906,12.264474161919843,1.093654748700218,2.098157821706926,1.4486709864236558,1.0989633476278338,1.7005566357550255,0.7412028695631402,0.0,0.6127167684666819,19.27564694689847,18.206698035705347,19.226568718005982,19.040680774219677,21.84812748566392,18.504510132685233,21.225090959838884,19.816149757714186,11.194900672243133,11.140798063178392,11.244843545176499,11.163324714051083,23.286742144250663,21.393934584060602,16.651157765633705,0.6660065736896777,1.10138555943714,16.086409440975643,20.454254805466515,1.3285587295742733,0.497720455715252,1.3558382294540392,19.45540285824057,17.90960515691255,17.26912675310876,18.004881068356635,18.047255573305538,16.84998372942437,0.3202228586971581,0.6162284067056812,12.01114153924379,12.56545788456448,11.890949586530782,12.654533020447971,12.66225465565553,11.470361488835044,12.745760525259028,11.619764780926378,12.0513963486315,11.913290108619915,12.336874042213141,12.607934006048074,11.123325805655512,13.068611747990234,19.75178288091091,11.148106647193774,7.715999801414674,1.493519475998249,2.884671383002824,5.336012061742832,16.523000537325405,20.97189943880039,20.9761992085761,10.91968695767871,9.55090570442636,18.69985605615778,1.0218311856530975,1.399700844901292,0.688395568064912,1.7915206936577444,2.5506158365607408,2.4777882314387365,12.926236071532562,18.168796262780443,21.793093833066134,18.508577263483335,14.064139572608823,13.01944534493551,12.440087237697139,11.937333285885098,11.417345429416308,11.38061273884414,1.0662940327606718,1.348398066000862,1.3574525421594024,2.6209941833703536,3.2309984991969323,2.226319807785031,2.331645967041436,2.678143495325755,2.419526458661348,2.0158555726502456,1.918767158901559,1.7260521504554756,1.7880956316971972,2.172990444051909,18.522996542900692,25.51261737481972,1.1100536795307927,2.6747906874029717,1.2194244637254645
OSM_NODE_6796058713,14.821917630314214,14.701891672892852,13.3716126043772,20.930843300480767,21.596831221835682,16.551075016118617,16.378049193387806,12.88910761206574,19.481771560986857,10.095348715434344,0.9716414837444007,13.080353214636624,13.194769892974692,12.004524226476427,31.934467893763628,11.893045601425362,14.143052991695741,19.818465072151614,11.386327358295546,18.78484829069212,12.030036922583987,22.06512348538519,10.782812632729447,9.810640622065636,9.688768210544385,9.52812203642029,12.716840882514537,13.74661261320151,14.272175121853843,18.365088017469155,17.707639073967407,10.05536169801134,12.643451282744287,13.276823077508432,17.685006996196684,20.045001502496984,20.807435705106652,22.024787875692926,20.210013929194215,18.873289082965712,18.300688000388227,17.3171176758719,20.731537012900535,21.586776748777392,20.34426241979947,11.811546307248843,8.087974246839332,18.18234187326443,18.200126585450874,8.93727426871088,8.748990552768596,8.112246879919606,21.657890393163555,25.042727146058816,14.118783392749052,17.988606477959948,17.252403435359476,19.416198609101993,18.208177802981027,22.45761528390978,17.822638556754868,17.897166139447968,17.563377206668317,17.756554388032285,18.09860843004526,17.960103931238777,18.140177969516245,17.38120092978757,19.312437022067137,13.666464834171762,14.033604657845581,14.658362789253438,14.529095007149696,13.930320980611658,12.900916531008134,18.187190518675788,16.437807525617444,32.976414656521065,20.539814778696865,17.656372015342196,17.894724579785603,17.807083532320487,11.780224572510411,11.6401225044936,11.109507480693878,12.444749696428353,12.384061031127933,11.699770423806351,13.617101023903452,14.043610100177261,13.87467265474509,13.232672752416864,12.140745164541789,12.069434625254194,12.978581036690063,13.066580841110811,11.262283855112779,11.459615537615473,11.314908486065876,10.232492078360355,9.215607069207206,9.373548244703922,10.344016908775727,10.328505219842777,10.658067044388169,11.303775483672002,2.500187133448264,2.3885013653613605,0.9901291024254723,1.1915818501620312,1.5547036346203709,1.1247837456145569,1.101725655817031,1.3148899987053078,1.3317549652718084,1.019044146301009,11.907302550969838,0.8285411949533263,2.4091094667445776,0.8870127087525017,1.6758577746435586,2.1484640457413287,1.0067695366080138,0.6127167684666819,0.0,18.77363745502462,17.823998857488185,18.73205471776745,18.544195459540056,21.475416422859716,18.202940007970657,20.862165667137965,19.370344433603982,10.78569311433189,10.734253325798774,10.833322069634304,10.751184668444214,22.810632260621066,21.083657886040406,16.440646693594054,0.39357642445774077,0.4945442978150907,15.559159892215733,20.93142074167102,0.720030143509088,0.14321062276497598,0.7714811300932867,18.943431157023618,17.297558146654687,16.882699678584746,17.61636413395283,17.65932445022907,16.644605846572556,0.8692906295251439,1.0950510924661563,11.790558481415896,12.36053549204415,11.626640036998896,12.3845087983267,12.40435425734709,11.239964582796922,12.477894275849051,11.41302707952418,11.872134199200636,11.726543143454554,12.063904774400447,12.354871564845189,10.904043385077518,12.796882755455053,19.355358690395043,10.732429983744678,7.458158614363438,1.5450910259794752,3.2660389694754337,5.022135293927872,16.247298054628374,20.62741351780729,20.643896071567728,10.476022318303503,9.08052399502464,18.490949534059748,1.0950563875780046,1.3896292873102098,1.0184196775604701,2.1398136023462717,2.834897603118334,2.8264926124127268,12.642264251462327,17.777931121559526,21.27668821788929,18.14834980439874,13.72668464272931,12.759942360474632,12.17855823001566,11.656540882175863,11.134768539784744,11.10528958214192,0.5731501474462303,0.9008476291739721,0.943794531181453,2.997982885771578,3.5985354794503177,2.5693903201788353,1.74758370059166,2.120749682554858,1.8808057080119374,1.434578421119674,1.3428225075810931,1.1319079007353146,1.267374606319501,1.682544513748206,18.205446654813635,25.274119557278862,1.4968811077414357,3.104677932024534,0.8635706800955631
OSM_NODE_7439784961,3.997833163643712,4.094971451709272,8.440313477009337,3.5390553348453895,5.921907470388944,10.923120353952134,10.95841061917885,6.604602736660571,5.2771898394792665,10.88890389130757,18.230263794814796,9.54065236094315,7.594751450623474,9.205083201664273,21.249530816930836,9.03601314400862,18.495366489766354,8.875795771621785,10.049807318223454,10.153080045578594,8.889263748247311,7.493702302626334,7.992848174834789,11.088994628608663,10.980418999505881,11.389147260668047,10.070510357874623,9.654947163500651,8.332654667882503,6.64832359843458,6.087134274974628,10.407782629204783,8.017446155167914,8.407277213048314,6.092538967672527,6.52522374444399,7.776529406603115,7.468287247535384,5.72589541029129,7.792765777810049,8.83698580028535,5.708415413152884,8.333908944991924,7.629781066721358,4.175317732970916,7.633223963069002,10.71447748718183,7.527467287981914,7.4122419761253315,9.846498581885122,10.0428038535869,10.696875663817968,6.414598281677156,12.80824236810403,7.988821017924904,5.987461449125589,5.53943909206931,7.043835626477791,2.169109435717994,5.7134235685326695,5.307099183313744,5.9129276694974715,6.217041968708899,6.039505933960984,6.060884181692637,6.0190017029982235,7.4227449409868225,5.837670958175198,7.423837439824167,8.328977658256274,8.198439393203325,8.154931194855072,8.15565160293741,8.211360873644333,8.532833947081473,6.0081218113053465,10.526425315514112,22.311020884245472,5.836416340479013,6.0690742510210764,5.962579822752958,5.025299402010314,12.097319723867544,11.429380778538329,11.364453267199195,11.548037016861395,10.400182348674193,10.868732786392068,9.778204998484112,9.69235114027502,9.662867741290206,9.873029427818352,10.131686851065863,10.034273287862296,9.96128407464573,9.743715930868456,11.098835321972011,10.786269209908237,10.620002557260886,12.334984934382637,11.610868416559821,11.094885120340303,11.422030715390402,11.795413318000135,11.238557810076635,11.046522105442952,16.829615792403533,16.55058413101624,18.090144546048514,17.900367678982473,17.23276203949788,18.515858124381445,19.180488472145477,18.443991524751908,17.660938352623752,17.95247305803618,8.611151724168836,19.175597149895122,18.989647301752637,18.43111194821059,19.86452079791189,19.52294108798081,19.76089210670391,19.27564694689847,18.77363745502462,0.0,5.36495411240078,0.40199106319047184,0.37468451764760796,6.731705864898722,8.284926648445499,6.805572107755338,2.8619726187007886,8.687174877354572,8.764836031822393,8.617095804869825,8.681292471729668,4.284565035011135,8.843034892402352,10.931411413561515,18.609764011771336,18.321658980926635,3.4630499218001303,31.769896249385823,18.268250878184727,18.827989643460597,18.02009057079024,0.5803878458449199,10.27930130765207,5.357480182777446,5.161245198912348,5.179197288883892,11.098962124753326,19.337051124074254,19.302176464600777,11.304458667640953,11.449509014427477,10.519103128663996,10.075224735612721,10.322012669715717,11.324044270830207,10.082913510909467,11.701652731704256,12.099112741420905,11.989717690454546,10.151871257615479,10.442209534606492,11.66238823546293,9.875346537932058,4.963160158321577,8.655458204956867,13.032916797011211,20.01128434144804,19.461183460484865,14.460346950091349,9.019121871361657,7.399783164953028,7.857318303432087,8.599294561461729,9.775490898430714,11.344951812608983,18.57247353641351,18.258390923636835,19.033108792918835,19.12317277892783,18.876928893582853,19.201074508161767,9.67125821058355,5.058750296638135,2.6520857084550005,6.20500027598781,7.964155986711188,10.157068312080208,10.335549467498222,10.189826049203669,10.426163372548197,10.570744505391072,18.224574803664392,17.92757841647383,17.919706909150023,19.380617418612747,19.442405082802097,19.14329868562837,17.092508587785225,16.67467180438863,16.895501304775724,17.38217037042466,17.459818680988196,17.700457200687048,17.508093133873366,17.105557869160197,7.73646219800224,13.723826999385803,19.177364578383628,19.716819142234712,18.066449230606747
OSM_NODE_8304076940,6.069191787236875,5.2754260215570765,4.837269699857502,4.220287847657906,3.819726020779211,5.730464351984955,5.796547276062824,5.147280392410075,1.6823056469118498,8.148334573134505,17.07059378097892,5.670899488322702,4.668171765634175,6.116949296584143,17.07272174342531,6.124181222544233,13.930772238995695,3.7848151499919385,6.931936684428396,4.801334249960311,5.969395638816915,4.32455867028767,8.185909880052726,8.421626484470906,8.44158337667988,8.745792911989868,6.226280910499619,5.426415194798407,4.211973623091225,1.3709338520870022,0.7293201700672931,7.952487636074374,5.229009466141179,4.88465949148857,0.7379155009169803,2.3571697850519047,3.473697851274514,4.284371645882018,2.387306777488047,2.5584817086917804,3.4775909169779706,0.5942835005406181,3.757372815402077,3.9696218980659927,3.0623548351782977,6.120959823190585,10.105314230022556,2.1769566195406314,2.065798060383261,9.775767903105862,9.993755788061845,10.624437160524415,3.8349358012276995,8.711406033031922,4.107519690242765,0.6437363282758158,0.5861041773241306,2.177049708894604,3.195846257573736,4.880220277263367,0.05794785182086362,0.5534933117654189,0.8842484587803308,0.6768511225499438,0.7450886737222756,0.668133926564,2.0699092950219296,0.6301745985067221,2.402397417429123,4.585617351694241,4.277493381070591,3.8714888256723836,3.9474320011012387,4.350907111641798,5.20148737204707,0.732920573667748,5.3535876478271,18.167807307655906,2.7178007406451545,0.7199218634442869,0.6023496809514209,0.34114192291942536,8.220235746222766,7.734995650385863,7.92194485079117,7.505749620681144,6.625206575553002,7.288900718826503,5.581326029121355,5.3231312661473345,5.3742932832380195,5.83275210885284,6.560346932720918,6.535026387327177,6.019761122730022,5.8195228930505385,7.66056220951041,7.3476411393746215,7.3114766048127535,9.029464665810043,9.044474867137792,8.694296520777797,8.329489838043175,8.59122234352057,8.051362206341134,7.603910987329223,15.496507003303558,15.44058025858691,16.961702790839574,16.751856692997034,16.29153202363427,17.26257745789485,17.92541705548919,17.14202163471914,16.976264970097297,17.215004471342166,5.980216856969832,18.414401501162196,17.352761299630544,17.731998539817052,18.519747510831408,17.981698731018497,18.827141897385633,18.206698035705347,17.823998857488185,5.36495411240078,0.0,4.972196750539238,5.014093366310515,3.6695562422248567,2.926038232067062,3.1303291119185013,3.068365744240677,7.071175688063394,7.11474803456127,7.031411393133757,7.114599539834569,6.672127123206962,4.274294031137102,5.758130767047294,17.564380737749232,17.44938329590606,6.456066332450997,27.388840238870277,17.488836424013442,17.838308733453154,17.151433257365948,5.9449488145292495,14.680132440031313,0.9494677098155075,0.29969092423363675,0.2550615406693337,5.8919378022609274,18.178554013241715,18.061422304190167,7.573591892094989,7.455911250334448,7.083583860047198,6.396151326426818,6.559010827309082,7.832657422436395,6.353913882828853,8.043465602925266,8.187363580130341,8.150651042029091,6.613991062263102,6.669675573010877,8.233194075570577,6.0481698446472665,1.6319314964595137,7.145849020971336,10.800594489050772,19.269306430579558,17.595185599166427,12.908280026183627,3.920142201453093,3.1630610896991893,3.4149258070716924,7.554582237213389,9.079413498172942,5.980743440910125,17.32254554869933,16.957499221770306,17.793841509238593,17.564142559112547,17.1205786580546,17.44966463029169,5.991487561183691,0.31204240489479296,7.329210931488466,0.8946803630550371,4.366361171160602,6.2682151191101125,6.679469449317077,6.8579045429159535,7.290648069536685,7.393147486105107,17.25085161592312,16.9244613543575,16.889872582570693,17.5867361386756,17.482419964293676,17.46305732023755,16.362967519135474,15.915761738463722,16.063259469168464,16.59895297541787,16.65142028154039,16.904233738380537,16.594963202639526,16.16649946822471,2.3846377978622257,9.421773591253707,17.80490714355618,17.91146688278997,17.003161836595787
OSM_NODE_8421504085,4.026251965997215,4.030981261500254,8.156191087024624,3.2411128241253664,5.567858037681648,10.552271418012648,10.590173023629424,6.4222622641050675,4.87784967966002,10.681191808558795,18.171419165269235,9.250458755095647,7.339026528894693,8.960034336477406,20.878004354770408,8.800290774055853,18.18407570137741,8.473805104990115,9.810598261917944,9.756326717844768,8.651401977477784,7.1245341940231475,7.963880416685433,10.887712729950957,10.78704617584594,11.191647788268865,9.78554137771642,9.343844450210499,8.01822139823253,6.249716358099833,5.695927050858543,10.215394114485395,7.776550899787837,8.127471306924093,5.7016883833770535,6.127538923217754,7.381607067838783,7.098442765084117,5.334546532212693,7.392188147091003,8.441651215741595,5.324981781350528,7.9360204023900565,7.247812325835001,3.808074041264178,7.469511596477099,10.65687445726879,7.13139698264251,7.015872562786517,9.82135165542519,10.021406711846867,10.679993404732814,6.052055505689808,12.430881098980914,7.684154876303474,5.592250821554071,5.15797477825987,6.641924169075603,1.7774885397144622,5.413181728999409,4.914404702427257,5.518919790308331,5.828135921066022,5.647550732477095,5.664385150213605,5.624167214520001,7.026962082420244,5.452597453071777,7.0218682227817135,8.035628617177377,7.893783505202673,7.83009064473062,7.834873803808599,7.910200053599281,8.265709867426718,5.610631442716491,10.15673195385039,21.941540570192636,5.4507869841039165,5.678694663939657,5.568611090883419,4.633148374430873,11.821003044393864,11.161968613350819,11.113250163688331,11.258371205700682,10.12166567686418,10.605600514193544,9.469745382039331,9.372959916239909,9.348187454481772,9.574698172605698,9.864221311048876,9.770640264289057,9.669581549012582,9.451640685795057,10.846325777915812,10.53176236914171,10.372813465454449,12.098219292829828,11.420161203426048,10.911839125503482,11.194420258958543,11.562569768080584,11.003472835548724,10.793406961434473,16.753293644512283,16.48978610251152,18.03319381032723,17.841330721158428,17.186958567236246,18.450904475280826,19.11728288587745,18.375207617496386,17.635738140212563,17.924261273509018,8.388247129443394,19.149232702964753,18.8975599215271,18.407246569954214,19.796435227456172,19.439367730871243,19.723197008765755,19.226568718005982,18.73205471776745,0.40199106319047184,4.972196750539238,0.0,0.21352539192226616,6.358264143461178,7.88963563469062,6.417648492190133,2.474510906141683,8.533196762808405,8.609550318962578,8.464250528179553,8.530684762109189,4.1977639420087005,8.446161103311129,10.562199204091884,18.560563252597497,18.284515731849808,3.5765498947541245,31.48292423869996,18.237884480817787,18.783574807553684,17.9822869160087,0.9790349544962287,10.626377467924458,4.987029211963757,4.772614580615908,4.789657892927663,10.727060910174178,19.281463131933606,19.24036696044491,11.033996338601542,11.16259178504821,10.26300803601745,9.800591731228904,10.043756696265147,11.069387596741825,9.805210683384967,11.438034242700075,11.820487421603898,11.715463934448167,9.88666278224316,10.16410962543629,11.413754693381113,9.590125300878787,4.563403081100613,8.508500661458294,12.874290585102177,19.988573580488602,19.353358082953765,14.358129248219004,8.652100945053494,7.00466696627716,7.46039895531485,8.484900654369008,9.701884742123596,10.952884958287573,18.507934815353796,18.189133637951024,18.970673816785407,19.037221604769346,18.775685332118346,19.10106637470305,9.39363675302443,4.667097153801678,2.857955206645611,5.808044586632883,7.674920225184599,9.8698761363196,10.064135992787703,9.937991343070799,10.188801971446397,10.33172087792208,18.17956423393589,17.879452281648245,17.869565052337673,19.277930023094626,19.327570759838107,19.048411720281553,17.062025431364074,16.640491890504705,16.85664537637366,17.348670869259173,17.42469887649859,17.667042391871217,17.465315749923803,17.059476074015105,7.340425855295856,13.341010884151283,19.10541806021072,19.614132097991178,18.014275615005886
OSM_NODE_8421536483,3.821437187884349,3.846094831920012,8.074750397647264,3.439224305400848,5.737920002685793,10.553617016081196,10.587930748979458,6.282206259696527,4.987248275161371,10.554347434541304,17.988131984711135,9.173500419912557,7.238594167693246,8.853404071150198,21.030987964965156,8.688221287015574,18.12368919266394,8.558873681541801,9.700673591094224,9.808201069041534,8.540531446846947,7.2817691257336365,7.771849599023587,10.75767582316968,10.653147434790707,11.059792922825308,9.704866025933459,9.283058335484483,7.9601213577673775,6.309158101058571,5.7337270735571435,10.080945420262168,7.6672753240315785,8.042996244908673,5.73865772338364,6.241961282296089,7.502940085234641,7.255061042277259,5.464539268157181,7.460813027607475,8.489392502959504,5.34702737482478,8.049009632036476,7.391161674644183,3.9695643883094966,7.321520429414441,10.472634110445377,7.181656818823671,7.067101873385471,9.628767156734579,9.827988107999223,10.485644724119714,6.215509405037877,12.578488472722093,7.618062924919156,5.640483057887603,5.176584315702392,6.731849366713922,1.821219191759595,5.608881782619163,4.956173650569464,5.563814241169635,5.860747338550739,5.687150586088965,5.716525685661458,5.671303042586128,7.076373413953681,5.4776415555896625,7.105590537101919,7.9608795626995255,7.827702234123157,7.781015187387951,7.782197926362831,7.841378208223393,8.172707888651686,5.666139052065423,10.156496650326705,22.096423818291115,5.5901246920828935,5.714597501351366,5.613378018912352,4.6737254778462916,11.734470628251996,11.069466776832801,11.010559743168661,11.181172526998797,10.036509537934824,10.510288366122568,9.406816026821355,9.319147430700811,9.290367157195613,9.50383456862056,9.771636854236759,9.675565438308132,9.593763198509249,9.376079583592688,10.744404198707727,10.43103307879592,10.267635284440317,11.987136512618356,11.28507063455427,10.773106566086605,11.078132489918117,11.449221969089729,10.891331060524434,10.691849997233446,16.574974951059534,16.306954127890613,17.84937707372189,17.65808081348611,17.00011508604025,18.269348795896025,18.935260710756307,18.19475029220808,17.443814924849345,17.733063938941896,8.268995085524995,18.957648587913738,18.72424634880209,18.21504530666667,19.61583840514963,19.26339397661792,19.534394519062765,19.040680774219677,18.544195459540056,0.37468451764760796,5.014093366310515,0.21352539192226616,0.0,6.511730616736825,7.937367232425962,6.55289115322976,2.6156507679336176,8.38138987103798,8.458300265733016,8.31196252113018,8.377498608701261,4.4060015038479055,8.562056814520721,10.561280625949939,18.37467892146848,18.095515326926755,3.3634205612757815,31.40423878349992,18.047218091138618,18.596446254634476,17.793437949272544,0.9382734344807928,10.457441129676113,4.988513824074434,4.805084793340235,4.824084710234592,10.729881516605861,19.09732932139654,19.057956245388187,10.943485900891586,11.083405923458098,10.163231989210201,9.712759990962015,9.958414643081591,10.968802118758004,9.71946771564157,11.343104400437523,11.735530976117493,11.627530856826949,9.792614654561623,10.078670823035951,11.309543348637021,9.509612577676682,4.671304622066788,8.353836779371154,12.725061486109652,19.796165492901434,19.185285831110868,14.18785726912419,8.648352403677203,7.125691209272489,7.576498849139627,8.317998633259858,9.522054879922456,10.99165361600988,18.3262635708738,18.008804852024593,18.788427495467484,18.861969966199233,18.6053619419265,18.930347259384696,9.307798439730307,4.70644438199504,2.978934578491425,5.861620519809063,7.59709857264939,9.79079565196663,9.974172125317363,9.835562659782841,10.077863377096255,10.221753371902253,17.992563138483824,17.693252200746258,17.683898440016506,19.10811272682284,19.16193242816704,18.876009083971578,16.871331734755966,16.450676577001744,16.66800490213938,17.158724924316033,17.2351554277649,17.477091083516115,17.277703638098988,16.872698498841427,7.390523166878956,13.481863363312195,18.92591860325244,19.444329575724193,17.8291594252323
OSM_NODE_8583386218,9.038406883905768,8.416413602615476,8.292811150314,3.5706745726583486,1.0629735815395145,7.597985917461709,7.734130957642437,8.79741916532589,2.111367225058086,11.664530375142776,20.70869508780506,8.949258861276151,8.287913061676042,9.634841657165504,14.519845426100273,9.680939662745816,16.206603847032643,3.557271243817708,10.401833605258448,5.4960250279162155,9.53141525530851,0.7879123822794518,11.746413532557789,11.9454258006123,11.991275393924996,12.265190722385768,9.470852271044778,8.531269043541027,7.520019321791047,3.271108188130289,3.7919090281097825,11.530610253425767,8.844609109091618,8.361856521280096,3.8150090936685737,1.508887415439556,1.6966359017948078,0.756007700905913,1.3513425017495688,3.3990998347853703,4.661605728309447,4.1583406100264435,2.3413058360881753,0.9935602212269729,2.5616209892653994,9.78830941959776,13.768076851521029,3.84737700478276,3.7675183917170263,13.399103594709327,13.617801148156422,14.257669014258537,0.5321762130912296,6.079821081174649,7.533346023969645,3.501194878048749,4.228546739926572,2.4087268925360927,5.048916510013518,2.309261847874729,3.677764658436092,3.586095548115963,3.9527460036753417,3.737778542672632,3.3996131505281713,3.5329159445370304,3.8277545063078366,4.096353500713863,2.745534571114626,8.014845627700728,7.669084040304613,7.13807835263454,7.244729059852325,7.75905307661871,8.710504112240004,3.3048135510806227,7.333802437147186,15.584702969280855,1.0632723130800912,3.840549545511794,3.5925371901124636,3.741871733587129,11.310481131734338,10.948217905679929,11.233841059936381,10.545547097905326,9.872738738516913,10.579782419992206,8.689891601306575,8.343417396709983,8.445367010265315,9.009328417206683,9.900148338988885,9.904018755596722,9.232665447945925,9.058526644730987,10.987682779822283,10.691471754086356,10.70379664668141,12.343289970869682,12.57213393800038,12.262906163421224,11.745254659711943,11.959879250233177,11.448812609174025,10.932359442816663,19.126131932405162,19.08929594179415,20.602887815692096,20.392229972850387,19.947906760792428,20.891097550955358,21.550709152625704,20.766127643755624,20.642025495634343,20.878641153867623,9.590606458136383,22.074859236921704,20.9326571202725,21.39615829224014,22.132274497292993,21.57156601102353,22.476798662179956,21.84812748566392,21.475416422859716,6.731705864898722,3.6695562422248567,6.358264143461178,6.511730616736825,0.0,4.318294898208333,0.7509538984177491,3.9039992172107802,10.739314941544228,10.781941407561387,10.700192739781492,10.783393245911924,5.4417249744930025,2.6682932051512047,7.672733755447223,21.209885210221763,21.106415832223902,9.142926997522501,29.592947888898262,21.15028638323962,21.486973738626936,20.809395495986582,7.236826067584048,16.951793732871906,4.618894618432813,3.905336626868316,3.85939340794513,7.694481417061953,21.81226816932446,21.687584591038192,10.779096425739006,10.528634381026317,10.44331728468465,9.702959487218942,9.816895662823717,11.129616283654114,9.64208439266209,11.256042373787821,11.259973192190738,11.26593866470657,9.96337792779358,9.915171975798625,11.534823853722942,9.315031426735466,2.3435496472392794,10.815179151929474,14.355083430733622,22.929065746963953,21.134546011125106,16.533121246371696,6.343981571445008,1.4825838955216313,1.912650731107262,11.21818566135194,12.739874036784302,6.842595505120767,20.951121448658814,20.582640766036086,21.421343873222945,21.15407923509426,20.683113629080918,21.010513340803477,9.327465615563705,3.7636610515587363,7.491325797680901,3.3718297851629,7.86321385271949,9.48744289954901,9.976549637676962,10.266521067384645,10.738563076344644,10.823647515683474,20.902405667164174,20.575110062711694,20.538814905127996,21.139223629378478,21.00456970759139,21.035452687369506,20.028304714736944,19.580927033953195,19.72547047161673,20.262002378760613,20.313350462850106,20.566148102436998,20.252019459014733,19.823355051649948,3.950224879971051,7.017732031606324,21.41774701803103,21.459425742030916,20.64929583096386
OSM_NODE_8769948883,8.61508273413629,7.733477025065042,4.868891366488947,6.602496927120691,5.090783245628898,3.3109009788038426,3.4355401035356206,6.614208717989668,3.55925253625965,8.118813750134798,17.35885520960392,5.1646253077196596,5.352847150229298,6.216824036681296,14.936385817408016,6.364170490473467,11.905487866159374,1.6268846336437726,6.8223547996221265,1.8771189603825649,6.243122683784703,4.534463975316545,9.822717223780373,8.40528437427608,8.515301293122093,8.701417815873793,5.6061238672888685,4.584258135332946,3.942915821945305,1.6823340442451848,2.221996048318902,8.160685707327684,5.821704510339607,4.975991820526189,2.22071167698154,2.931822794319565,2.9286598656449945,4.500322167785274,3.7507702243948553,0.9193145189222682,0.5520651774483368,2.6968690405583837,2.6307067556303223,3.88933553181236,5.300589696871782,7.294578887127806,11.140397598700222,0.7625619274041727,0.8811109290596879,11.110201067362237,11.316679242309924,11.877557950817193,4.769711871656726,7.001426564390637,4.160324195358091,2.2974702357929715,2.8850142938409298,1.952851223308703,6.116913177273973,6.412172535706122,2.9839700999278924,2.3741398171580257,2.1266071107832585,2.26148325204971,2.227874805007682,2.2661217791642096,0.8640271768179674,2.549313083728719,1.5741719920696404,4.574289772961101,4.208467682893344,3.564881189298792,3.698208571170693,4.315155590075044,5.358143080057831,2.2891585578165334,3.023201004111491,16.03550640524905,3.9779672237979096,2.249335231665946,2.32471760017133,3.26716381087519,7.219837066695409,6.976413811724538,7.361811383734033,6.440955289876953,5.987364796377235,6.70989299301611,4.734288171127195,4.33389771966631,4.473075987734008,5.099512722279639,6.131792177708789,6.178636046649176,5.347162647245271,5.215817709812926,7.145415011762355,6.885390314524682,6.968904862744379,8.43557343405346,9.01619001007534,8.829473035493043,8.001051086173801,8.136146337986295,7.687475046275746,7.094268424910663,15.75271067860773,15.828312519495787,17.272198967223094,17.05937446826035,16.735949644265837,17.489321976981962,18.12634639421248,17.345179608128408,17.534295375442188,17.734751034908097,6.470647363003441,18.87753400506838,17.349241152905197,18.25336044766161,18.647719448462052,18.01235580017047,19.180378364111615,18.504510132685233,18.202940007970657,8.284926648445499,2.926038232067062,7.88963563469062,7.937367232425962,4.318294898208333,0.0,3.5679760985005107,5.805076448697994,7.979510008747304,7.994469992915243,7.965312286541995,8.043497080040451,8.997043910431536,2.9034433579026833,3.3773383948380937,17.898837886031234,17.88553523779278,9.146058321521393,25.326118344244314,17.97502783454301,18.194176319251877,17.601063171416797,8.865284580050446,17.398099901634918,3.2309607540747973,3.157048662279263,3.1316613653274077,3.4256332800449125,18.426179634557332,18.26577643676097,6.8060195533452195,6.448754479074761,6.672527931002476,5.901472015718311,5.946840639949699,7.24332966087466,5.820076929198428,7.272581054498356,7.15775510160519,7.195846819378892,6.204945725949218,6.025098385148469,7.638808552153387,5.4878901494775105,3.771639878285596,8.101950357963293,10.8110435419484,19.71517473179083,17.44281098063895,13.181465012494996,2.136625704086432,2.9289742804668153,2.710512400318333,8.695022063493129,10.18350286163432,3.0849274134691265,17.5489159077838,17.168609907852762,18.008699820654854,17.599403652900463,17.05348982319209,17.373011451266777,5.592803717078113,3.23643686022018,10.11641110650152,2.087708079554749,4.591707536895462,5.592525963490218,6.1457442107719755,6.5823639417633855,7.097061253630577,7.146152561943758,17.637765748554795,17.307684464181666,17.259382509197525,17.47901742504277,17.27589376317122,17.42916268025798,16.921647422164835,16.477883955216406,16.57837289161217,17.118201686464698,17.154590094102538,17.403843420340372,17.04223864505932,16.617573123550727,0.5549235213876624,7.463124506830285,17.941769386958374,17.784960481495666,17.34914934093387
OSM_NODE_10212308117,8.788592641035994,8.112423963534988,7.619064232533989,3.904982155719589,1.6480947791933684,6.852686301406442,6.987412019850683,8.277231949241475,1.7637571307467086,10.994789535047623,20.083405160334596,8.243083012029164,7.6673961057207745,8.970860520747612,14.529126084371896,9.02873452551084,15.460744840263537,2.882788924640583,9.723456349992103,4.794191315744485,8.881501380092377,1.2053372893159007,11.29424820721971,11.27728273642087,11.331070505328295,11.595181851491805,8.758635056678981,7.808255818285268,6.825059503447162,2.567595782927272,3.1546456353231354,10.881612369731208,8.219797064395678,7.692611838667443,3.1773300814266006,0.8189876718004598,1.1121066527153098,1.1649097218171949,1.1015906663774737,2.6489658647533862,3.918642280725637,3.568402865799441,1.7675223814791967,0.9028687184327124,2.7358566343022357,9.238648220244805,13.227351116043451,3.1020468459634514,3.0248774060799692,12.904891809800242,13.12301958728956,13.754670103540825,1.2223881526462839,6.059802666119391,6.8578306222653405,2.874792248698,3.6595517879367923,1.6621322515709598,4.9605656470401485,2.9678445521703387,3.1473164269252716,2.969422196042437,3.3029489596110246,3.1057035809550357,2.763576927214755,2.902478640481013,3.0856423768499184,3.490624088694236,1.994748620148563,7.337133555531454,6.98637917077339,6.440124558825809,6.5501292478038895,7.0787846725922945,8.047569642217391,2.6759689019268675,6.58524331517303,15.606339735928037,0.9764670115455045,3.20580134272611,2.969418304254836,3.254649217526565,10.579020490269764,10.228554183556149,10.525454287541661,9.811846126037915,9.159623895564026,9.870118628903214,7.966596809496903,7.614365549126005,7.719840486002309,8.29126871910841,9.199237667783565,9.207672946789176,8.517648829065294,8.347088763284892,10.28199143606403,9.98896280849663,10.009135527748613,11.633008512098579,11.903973964446603,11.608868614274247,11.052452814365804,11.258445064124386,10.753294849159332,10.226989470472683,18.495372638499912,18.47429472656415,19.980187710289457,19.76894586340579,19.341227256756937,20.258655014088806,20.915804315634944,20.1308240062204,20.05143233918796,20.28316010095945,8.960733772335672,21.473243531185222,20.274731318785275,20.801577045741613,21.489408071641765,20.917627446700653,21.861275568049507,21.225090959838884,20.862165667137965,6.805572107755338,3.1303291119185013,6.417648492190133,6.55289115322976,0.7509538984177491,3.5679760985005107,0.0,3.943727033689739,10.162951046802206,10.202280762232812,10.12679560919591,10.20995646874612,5.969680601695396,2.1839197456276462,6.926415984622147,20.59076135684182,20.50012254371008,8.968144481415308,28.854475589679247,20.55064905688069,20.870812467022606,20.204501422076774,7.338156053145758,16.923340848971037,4.0730798209917785,3.3914840853253545,3.3439570353130232,6.951438446761689,21.183106263157068,21.053190554436974,10.058996051780221,9.79732430823176,9.743918503445721,8.997918994161234,9.105183046936427,10.419449383080583,8.934733100967176,10.535667860171445,10.527286438114233,10.5365284098191,9.263734734093196,9.201694263958052,10.824414601749668,8.606045119303614,2.0539015605462847,10.245478571737545,13.692876911876509,22.32606108761295,20.461794803474103,15.900942360793996,5.596670768193319,0.8087833476449957,1.2915657169059682,10.676931146700692,12.203889537610998,6.146981937724308,20.31868848914457,19.948096962544213,20.787964073024042,20.500379400481222,20.018542045503892,20.345148092653442,8.62788425028087,3.2701179050576137,7.816347140764172,2.7174916988479816,7.201291670167421,8.772277918639556,9.269349473065821,9.575970178760759,10.054469335900672,10.135782356330505,20.28954108995552,19.961403262661833,19.923341096106395,20.47082782544966,20.326642002694015,20.374440940104726,19.436890309195423,18.989281026222827,19.12773422950031,19.665600701013837,19.714871116126787,19.96754040249278,19.646110639155154,19.217366387425166,3.201122088453861,6.933874519549528,20.775382487553987,20.789321439752342,20.031011345344904
OSM_NODE_10587987002,5.504398699909071,5.092948103476214,7.355933375936968,1.5640921193545796,3.1985932230059637,8.79379722028587,8.863169500587913,6.522155945340882,2.4755022189437534,10.384072183594897,18.712770233836086,8.34880338758523,6.824922142077615,8.444577605380974,18.41893165137509,8.364454245454096,16.93658295866883,6.145435718169938,9.30685819223089,7.612236053616516,8.205936409753015,4.680648062485825,8.891098039360822,10.6307450801046,10.589484001678828,10.952935320319176,8.909957794202661,8.249373335818806,6.947363011920011,4.122749863274168,3.7755022248227568,10.043113249467313,7.353371429323155,7.366094577724225,3.78840859972342,3.693025866402951,4.924818189940353,4.652568630229191,2.866139039867141,5.171867935261992,6.345929532907606,3.5816915507837384,5.498588863645477,4.775594467043511,1.4099596745908356,7.619846722182874,11.330275170970644,5.046561359957739,4.926924848163925,10.701859261176498,10.916617315354625,11.582193824077061,3.6376161534861775,9.963271763891674,6.723577683698159,3.5860369659793108,3.464814518616348,4.307965180233342,1.3223162210264756,3.3816363669720695,3.01709648936577,3.5462963788510184,3.9466066822714234,3.7139681270173086,3.6209580480078927,3.6255642680927807,4.9516189323085875,3.6691086713665175,4.716299262980006,7.159926296068632,6.921995361862883,6.665975191761466,6.711138876573434,6.969970355612004,7.604579547809493,3.542070805775325,8.419991416181418,19.48641510404065,2.976357400159798,3.7765722961743546,3.594007158792689,2.776465814053159,10.961163696873943,10.391910520139529,10.474589323327123,10.299199956938354,9.289938426975223,9.886138760208468,8.395476781798006,8.198825329640298,8.219888148666715,8.589037013052916,9.133263973740059,9.074394989758487,8.739432236767048,8.525939040155782,10.204898875180339,9.883878642221804,9.787761509808846,11.54644741031083,11.223286610596045,10.783019958754254,10.735177143095221,11.05388863148525,10.492970984170686,10.148724426341502,17.20475265631086,17.037955304503793,18.58724880037486,18.384892171753002,17.815948095654143,18.95282043937979,19.623434896024957,18.854744695358843,18.379856321133552,18.648144338300714,8.069472791630398,19.872522481377626,19.22910450955708,19.151593006312197,20.267110681668957,19.818553580449805,20.375641088569946,19.816149757714186,19.370344433603982,2.8619726187007886,3.068365744240677,2.474510906141683,2.6156507679336176,3.9039992172107802,5.805076448697994,3.943727033689739,0.0,8.690594318848671,8.754751539864603,8.63237616736611,8.710320655719153,3.8066837653906367,5.999798250850888,8.823787228923587,19.15551897005096,18.95301763119353,5.418430399861073,30.37425334440026,18.946263858845757,19.40472402843426,18.649877243735055,3.4005319786574284,13.04852950485512,3.4915798097935222,2.9806790609965756,2.9763489616338115,8.95243800762431,19.831817094990246,19.753804939450358,10.242379200948738,10.22945706513086,9.610939789244688,9.012302528556416,9.216765495454652,10.404602275828262,8.990926393959787,10.691596930781312,10.941432188745646,10.875206272951468,9.173458776490238,9.334536601388919,10.787206081415652,8.719201414405086,2.1749608001304646,8.712994335512434,12.863088959604147,20.72605144589719,19.581884182528274,14.683795839403757,6.985221022048061,4.549274303746014,5.015762227215166,8.896638998374144,10.311061126714968,8.886676848670003,19.011794093085214,18.667668535518995,19.482808327928673,19.405447656729173,19.051213226126603,19.38121569560069,8.594942781961182,2.8186965874619765,4.311419151307508,3.7454801682645673,6.855633748900554,8.972241970960871,9.293763932668911,9.330815085646966,9.68612206475605,9.811513856979829,18.80294071833093,18.487450759176134,18.46574637208548,19.539586200662182,19.511788747009916,19.3610887920513,17.78167592978223,17.343441673680438,17.529970804075873,18.047793316466805,18.11361092950837,18.36335840943816,18.10908483226838,17.68823345731671,5.251214632965966,10.867385146573005,19.558799610914573,19.872713449932753,18.596947139522676
OSM_NODE_11275483327,5.335287667409987,4.753202353213664,3.3056523598419956,10.253295438960981,10.814907675615315,7.62659838563049,7.5077571930343305,2.176565321236844,8.709835896171906,2.6104897896534016,10.072301071062677,3.7745791358876155,2.629461041911097,2.3618949704670076,22.743742170703197,2.0645198511867733,11.499087875976466,9.588519980910755,2.6111854608273855,9.106206276485219,2.0874000856967747,11.367834874165252,2.723109314917764,2.699472609236422,2.5055945165977116,2.931843292946577,3.858749220181445,4.49248156948675,4.214845025115289,7.7612847761660335,7.031879650426618,1.9727440478592275,2.1722281986842087,3.1785604784543304,7.010176072219483,9.355202268995034,10.24324417392612,11.327413949885376,9.447690132052696,8.46930895458488,8.234293675825167,6.594857331361733,10.275991550313412,10.939156990594576,9.579048011869268,1.0802130027063754,3.161897184323696,7.762939745420081,7.753178271807407,3.265286548149798,3.4499625298378676,3.943037048937177,10.89351021321055,14.978901887821367,3.87881396386099,7.297000351765336,6.512484430586302,8.829679436423586,7.6333130845144,11.67974082368355,7.065621935879725,7.197422334034938,6.907509154176505,7.073962112474757,7.414764946268463,7.272789361208868,7.698822552699586,6.674087684032223,8.799633354819896,3.5647485719763274,3.892138493536548,4.529545365074142,4.395622806054082,3.787360620289338,2.8326754981681455,7.495421711212107,7.33039249594158,23.83570514677088,9.775774699994704,6.978527860654837,7.201039584607323,7.033684861436694,4.976681139770095,4.24343872646217,3.814602152266451,4.91907375326356,3.8511889340491146,3.7338451655107203,4.4580589513262,4.792324733896434,4.616925378547211,4.172977745768037,3.389592876342781,3.2316219808892437,4.008035946774268,3.918329231761238,3.6416444673183928,3.463189822130011,3.172975278873882,4.3446557658951175,3.0754450040377437,2.516036277707162,3.3928443593016504,3.804678695849411,3.3788772390278194,3.6169041150891927,8.534224793854257,8.415661585495918,9.95453074891591,9.74791314063127,9.24250597562623,10.292798980389065,10.962089843396617,10.186753912213272,9.906623257365192,10.148638693384736,1.6663793449034683,11.353771670608975,10.539069495006258,10.664596673962707,11.591789840572503,11.128586285977118,11.79179284229876,11.194900672243133,10.78569311433189,8.687174877354572,7.071175688063394,8.533196762808405,8.38138987103798,10.739314941544228,7.979510008747304,10.162951046802206,8.690594318848671,0.0,0.0828350878645422,0.07428168170495086,0.07809566830691372,12.320307904009614,10.69549868721217,7.543119245612529,10.542800413705082,10.397267810701017,6.276828688145791,23.941559751806302,10.426623038292083,10.807345327872264,10.097360671577162,9.01944715769946,12.610679192197319,6.12323439326215,6.8496065538861775,6.893756637030454,7.792676244315393,11.189008767697725,11.094787153544559,4.228115450896649,4.771667917556253,3.322243478682586,3.5599994278131173,3.7987729136953705,3.860938329184069,3.652092446335678,4.359962477377277,5.036015261602574,4.841080824579517,3.3390034794088206,3.863962507708917,3.9966230728469365,3.769867173708538,8.573947954031844,0.16432989906272016,4.346107157747901,12.209680326709453,10.911783878774166,5.994105587128836,6.453421580039043,10.01803483056591,10.107243270922456,0.8985846627556171,2.21839793072343,9.355609434920298,10.352278712884974,10.000084791977608,10.824470903546713,10.715125806038918,10.368035339627381,10.697573168840222,3.45163216246485,7.006074648581435,11.335702798367247,7.482784784103307,3.432767615574071,3.97023081949621,3.6141488324101227,3.0086476801049606,2.81206990874745,2.9507961250172903,10.21318294886603,9.88992105713306,9.860212358547999,10.860115439517495,10.858341479402121,10.672635517678106,9.293994645058158,8.847135667797525,9.00021229015965,9.533910573775017,9.588642801765104,9.841354615164525,9.543760991677617,9.116380707110709,7.835164805274416,15.423511218994763,10.880698109522536,11.194479464237224,9.981269287293879
OSM_NODE_11275483328,5.418071266801862,4.8347248115349135,3.299245306257817,10.317062042589894,10.864291676763294,7.606632605876711,7.486345400786542,2.244824340544507,8.756701373488834,2.5311384497439775,10.016859914972578,3.7448820442846222,2.6483122870246247,2.3272908588342722,22.7445925612494,2.03288059789291,11.425527526041918,9.605643004141525,2.5534796317382136,9.10659420866362,2.0616703801989456,11.407360672515892,2.781417481628599,2.6180751500304504,2.423300275523842,2.8494579210251425,3.818073617365686,4.46665764480948,4.213508134294461,7.793067418551591,7.0679774185361355,1.8917580097083369,2.180254436814406,3.1726843557965085,7.046187736922296,9.393542043530484,10.2744399290403,11.366935569618908,9.493109028477702,8.49187157081395,8.244296879657155,6.634743609774073,10.302217617196426,10.9752479519642,9.636473421985684,1.1510770318909138,3.1459698097919033,7.78539810535877,7.7768591509600435,3.279909315636683,3.4616742204990723,3.944589821309963,10.939423380396962,14.994923606405365,3.8838562595139385,7.334518161277909,6.5542395101564495,8.861222954583283,7.702267803425479,11.734886600932489,7.109766221469691,7.235561817594298,6.942037599787081,7.11062069170991,7.451731344317947,7.309946434738873,7.722188231915216,6.712572319002269,8.82737074768868,3.5616928968271333,3.892721626175061,4.532539003431841,4.398247877029885,3.7874499301646822,2.8224582868700816,7.533064475678663,7.3134097705213605,23.836087528498368,9.821491511481533,7.014751088840518,7.238672491054692,7.080584282908079,4.911062576256772,4.179651874538271,3.7456916358488996,4.8622447522769985,3.8031636448511614,3.6739689171302583,4.429519708615697,4.768264191276343,4.591983487257072,4.139861691249507,3.341684189704657,3.183982253136124,3.971379192951776,3.8854783691340695,3.575442254186027,3.4009735701922783,3.1099040000810327,4.266694548137841,2.992613714643536,2.43322380734389,3.316194167005053,3.7277116124211283,3.305530339738926,3.551417844269544,8.475795440180631,8.362274415287846,9.899796911885788,9.69286116034137,9.192340366510873,10.23536638375573,10.904403992258093,10.128388166907678,9.861735853421695,10.102305567497444,1.6506789708093925,11.305943540738458,10.474398948549092,10.618659943473828,11.532250716730207,11.065568140273468,11.7401247640403,11.140798063178392,10.734253325798774,8.764836031822393,7.11474803456127,8.609550318962578,8.458300265733016,10.781941407561387,7.994469992915243,10.202280762232812,8.754751539864603,0.0828350878645422,0.0,0.15710862516177462,0.13577344648013054,12.38981772719185,10.719293143180781,7.522362012231776,10.48949675165236,10.347738275354525,6.359649609441611,23.85984821166123,10.379108390493784,10.755056230830714,10.04813613198762,9.098537480630661,12.679810953841445,6.167433073588245,6.895207652578933,6.9391657761274494,7.771732664757173,11.1331298544519,11.03733739813425,4.1665185952021195,4.714713474680316,3.264006543737199,3.515649818599703,3.7518013092167384,3.7935399395388956,3.6086993218964643,4.292763052544105,4.971153884427576,4.775472511933176,3.289911722804685,3.8151832149680964,3.9248228678746178,3.7325615778715453,8.62305444903676,0.21985967786398722,4.268133908894741,12.161685681006542,10.843320835235065,5.93155586479704,6.451279854186913,10.051512554308252,10.137009690566119,0.9415629445339959,2.2160001686976987,9.344046275314623,10.294892310850242,9.941799227831666,10.76713596670102,10.651823795643455,10.301308357401899,10.630949348742291,3.4156840151640777,7.052653451113261,11.413743296688367,7.5184165510275385,3.438228410443503,3.9289416235296786,3.5644548712607813,2.953713443742812,2.747560475691995,2.885090432406474,10.16158638837936,9.83789925814631,9.807631136663456,10.792803359092616,10.788416345019725,10.607213627629703,9.248715618363844,8.801668351675472,8.95281112067165,9.487117055189618,9.54121430737787,9.793970229078688,9.493984446150572,9.066371895349612,7.8556096442887995,15.434333443917925,10.82079351572903,11.127009643547497,9.92789818066627
OSM_NODE_11275483329,5.261014617443244,4.67987726593964,3.3116420433320934,10.195383013013686,10.769757417943557,7.643752932044701,7.526219911847919,2.11535630373962,8.667017609643821,2.681395530702752,10.123442192558334,3.8011433456305577,2.613187752779703,2.393583993691471,22.741721421514214,2.093897089533751,11.56445522143432,9.572265866211186,2.6629961608094166,9.104984313180466,2.11155082674434,11.331457720322799,2.6730429500835946,2.7722532976223437,2.5792406329810422,3.0055761440233395,3.895053672365802,4.515372943827843,4.2159133321758855,7.732026444798152,6.998818083518727,2.0451783621574684,2.16618642420272,3.1841451674800054,6.977193777878345,9.31996992307872,10.21435633691943,11.291041926481734,9.406128026713397,8.448256677531317,8.224517968539315,6.558441511187577,10.25154844871885,10.905863071698805,9.526780166672157,1.0173588249520167,3.179420467447456,7.742038772475585,7.731182201455476,3.255413318877214,3.4426300465016215,3.9446388485880157,10.851450713470786,14.963424381689112,3.874279044975325,7.26264182695846,6.474400814539838,8.800558029927446,7.57087800927672,11.629441114392261,7.025345742638375,7.162515368591295,6.875866990709408,7.040393788142413,7.380890477412692,7.238756233824531,7.677113924592841,6.638920949009817,8.77392196012897,3.5676095995828416,3.8915999212422077,4.526633477236075,4.393080814640349,3.7873063998292764,2.8423621503778866,7.460934513194966,7.344901523449558,23.834092239369934,9.73393236224025,6.945358911292286,7.166586320980668,6.990943661570673,5.035035877039853,4.300233160623341,3.8760282534445727,4.969561143302328,3.8940281162348396,3.7872396977873994,4.4833834890442095,4.813566823404449,4.638997226966965,4.202461466752116,3.432465434868618,3.27431237200806,4.04072083281025,3.9476530636268574,3.7006804640365973,3.5187176946652357,3.2293264990007384,4.414204188137841,3.1496943942473856,2.5903177180150205,3.461251533914299,3.873345606323153,3.444319871671006,3.6753071578690304,8.588014868365281,8.46507711167242,10.005059545030369,9.798725715949944,9.289076287421619,10.345666475542037,11.01516038270306,10.24043529402256,9.948546632135487,10.191819960748234,1.6823344969841225,11.398222998526096,10.598203739798134,10.7074117946905,11.646457784174084,11.186280688652197,11.839593998467038,11.244843545176499,10.833322069634304,8.617095804869825,7.031411393133757,8.464250528179553,8.31196252113018,10.700192739781492,7.965312286541995,10.12679560919591,8.63237616736611,0.07428168170495086,0.15710862516177462,0.0,0.08320746230436055,12.257298911226384,10.67321164688287,7.560991550266223,10.592064208517971,10.443238866651958,6.20254712526784,24.014577787551275,10.470829377898934,10.855715652686172,10.143075353692153,8.948140172611751,12.549680819493501,6.082999767036576,6.808043492933683,6.852361779070435,7.81069240314111,11.240500640705848,11.147649120040382,4.282957094673578,4.822286952958335,3.3742795193009325,3.5996603345787266,3.8406899557926275,3.9210083181919457,3.6908748059014163,4.419795039897107,5.093684886092844,4.899438780560127,3.3829407171352317,3.907468404756907,4.060616704675733,3.803202844063239,8.529135190171818,0.1413101090395731,4.416663914300178,12.254254338427303,10.974178629067358,6.05157807337192,6.454731412927811,9.987116870239463,10.07964062295938,0.86637130240553,2.2246808927268447,9.365089857233011,10.405104413426574,10.053701701749132,10.877239535268185,10.773073907339388,10.428945805154537,10.758389009268088,3.483876137074242,6.963622775007671,11.265280682763466,7.4501005088878305,3.4280516977876294,4.0070489734535455,3.6585342577326925,3.0578631058861943,2.869786152074649,3.009529801383831,10.260966851224051,9.938087217272306,9.908867714308894,10.921521204116472,10.921991658359675,10.732415683812714,9.33628786565287,8.889615376230767,9.044377088412695,9.57751975347444,9.632805572233355,9.885468579576493,9.58997914989066,9.162819442726997,7.816062519051496,15.412677233164644,10.935698625073112,11.256015859103236,10.030609508043108
OSM_NODE_11275483330,5.305268874446911,4.7339513998528515,3.3791998119217173,10.273498815874941,10.852449109237122,7.7033298278173605,7.584737925125824,2.1916004665681386,8.750010925612369,2.662822001076541,10.042317424329932,3.852537547710397,2.691995074699525,2.439986771078744,22.814247344739005,2.142589463260932,11.560983351069378,9.651234420189128,2.6848015961684952,9.177023264188685,2.165103826554732,11.414628405677462,2.6494345135177797,2.745619168394882,2.547236823776694,2.9727240151811074,3.9365631555357976,4.5701045352212315,4.286554438090056,7.814447706901371,7.08174766899531,2.0206022367236023,2.240527251380074,3.251957070546214,7.060115148132793,9.403082072200487,10.296725214538384,11.37421239175139,9.489224927902104,8.528786451219853,8.300854617573242,6.641608681359144,10.33299602176103,10.988825647488211,9.607642813083721,1.0928545851524882,3.099760176270071,7.822518368541437,7.811976379854216,3.1901278695466013,3.3755972538048127,3.87214112120394,10.934507918129585,15.04213191629828,3.9479960524683637,7.345689074537212,6.5576070990502044,8.88296145162884,7.645641016275159,11.710955706510605,7.108516512309262,7.245602413340503,6.958633677804398,7.123372809427383,7.4638981505050905,7.3217770181645445,7.757826735994569,6.7220236414253485,8.855657242059502,3.63714965839708,3.9631545668315313,4.5995218428548865,4.46576523144258,3.8585803578361286,2.9074048494865226,7.543992209979417,7.40654321419703,23.90639479305701,9.817008349803299,7.028299106459329,7.249640605085028,7.073949784174768,5.045987967954946,4.313949393133569,3.8813255604677583,4.993134859613168,3.9279011692575896,3.806515405595318,4.53593092798215,4.869733032999224,4.694446219873636,4.251063048818552,3.4663162190186623,3.3083961102564112,4.086095136217297,3.996410600805641,3.7105152833510733,3.5346166975168964,3.2438955979575574,4.399838531774367,3.1099505853392957,2.5484453978439396,3.4504107684395833,3.8616950488173654,3.441075946631409,3.6862825501171557,8.507941482287974,8.383419256996072,9.923731255794884,9.717491928245146,9.206713688664623,10.265186161433382,10.934758516397846,10.160298412328578,9.865511051384015,10.108912259854693,1.7426484906765312,11.315480514368403,10.521107244817438,10.624461827783666,11.566760801799582,11.108233702757138,11.757493511206329,11.163324714051083,10.751184668444214,8.681292471729668,7.114599539834569,8.530684762109189,8.377498608701261,10.783393245911924,8.043497080040451,10.20995646874612,8.710320655719153,0.07809566830691372,0.13577344648013054,0.08320746230436055,0.0,12.331455120046835,10.754104271925176,7.619990291707098,10.510349498999128,10.360753908785394,6.24551879201167,23.98583551311762,10.38805368070005,10.773759425010597,10.060544158003362,9.009373732516478,12.54411410579489,6.166173847916983,6.891145934409702,6.935475163902561,7.869576205679523,11.159491792367858,11.067161149699656,4.2999067659402455,4.8456751474123125,3.3956643850272195,3.637368578163232,3.875698473089912,3.9289097815662406,3.7295989770479214,4.4280952056346,5.105842134042139,4.910393323911428,3.41546140359744,3.940508894436051,4.060567618699586,3.847901145246295,8.61188545900535,0.08736283454396107,4.35426793807582,12.171528298944192,10.899694957093095,5.973478196469854,6.525285256350138,10.069799498915566,10.161774837155606,0.8206966540381079,2.149596687010552,9.430417066923077,10.324606757245924,9.973538243456261,10.796715667615665,10.695188991518926,10.353186595940006,10.682549581029317,3.529707814269965,7.046655489483801,11.328661520519717,7.532992276687843,3.5018388454082348,4.047988081005846,3.690471740317805,3.0833739392939155,2.882080991569884,3.0200043282315843,10.178868480114936,9.856083725172475,9.826990149591808,10.846165845701714,10.84873179066185,10.655780261217558,9.253287482799793,8.806634471421441,8.961599867125932,9.494665976837963,9.550026107183267,9.802681482607545,9.507544800013841,9.080430744083879,7.895988342309083,15.489518003035466,10.856167392554369,11.18076772022885,9.948919492172491
OSM_NODE_11410017570,8.221400379353426,8.147160888342917,11.162366746120076,2.454937218211406,4.379641744301136,12.221876029607941,12.316519537986009,10.145461558495587,5.447823202144192,14.15650026274186,22.2090798692204,12.147419454596239,10.612452332991932,12.240320066695354,18.95858494514605,12.150140390712222,20.597585048284344,8.798487772528825,13.10416594182826,10.597030720173574,11.992184844043448,5.9286915587229805,12.096359789336276,14.396575656306076,14.342565384179832,14.716420870379457,12.709146929227627,12.01935457226496,10.732430253440409,7.397991961372158,7.304985596446591,13.787545832953459,11.13115295611572,11.172764862295844,7.322584782682665,6.234723008561331,7.074583755473597,5.925831300727752,5.312128220227681,8.185225138336863,9.485419288347316,7.241484234271493,7.732439493855906,6.4157331374309665,3.7125986854319515,11.240196149806385,14.722857100300933,8.294960792712477,8.179512221778596,13.952313044407097,14.157481351004003,14.82093217040455,4.922703818459795,10.932643264282884,10.523518078877297,7.056874096731848,7.155876724209078,7.149624060527282,4.6887904172363895,3.269056791141082,6.629935729587096,7.0519028772385095,7.493193363514711,7.2378523907751,7.050696695742767,7.099819238694907,8.220560676362378,7.301100329852261,7.58372013609353,10.964137599268172,10.719928925409164,10.436661030907596,10.489287937193676,10.770524108475328,11.40889823784321,6.952917043723332,11.877068833375466,19.953816341024694,5.167558416378886,7.320507602914568,7.093373345010989,6.435662363405943,14.756070341173805,14.195702184008296,14.28109961326831,14.082399490702231,13.09172823070139,13.692398469565864,12.168479656561207,11.950354362697938,11.98261085393404,12.376333891837632,12.939718315689406,12.881066008486984,12.533486763105474,12.321389435454526,14.011352237734267,13.690300892942131,13.592007600369428,15.351055369414079,14.97898647757626,14.520526849755655,14.531673269225843,14.855303649129777,14.293573739585648,13.955205179585148,20.746125693018776,20.526512685846356,22.076073711014637,21.8792464671956,21.25877973835012,22.471497718783663,23.141153983573687,22.385255685607664,21.74977835090232,22.03214537949957,11.833596327869216,23.25906536475945,22.833427439723962,22.522756767350867,23.8051103169522,23.40179110966898,23.808881510776533,23.286742144250663,22.810632260621066,4.284565035011135,6.672127123206962,4.1977639420087005,4.4060015038479055,5.4417249744930025,8.997043910431536,5.969680601695396,3.8066837653906367,12.320307904009614,12.38981772719185,12.257298911226384,12.331455120046835,0.0,8.103927923129566,12.268502894428291,22.621668505030158,22.37358975266667,7.746589942438468,34.059126238151336,22.341069613860572,22.855594915564243,22.07043929744734,4.378383220677488,13.687655259945599,7.250305829925781,6.657242334638676,6.642278570101685,12.361679992981713,23.325241863063795,23.267778028236503,14.045084746031831,14.01705193144712,13.41730368816483,12.817160776556532,13.019055968648274,14.211285626795485,12.794488785524411,14.496231705621266,14.73405787155844,14.672478872197964,12.980097808367246,13.136383368148872,14.593646347281652,12.519373127542082,5.2741434332352926,12.3241070696797,16.577235833723574,24.10438800056497,23.2310618980777,18.27849973845523,10.53785379403658,6.773903279917538,7.261246177838346,12.415903766624115,13.735876596113663,11.945466030799459,22.529536020246177,22.19831084264232,22.99697253471364,22.993091588875387,22.67985678271803,23.00855611140714,12.399963064915239,6.47877147105129,2.9273358920325547,7.141339868447397,10.6621499672026,12.769062340304544,13.098999915714217,13.135496889997718,13.484329997025776,13.611533287080924,22.251286041720792,21.944452625395268,21.929761489763386,23.175078903878198,23.17814972127813,22.974175093918856,21.16677359166224,20.738552199545246,20.944543208025973,21.446901245954752,21.519464456479465,21.764927740669265,21.543462416672817,21.13091958003975,8.477264061255894,11.9711390067093,23.10449643084293,23.510133935034027,22.06921701080626
OSM_NODE_11793367734,10.325402211520101,9.548331952152958,7.719489731325682,6.08841345736152,3.725868146830797,5.685630587848458,5.8497701059061615,9.090743373710547,3.579435463618558,11.012478465355764,20.24787673990321,8.067407784836314,8.075413175294507,9.081800890087035,12.806252688091678,9.21015296766687,14.161387430973525,1.3938244045009296,9.715135051813519,3.2437054720504537,9.081438529485718,2.371085633842724,12.26369925343939,11.299197694385613,11.402399210003866,11.598197168745974,8.508188306045996,7.483297874218368,6.811493076642919,3.0755895340867454,3.9108555940173435,11.0306555298205,8.582699268491826,7.819606069331249,3.9269480611843557,2.320298148599007,1.0894923605211995,2.3553175762523564,3.1527046412954656,2.2317116453494967,2.940075876262851,4.460051480726391,0.528609937059354,1.7433239236043363,4.89411912664121,9.90847897733084,13.849333850980482,2.937255715812056,2.9424340024015145,13.70655629539863,13.919453638992145,14.512795660352587,3.1967668164285277,4.45131292554841,6.985284885837256,3.7413590666583567,4.618698044474627,2.097645329820431,6.857422326481198,4.957051958070468,4.316168425140978,3.8580135565096993,3.96618913320138,3.896704808554518,3.6122238897475323,3.7445884781605745,2.997320708860164,4.329201283418087,1.9554102005658895,7.423988685171665,7.056344473938801,6.425838287998315,6.555896011661326,7.161098820257512,8.19971073428465,3.5786976267741224,5.522164035806154,13.899614724542838,3.1282711064149242,3.96399233043715,3.8298626516852416,4.533394116956141,10.064271200431289,9.86007411386139,10.259358314766931,9.285461534392487,8.887226689948408,9.609230398360673,7.631735702561957,7.225971529332281,7.369821313589464,7.999951580038637,9.035097329427614,9.08076907409653,8.248615793610556,8.119103305489407,10.04596634839961,9.788140158571771,9.87212310742839,11.325483232746631,11.912970934367518,11.712164809674379,10.904443356696287,11.036313587290554,10.590760730060213,9.995189539000913,18.642538345420395,18.70420984575305,20.159004826408413,19.94619682902353,19.606049397773774,20.383547939607954,21.02288837909902,20.240923608320145,20.38838630209276,20.595497032910842,9.270203514776538,21.748513373257087,20.25260612824721,21.1147609484868,21.548380668255724,20.915457180419253,22.065107086729476,21.393934584060602,21.083657886040406,8.843034892402352,4.274294031137102,8.446161103311129,8.562056814520721,2.6682932051512047,2.9034433579026833,2.1839197456276462,5.999798250850888,10.69549868721217,10.719293143180781,10.67321164688287,10.754104271925176,8.103927923129566,0.0,5.780851882273194,20.78402263862946,20.758696699446933,10.644747415009608,27.394280037051445,20.841317036042067,21.07746466871081,20.471946157927494,9.395052855655038,18.775580512209153,5.062825133067261,4.573920236956255,4.5284728480891765,5.733284878161945,21.319712598592837,21.162208404859857,9.690240897393513,9.303817675776541,9.575970702484556,8.804903733732843,8.847918575991516,10.139652371600704,8.723311554021958,10.152195562037077,9.997321368836712,10.049105821068606,9.108128694905,8.924462397559905,10.532801709017722,8.391240467798681,3.896912809701353,10.804887928518502,13.709790790862794,22.58960333584011,20.34387744594682,16.064962176491807,4.999967094532542,1.4563189560739067,0.985764063965668,11.343405358773191,12.86111460426414,4.49308295285499,20.443225884301818,20.06364768807172,20.904230968338364,20.502347042369554,19.95674172434601,20.276082915088384,8.494269549155767,4.52909378788877,9.994169021191802,3.4882076510547857,7.3988898647611245,8.492693624595544,9.04844007540738,9.48316883994192,9.996251847491195,10.047610464073832,20.516764478779773,20.186634379910565,20.13986878881423,20.381450336106173,20.174622097463498,20.33259577170232,19.77437874383567,19.329047708835112,19.437603766503763,19.977865898970553,20.016851440882004,20.267118253460865,19.91249368005409,19.486520830953452,2.8877604165939514,5.150803599569048,20.841675505643938,20.686750567169504,20.232394080305994
OSM_NODE_11870738300,10.157275376970567,9.226954137124388,4.320176742144019,9.83209085692168,8.468121481217807,0.11229276545365871,0.07102316629552728,7.088104621671662,6.829207711010388,6.579859809106452,15.527347974148093,3.8210069430568514,5.338282668281973,5.24168585948561,15.595548549507606,5.511241061159863,8.534362252836175,4.403078088745833,5.440624155473191,2.6487908955443946,5.464077577462396,7.808602842234653,10.006839013179912,6.8377067742994875,7.033563828424164,7.060897980726322,3.9487153300711064,3.0756107057355084,3.5763547186691196,4.872834703151037,5.049415161010317,6.886405014263092,5.539533635471836,4.447298165330266,5.03597513120744,6.309047859461157,6.161506866970985,7.777780631229713,7.1080122879727226,4.286248143196443,3.015838465166919,5.288408806406424,5.706232900620644,7.14021148317688,8.55608932919422,7.291635133079984,10.4658226201553,3.9998774305561087,4.110138518757779,10.798422599865651,10.973511128668724,11.405140994916792,8.138430250967264,8.822697886810781,4.024433860396868,5.257751041491935,5.437234750848098,5.33018872596117,8.81271950151997,9.788526360291044,5.810891993086244,5.2851078966591905,4.877248848596122,5.112033745637671,5.2440361987246495,5.216262566347464,4.063886012823765,5.180419076523892,4.943558432282763,4.124311653602907,3.9023630414703776,3.4423720815593213,3.5363097047594714,3.9830004383483497,4.743180303320899,5.335999379206954,0.4065004914115077,16.663481744189536,7.348210057467974,5.047269224246083,5.2388296623956165,6.065348822630897,4.7320315081514925,4.800841339742169,5.344666464710223,4.0122609577991115,4.187296036231354,4.79841889489438,3.141062400421728,2.7637078688677756,2.944666814512908,3.4899895488401014,4.547264562357052,4.668495308278746,3.7167009776966884,3.726111280225018,5.219475991328454,5.073747407144634,5.280101028263117,6.225704186166447,7.353141343518439,7.3734630239916354,6.142187921378836,6.116302016978367,5.838439208464503,5.184584954787511,13.94101163092225,14.151010352075993,15.466050828586233,15.256654506590802,15.086481332392061,15.591608555799551,16.18539042119637,15.427875258682578,15.980345929566052,16.13370402982152,5.878758057673828,17.184942601508016,15.22889536310734,16.63899200647239,16.62180221453825,15.907717577707645,17.366604691941536,16.651157765633705,16.440646693594054,10.931411413561515,5.758130767047294,10.562199204091884,10.561280625949939,7.672733755447223,3.3773383948380937,6.926415984622147,8.823787228923587,7.543119245612529,7.522362012231776,7.560991550266223,7.619990291707098,12.268502894428291,5.780851882273194,0.0,16.09911726725469,16.191688323972304,10.89977105456828,21.949044792978064,16.331286271939728,16.40832547796404,15.929726354139387,11.497096297629563,18.92307478624464,5.5751700014475825,5.880240442351083,5.875852977934191,0.25010125750952417,16.524191582071243,16.324624332230176,4.652552550506243,4.086100637032444,4.969030070240905,4.304455070534305,4.190495506979937,5.213714525797942,4.200109978066761,5.031414137286686,4.647152239715724,4.761645587417638,4.623463046522015,4.205843436864229,5.537313729999678,3.948216041975385,6.994646987988719,7.7001733536891495,9.010496222925356,17.984084361118743,15.17985069415062,11.50260338844718,1.915825875558776,6.235320948664256,5.929842903106852,8.417114526918615,9.68144057615944,2.0503594858058856,15.649132976694698,15.264459623024702,16.08474988589912,15.50974941984828,14.880464462220269,15.182494972971611,4.217818551257832,6.024770379709142,13.075160636774731,5.140486797228018,4.4049762480238375,3.869365163089287,4.428790679166926,5.061995996740738,5.555604006830744,5.532101268060165,15.899722921791277,15.575680547657678,15.514589541718482,15.256649481486102,14.967299982769017,15.277684167643615,15.388115932721218,14.963374852157626,15.009636646873652,15.535810502000775,15.553842839375585,15.791433049320322,15.385752293453722,14.979149933435178,3.8365077216455035,8.905356542376659,15.942183381877754,15.537613788280751,15.577252821119735
OSM_NODE_11870738495,14.672141316860989,14.529585389811508,13.078181217495414,20.717552935871378,21.34593773998214,16.209782071449066,16.03612082559532,12.660554690869551,19.226544053222437,9.784780414790182,0.5882039962462847,12.766411815832845,12.924481466106725,11.709710184177816,31.57823423421815,11.60469117084805,13.74967898544694,19.511694363769095,11.078390849591347,18.45785019973337,11.743478706186224,21.79260187359643,10.626088983250337,9.499308274683903,9.383567771984785,9.212839968069877,12.39515012558824,13.426577901180158,13.973469604913115,18.085305699289666,17.436177278994652,9.761600121064264,12.370972830984314,12.985144936587403,17.41346423479617,19.772911909334532,20.521134476111218,21.752305153067663,19.951335122644526,18.57784740023502,17.98921378837923,17.052349442664728,20.436829878918914,21.308116283399087,20.112567829138396,11.577738471994582,7.9058647168312,17.88906649874167,17.908577996103105,8.78982216063594,8.606357047821051,7.978947824616215,21.39918885449717,24.721345693886636,13.828075627407912,17.71876998850821,16.990671720376262,19.133474562561425,18.004798583374658,22.220976295543693,17.56399052077612,17.628509539213717,17.289864536484057,17.485853852513657,17.82766033242496,17.689750601507924,17.848373201648435,17.11413796156347,19.023764719879516,13.372585402851739,13.739290834329562,14.360651221904831,14.2321337576597,13.636589151529092,12.610729683030385,17.91715493651817,16.10127173081932,32.61836626413345,20.281485929441946,17.38522154948698,17.62526465006182,17.553214039299547,11.428035297253928,11.29988562079273,10.774306702978661,12.098680077584598,12.05831665511821,11.369871289638036,13.295531974060433,13.721650704596328,13.553913684600186,12.911437423532584,11.822375353436696,11.753840120414571,12.65724134874784,12.748792729393463,10.931297417873502,11.133495454702283,10.99395451089022,9.884710438176008,8.899463493301047,9.071859035005238,10.015226233935138,9.99120490393082,10.330002112634103,10.973524604524728,2.161905957173285,2.127228694211541,0.633290492953825,0.8442924909037905,1.3837855387545726,0.7407643260119994,0.8708497622322707,0.9277282970754247,1.4342343241625157,1.1557540063422285,11.631492992277936,1.2218060184971096,2.064882956367809,1.1826382723693323,1.5433870423628167,1.8773249719121594,1.2816565394496098,0.6660065736896777,0.39357642445774077,18.609764011771336,17.564380737749232,18.560563252597497,18.37467892146848,21.209885210221763,17.898837886031234,20.59076135684182,19.15551897005096,10.542800413705082,10.48949675165236,10.592064208517971,10.510349498999128,22.621668505030158,20.78402263862946,16.09911726725469,0.0,0.6238456003944028,15.42357474537229,20.637440727107503,0.9286282389821315,0.3144819169990024,0.7830542478993434,18.790171835793757,17.35424711497713,16.625363713548193,17.360429350253813,17.403017045705383,16.301346081028534,0.7851967979196214,0.9110463496986185,11.451689878623437,12.016355115236948,11.304735413597507,12.065220781612329,12.079983912070547,10.904527980758997,12.157706831027044,11.069216050045567,11.51957770021804,11.376270307879901,11.74580791596232,12.028519394007446,10.564455135067611,12.47842177952056,19.104701105467832,10.494111148968086,7.131817142220573,1.9049632279991746,2.941593222768872,4.719215408813404,15.931161496581877,20.34551806126449,20.355434012849248,10.25888091730423,8.88595819693775,18.149116416170344,0.7168662874476464,0.9962180930340946,0.7509771672764963,1.8152659727730862,2.477140039854247,2.491903399885795,12.329160349079816,17.52352475784281,21.128308711653407,17.87516088202947,13.440189264578791,12.436314273122136,11.855633113508192,11.341775164855807,10.820656319061005,10.787958731266004,0.42900514007207874,0.6834567904844271,0.6919078547322849,2.673942644679007,3.2655615464789087,2.2354932425045773,1.7230692024370171,2.0378910694593944,1.7696299301378338,1.409109073139624,1.3071178244800765,1.1510297175753288,1.1361512976389634,1.5091767576741695,17.909166550856987,24.943573474135313,1.2144380013740352,2.8067862103300114,0.5616730829573146
OSM_NODE_11870738579,14.36311820063723,14.25574174720732,13.041014556846939,20.51197478080639,21.211985872646125,16.301547406138532,16.12999331761969,12.485698311065685,19.101943931039642,9.793587437415221,0.9976788254137682,12.781235095736845,12.834398624150147,11.67689757161279,31.716695016357058,11.556541145691265,14.154256491825022,19.50460942592867,11.078929751468365,18.505661453764873,11.691001803571767,21.704129786864744,10.32908587597001,9.510489897129595,9.379026352680864,9.234916646464757,12.431307377268574,13.457394560132382,13.94856490246334,18.01399214519052,17.346577111668463,9.72818839517228,12.286064299767775,12.943842491450809,17.324049083397597,19.683981014349072,20.46403150015553,21.663756657836164,19.833703328932195,18.54295027444209,17.99478970286472,16.948413864306403,20.399604630807747,21.2333783360196,19.94116422863923,11.413595549024505,7.651832655310736,17.84919480797531,17.86458191025062,8.479621021887478,8.288989268542064,7.648141809944719,21.281271459109274,24.751670563942497,13.783935505999173,17.625529166354077,16.880310480325342,19.06852093789169,17.782188213958623,22.058645897469727,17.446964667388364,17.532738230533646,17.204821522534672,17.39457312258197,17.736806250803664,17.597644442088853,17.80500717817973,17.015100646399148,18.9726150526814,13.336305211990796,13.703830224899477,14.333084997861075,14.202806264348832,13.599789159943604,12.566138613526853,17.824282628297464,16.178280413546652,32.763380514265336,20.163045007975086,17.294957887120894,17.531236396092226,17.4263000690582,11.559443948718409,11.391778023880414,10.851178608115898,12.208636637317117,12.106152060113688,11.430328137359098,13.330675284918337,13.757588544520313,13.586638639298192,12.945932726574805,11.849878282557134,11.773897805912254,12.692218035433406,12.773959857160245,10.995393545180713,11.183263969574469,11.029340418655725,10.00278715607581,8.924326886449167,9.05886782348612,10.073949485947638,10.075431795329576,10.386237533297273,11.03541312230307,2.2943678335719793,2.059595499426156,0.9338394303315457,1.0822094997559122,1.1589057917024816,1.2954632129973733,1.487275439329102,1.4614287750041408,0.8459267401948809,0.5442344787757069,11.554531853765763,0.9961299584588642,2.6571133736274457,0.6192046022162635,2.1263021356022014,2.500952285669989,1.4392756029486766,1.10138555943714,0.4945442978150907,18.321658980926635,17.44938329590606,18.284515731849808,18.095515326926755,21.106415832223902,17.88553523779278,20.50012254371008,18.95301763119353,10.397267810701017,10.347738275354525,10.443238866651958,10.360753908785394,22.37358975266667,20.758696699446933,16.191688323972304,0.6238456003944028,0.0,15.093345482583418,21.251373455851727,0.31324694859119573,0.6054162792260265,0.30339887044446034,18.48566534007256,16.809493595822193,16.505920210451688,17.23783171338003,17.281176700290402,16.39935441217057,1.3291260268393945,1.5119386466294031,11.539141914338593,12.120189423379774,11.342450773172072,12.095023370379963,12.123905257041935,10.981974881000966,12.189901815397045,11.172774968444365,11.652183752353967,11.501080983183567,11.772635114136687,12.078114346814463,10.655101658134765,12.505627430260022,18.970791499627467,10.339563586024612,7.188522568769634,1.831410538965047,3.545877358342506,4.7213390714957875,15.949956192040526,20.278336030489577,20.30340982026182,10.064241415790809,8.652177622499153,18.241742826043293,1.2875947116839055,1.4741158785854318,1.3735231240767884,2.4240858035120687,3.050332536712319,3.0903217269867045,12.34209902535238,17.3977231920604,20.81614122185061,17.789205654573866,13.38637318935863,12.477849870467178,11.895686923075651,11.359989313158877,10.837642189207426,10.813630925666802,0.37303672134076116,0.6380149409821881,0.7165163580077262,3.2793181486983918,3.862533919992869,2.8357048477141706,1.2606490987940069,1.6506797259188528,1.4290872349244323,0.9516548261383552,0.8656057890181205,0.6416274740996496,0.854437326016055,1.2830608087339357,17.87652888838774,24.999868588273202,1.837997158839514,3.4242776621081608,0.7324014337881783
OSM_NODE_11870950523,0.9466164640451005,1.7592233032493358,7.299484642255725,6.643596907905886,8.58695845308359,10.926960449907304,10.904852747390848,4.636628516051628,7.216638898684904,8.80177165483544,15.082927585573344,8.382351054368474,6.220476225824084,7.569197771981991,23.429695046956503,7.318467809863016,17.282255562466425,10.23541834660755,8.299592827150473,10.962576902641711,7.204363484755595,9.930055098167331,4.845007666645646,8.93771339224547,8.767054355010048,9.193955656688557,8.81387366629087,8.75411200075491,7.5863285176055255,7.811793692622694,7.022974423075326,8.21136668097627,6.440827186238378,7.218655224782786,7.016537410112855,8.42834374927842,9.702015398570584,9.896774350133645,7.883578329076445,8.985963134796636,9.660341333938218,6.486740064958588,10.116623918569,9.867007861159813,6.816034742333459,5.382475908414411,7.632225779775785,8.483965939339907,8.392185815561474,6.6394381518750745,6.818166330219553,7.447111612675506,8.973210138874114,14.982204229214508,7.147928665334772,7.074711137861656,6.2989245648931105,8.584443856914625,4.132527922850386,8.744609829479641,6.405545085495231,6.965624701341919,7.066229073911945,7.005566785684872,7.190752411891286,7.0878298031541025,8.376330746367532,6.636696300893825,8.852639339190688,7.310512486161625,7.335781746680973,7.571114305587034,7.514255924034452,7.30248250806044,7.187789666542641,7.188605113532465,10.527095409291825,24.51750220370508,8.105415927331984,6.9818024858633,7.007192749205218,6.154764784837241,10.63656304447741,9.89963880859036,9.666961281844713,10.266324123392037,9.048296154931128,9.320208264002902,8.833712281207905,8.901888922743767,8.8096511004271,8.791943329784747,8.671700245573222,8.538400786260018,8.79244208137433,8.594019156552946,9.427153430778866,9.15083026394468,8.918095597214178,10.455489657357699,9.351460931557032,8.792847856560037,9.49173826407119,9.899056440690687,9.387058969224094,9.383612390672395,13.764402606574288,13.420231464115055,14.935965465399667,14.755402041220645,14.039964882107185,15.39190524023199,16.046322846434652,15.336369627712019,14.395422397658235,14.695620735206212,6.80150129992434,15.909017270582215,15.983787507923195,15.158909156619718,16.747367351513194,16.474528552237103,16.529637005985034,16.086409440975643,15.559159892215733,3.4630499218001303,6.456066332450997,3.5765498947541245,3.3634205612757815,9.142926997522501,9.146058321521393,8.968144481415308,5.418430399861073,6.276828688145791,6.359649609441611,6.20254712526784,6.24551879201167,7.746589942438468,10.644747415009608,10.89977105456828,15.42357474537229,15.093345482583418,0.0,30.13503295137268,15.017344588517185,15.623412909110016,14.795193401051076,3.475056673395565,8.253201305191038,5.919598602445517,6.165134873004543,6.2049478755825,11.116705605917568,16.172145016834794,16.16186232026688,9.81400915098045,10.139818132633104,8.914479848453905,8.698738030541694,8.971753289143912,9.663894352935529,8.740924691397595,10.118741611778015,10.664334457178485,10.510408226236818,8.665930958078905,9.083094843643913,9.925739797203398,8.63435659104723,6.916145993998567,6.193679039554487,10.489736662262462,16.731226204772813,16.53050821180339,11.544503844256829,9.063756929954833,9.339774020255518,9.70635540206704,5.909126193197783,6.794342745247705,11.902271248957069,15.446539449081989,15.153732648610289,15.896480664866694,16.08775630431237,15.916551165366412,16.232499873156385,8.355385142046584,6.167117393832044,5.746251373542982,7.337027172208539,6.932432288307517,8.921369223115184,8.907089498151233,8.559432245273076,8.636584468239827,8.789846111386762,15.024512363332256,14.74026438010235,14.740005062897996,16.424317557588086,16.548568237762414,16.149982610121395,13.846312402610142,13.442789708427517,13.679014806759172,14.144979084111206,14.227852834342926,14.461740101090323,14.302946319407612,13.914402338398615,8.673380322107413,15.777442196790904,16.079526458931433,16.758499582019176,14.89381784243778
OSM_NODE_11870950901,29.1896270504162,28.460920751223576,23.329618111661965,31.60466070539756,30.416632758471863,22.015669884900685,21.891685827570218,25.538267347222696,28.705293499800117,21.35278463282816,20.33944455488353,22.232472734355174,24.214943609377308,22.668120397954173,30.34960119149678,22.884243179794016,13.465141381511994,26.138374444280025,21.875809022167626,24.181165657166403,23.015040128083697,29.64142399362168,26.182171803628595,21.24264233428885,21.439772674478405,21.01610116810407,21.699437601447546,22.18250996250467,23.510299565195552,26.759664425411813,26.758568462842582,21.970768177113577,23.85222804055225,23.36347908028839,26.7404070703852,28.257940969273193,28.00166945861949,29.6147736080595,29.045468330921295,26.23086387594602,24.937316670316612,26.82718736520628,27.461511564415137,28.965971581305432,30.385660726553837,24.758061256714004,24.01826345705964,25.92976784022263,26.03511652580048,25.188589102121696,25.160779280959034,24.924259173765872,30.07369786843799,28.58602843200322,23.81283486023919,27.01530333143076,26.92477412826865,27.278870426294088,29.961218028299385,31.73744560912014,27.43219956391297,27.013522387716737,26.569021858435455,26.82610086559289,27.031798138229025,26.972151953535466,25.9847469855069,26.761322972129058,26.8871217159385,23.447882970208354,23.603943159559734,23.747972336042327,23.720545178483544,23.580996885038445,23.25462408601875,27.133011882389532,22.31234255370688,30.944397959462975,29.294030852497233,26.74123828844699,26.973476298801693,27.637077736915302,19.681051419443314,20.37099155558187,20.51321398047435,20.224580694684082,21.372807094422352,20.943656115072045,22.046897807761077,22.19756554755815,22.19502869718697,21.91514985628767,21.662004176958973,21.77046476972772,21.813705999403382,22.031744306260798,20.76679242834379,21.064045135978503,21.268465799933704,19.67956634602335,20.908462801527676,21.474788907978464,20.64344562703173,20.236024332335912,20.752927006561798,20.814907931152405,20.199028802381328,20.90461802311066,20.468471746580107,20.44751357597781,21.225906739396525,19.976615816399736,19.832465959451344,19.836756390408496,21.944507831596653,21.738625196869254,23.375124401351066,21.534302814337714,18.61085470580578,21.810541349873677,19.39418440089909,18.78348741415101,20.875436373448924,20.454254805466515,20.93142074167102,31.769896249385823,27.388840238870277,31.48292423869996,31.40423878349992,29.592947888898262,25.326118344244314,28.854475589679247,30.37425334440026,23.941559751806302,23.85984821166123,24.014577787551275,23.98583551311762,34.059126238151336,27.394280037051445,21.949044792978064,20.637440727107503,21.251373455851727,30.13503295137268,0.0,21.562776244810788,20.788984599760518,21.30782157094231,32.24945185812994,35.824953416257195,26.885721725138776,27.41988367881582,27.431259591641197,21.90773211503963,20.135566005149546,19.85853886390639,20.48583248898589,20.32092328443713,21.320036658759022,21.70254734608278,21.45118545488572,20.532860063644694,21.690662971763697,20.115122940448288,19.675347696713164,19.79286840829117,21.648558976293806,21.33127411868913,20.237412572409433,21.89465360632068,28.830559675737625,24.05085744566369,20.24914948994345,21.557881407927336,17.711320027334754,20.61938190790378,23.54567637345051,28.127406297639983,27.76859697664599,24.51048079755535,24.300578321656843,22.901430882533802,19.97488957919355,19.88547220760218,19.914370621372072,18.82755348027787,18.26328892866919,18.172772987099627,22.101995603684465,27.593953534636572,34.29303648771732,26.95380456468104,23.808156669032936,21.613618087075732,21.4490464428339,21.665650875483923,21.522332194805347,21.370049852571423,20.936707630287167,20.896617644544516,20.814106158167874,17.97579336220422,17.409786289518724,18.42333686389914,21.889494729179347,21.876850277593118,21.618748773851372,21.67804783350519,21.587579008793085,21.587027971257953,21.25640047873702,21.25929731096347,25.776819228809813,28.005700555608378,19.436332537450784,17.831535238863026,20.67943916526173
OSM_NODE_11870951224,14.299798480513235,14.212419760445963,13.121869554192223,20.503012727162137,21.2403042251512,16.440729358948445,16.270208018076172,12.497466910606743,19.135796477132846,9.899886156360763,1.3003301750094554,12.88715046221441,12.889352269579557,11.761106844765456,31.873135382311865,11.633427370627102,14.420122435615825,19.596444242863633,11.179728958674126,18.623768229631523,11.765635507519852,21.755355829072194,10.276207387505245,9.618311046477288,9.479639927907533,9.348244394274868,12.547489816777055,13.570277336091614,14.034658002493451,18.075113840782876,17.39888900331605,9.814483729923355,12.3440961457512,13.02276848932225,17.376464318966786,19.735652051473497,20.531233905982372,21.714956685294926,19.87083124225388,18.621730935873526,18.093256850090633,16.993710734694478,20.476564728962444,21.29160376484892,19.950486762207877,11.432053678810256,7.627802635018545,17.925847313492206,17.93921508815147,8.421890979262924,8.227430530368007,7.579957624940133,21.317762818929697,24.859785964116124,13.860821570384696,17.675885660953895,16.92239177601071,19.132356262780256,17.765123093700247,22.07202458654613,17.485387997768925,17.5818666687465,17.25948062495772,17.446020231797576,17.7883090813212,17.64858305116971,17.87997439596274,17.06283387321042,19.043286019843862,13.417353755836682,13.784996143128076,14.417626690360754,14.28658561935802,13.68038299505186,12.64378810805798,17.874733819241392,16.310827790129494,32.92260672009766,20.19964323296485,17.346961927895457,17.581241135242152,17.459690798102805,11.719296250594951,11.534319780188707,10.987518321901492,12.35850223931694,12.228020835832952,11.558620551579745,13.445667808787702,13.872642157291969,13.70031731376119,13.060919323450884,11.962557099572063,11.883169710042685,12.80763310337801,12.884733785661153,11.125789771367915,11.306911461476117,11.146515608854441,10.158409859294379,9.03944868449703,9.155984913091254,10.202967627960154,10.215970412795416,10.513736519258108,11.164761587604858,2.4928389150812618,2.1803465688820065,1.222982445930665,1.3513650093449459,1.2473413559423006,1.6081910682450151,1.7796651214163406,1.7723045949803176,0.6474587578276068,0.32940121654615345,11.617246494294331,0.9283567455268034,2.9703571657859715,0.34048176664591,2.3924776241893877,2.804659924858893,1.5290302098902693,1.3285587295742733,0.720030143509088,18.268250878184727,17.488836424013442,18.237884480817787,18.047218091138618,21.15028638323962,17.97502783454301,20.55064905688069,18.946263858845757,10.426623038292083,10.379108390493784,10.470829377898934,10.38805368070005,22.341069613860572,20.841317036042067,16.331286271939728,0.9286282389821315,0.31324694859119573,15.017344588517185,21.562776244810788,0.0,0.8534725685318988,0.42039633795023107,18.422907980737982,16.593512527983123,16.543580686253737,17.273516700541048,17.31722709035463,16.54130508915335,1.5871839271740045,1.7937855884921003,11.679553309618594,12.267408885814945,11.460374962186945,12.208546610958496,12.243952330973562,11.118435377569762,12.304453483394026,11.3207294084364,11.81247729222785,11.658100254323374,11.885072475913315,12.200818541981343,10.79784041414999,12.617578128538565,18.999929272294168,10.36432026316192,7.3217212544446655,1.7846124532773826,3.8586562753748757,4.839075452098558,16.05564609165432,20.34062532128679,20.373164267144585,10.068254785675089,8.637279115093179,18.380494570508773,1.6008005105592746,1.7784615749795025,1.6727030614110965,2.7360705637786706,3.362714792955123,3.4034506516310015,12.447502487681943,17.431696057483425,20.74822944117462,17.8431370073174,13.45883179465598,12.596486282268703,12.014153673617312,11.468812055795663,10.94645783565962,10.926532193817588,0.6688978421079164,0.8753196511702118,0.962785485731316,3.591952936647134,4.175747880821162,3.1487161207529626,1.175887681421764,1.604198152334181,1.426454256010735,0.8985510920125781,0.8380376388775402,0.5855276751848341,0.9456057022453638,1.3606100460212034,17.956688367218696,25.120065467278824,2.1421879525188094,3.734037723288509,1.012240776454575
OSM_NODE_11871306606,14.881155457029747,14.75288879472785,13.368589432619308,20.9659163080231,21.615366846874558,16.518922381230126,16.345444750629,12.91729508689822,19.498219393336502,10.082538021692244,0.902455214425777,13.065723538413025,13.20368167645371,12.000678798339118,31.891136174954166,11.89265011921825,14.042945003354601,19.808211428698808,11.375121506384769,18.762323147773852,12.030595623152783,22.073239269576977,10.839173764482002,9.79736408851249,9.679004876944393,9.512498156631798,12.69750453946469,13.72833305830698,14.266311485601852,18.36943427487077,17.716169302065502,10.051944398533823,12.651242268760306,13.27473834497146,17.69349617868433,20.05328648884021,20.80845411356588,22.03292226814319,20.224845822322408,18.869362195133693,18.287669139029486,17.328926882345392,20.728051449207474,21.591776995666454,20.37144033423599,11.837347644113917,8.134432606513814,18.179575488181467,18.198291789584196,8.996651604817492,8.810022361572718,8.176362612409003,21.672748200228114,25.02382201318351,14.117257922606093,17.997952461742294,17.265679095816648,19.419055012001703,18.247233600189215,22.482663390232318,17.837411361994445,17.907091868422015,17.57087831724004,17.765464580961822,18.10740669946183,17.96919298320444,18.13820385588113,17.391892328814805,19.31216728125408,13.663213564612253,14.03013471843856,14.653062678196122,14.524202059326338,13.927161615576948,12.899608915451516,18.1964442515514,16.40894901997547,32.93159695993385,20.554822338516207,17.665055405634764,17.90425375471892,17.82411518870775,11.739960252739749,11.608603857089978,11.08141358833542,12.409092906290436,12.362176578713873,11.675197778667139,13.597872297895035,14.024153507218365,13.855952330600061,13.21363685003553,12.123418856001162,12.05377634319859,12.959471470755474,13.049645467146014,11.236985867227228,11.437455335041385,11.29596526300982,10.195516711461323,9.199445343275046,9.365728550389154,10.320098813490237,10.298960009068544,10.63463056825089,11.278958333832668,2.468483657105992,2.3978404836608123,0.9430899734794477,1.151670999619075,1.5972451237285825,1.0141262991975832,0.9586137971541339,1.206235029314914,1.4504623336475526,1.1423992372087912,11.913375687530069,0.9270673516693837,2.2756243552969337,1.0301578285064668,1.5391565507121205,2.0057769348669185,0.9907153227397596,0.497720455715252,0.14321062276497598,18.827989643460597,17.838308733453154,18.783574807553684,18.596446254634476,21.486973738626936,18.194176319251877,20.870812467022606,19.40472402843426,10.807345327872264,10.755056230830714,10.855715652686172,10.773759425010597,22.855594915564243,21.07746466871081,16.40832547796404,0.3144819169990024,0.6054162792260265,15.623412909110016,20.788984599760518,0.8534725685318988,0.0,0.8602191863635692,19.001648845336295,17.414909271433487,16.89806128551021,17.632416675937982,17.675202463812386,16.61105666349281,0.7337918426222466,0.9525455532796978,11.759993057675262,12.32624609603097,11.607125560364448,12.366634511629945,12.383336557681972,11.211717268640012,12.459473928678335,11.378977131993334,11.831587747922736,11.687743261082279,12.046740488142374,12.332600695533891,10.872950343308746,12.779528769468111,19.37394187993598,10.75612775920384,7.435584597914484,1.59067213689197,3.127782768658212,5.012872681036492,16.231459037305765,20.630728238272276,20.643768239585615,10.50884394577602,9.122333640150229,18.458440531307275,0.9801337447010113,1.2939629921947844,0.8771861720962023,2.002473160654997,2.7050552688702405,2.6903720391547754,12.628111709489778,17.794709613109635,21.33673610054375,18.156031814415247,13.727371735127539,12.739403126776793,12.158434770828366,11.641356675971343,11.119944394303674,11.088540615997125,0.6043779465768339,0.9182945731068584,0.9484442131893672,2.8598045458152064,3.461645625928593,2.4333441375665608,1.8377280241054181,2.1955364465471927,1.9456598053935783,1.522483727778884,1.4270700150142952,1.2290140309823854,1.3212489355669745,1.7249947393863927,18.20104451910784,25.24936851474542,1.3554678791184347,2.963266125930689,0.8450859366253082
OSM_NODE_11871652226,14.062902934374875,13.953306248517823,12.753400489070081,20.208759450378086,20.91222701748711,16.03935993131349,15.868370775575537,12.18372579188489,18.803036170718375,9.51511489747337,0.9750132844984097,12.5028525214073,12.539546399471782,11.390299066935416,31.46494363486512,11.267573367567103,14.013419920176748,19.22102687746216,10.798345678405923,18.23288376374457,11.401355599745374,21.40868772014546,10.0277090232312,9.232624865952651,9.098198439102331,8.959406681874446,12.157371638081093,13.182041423091487,13.662745916430259,17.720854398288363,17.051284491147637,9.442123434877258,11.99192119501205,12.655604759783587,17.028779400480445,19.388600039097373,20.17258190477469,21.36830802082485,19.53537832595085,18.25489742516494,17.71365374208442,16.65159286279025,20.111028015111575,20.93958374950188,19.639087820668465,11.112292599203005,7.348544200046877,17.560453766472595,17.575222541345198,8.178990842281557,7.988921627049506,7.349225768745164,20.982857221705057,24.474608176862162,13.495104677432678,17.32980477045084,16.582845933156428,18.776121570768304,17.478797961127466,21.756986798402213,17.148824724324857,17.236741840570183,16.910068750245284,17.09908600367386,17.44134088980352,17.302048802092624,17.51574737603458,16.71879013650856,18.682113415745253,13.04877080462714,13.416353999846258,14.046758367375665,13.916217273865435,13.312122030109546,12.277476321860759,17.52858442764756,15.91252945350842,32.51340570508556,19.864631359207515,16.99959384057685,17.23543178663184,17.127280972416926,11.309411905612574,11.13121616519108,10.587141916120977,11.952404739148703,11.834848991728212,11.162133914951479,13.056256889527255,13.483221947451883,13.311646231778901,12.67148843156138,11.574329748441185,11.496861431640946,12.417951144436712,12.497640851690589,10.728236760787533,10.912748564108279,10.755752727437612,9.749938240222809,8.649581658141454,8.7766422259642,9.806004457884017,9.813633297206703,10.117554854762584,10.767723242905246,2.072690642585315,1.7836934930409567,0.8669883930652234,0.9631920164592502,0.8662052219052272,1.3324698643299298,1.6479844417496536,1.4732066089438702,0.662369098250513,0.43478970026200925,11.261527003748412,1.2766043700703205,2.6970264407787465,0.7587579763193067,2.325540755723009,2.615915382440573,1.7409614090057923,1.3558382294540392,0.7714811300932867,18.02009057079024,17.151433257365948,17.9822869160087,17.793437949272544,20.809395495986582,17.601063171416797,20.204501422076774,18.649877243735055,10.097360671577162,10.04813613198762,10.143075353692153,10.060544158003362,22.07043929744734,20.471946157927494,15.929726354139387,0.7830542478993434,0.30339887044446034,14.795193401051076,21.30782157094231,0.42039633795023107,0.8602191863635692,0.0,18.185251721636348,16.577957102287606,16.207618557549605,16.939198735206645,16.982608464819954,16.138712392292515,1.5494708344425487,1.6940241835198413,11.277392534134474,11.862379110510057,11.069234390737302,11.819867055399376,11.851738629968589,10.71801413431365,11.915211942951567,10.915334693696254,11.402444335735996,11.249225374050782,11.496974264847713,11.807210422636865,10.394594485411865,12.22980453944064,18.671122567261598,10.038999780380658,6.922348217694279,2.122688314179627,3.597158185278553,4.446762816412653,15.671642855417742,19.985557065580227,20.012677044327212,9.76156607581688,8.348782848646135,17.97938200029883,1.3383227783656473,1.447148582416545,1.5185641191287693,2.4923040171710107,3.0631901121493454,3.135055131705126,12.063475126544931,17.098800935669782,20.516438399490983,17.49429853458428,13.096183119527707,12.205047027480834,11.622764566589849,11.082728546293243,10.560334049883181,10.538096411662186,0.38314683361753116,0.47381872758429416,0.5643447634458689,3.3340967652988014,3.900284490909165,2.885307053890452,0.9779717478751246,1.3528060465871758,1.1261226374625866,0.6636066046687341,0.5714491210771777,0.37285944677055005,0.5598256328403894,0.9878789538591186,17.58889692719268,24.728212221477555,1.9578421568172426,3.5049838172076475,0.6494427847171887
OSM_NODE_11871768312,4.12311952361219,4.341984360375178,8.925038376946251,3.940404677914582,6.395248449548583,11.490074628882134,11.523324209698792,6.978119459555635,5.837422088901581,11.282877906986617,18.424173863727933,10.030651009357133,8.049861279923986,9.645354966431661,21.744637722649408,9.465833660238541,19.003925044426314,9.448647744059159,10.482158898981627,10.733443235975589,9.321795773532232,7.990221240225251,8.164146223970414,11.474923822122024,11.35686951890517,11.770077989512366,10.554355804049052,10.166857750631026,8.849073041773346,7.228240769144247,6.666674665959683,10.78389196595125,8.455054985143661,8.887398695944515,6.671964575411757,7.080193463353782,8.323963331402302,7.966043961472044,6.266524527429878,8.371149171723951,9.4173453085452,6.284598053148425,8.888829488475508,8.149867715530887,4.675379263787658,7.9805795400337045,10.916497467047328,8.107855020226413,7.992623066432411,10.006372851360535,10.196979067723463,10.843175616335866,6.901138194651295,13.316615280150964,8.49567513985857,6.567823785845207,6.114579231395876,7.6148508210868995,2.749169894615119,6.103157149185878,5.887081744069245,6.493151620332101,6.795745878784793,6.6192700441866705,6.641255371534261,6.599332105890179,8.003129846422047,6.414677409209613,7.997540652563519,8.823656772928548,8.705044962381022,8.68183036424203,8.67856108417345,8.714344106003521,8.99892715468979,6.588367695558512,11.092548331122886,22.80203352981455,6.365354390668019,6.648342029288449,6.542796568098224,5.605163389526622,12.569973224507622,11.89254425364319,11.809181133947364,12.035826474523136,10.876652063436172,11.327566656476137,10.287290562126516,10.212686585863235,10.17844136606352,10.371412353778068,10.596145876797285,10.494540643121326,10.452512620314474,10.235540980533658,11.545328407331379,11.235372144583765,11.060882201128335,12.76197455671362,11.983199119590056,11.458494961620486,11.83912263411008,12.218295765774181,11.664665020516267,11.49376326434738,17.048415481580896,16.748582523201573,18.281575220811224,18.094799555120737,17.409619527806363,18.71788414724854,19.379656252561286,18.65128023484958,17.80891726578837,18.10439434075486,9.026858005497889,19.323996585646373,19.228001498164055,18.576596046306346,20.069880546090594,19.74949844725812,19.924609714935084,19.45540285824057,18.943431157023618,0.5803878458449199,5.9449488145292495,0.9790349544962287,0.9382734344807928,7.236826067584048,8.865284580050446,7.338156053145758,3.4005319786574284,9.01944715769946,9.098537480630661,8.948140172611751,9.009373732516478,4.378383220677488,9.395052855655038,11.497096297629563,18.790171835793757,18.48566534007256,3.475056673395565,32.24945185812994,18.422907980737982,19.001648845336295,18.185251721636348,0.0,9.845043392722626,5.925678633930929,5.739942251545479,5.758236208619656,11.666694595683651,19.525698423215214,19.499355528235256,11.7711625959419,11.934361501820312,10.970303727999621,10.547719164864855,10.798267859840045,11.7727827480386,10.558789769793659,12.160289565321317,12.574343166629747,12.4601378749065,10.613778836149406,10.918180575909641,12.103863431751876,10.359650457205088,5.524831248102178,8.979039812686127,13.363449557995766,20.154004173786316,19.72023878596777,14.716119086073782,9.583456095667684,7.947845145957821,8.409749168576369,8.881690282998292,10.001213707112314,11.924625824717479,18.77389267417731,18.466461532546212,19.23132840569027,19.353195469495923,19.127598808962716,19.449884643378873,10.147468779160958,5.63848007906688,2.351171767209421,6.7853314398449465,8.454968248074596,10.643251322997045,10.804206528385862,10.636538001362345,10.85588340939711,11.002222553204051,18.39951537816447,18.107042097458812,18.101945317588015,19.632886354778456,19.710763293992105,19.385301523666573,17.24833194223313,16.836006506208626,17.063091005685596,17.54191533731349,17.62173905245741,17.859810018144703,17.680546188710185,17.282910727228597,8.316850043369175,14.24282533591552,19.388425400663845,19.968879893555492,18.251357365534446
OSM_NODE_12054556416,8.833891031710378,9.754241630884874,14.90192457223982,13.785362818305359,16.19408723768319,18.964425651135656,18.918492711102303,11.991038710761424,15.23845544149388,15.125040395666707,17.283285385260093,15.855053850099575,13.783515378984243,14.688252572550555,31.450493013087723,14.387062112056261,24.073939334354613,18.46492903562525,15.177201485838392,19.204119652538164,14.32734487906667,17.729039961547215,9.967513716564927,15.13226204068748,14.885181781995847,15.268560053216133,16.155512805949403,16.393321775418496,15.420706398312607,16.04565693732977,15.269639443999543,14.462481227668064,13.79701533296725,14.79419929007222,15.263893785235833,16.491656229650552,17.776533045348728,17.701085585634733,15.821860763220705,17.226486804913907,17.90914061579659,14.737702712771235,18.24789698884875,17.793391249689993,14.42561530688226,12.208389672797782,11.81222721106418,16.73634469773411,16.643644128767498,10.655548542152696,10.670937491808454,10.906827854990192,16.67186801192717,22.982292282083666,14.965000246439153,15.308672138959981,14.549508517951166,16.76306079622979,11.965387038092977,15.942714219363966,14.627686804734845,15.201917829413157,15.317473655760098,15.249987311238893,15.42128094044179,15.323933112858077,16.62855098356539,14.887697315248285,17.058470449310654,14.999271665135867,15.122809513725075,15.493830825595222,15.411640541262376,15.063961484409939,14.640572236307134,15.412572015994902,18.575190081445804,32.524080587389555,15.9879511377691,15.229574889641922,15.244805033876752,14.367134307276894,17.579562963122154,16.83812686199029,16.425267909970696,17.441627088895956,16.27342316143755,16.302966695820135,16.434174550966212,16.606789394239655,16.478336056173557,16.288826280622505,15.829210163359711,15.674441566705598,16.21505057675464,16.052683162893388,16.248399060309172,16.051657273859234,15.767887337952633,16.859550962562587,15.282252725660545,14.745745343020559,15.949593558959137,16.350631548021177,15.974120907064842,16.22131780864606,16.579061977188676,15.969582618102788,17.119663117976263,17.01608324237956,16.139707516488695,17.675049857699264,18.188500844226883,17.712040249001188,15.965880427946455,16.27961985211261,13.855223184821654,17.24701973191777,18.760390869669052,16.562817315158565,18.894196601703612,18.9970995687488,18.03079173207885,17.90960515691255,17.297558146654687,10.27930130765207,14.680132440031313,10.626377467924458,10.457441129676113,16.951793732871906,17.398099901634918,16.923340848971037,13.04852950485512,12.610679192197319,12.679810953841445,12.549680819493501,12.54411410579489,13.687655259945599,18.775580512209153,18.92307478624464,17.35424711497713,16.809493595822193,8.253201305191038,35.824953416257195,16.593512527983123,17.414909271433487,16.577957102287606,9.845043392722626,0.0,14.172799903667242,14.394823930949222,14.43274223682624,19.154466416614994,18.12712929879854,18.255880139934856,16.80755382118658,17.297873996028812,15.88199770162032,15.938122984343327,16.20680183019667,16.470384221519648,16.00945579254321,16.968802561254275,17.634916830327246,17.444102744169392,15.796781294016037,16.297204258688758,16.6002118564704,16.00906489102245,14.92387912373333,12.46115729096939,15.613169255406147,17.861640598697864,19.56179501952475,15.363194474551273,17.173212147205543,17.40341925303102,17.80984015495189,11.820483668018984,11.631760585427594,20.096180365501475,17.711779653695444,17.569643455167625,18.044642333762265,18.71774238926285,18.89713665492205,19.14090583430982,15.691980792848756,14.38296249240468,10.781141639929045,15.569157552480275,14.651953265265691,16.271249312638542,16.069817186785837,15.543542728147289,15.414725929254015,15.557043520158008,16.928664303499296,16.763083008990595,16.807529605648096,19.36210063857109,19.724255045390482,18.961705431345372,15.641563919852938,15.402430473157859,15.695006259474994,15.950208255884343,16.053792321545377,16.205834389843332,16.28601973079123,16.04442134543147,16.926390002072953,23.84376521993542,18.407952920278095,19.65000790151988,16.9794625374708
OSM_NODE_12397465285,5.428086801102005,4.5792693047845106,4.015131432516187,4.835930021676951,4.734988484729614,5.56577736415996,5.603320796060569,4.205649492975977,2.603320344530373,7.270206659497464,16.134432674605318,4.9250888497991365,3.7523870527342598,5.248188529473516,17.807964127985137,5.235879498223546,13.458103416047745,4.387895321005032,6.080620828588898,5.074774702357783,5.079228293721262,5.270770838562975,7.276761522329318,7.53926590904654,7.547947657024042,7.864302181368594,5.4864701258927715,4.769290767077212,3.488623378659994,2.006327014782806,1.1663649579808242,7.047492569732405,4.313312007164511,4.049767704392042,1.1537151806993367,3.2879296549849797,4.345633987433027,5.230516077239409,3.3277840161150762,3.116985154293074,3.7558627266880547,0.6073315521017524,4.562457988781773,4.898820194039611,3.7970154366235604,5.171852955728003,9.157292004157462,2.5681963995269066,2.4809607391919597,8.841045641957287,9.058653910844853,9.685869308992258,4.775451415839221,9.514137876115289,3.318070627673884,1.3253938387168156,0.44540268788961984,2.9829471065010584,3.245612046443631,5.7363520236168135,0.9423875502287731,1.2094296483355538,1.1651739740360305,1.1709826264607985,1.455101306428346,1.3192586559309973,2.461469529336736,0.7490610519660594,3.124540666692491,3.7828635686862757,3.503769578205946,3.1863552040080876,3.2406603238793856,3.565603113147134,4.3451775790739555,1.502278115985278,5.169742280200714,18.905768691659354,3.657258083341317,1.1165526622914537,1.2343359024127,0.9473624701594259,7.518348191038401,6.988580580456426,7.132481344279121,6.833742620658947,5.877895590051923,6.514349127342945,4.918177140752493,4.708924581452998,4.7346414887388555,5.13184056298441,5.772193134344706,5.733742967328503,5.29820017675037,5.089632578009731,6.866873374602458,6.549517798610391,6.492381754860214,8.231212080935068,8.158642453540612,7.79184357117156,7.493542470321414,7.773389306290518,7.224801741623498,6.810147865136738,14.563859826546171,14.500605584902896,16.024400481656667,15.81489396979082,15.348420467402986,16.329933802095272,16.993815500257238,16.211024944882077,16.029168135420164,16.268838189336268,5.064826261203632,17.469508836965773,16.437580068039,16.785588853005137,17.59260233405986,17.06274643995356,17.886422535385783,17.26912675310876,16.882699678584746,5.357480182777446,0.9494677098155075,4.987029211963757,4.988513824074434,4.618894618432813,3.2309607540747973,4.0730798209917785,3.4915798097935222,6.12323439326215,6.167433073588245,6.082999767036576,6.166173847916983,7.250305829925781,5.062825133067261,5.5751700014475825,16.625363713548193,16.505920210451688,5.919598602445517,26.885721725138776,16.543580686253737,16.89806128551021,16.207618557549605,5.925678633930929,14.172799903667242,0.0,0.738778177505875,0.779412726352901,5.741493603789904,17.243833103611266,17.12947699139711,6.832212169566198,6.771176101783952,6.280905198661573,5.625215650847038,5.808015743242014,7.050243876005827,5.59212796762976,7.29409390802518,7.492881906249309,7.439564583669554,5.820831698954143,5.922636316303802,7.4454835079068395,5.301033038292467,2.5079829081950096,6.196948023915831,9.900251771482504,18.32465513969057,16.694091157622832,11.978328081617262,3.666474894205319,4.056368461303505,4.263703846849092,6.606521669957355,8.132179416875127,6.1241499616844335,16.389868900443652,16.026165469993767,16.861461979673194,16.64531808967069,16.211638770032287,16.541148363192704,5.2126266989324925,0.9124161788443969,7.564957721757284,1.5746697263831744,3.528329081333074,5.53926271105079,5.9092326882496895,6.035267879787291,6.446962852574792,6.556547662039486,16.309554352496978,15.98354858116507,15.949623550137956,16.68107400438903,16.587368094190566,16.550475931441618,15.416080711620696,14.968967455103682,15.117754205064639,15.653063714180401,15.706004315657818,15.958812096153926,15.651553007692552,15.22320435044607,2.7546179073442776,10.178002757568123,16.877831908579065,17.007207702776057,16.06397624147092
OSM_NODE_12809375237,5.771032103466897,4.975761089809113,4.7211094653123915,4.216278389450902,3.9962965295070547,5.857711173332791,5.915808084505064,4.8951919519071785,1.866329210405967,8.00051269399182,16.870795591298098,5.593864161313955,4.490579280704139,5.974651226413987,17.37227202184492,5.9686323618126575,13.970017285677256,4.0717183951390865,6.800962253757217,5.034143829896191,5.812449411568786,4.578169086585783,7.91029470728923,8.270915007332624,8.282648170650743,8.595757404818483,6.152802119891659,5.387381843634048,4.1417929240616775,1.6510159872017207,0.9355786357890171,7.784544328413603,5.05158469753658,4.761585854559866,0.9381933015383782,2.6318407921953093,3.7671157781227524,4.538166999650486,2.5981031808981627,2.8354770491224177,3.7062827728006003,0.6011873147903981,4.056729433936527,4.242534702317364,3.1125225582541325,5.884467353862143,9.862769124966112,2.419682308247231,2.312294406127133,9.51441932712258,9.732678316994896,10.36647529134503,4.044281271680219,9.010176529148065,4.006650155639338,0.9149078633660853,0.49905843960466856,2.476732090554958,2.9955454800264936,5.00769225685219,0.2601412801143128,0.812041526435479,1.0558078971412757,0.8962278337626777,1.0266189839091728,0.9328280069692471,2.311429237031937,0.6998407390534331,2.6988855038633983,4.479166782701403,4.184622246263,3.8162159637527453,3.883444822223934,4.252647829929552,5.066333292947427,1.0248304596872686,5.474234810189313,18.467404354505533,2.9262842012038077,0.9119569967923222,0.8576145356497282,0.22679653965856936,8.16593878952593,7.659961046385063,7.825855967372601,7.463717993875478,6.548713188727139,7.199896185581723,5.540147882826689,5.300980967962513,5.342211426974164,5.776080573088957,6.463898201684107,6.4318038792027314,5.954289316859517,5.750001218780706,7.562128639596565,7.246693978176018,7.199278877095657,8.929377556866879,8.891396818540558,8.528503095654836,8.208263229254824,8.48037195579631,7.935395682454109,7.5054021245222815,15.301345464288714,15.235204034749868,16.760303841250263,16.55094671253871,16.080700958966844,17.067385914832055,17.73150170063538,16.948850667302807,16.75622376247348,16.99750325368876,5.803153188514839,18.199860640359745,17.17618752474703,17.513843376494155,18.331013992486955,17.80151206664836,18.620451304193708,18.004881068356635,17.61636413395283,5.161245198912348,0.29969092423363675,4.772614580615908,4.805084793340235,3.905336626868316,3.157048662279263,3.3914840853253545,2.9806790609965756,6.8496065538861775,6.895207652578933,6.808043492933683,6.891145934409702,6.657242334638676,4.573920236956255,5.880240442351083,17.360429350253813,17.23783171338003,6.165134873004543,27.41988367881582,17.273516700541048,17.632416675937982,16.939198735206645,5.739942251545479,14.394823930949222,0.738778177505875,0.0,0.04802496495415179,6.023645564549661,17.98067645953055,17.867083736447587,7.5007929578404555,7.4083912298061945,6.980063459430992,6.308104018970437,6.480711252923184,7.740107047557164,6.270250362539239,7.967262733574016,8.136300037777671,8.092200443732644,6.515039515340128,6.593358189995597,8.13819027986365,5.97105921467567,1.7710734034986164,6.92007649082323,10.636673849162946,19.055262249262086,17.430919605009763,12.716425958866477,4.013926387378539,3.452210393500932,3.711604168976111,7.312862681441431,8.83485145882033,6.187872728933175,17.127311694369222,16.763924376624,17.59897022004025,17.38408051266408,16.949656104864907,17.27911782437252,5.899092541409859,0.1854289682443806,7.194934656947256,1.1743442315090669,4.240796498795616,6.1997599451244145,6.592053256333862,6.743465470652897,7.164423427806849,7.271122822695973,17.043238317322054,16.717506157077683,16.684006714328667,17.41865392946618,17.322993213978663,17.288885259197347,16.143567639040437,15.696646971777067,15.84742581632703,16.382172815640967,16.43576737896121,16.68855643196515,16.383547117698765,15.95532311316068,2.625030315285611,9.72145599984791,17.616257509969884,17.744578446172962,16.798967741427525
OSM_NODE_12811956600,5.8142881408806755,5.020718095496268,4.752785922715916,4.199165746849358,3.9557567695116123,5.852428475052869,5.91191832718301,4.94185122823202,1.8242594459110346,8.036563944234864,16.91295380334835,5.620393335205656,4.529871745100095,6.009864071024213,17.327644291010238,6.005477473670743,13.97989779208865,4.033007945822233,6.834825109251508,5.008754708380027,5.849448759385896,4.531080055616738,7.958223643906472,8.307333702558951,8.320058908937147,8.63210993699489,6.178917413802763,5.408469377897889,4.167049075205674,1.613877159765447,0.9120162107908598,7.822994602548435,5.090928936827619,4.794176334331088,0.9156783981321592,2.583856157682086,3.719642850263016,4.491065908513405,2.55396201906464,2.799502294234783,3.6815268976478324,0.6065305995026656,4.010903994532103,4.194607962561868,3.087142417269619,5.929930653293343,9.908809576084098,2.391554408923881,2.2833110858972394,9.561742865693105,9.779987843564578,10.413604913109612,4.000539131085431,8.96390608720833,4.036114229659997,0.8790900282386356,0.5180615264861593,2.431516036473929,3.012255764682046,4.9728819713049885,0.21323732078525276,0.7784658278541294,1.0387783140471192,0.8701781340118898,0.9886145382531288,0.898418377469484,2.2834993460403092,0.6965651733067063,2.656504849971546,4.509502132121766,4.213045140821744,3.839242510465857,3.9077415573048917,4.281823605657644,5.100531064926464,0.983948833133649,5.470030898970819,18.422678269457602,2.882429886512024,0.8907103028708365,0.8248451615278857,0.2066448472296972,8.189560522498292,7.686451949356398,7.8552340255862525,7.485520582073031,6.575296234652256,7.228264174613292,5.561574889199011,5.319571760277738,5.362274866347512,5.799774163161159,6.493200068870649,6.462010940718008,5.979255857313275,5.775506320268776,7.591800867314381,7.276676295874596,7.230747518744978,8.95936346676533,8.928132013062047,8.566736813221164,8.240979501934827,8.511755029812194,7.96741256224901,7.535079856471666,15.343004726889841,15.27791879653278,16.802626222611284,16.593217090124988,16.12396699427193,17.10906464702171,17.77305096329813,16.990314602850038,16.800377771960736,17.041419892015405,5.842529738787945,18.24350171042477,17.21583827019124,17.557824944401244,18.372014129762636,17.841572190755986,18.663323611382275,18.047255573305538,17.65932445022907,5.179197288883892,0.2550615406693337,4.789657892927663,4.824084710234592,3.85939340794513,3.1316613653274077,3.3439570353130232,2.9763489616338115,6.893756637030454,6.9391657761274494,6.852361779070435,6.935475163902561,6.642278570101685,4.5284728480891765,5.875852977934191,17.403017045705383,17.281176700290402,6.2049478755825,27.431259591641197,17.31722709035463,17.675202463812386,16.982608464819954,5.758236208619656,14.43274223682624,0.779412726352901,0.04802496495415179,0.0,6.01760909907478,18.02264372842475,17.908678803326204,7.526959837822315,7.43097857286286,7.010365229163126,6.336248074212843,6.507536419677139,7.769001562204725,6.29778949830288,7.993940296529478,8.159458822316132,8.116405315147135,6.544683759408032,6.6199219665091285,8.167445164949154,5.997654708892204,1.7335023648219567,6.964622310438003,10.674761978999694,19.09886012557632,17.469165471312273,12.757700569107747,4.013903860649188,3.4043965484331804,3.664662439862022,7.3587985942083245,8.88103593938999,6.167866289853138,17.168995379326972,16.805429584867458,17.64061945999434,17.424123011992453,16.98866424966018,17.3180864456309,5.927776685907749,0.16359118876183013,7.199818132424234,1.1369743307437932,4.273605892565136,6.225179489421881,6.6201437606568705,6.775187541001959,7.197709490360354,7.303876908108789,17.086192536231735,16.76039216271435,16.726783025620655,17.45734122834553,17.360671570851242,17.328266327273425,16.187657719502365,15.740707200984392,15.891175807325652,16.42601697004087,16.479504231547576,16.732297328606766,16.426872879005476,15.998622118902286,2.597488649036975,9.67643873010264,17.657242881003715,17.783131410711285,16.841575897735794
OSM_NODE_13432564251,10.38079384357128,9.450366749458741,4.569827451469129,9.932095254908372,8.511144138295121,0.1903048074198749,0.2886328683742722,7.332110956066678,6.9164078201689865,6.809654493233327,15.728317133051794,4.067145841363088,5.5853620480720885,5.489050788591562,15.372082772929339,5.759511300004655,8.516414086737111,4.367520199345289,5.679361932404254,2.554980262589716,5.713074408397879,7.805237952173964,10.256400318698393,7.065616688999001,7.2640547718413595,7.285201901538825,4.186487873598016,3.322557109680271,3.8214096736246135,4.9637738684490325,5.177039007642654,7.123792193827612,5.78916250279965,4.69700928215846,5.164407174032744,6.354599119491685,6.156233446159404,7.775271211485779,7.1709209637519615,4.323782881409196,3.0329826940771776,5.436001410424637,5.681349001769492,7.133951263430897,8.649374214631333,7.5410619849818525,10.710909458540646,4.075616767659582,4.1884050867184754,11.047413723529964,11.222203264854427,11.652389438349813,8.168042471709331,8.66926336781852,4.268315602935715,5.376224187309758,5.589013187878678,5.375353458827594,8.971760501626873,9.83580598353327,5.9455288263171076,5.408215610024204,5.008697952912079,5.238484573188055,5.357136268674732,5.33526882943275,4.14464921591885,5.324103051293726,4.979554216609248,4.372877263535746,4.148353709848108,3.6811472934113447,3.7769962623996807,4.229739051358359,4.993278895588098,5.446815758437842,0.5910787014759661,16.438182070765553,7.4033651965906,5.177181931012189,5.361228560742633,6.204168430511028,4.914875573735574,5.007623652195834,5.557756243120883,4.206612077324525,4.418275705853164,5.020358234944452,3.385977870860763,3.0114315418664104,3.1920160354709712,3.7321850935737184,4.783883470205157,4.9067903551946515,3.956814253048237,3.969806354012056,5.438207077547073,5.29878793609079,5.509279276611615,6.421979765589621,7.5756128014932,7.603943554290548,6.35983713953993,6.32533544733941,6.057909703711806,5.404338747695881,14.144584046283034,14.361270245990207,15.66846272775059,15.45943673148692,15.297226197675316,15.788764911608679,16.379478680440318,15.624029662826207,16.19480195336685,16.345892873217707,6.128499763921621,17.391943910080464,15.412283227831587,16.850185788589354,16.81024567195495,16.09155468294408,17.56710841979109,16.84998372942437,16.644605846572556,11.098962124753326,5.8919378022609274,10.727060910174178,10.729881516605861,7.694481417061953,3.4256332800449125,6.951438446761689,8.95243800762431,7.792676244315393,7.771732664757173,7.81069240314111,7.869576205679523,12.361679992981713,5.733284878161945,0.25010125750952417,16.301346081028534,16.39935441217057,11.116705605917568,21.90773211503963,16.54130508915335,16.61105666349281,16.138712392292515,11.666694595683651,19.154466416614994,5.741493603789904,6.023645564549661,6.01760909907478,0.0,16.72031922521179,16.51858596418241,4.861826537063288,4.285168837295915,5.199183554310701,4.54199930045326,4.423185898674599,5.426840166951923,4.4375292383573415,5.232130464814538,4.82852737850921,4.949069409231325,4.859782805089889,4.435901948205023,5.744297840802804,4.189441342112543,7.090822155791798,7.949828140367326,9.222239342845919,18.188586160342886,15.352899686150758,11.715903457442632,2.0993974164827427,6.244912708003146,5.92360968923305,8.667012994937133,9.929283765303769,1.8515064876830662,15.846118315942046,15.461534815546324,16.27993971813687,15.694961455160954,15.060494769655389,15.360962218516669,4.4616281426430975,6.164111742674083,13.216959725432364,5.249055305594507,4.651465501074127,4.105470608727271,4.661468212671519,5.298168835129999,5.788997512741466,5.763008268467496,16.105374776106377,15.78191084280966,15.720212248610608,15.432699136494115,15.136982834960554,15.458855209828213,15.603936433175909,15.180368911676593,15.224201988999383,15.749323673322737,15.766496595550427,16.00335435298369,15.595904352299948,15.190515781649951,3.904647820396795,8.729219717506245,16.132868821303518,15.711513503935432,15.781403683726007
OSM_WAY_131655352,15.41144190304439,15.251271056331337,13.633689972355477,21.395125121331866,21.972161024359377,16.635534532486083,16.459916285884912,13.323685963694105,19.846897774363978,10.30769451841685,1.1190468973727794,13.275444445270642,13.524473460053503,12.26425924424144,31.939638632012883,12.1726718415342,13.7665835229021,20.031685587024874,11.604801893774418,18.92587320532255,12.31481436406738,22.38239078854156,11.362461566459748,10.02109475714611,9.920021162060884,9.725698759628624,12.88466974907496,13.918980070425132,14.516585958452698,18.663545014332396,18.030176417199847,10.322008679901312,12.967777591465467,13.544418846537095,18.007333636796844,20.36442884769355,21.08522763862926,22.34218178735314,20.565774070705764,19.124054970854115,18.498868412450108,17.658257005620346,20.98350857289658,21.886739280424997,20.767050752094907,12.235092754318408,8.624715427285066,18.44036464802519,18.46348957657402,9.534190306444371,9.35401691673768,8.732814439040595,22.012955397844372,25.20149776036932,14.38833292456084,18.31547347465198,17.601719185933614,19.70540825992668,18.694669595100788,22.867894087296616,18.179746994798034,18.22734337992025,17.880270976375776,18.08117621642496,18.422325009251985,18.285558323936012,18.40279161381897,17.716074540570578,19.58389212952313,13.926785376162274,14.292136266711594,14.905505890737386,14.77875801418483,14.190782311939419,13.173553780784857,18.51338320454827,16.542656306625727,32.971797462293615,20.89634363518634,17.97980934349097,18.222690881570045,18.176614689513244,11.82181464734342,11.73641787299356,11.228018056109157,12.51373097853241,12.537281508391,11.838241357748917,13.784016971082767,14.20849737333064,14.044213404625541,13.401377063448864,12.321637060370223,12.260338979632463,13.147288260515051,13.248061806451755,11.39738227790235,11.613144126939684,11.487983230400328,10.298712715640471,9.411060186557215,9.616997080306888,10.489825046842254,10.440258201350437,10.805911072801658,11.441679694733718,2.6882223840438946,2.7990386292281038,1.2492959919055888,1.4474746605492441,2.1466368904873736,0.9382580248738144,0.401818819818258,1.0963192301396794,2.1739748041609492,1.8718028362656522,12.22332705649317,1.4133559916090705,1.8040982854780883,1.7404109897826472,0.8067018349792532,1.3816711621704072,0.9761527014459436,0.3202228586971581,0.8692906295251439,19.337051124074254,18.178554013241715,19.281463131933606,19.09732932139654,21.81226816932446,18.426179634557332,21.183106263157068,19.831817094990246,11.189008767697725,11.1331298544519,11.240500640705848,11.159491792367858,23.325241863063795,21.319712598592837,16.524191582071243,0.7851967979196214,1.3291260268393945,16.172145016834794,20.135566005149546,1.5871839271740045,0.7337918426222466,1.5494708344425487,19.525698423215214,18.12712929879854,17.243833103611266,17.98067645953055,18.02264372842475,16.72031922521179,0.0,0.30416579397746757,11.892366484974662,12.4381747436914,11.795608632234297,12.561667973464457,12.562729978998851,11.357220318145716,12.651628053021906,11.494245218537598,11.91174068221641,11.777451544942272,12.245912413031958,12.50582991043898,11.004747816626761,12.976358602078374,19.73227014766303,11.146749344682583,7.623207749724712,1.7564183301469056,2.571266460851295,5.282777264099165,16.43083766934741,20.918402360779453,20.91523639673091,10.938669728797962,9.591807492119733,18.571226165975695,0.8792303631113192,1.2630764082977197,0.4508587732137364,1.4905302302282408,2.2601813761809377,2.171764839535923,12.840942977870458,18.14609777861047,21.86692480555913,18.465772991764485,14.009394674477559,12.920506743293458,12.342729384701496,11.851103304353739,11.332627646245593,11.291868078373803,1.213759814761153,1.4482634360657094,1.437330757824761,2.3089724881957396,2.919083404385631,1.9229563997352037,2.5066664457904437,2.8206373130653115,2.548246135993601,2.1917882285653723,2.090578342299914,1.9220698452477993,1.915779364229451,2.2685733142638878,18.45401735893218,25.397469431191617,0.8099659805368272,2.3559497948363712,1.2790102694040686
OSM_WAY_132325101,15.390454893875273,15.21220331298748,13.488272264035738,21.317661315106,21.860958162645616,16.43615954632166,16.259932550476535,13.239009806067571,19.73279523440975,10.150128563080738,1.0795691510869903,13.109497030861787,13.401601489084928,12.119307998331719,31.716773646212385,12.034259788497945,13.476865020203405,19.867602005435796,11.447543624857135,18.741060077335728,12.177949443445447,22.250852891842296,11.34029500205118,9.863351840536723,9.768893512871909,9.56445612202918,12.710952549378563,13.745789021733467,14.364890293208258,18.527048260609515,17.902047030661247,10.181588075635242,12.843549056903093,13.400849712807469,17.87914325980799,20.234285983370107,20.941041842058265,22.210698681556924,20.44809326726769,18.971937091957688,18.330835673857813,17.536690116106218,20.83109651955671,21.74956407798118,20.673735972496377,12.14725449279735,8.587761982501736,18.29083021066946,18.31564904592849,9.522461471831626,9.346383445146644,8.733678955775,21.894544491329448,25.019951974337935,14.244750132697156,18.188688533255682,17.483026065050943,19.565438633178744,18.62716181615711,22.769203833347138,18.063513194048824,18.101730554645176,17.750298734814738,17.953732558573513,18.294418335997925,18.1583049397839,18.254737685200748,17.592314905039853,19.43819414566641,13.780575181873296,14.14508175271771,14.754408521114916,14.628542063020149,14.044419267618585,13.031926981516891,18.386279863133577,16.34881922845122,32.74649960470256,20.778816229347317,17.852009534159937,18.096323553505936,18.064788264204058,11.614255491989528,11.543475438747246,11.041738479198052,12.31275235960813,12.35961248726531,11.656983983960309,13.609327461841744,14.032915414669915,13.870104419708142,13.22749891134096,12.15227237985222,12.09402220226541,12.973612072942833,13.078070940844029,11.215609728261214,11.436442222871616,11.317133472095309,10.099185318306853,9.249670550406615,9.47019535876263,10.31216758965748,10.252990531192534,10.628455446464434,11.260660804173432,2.5660905804543024,2.7516321023090367,1.2309703876077234,1.406474032689812,2.1875375632919476,0.801988590659993,0.13978930043879711,0.9231717673006694,2.3427454516600217,2.0548325079978955,12.096990393532618,1.708186351718646,1.5024336115972212,1.9811826853152172,0.639054618550713,1.087064827537739,1.2696541479512773,0.6162284067056812,1.0950510924661563,19.302176464600777,18.061422304190167,19.24036696044491,19.057956245388187,21.687584591038192,18.26577643676097,21.053190554436974,19.753804939450358,11.094787153544559,11.03733739813425,11.147649120040382,11.067161149699656,23.267778028236503,21.162208404859857,16.324624332230176,0.9110463496986185,1.5119386466294031,16.16186232026688,19.85853886390639,1.7937855884921003,0.9525455532796978,1.6940241835198413,19.499355528235256,18.255880139934856,17.12947699139711,17.867083736447587,17.908678803326204,16.51858596418241,0.30416579397746757,0.0,11.700788729333858,12.239563322179633,11.623228844285897,12.390977599076281,12.386532069611208,11.17045329613043,12.479846343029513,11.297442867191101,11.703592015851996,11.57234876274302,12.07695050338636,12.327535588190173,10.813761107352006,12.805995897641456,19.622424694101152,11.056680724628121,7.456266785098521,2.053765064639106,2.268987944339073,5.154671170902562,16.259403903216626,20.778579790337258,20.769022891912805,10.867451648474617,9.542300582890862,18.36994908262847,0.7425662729966069,1.1050974236571214,0.271075316094367,1.1870409440094825,1.9594453695860623,1.8676017358092882,12.676440554957715,18.033798742085715,21.84350078811278,18.335712355163434,13.870374122447675,12.744639286013124,12.168417279505633,11.686289343860741,11.16936403492524,11.125251538107735,1.329252109834747,1.5094211010529441,1.4804059038549426,2.005980606557253,2.6160982869810305,1.618930378729413,2.6152460822235883,2.8932087068868406,2.6105410555125363,2.3056735110677726,2.2021085500941635,2.0603490570706713,1.988324002134015,2.3031251569952618,18.301483798861664,25.205952805275423,0.5080520480993724,2.060550169668847,1.3111697842184662
OSM_WAY_132484637,8.88840167411999,8.079555786495684,2.906650017163053,11.661035762361148,11.252055741076637,4.762420721736578,4.5910025073531795,5.181387174595358,9.182202280455206,2.1709077142127535,10.882545815525683,1.9076560345650062,3.7292396597000033,2.2459782721774673,20.216941285277674,2.5106461247965437,7.475452172505696,8.33083951007022,1.6303703037917812,7.04975553113774,2.61365866622495,11.18233036975824,6.946580791888189,2.368357510568456,2.6132288390547886,2.5175500271212976,1.34805070883094,2.2531289080081827,3.3618188977465504,7.511231147616255,7.1331605457565495,2.698086947865991,3.393053978008628,2.918314872017139,7.110632914978477,9.27040484265444,9.676667603118819,11.144467920825376,9.760543636403876,7.6261220516055745,6.768150507556942,6.979672030646685,9.436057669497945,10.58883776206518,10.61320175266548,4.645264036094782,6.4145526010425105,7.015145345338694,7.0714862983228395,7.071687126519762,7.19772979979243,7.467242853648133,11.115722064374674,13.33386022139439,3.523093203411204,7.430552960571067,7.013526646452571,8.424914169763346,9.612946384782909,12.421709686173283,7.600615698951919,7.381106867982445,6.946853477105515,7.198180128742627,7.499437486712263,7.390650457150559,7.009014608982866,6.968666793671365,8.19180244941897,3.0834034266756714,3.330544139550283,3.7087292012225803,3.6267730093986614,3.275568751227466,2.7723961681151765,7.6044560937214705,4.651248637877433,21.276140962354187,10.076013971049203,7.095963455348248,7.356570732321295,7.727395167718209,0.8226805142414969,0.17070050167718787,0.7090719861986743,0.7874347294258633,0.9546563263197768,0.5079128044555697,2.0958366570172564,2.47530303090293,2.349353399682898,1.7711228251695974,1.1761760380311803,1.289251323161168,1.559692338116564,1.7544317146022532,0.6801511220724108,0.7664465417353276,1.0604588790947451,1.6409782270024451,2.778572804796192,2.936286292301802,1.5345778547544,1.463776599297086,1.2635796596615496,0.6758037670698798,9.291820635745207,9.499462609430466,10.818432861435118,10.608448046712162,10.435403280269568,10.957016307594028,11.561186578700147,10.796725618689276,11.335847827345264,11.48452130231637,3.0440995600823415,12.53250131211769,10.660772440298372,11.988411770469074,12.022309203614569,11.335091713096046,12.722296834637119,12.01114153924379,11.790558481415896,11.304458667640953,7.573591892094989,11.033996338601542,10.943485900891586,10.779096425739006,6.8060195533452195,10.058996051780221,10.242379200948738,4.228115450896649,4.1665185952021195,4.282957094673578,4.2999067659402455,14.045084746031831,9.690240897393513,4.652552550506243,11.451689878623437,11.539141914338593,9.81400915098045,20.48583248898589,11.679553309618594,11.759993057675262,11.277392534134474,11.7711625959419,16.80755382118658,6.832212169566198,7.5007929578404555,7.526959837822315,4.861826537063288,11.892366484974662,11.700788729333858,0.0,0.6529610230401272,0.9302413158078078,1.2403851856528627,1.0261988670731776,0.581419665249154,1.2524588799161431,0.4770303343269044,0.8534302204036842,0.6991633223633472,1.1649232915651642,0.9099108151298579,0.8878241360444983,1.5312021963187536,9.192662230754525,4.386080038166674,4.361069802215812,13.33325090914322,10.685716015958864,6.855989165092384,4.6909910953154785,9.597532055287877,9.474316878737463,5.084477074076237,5.87937051204434,6.702636460749765,11.015051536550864,10.630345860948658,11.456504003071675,10.929898903354282,10.335542086776485,10.64740602717353,1.6561030375602184,7.686193397849276,13.874124090147165,7.484093374916126,3.4048469505344063,1.3075018229237407,0.9700810524856271,1.2805499532589297,1.4296027545619285,1.3079081564402077,11.247995749629474,10.923592401915911,10.862904582478874,10.738928474026704,10.502139260971816,10.723677016055413,10.747626971739779,10.327103738277351,10.365558588518638,10.889143407194304,10.905472986675251,11.141846271036409,10.734119467632937,10.328802748192121,6.9701514872764525,13.505450026025024,11.332773230766598,11.035072893666719,10.927024064804941
OSM_WAY_132487113,9.22754907734436,8.39029990266058,3.009639638518162,11.6062409708117,11.054380796614312,4.197381861323805,4.022082017975354,5.5353582199436415,9.021773644985613,2.8217476960760512,11.443148939747301,1.9144760376932042,3.9596121404212257,2.6331657643369972,19.61278863998637,2.9240089432828533,7.1546257819409815,7.928572306776837,2.1613845080534437,6.555621078544803,3.0027008181475927,10.894146974671658,7.494749211441665,3.0213185254314654,3.265680316958588,3.1668867559696956,1.3800816015008939,2.0339135325948474,3.2846222920495216,7.278348794926246,6.966318916634221,3.3336041753101346,3.699984140912777,3.0485564769123665,6.944384758860806,9.024252755680129,9.35301092046403,10.857091793906543,9.565641654507795,7.299123125873151,6.366678618278188,6.862497614751077,9.076534528428834,10.284047638422958,10.514490189881267,5.098015165036417,7.057216446412304,6.718522263972601,6.783600089597426,7.691503555346131,7.822263605313733,8.104930760834833,10.887853453158813,12.834690372142868,3.5238331382918067,7.259648289881548,6.9134249440472955,8.146829622226935,9.677699827760922,12.256430484096747,7.487208063665014,7.219490286796205,6.776368867665202,7.032876065795949,7.318921272236902,7.21847529507751,6.721648525737756,6.837680303860825,7.887971255492105,3.131974739590804,3.3190376449821843,3.5924108064252462,3.530933336704821,3.2833142026984103,2.9816171928460395,7.4247650156489815,4.117418087031406,20.66839675701752,9.874164684463512,6.932857757555458,7.191295008645727,7.634967772304277,0.7818525124769311,0.7574435145438063,1.3514718414319897,0.14781244380632597,1.09212179628983,1.0600326748830349,1.8769588264659742,2.1872631741801847,2.1002412927191485,1.640834598958943,1.4887744499726479,1.6366405879730095,1.5016490350695781,1.7193508937051818,1.3298487787928321,1.3621706589538283,1.6544763391670827,2.140498797571109,3.422518470958732,3.5892376469436,2.1779192401652874,2.065594947524451,1.9148802981536124,1.3204820381710904,9.86037143410374,10.088932534323384,11.383545862412682,11.174681737314723,11.025857928904108,11.505509980707041,12.100252254637807,11.341865375894818,11.936365706630232,12.078635659689507,3.461536688352721,13.11144565640258,11.162815250165504,12.57950350041146,12.543561410967335,11.840006930786322,13.28198647995353,12.56545788456448,12.36053549204415,11.449509014427477,7.455911250334448,11.16259178504821,11.083405923458098,10.528634381026317,6.448754479074761,9.79732430823176,10.22945706513086,4.771667917556253,4.714713474680316,4.822286952958335,4.8456751474123125,14.01705193144712,9.303817675776541,4.086100637032444,12.016355115236948,12.120189423379774,10.139818132633104,20.32092328443713,12.267408885814945,12.32624609603097,11.862379110510057,11.934361501820312,17.297873996028812,6.771176101783952,7.4083912298061945,7.43097857286286,4.285168837295915,12.4381747436914,12.239563322179633,0.6529610230401272,0.0,1.4526040848743174,1.4412064928380162,1.169353586581672,1.2279905557040318,1.4042488951178878,0.9476250106959638,0.7357593600041616,0.7470982705113859,1.5106304521419271,1.0567431531689309,1.4789947486391548,1.5747173510163324,9.0543397432337,4.932703464785027,4.961612814019169,13.90488434699993,11.151516719122775,7.457173602754904,4.3141361020581,9.296324025020533,9.144048075609371,5.645186987786718,6.500434897444612,6.134408103091892,11.563032494338959,11.178359130053463,11.999026759276564,11.438733368576184,10.825064607086915,11.132262384647655,1.8055345315426095,7.592833360180549,13.982476134170074,7.291037727569232,3.487766564257128,1.292733026936903,1.2471561424615971,1.766451569005146,2.0232339713334584,1.9173406665184338,11.823079334901445,11.500451153994556,11.437925120449759,11.215532359342317,10.955201838702981,11.218176705487748,11.352286083166245,10.935294856533822,10.967019393308771,11.487305150004795,11.501196811330779,11.735365203086854,11.322707701306827,10.921126347318141,6.6564711473350995,12.974249707548053,11.860535114334963,11.50499592884603,11.49754030162388
OSM_WAY_133219649,7.984091952123466,7.1896628926875,2.268557093078079,11.069966606817793,10.839978142718616,5.072951004713749,4.914957173471492,4.277965280160823,8.73305326624504,1.610848230753402,10.749849483857924,1.5164748939746553,2.9246384674371995,1.3524644516146491,20.55981896910673,1.59704305621094,8.391254118956779,8.255687226977193,0.711310792445684,7.16366403760788,1.7113560244707149,10.900054880704621,6.04509833024945,1.8723348276305165,2.0648754282231114,2.1162915833204314,1.0904151941509448,2.123469069563896,2.924601158883953,7.176948172460617,6.712112316898778,1.982150577956897,2.5322158458805135,2.2471297003995288,6.689074616312477,8.938368179066256,9.458715339040285,10.861176027299772,9.353274869019804,7.432555775933679,6.710459692456026,6.495789048754158,9.278109275958938,10.335315776306583,10.077920599078885,3.7153154412119798,5.698741788297358,6.781914531517081,6.824092464884285,6.269932574353882,6.408470558301443,6.723411661232751,10.745947785700663,13.41670772720064,2.9761982469841777,7.011363485505653,6.507745461123337,8.147150105348159,8.904773539977446,11.961593970952677,7.104946884147877,6.950104416207977,6.533100723343366,6.774270111937661,7.0923980916863645,6.973628584630353,6.761697621997643,6.502601645600723,7.955604836551217,2.5008987897179527,2.80920977611434,3.305259278160454,3.1998419294993905,2.7328691933272653,2.020452005707378,7.195118725626431,4.892758550981652,21.630299090104966,9.676165030548258,6.670395736781686,6.930720844147691,7.20443869816098,1.7377791853876627,0.9899575845871645,0.8646623192878327,1.6003893563987768,0.7823793260792647,0.4224571313916098,1.9907965724147174,2.417041923303472,2.249585984904147,1.6068420532400347,0.5467140370005074,0.5485741530676987,1.352619570941401,1.4585002370370794,0.5944444682397445,0.27334155958021156,0.3148497201978869,1.9503068835489767,2.421739515321788,2.4047605969837087,1.3292863542675353,1.5178426727499477,1.0182667878201355,0.5387162905138125,9.145147715270943,9.28559885774223,10.67312359607632,10.460931697884199,10.213111315578448,10.857353927746681,11.483495278771578,10.706813084687715,11.074465047923692,11.245090512448161,2.124357675573045,12.338579339608668,10.67712359299718,11.757289904837661,11.987066599094915,11.341413859388839,12.584469984176806,11.890949586530782,11.626640036998896,10.519103128663996,7.083583860047198,10.26300803601745,10.163231989210201,10.44331728468465,6.672527931002476,9.743918503445721,9.610939789244688,3.322243478682586,3.264006543737199,3.3742795193009325,3.3956643850272195,13.41730368816483,9.575970702484556,4.969030070240905,11.304735413597507,11.342450773172072,8.914479848453905,21.320036658759022,11.460374962186945,11.607125560364448,11.069234390737302,10.970303727999621,15.88199770162032,6.280905198661573,6.980063459430992,7.010365229163126,5.199183554310701,11.795608632234297,11.623228844285897,0.9302413158078078,1.4526040848743174,0.0,0.7712416737698335,0.7873241728091932,0.807292012391897,0.8568525642378916,1.2091926702253497,1.7782339921983106,1.6067458967571149,0.4801885741753268,0.7632893584056735,1.1764721392955464,1.1859276231399611,8.714899792008744,3.4825151002943273,4.174967959478429,13.15885368098594,10.780240634317199,6.622487156096985,4.636186082855845,9.345088040345225,9.26839523095983,4.192791135884112,5.083183026877863,6.98985601624175,10.91647954298272,10.533634283717815,11.370302071284774,10.929198400318993,10.38170722686515,10.701963435887599,1.1160761473640008,7.164780281580987,13.114431805897448,7.0943138838998445,2.764019852583754,1.1362180884066062,0.5539806444761775,0.3558031900151853,0.6167037862770249,0.5650062833495987,11.071045854447153,10.742681282382884,10.687920424410725,10.81063751191144,10.623459619065912,10.756658836638074,10.47349762972233,10.041424836903746,10.105048196489525,10.638094021572215,10.662929129887106,10.90588691186272,10.516616512213067,10.100714898473475,6.764065251393551,13.659699316057637,11.284699540375124,11.119210974253454,10.765315085283653
OSM_WAY_133229235,7.787600911797741,6.949145535640748,1.6667454945220332,10.44336287524239,10.123623296146942,4.404490459605768,4.25453136279201,4.101190270857338,8.029345792875878,2.3209448163700293,11.51245089647709,0.7553833852846539,2.5295473210436,1.254100193343464,19.86932874153442,1.5602691023775477,8.593378382770544,7.484824316191533,1.139435342135412,6.417591343600058,1.610838278936956,10.147593005884927,6.253707821097482,2.596112350826592,2.7628812837589116,2.8604833331685593,0.3558576153934071,1.3624292207394424,2.199267399570469,6.433174042260321,5.9947037920932,2.5819596310246142,2.2598921608889464,1.6784939074785468,5.971817550974316,8.195911537079056,8.69502985653499,10.10889828815685,8.634068874121844,6.665120122767249,5.94087537202604,5.804497798273358,8.508740315057914,9.57727982215058,9.416912942751017,3.7316092826823417,6.217471285131486,6.018339989908424,6.062523696357649,6.6827465934484565,6.837318734401672,7.204759237200804,10.01543878789067,12.658450617071543,2.3073215314749893,6.293747076047281,5.827236718886467,7.39195422698407,8.372571004608261,11.264896189948225,6.420299213693335,6.236869225361514,5.81270286835187,6.058038469958625,6.3705141941659225,6.255154498191828,6.000051857872408,5.8031672022671605,7.193430632059178,1.8534007093620313,2.1236800150489232,2.5703415269777055,2.4726107455636797,2.0596547029781935,1.5560753550066635,6.474201506472817,4.196852563968639,20.943873321656966,8.954640634256688,5.954616812284064,6.215476856798207,6.533983684237114,2.022407301026478,1.3821333283935882,1.5350888453448437,1.5684352875031748,0.3499011976155596,0.8927576458379688,1.238135728981693,1.6648244835044,1.4918045930065205,0.8540302276463227,0.24803458728872507,0.3671720284903437,0.6036084845718073,0.6876974328294235,1.2847518477656608,0.9944107662805471,1.0738507753017812,2.6471190600121846,3.170723168143373,3.1003610753057287,2.0997142023567528,2.2633987894066623,1.7869804519225985,1.229404313401786,9.906962994737253,10.036722734579149,11.434162239189982,11.221795907343392,10.961688103840826,11.623459488797735,12.251270870869467,11.473838645094467,11.813587867188332,11.989141320449544,2.084469510783931,13.091033397547225,11.448350055671376,12.502744614337772,12.75725979242523,12.1126386528628,13.345608644114519,12.654533020447971,12.3845087983267,10.075224735612721,6.396151326426818,9.800591731228904,9.712759990962015,9.702959487218942,5.901472015718311,8.997918994161234,9.012302528556416,3.5599994278131173,3.515649818599703,3.5996603345787266,3.637368578163232,12.817160776556532,8.804903733732843,4.304455070534305,12.065220781612329,12.095023370379963,8.698738030541694,21.70254734608278,12.208546610958496,12.366634511629945,11.819867055399376,10.547719164864855,15.938122984343327,5.625215650847038,6.308104018970437,6.336248074212843,4.54199930045326,12.561667973464457,12.390977599076281,1.2403851856528627,1.4412064928380162,0.7712416737698335,0.0,0.27498825142424094,1.4388248060792237,0.10464354650783922,1.6793408364606424,2.02757081325633,1.9149092019388936,0.3260147449178526,0.38454607334001967,1.8423280511895612,0.4152028392935391,8.02366824533611,3.724313137572517,4.939097015678724,13.914286932174843,11.548558691910085,7.373747599845848,3.8691782506445525,8.586321453656048,8.503187318251268,4.4569113713471875,5.5161162880511485,6.297948226737673,11.682665017428782,11.300129689751124,12.137428231370604,11.700380651527754,11.15238041438303,11.4723944471628,0.417547906773515,6.493442074688482,12.637491495209606,6.366558033217657,2.1657711722007917,0.44226051253263,0.28406286016568283,0.7612835254793408,1.2733380167904025,1.2820405446564265,11.827187453343848,11.49839054521453,11.444625733139915,11.580336187762528,11.389557031915626,11.527692198829383,11.210090740852666,10.775560019547322,10.845379147321598,11.380076232068639,11.406809044617537,11.650989491350698,11.265876910177573,10.848220399633055,5.997358045707082,12.914847470601687,12.054405688084914,11.888278647113419,11.524005630387583
OSM_WAY_133432933,8.061501088945118,7.221342738443223,1.894185462468703,10.635285521056,10.261355600923967,4.293337519435492,4.137673442043453,4.376121058772389,8.178805894844402,2.3935853021217777,11.522680164254899,0.8881269038704687,2.7940258832279175,1.5192936316688694,19.776514096982385,1.8233722983802776,8.323462472822571,7.513590932684596,1.3027099596136815,6.381876885464133,1.8799148429483086,10.244831628826477,6.5020432649408155,2.658527502550977,2.845009718063192,2.9030539214858306,0.3468788878359311,1.367048980033192,2.3484225119192277,6.545802667126927,6.135574860811038,2.715251936321438,2.533980404620612,1.9163787735599764,6.112858057278628,8.308355557448646,8.771232153584336,10.206445210539759,8.770344268477826,6.731661814649013,5.960887151812264,5.96573096536943,8.565537368354121,9.665251523249202,9.592511189210606,3.9989910966247177,6.391180099348637,6.097275695172144,6.146224713502361,6.889420681214035,7.0397878267373235,7.39193241160182,10.140038621056933,12.642254945642485,2.4969401129547517,6.43397229041043,5.995453903280677,7.486645959849923,8.599518237716673,11.417281661506749,6.584937675925375,6.380917665557989,5.951223743534067,6.199827549170787,6.506804491310736,6.394683906457647,6.083661673504075,5.958670572339158,7.274475564510372,2.0593466086090872,2.3051123250162373,2.706068094749177,2.617316948406159,2.2493830427609818,1.8175775919885861,6.611227619284564,4.106918508002627,20.84800837982327,9.088587544928599,6.096962794223872,6.357866009754318,6.707138449248348,1.7779520854617554,1.1805660321466787,1.4254044339925973,1.2946783766185344,0.07858617773160222,0.7684666081035118,1.2246698930529811,1.64647690082295,1.486731233601036,0.8484015407138845,0.4126098370899874,0.5685411753471322,0.5999581587453169,0.758369096022665,1.198815383587122,0.9502016403348473,1.1021162065336174,2.5280586040743818,3.207262506403341,3.184747347228831,2.074845354826185,2.1897159527276333,1.7585303754777108,1.147428834738809,9.91925468957884,10.068045183633176,11.447856439668335,11.235891161986931,10.996622426924473,11.624545025806157,12.246752922222925,11.472067082949923,11.860688194133887,12.03012377471631,2.3517330897081643,13.120016130903036,11.417181106063783,12.541852722055577,12.74127716101572,12.084702817869099,13.358839076956905,12.66225465565553,12.40435425734709,10.322012669715717,6.559010827309082,10.043756696265147,9.958414643081591,9.816895662823717,5.946840639949699,9.105183046936427,9.216765495454652,3.7987729136953705,3.7518013092167384,3.8406899557926275,3.875698473089912,13.019055968648274,8.847918575991516,4.190495506979937,12.079983912070547,12.123905257041935,8.971753289143912,21.45118545488572,12.243952330973562,12.383336557681972,11.851738629968589,10.798267859840045,16.20680183019667,5.808015743242014,6.480711252923184,6.507536419677139,4.423185898674599,12.562729978998851,12.386532069611208,1.0261988670731776,1.169353586581672,0.7873241728091932,0.27498825142424094,0.0,1.315169839630819,0.23961522357129605,1.4867221192003803,1.777124360711757,1.6766269034003636,0.47406066537091135,0.12041300882695051,1.719593451223367,0.5110301856344363,8.182060017316068,3.962894363330834,4.948235674978154,13.938326474652174,11.496108872433634,7.405306642914021,3.8802209052652956,8.673501065114252,8.575406934740627,4.6933242757120235,5.715896916677636,6.205257445753997,11.683499616788692,11.300089554019639,12.135196573923183,11.674086791097341,11.112836848050046,11.430785560353286,0.650863838059269,6.666139957614719,12.876387567376527,6.497256325545235,2.388561793382689,0.3583557881360469,0.23830235506739766,0.8934946389503742,1.3660538591786433,1.3440416426807487,11.850202926053129,11.522192494656904,11.466695034492314,11.534117913137154,11.329745150014375,11.492021962665945,11.260159819852042,10.82839561684553,10.89107746715051,11.423719991788555,11.448047718741346,11.690617750039246,11.299807632297316,10.884663924082133,6.0672073054255575,12.876482631426573,12.041484054502275,11.83885704319104,11.542409129650299
OSM_WAY_133683253,8.72798788447081,7.951770361709782,3.0513707170234934,11.85454936777182,11.561394408152957,5.322814948069133,5.15327972629671,5.03063088277849,9.468144626379457,1.6236281965315762,10.338215360247647,2.1839582405722617,3.730497693094559,2.136681796864046,20.7893298294643,2.3550094944217057,7.693250351893056,8.79334543939395,1.3668065874643662,7.570810775096655,2.482597844904101,11.560000904292583,6.556291665013602,1.8028640120796706,2.054579619538552,1.9389006074071513,1.6620473335342207,2.660048229366315,3.637642102335295,7.858570404903301,7.432796152611556,2.1929639701480625,3.325408877985116,3.0386018486606616,7.409937047728623,9.621384710215134,10.082824014894598,11.521615011771608,10.07140876786795,8.040091842711414,7.234234145368981,7.241661964275414,9.867687335435361,10.979677453980386,10.845575837190742,4.3893727962094635,5.88108189739556,7.410354864477322,7.460330458546593,6.579196099137796,6.697253297551517,6.9429474338085795,11.44850116869031,13.8519968889337,3.734124998391337,7.731754195763503,7.2618036679667535,8.801794621381198,9.71022004930997,12.703370716266063,7.856157100689811,7.675433503928903,7.250297728404894,7.496290442670871,7.807635404146681,7.693022064440037,7.3977633382039,7.241545536624282,8.587790430147773,3.2679920460226657,3.5564265688087464,4.005948555448226,3.9104624904185026,3.487594332023078,2.825587090567782,7.911527287356313,5.1979431463777885,21.84989629241338,10.39135338499267,7.392943156163678,7.6538329574026065,7.965533313840695,1.1276099855759516,0.479600342904448,0.1309519909755543,1.354861080675918,1.2645763593972517,0.5500422407842442,2.5090524575936404,2.9147720668101598,2.7703635307532486,2.1495913577163486,1.2782457165812493,1.3304358482335594,1.9100264119958026,2.072509366025843,0.236785613474796,0.5377804022633038,0.7463083430613318,1.2136981018332134,2.197287608922049,2.3707331594119796,0.9531587980122748,0.9175457172437604,0.6893720802187685,0.28212978846048314,8.743245463835787,8.938089085072555,10.271256916312023,10.060658986636188,9.873161400198308,10.420566822819607,11.030730248191658,10.262609918377374,10.767979073203424,10.919995230276683,2.8625898292676957,11.976293497312385,10.157053039789464,11.425422282631711,11.503843319611294,10.82871145077699,12.177803297023923,11.470361488835044,11.239964582796922,11.324044270830207,7.832657422436395,11.069387596741825,10.968802118758004,11.129616283654114,7.24332966087466,10.419449383080583,10.404602275828262,3.860938329184069,3.7935399395388956,3.9210083181919457,3.9289097815662406,14.211285626795485,10.139652371600704,5.213714525797942,10.904527980758997,10.981974881000966,9.663894352935529,20.532860063644694,11.118435377569762,11.211717268640012,10.71801413431365,11.7727827480386,16.470384221519648,7.050243876005827,7.740107047557164,7.769001562204725,5.426840166951923,11.357220318145716,11.17045329613043,0.581419665249154,1.2279905557040318,0.807292012391897,1.4388248060792237,1.315169839630819,0.0,1.4905614231266917,0.4994138326408954,1.1972543225583905,0.993306158162879,1.2326869508488707,1.2242589914055986,0.4052581688905742,1.8147495149265551,9.461197054453878,4.013040461007735,3.7969615578884532,12.781186139751265,10.208991839876644,6.289202404786653,5.151511993623081,9.987875425797377,9.885568480277485,4.686356216206223,5.387194921599353,7.262192413043332,10.478911245963365,10.09440310356915,10.923773662749143,10.42102205900716,9.8413693049179,10.156374807066262,1.8415000632945073,7.92529311103592,13.921316311572687,7.80186832071197,3.5504752596471447,1.6580624063264966,1.1580666522816132,1.1369853330872777,1.0642182754394323,0.9165282914578475,10.694475026923099,10.369115025231467,10.309561683273815,10.253976697258715,10.035393487128307,10.225424987061142,10.177781561995458,9.755617744328742,9.797403853711742,10.322589584454517,10.340211760020251,10.577721676904472,10.172842146808698,9.765548762167018,7.377378937518593,14.042258715452043,10.810205237173959,10.55483346714849,10.376419546895205
OSM_WAY_133919954,7.832805967875892,6.989196406973441,1.6584605395360095,10.415284026722295,10.071425083669958,4.3002461543886366,4.150099404770808,4.153285742513842,7.981629208298507,2.4204814837909776,11.604096617262442,0.6935416075554406,2.5563740996400823,1.3329593579325996,19.766392019422213,1.6403993756446884,8.558860806462512,7.399768299436414,1.2440735619822374,6.320518888812521,1.684335845261454,10.081239877632811,6.34113740404124,2.6945283632113686,2.8637320760114964,2.956212235764705,0.2519428513618193,1.2688737384096616,2.14937837813074,6.371486306080887,5.943278575957941,2.686348674688347,2.306916194883633,1.6781933562548181,5.920454658405778,8.134393768196038,8.622210170918036,10.042640329992137,8.581199126359342,6.5893471744396415,5.853682039541994,5.761454685903805,8.430591650098965,9.508009392693392,9.38074239518082,3.8055938233698394,6.321171179868498,5.9459478269797,5.991540820461543,6.782608992361228,6.937865341234315,7.307272461220827,9.958339521701914,12.564836714727637,2.2764662596924223,6.242120619061946,5.787299068334675,7.3245376148947985,8.36505861821907,11.218607224635331,6.378850037729739,6.186741626494874,5.760327210392823,6.006985378410134,6.317377875346378,6.203250246579611,5.929029724820833,5.757664632165123,7.1218464609081975,1.8312419739496901,2.0884425329642826,2.51547410118821,2.4212024688967317,2.0286201503529617,1.5792297142056178,6.421364166466649,4.093699690709068,20.8407269370731,8.900913531806651,5.903764874304991,6.1646875329908735,6.4964144220466284,2.015946908597394,1.4012363493585493,1.5919036987423159,1.5262959114080497,0.3181575127287186,0.9409796765456754,1.141232160867032,1.5681961215550775,1.3969249249497697,0.7565332077560019,0.34967498100883077,0.47166145585383423,0.5041436645452169,0.6043295999075718,1.3480967514617352,1.0677466269151172,1.164089405361871,2.7028014197619843,3.2656695267885816,3.201568625554871,2.1816160883572526,2.3329049153734727,1.867469899403065,1.2936662469664708,9.998905366194746,10.131906407758223,11.526432310529271,11.314128574359632,11.057477671282662,11.713386173474063,12.34011953870288,11.563199928023502,11.911190589243702,12.085876451247028,2.15961980660318,13.185959729306783,11.53140440809995,12.59921915770841,12.843755366341703,12.196468015214109,13.437865028317926,12.745760525259028,12.477894275849051,10.082913510909467,6.353913882828853,9.805210683384967,9.71946771564157,9.64208439266209,5.820076929198428,8.934733100967176,8.990926393959787,3.652092446335678,3.6086993218964643,3.6908748059014163,3.7295989770479214,12.794488785524411,8.723311554021958,4.200109978066761,12.157706831027044,12.189901815397045,8.740924691397595,21.690662971763697,12.304453483394026,12.459473928678335,11.915211942951567,10.558789769793659,16.00945579254321,5.59212796762976,6.270250362539239,6.29778949830288,4.4375292383573415,12.651628053021906,12.479846343029513,1.2524588799161431,1.4042488951178878,0.8568525642378916,0.10464354650783922,0.23961522357129605,1.4905614231266917,0.0,1.7035554265173702,2.016214450069388,1.912995491805202,0.42733792230128975,0.359400891130169,1.8955214698127383,0.3332838859662729,7.979684374762555,3.8164223192848485,5.0298815641095205,14.00842807714341,11.626411986996503,7.468789906050386,3.7795808223829255,8.516725396826521,8.429217622196795,4.549605855504527,5.617172364664332,6.194780589045334,11.77254559500838,11.389822774914919,12.226727221679086,11.784563536236263,11.23343540015248,11.552964355369987,0.4116695178447006,6.455655522840737,12.638730983664239,6.311307855596359,2.1545541367640313,0.33825068887058496,0.33461848167929925,0.8644025468131549,1.374011841426327,1.3787507142962392,11.921091204574536,11.592413473898741,11.538355076210884,11.659772461100372,11.465471757201502,11.609694893788046,11.30808126170163,10.873905745983894,10.94275229642798,11.477176630790353,11.50356207847103,11.747513937559713,11.361523275201211,10.944236500894432,5.922379702392646,12.817753725614073,12.141521217545483,11.966923558164657,11.6171098697831
OSM_WAY_134181976,9.186108086541097,8.397401209950749,3.3424914401899306,12.118831418040081,11.728051757824343,5.142461145661354,4.967831262172009,5.482301159446904,9.655985832680571,2.0754031792718868,10.49643472401264,2.373613202046192,4.110472204886417,2.5616565935123545,20.55705878608376,2.800527750494552,7.210308990232783,8.78869683420404,1.8399286344207653,7.47474882788377,2.919184910197303,11.657864732240652,7.055419402389107,2.225253636095408,2.486349242016812,2.31740575342087,1.8174101093453858,2.7288919410478236,3.8315642959373957,7.988259412453325,7.607971079171475,2.6713855329200378,3.7383557314911795,3.345817074084383,7.58540869116644,9.74737123294817,10.14888769373891,11.6200490582206,10.236541697814367,8.097458963270386,7.225482038427686,7.449806849644202,9.903138769442998,11.063082217135591,11.079189042675358,4.87235295729123,6.3295016598342695,7.489431772906867,7.546463433503357,7.055162230811088,7.168959970069513,7.398325131073632,11.592674665311272,13.757982538122674,3.9799273976885594,7.905557621916648,7.481425484776891,8.900751432894241,10.040953020298822,12.895371575863129,8.069938008501705,7.855459668572258,7.421964275696315,7.672862335030759,7.97501975740846,7.865749442480456,7.484013897033069,7.440378492692593,8.665749360948547,3.5321142731874517,3.7905032288188476,4.181851145781477,4.098037835804353,3.7320966757748884,3.1730078985159405,8.079968409133787,5.053076878005213,21.61136005290153,10.552295885355008,7.570517856231158,7.831203683128454,8.193726623864398,0.634934469984592,0.3095578922111898,0.5655487966939504,1.04008721419833,1.4187054447399126,0.8329452717833835,2.5712709651747376,2.9461049975505986,2.8234685900967795,2.2481017662397984,1.5780101120150767,1.6675543845371315,2.0348418516896305,2.2266085005211513,0.7223019847594733,0.9685719201369053,1.221790431700844,1.2037149202183326,2.5453661314572535,2.7869835132371175,1.3215781704958156,1.1374011602981433,1.1208863669052755,0.7545804357762544,8.912881400796214,9.142668970719551,10.43634437715252,10.227380365086983,10.079701676576036,10.560894156604808,11.1580366891109,10.397999880346758,10.992805118491429,11.133188159838092,3.320137198492869,12.163899590598751,10.234450277076583,11.633365187736478,11.60728208360735,10.910438450129059,12.335475409080907,11.619764780926378,11.41302707952418,11.701652731704256,8.043465602925266,11.438034242700075,11.343104400437523,11.256042373787821,7.272581054498356,10.535667860171445,10.691596930781312,4.359962477377277,4.292763052544105,4.419795039897107,4.4280952056346,14.496231705621266,10.152195562037077,5.031414137286686,11.069216050045567,11.172774968444365,10.118741611778015,20.115122940448288,11.3207294084364,11.378977131993334,10.915334693696254,12.160289565321317,16.968802561254275,7.29409390802518,7.967262733574016,7.993940296529478,5.232130464814538,11.494245218537598,11.297442867191101,0.4770303343269044,0.9476250106959638,1.2091926702253497,1.6793408364606424,1.4867221192003803,0.4994138326408954,1.7035554265173702,0.0,0.7113284094535761,0.5037192757348791,1.5517599316710897,1.3741221160440114,0.5597822137088531,1.9963033490257789,9.664304438342615,4.512302087474486,4.020408027587939,12.957325664528867,10.242513923581678,6.514763545251775,5.1522286859992645,10.071948727866767,9.94570858139937,5.185380772167963,5.864378298632351,7.0805942445257966,10.618533738995326,10.233819444201657,11.055873145997031,10.507357976963082,9.90276964966202,10.212473305620295,2.0968134641440086,8.152689575274751,14.283913770171393,7.960303726878497,3.842670143566912,1.781718612639198,1.3988934340820927,1.5614746801807293,1.557703814677922,1.4125375053953209,10.875455328376349,10.552854403019323,10.490301515079976,10.300276427260602,10.054024629200955,10.293445402059199,10.410408000766987,9.99514170570691,10.023921082488156,10.543022720457175,10.556209709339479,10.789804117103165,10.376196883815762,9.975364072255232,7.4428068497757724,13.91148043758023,10.921820979311352,10.593628053460924,10.549995068874363
OSM_WAY_134369914,9.740046897728908,8.927247467170126,3.6668919241380484,12.328779838175395,11.789874115423222,4.7594054336810965,4.580131884166386,6.0334125200771505,9.75702998790013,2.7849360457321986,10.940795106374097,2.600557018200944,4.550928941877382,3.098271325065771,20.064965239935777,3.3640657936986513,6.622475190468519,8.61618490277481,2.465130991899822,7.184358311447067,3.466535467881835,11.618935729967744,7.743145879703785,2.926223164887751,3.189685078001389,2.998563839792609,2.0462053227103025,2.7687878983225205,4.004308028627694,8.012408518472848,7.701586705393474,3.382248622287623,4.235865676903832,3.69303942615312,7.679624334770662,9.756511596799962,10.069719406638072,11.582064316504535,10.301278585772017,8.016575652483743,7.057520405959829,7.593638122836066,9.781528155642944,11.005278197204644,11.24438918791958,5.492235304812742,7.035042053399246,7.443918597035271,7.510655999481238,7.766475735638012,7.880165380684518,8.106045986233374,11.621583314019196,13.447477136248793,4.223432702489792,7.995104943841738,7.642263534523502,8.874783330457264,10.363355620575136,12.992028800391303,8.218149233613978,7.954566587366983,7.511748203581445,7.768089760518141,8.054612501012562,7.95396715424394,7.448850659337991,7.570357461791369,8.61084498712144,3.8129171424720836,4.0216633388969765,4.320216492808463,4.255086814650235,3.979653011992125,3.5822653008441177,8.160449027017647,4.719832614074172,21.11130351804705,10.609590267315657,7.667954334456097,7.926532490759077,8.362991169895967,0.09491826632531741,0.797671160281219,1.275588441519846,0.717971233211633,1.6990265353326182,1.3581710194293906,2.6114252456706852,2.921477351964468,2.8360006008266994,2.3615884398608773,2.005155986201869,2.129733167095219,2.2021034350174555,2.416546901057982,1.3995915413541957,1.58502287858469,1.8670637336465103,1.6624986931592696,3.2072971912242956,3.4833101846738646,2.0122653251510765,1.7701094065234033,1.8301295813917762,1.4203928140760151,9.374685708504765,9.64191683685636,10.88865426675892,10.682066554504445,10.578657644451237,10.98450402271914,11.564895732330793,10.81630143302307,11.509419057190039,11.637108847341937,3.897211305208759,12.637906082377123,10.583757615180534,12.130697059522063,11.984544527988346,11.263037125622457,12.775233536740323,12.0513963486315,11.872134199200636,12.099112741420905,8.187363580130341,11.820487421603898,11.735530976117493,11.259973192190738,7.15775510160519,10.527286438114233,10.941432188745646,5.036015261602574,4.971153884427576,5.093684886092844,5.105842134042139,14.73405787155844,9.997321368836712,4.647152239715724,11.51957770021804,11.652183752353967,10.664334457178485,19.675347696713164,11.81247729222785,11.831587747922736,11.402444335735996,12.574343166629747,17.634916830327246,7.492881906249309,8.136300037777671,8.159458822316132,4.82852737850921,11.91174068221641,11.703592015851996,0.8534302204036842,0.7357593600041616,1.7782339921983106,2.02757081325633,1.777124360711757,1.1972543225583905,2.016214450069388,0.7113284094535761,0.0,0.20807920316244918,2.0031227741447513,1.6569039202246623,1.2361197400072366,2.241061759383356,9.788265777583579,5.191004919023829,4.567963033415994,13.417117504136469,10.536746922962998,7.045537171347308,5.021193950316816,10.018917285366522,9.858948541081563,5.87466943597375,6.57561643606499,6.6783684795851945,11.041174426790676,10.65725609592499,11.46862269868275,10.866777058278801,10.233388702702376,10.535400172493963,2.4278577028274904,8.320983940369258,14.65104476549242,8.02678554778334,4.1563817858869445,1.973982636020791,1.7809555254226959,2.131457169166618,2.2239675552917717,2.086647285169291,11.344587597754035,11.025782177531584,10.96004223265168,10.610567296223971,10.32976628987856,10.63097667729548,10.936344031761658,10.529081790856516,10.544254860989138,11.055839425454762,11.064272258788414,11.293194740656213,10.871036908213267,10.4780826177034,7.378099042158301,13.552504965235693,11.310637681651727,10.893422728217558,11.011589613506048
OSM_WAY_134373812,9.583408428886857,8.77759843673084,3.5707878400190447,12.274768037823069,11.779111969734965,4.873715111094305,4.695544207025032,5.876185735645126,9.733865906505107,2.5768594060171437,10.798965764819773,2.5265808377577375,4.4240280551658815,2.9412809778423705,20.21587097171426,3.200284306555195,6.784983677616424,8.672341988437486,2.2825727673689946,7.273993329405052,3.307456140122877,11.637572063820269,7.5447930180849445,2.7190958527065434,2.9822447165187738,2.7949092452583115,1.9663679143933317,2.7498492377286996,3.9526851501446507,8.010572526044852,7.6791731378164085,3.1750410170765497,4.092211625947005,3.5905648988647036,7.657016043071193,9.760236395928857,10.099428100031455,11.60041051743124,10.289022594268577,8.04548216473672,7.11110406752382,7.55645654964619,9.823488827881315,11.029179863987258,11.203125613667702,5.3144546770484355,6.827408576977093,7.461972694890771,7.525930032971694,7.558817033383951,7.6722472018337085,7.8981349130571115,11.6203883371993,13.545666423577213,4.152087185461363,7.974129100210666,7.600157421376147,8.888244319343718,10.275564033360011,12.97147304332371,8.180199207658687,7.930762810959411,7.490283486408646,7.745262970645777,8.036595430806043,7.933346307825102,7.463878561512134,7.537201467737611,8.632591678895785,3.7296782361896668,3.953280754332474,4.279482643200878,4.208756743363171,3.906440315058414,3.461986071283192,8.142256446471746,4.8192096178485935,21.264509700475408,10.599659818054182,7.644394342750789,7.903810050665912,8.318993209071266,0.1356006153614853,0.6174289735431153,1.0686682777039873,0.7702299818283574,1.5999318542519165,1.191840600644804,2.5912490594153708,2.922536679526965,2.8255507700266547,2.317913147610722,1.871417455119119,1.987982148256798,2.1413919914096207,2.351523656801994,1.2007674908017247,1.4008820968557956,1.677562924597758,1.500140503992296,3.0075882938938454,3.2770171862798927,1.8063980610158672,1.5736549722728908,1.6220516921204957,1.2241793340855152,9.22769135548166,9.485034165517547,10.744664573838243,10.537381443523726,10.422094483040421,10.84831050541037,11.433422599005407,10.681502894400797,11.348360021564272,11.479448078054217,3.7305201866227113,12.4884470057967,10.467781662592289,11.974885952997289,11.861294599776661,11.146378275241137,12.635070299596581,11.913290108619915,11.726543143454554,11.989717690454546,8.150651042029091,11.715463934448167,11.627530856826949,11.26593866470657,7.195846819378892,10.5365284098191,10.875206272951468,4.841080824579517,4.775472511933176,4.899438780560127,4.910393323911428,14.672478872197964,10.049105821068606,4.761645587417638,11.376270307879901,11.501080983183567,10.510408226236818,19.79286840829117,11.658100254323374,11.687743261082279,11.249225374050782,12.4601378749065,17.444102744169392,7.439564583669554,8.092200443732644,8.116405315147135,4.949069409231325,11.777451544942272,11.57234876274302,0.6991633223633472,0.7470982705113859,1.6067458967571149,1.9149092019388936,1.6766269034003636,0.993306158162879,1.912995491805202,0.5037192757348791,0.20807920316244918,0.0,1.8630814740719415,1.5563824906671297,1.0309048708596424,2.1589613815894193,9.758410447237372,4.9952737483711145,4.395921886288754,13.271634167978393,10.436022230701498,6.879464153707521,5.06108355346704,10.040961297020779,9.89076698622581,5.675635007240632,6.368087826401547,6.8004204039759335,10.905260024971282,10.521015605730511,11.335516575981371,10.748110931776152,10.122443592303298,10.426700455947042,2.3235912093384776,8.277239171190871,14.55120566941628,8.012579770907104,4.064758258431465,1.9034184817321904,1.6562780240567838,1.961984865983215,2.030024168528077,1.8903901488534427,11.196178514516717,10.876279192100162,10.81137901271021,10.505402591728975,10.234118188282327,10.518269222637878,10.772709870169841,10.363258883479558,10.382018782972773,10.895699714947058,10.905396016965815,11.135607650722887,10.715637057614606,10.320495898559601,7.401713368900477,13.66470049264628,11.184031286738568,10.79128273944358,10.865129345836003
OSM_WAY_135746633,7.74537937626326,6.925562069450121,1.8188231084934354,10.621885792315995,10.363658655601865,4.724228042473415,4.572759295581217,4.0425564868280555,8.259450104459384,1.995107581264527,11.194224663924564,1.0419982590709707,2.5667953340551803,1.122979479277675,20.1934187318749,1.414052200073222,8.616449645969032,7.7941914917229616,0.8336383372176747,6.742359127253149,1.493083838865568,10.420073375096612,6.0502541601071345,2.270849551629615,2.4369077107085273,2.5377207735958596,0.6787804491818683,1.685204873580141,2.4453389943548056,6.696791521395942,6.2351753375526,2.2648260693328552,2.232755112169297,1.808892705015166,6.212163348270488,8.458283066013552,8.98145535800713,10.38118012046054,8.876274477561688,6.957965426767575,6.2538854890653734,6.024958668380378,8.805669636844204,9.856146364395402,9.617243533235555,3.591095899058733,5.922057214887126,6.3047955430878995,6.346115929284656,6.415508613157887,6.5657276073206114,6.919379226109023,10.267090352314767,12.979806025182288,2.5086151210771535,6.534430607518481,6.039966184471729,7.667535698559527,8.495325642079358,11.490152163186831,6.63615435702771,6.474048369396454,6.055578705880175,6.297573282563475,6.6146854516115345,6.496525661078551,6.28375543699384,6.029647219658177,7.47777146114067,2.0379851188508566,2.3370311532422714,2.8252999528891154,2.720500858118794,2.263577858766784,1.6212631166190066,6.717590844299878,4.520577223426098,21.267538793863384,9.198744192308101,6.193772091441344,6.454246688586455,6.739962240815008,1.9827700272235604,1.2789070728825314,1.311651631974798,1.6505672105522486,0.515855763495402,0.7214846015203288,1.563309094458671,1.9896933664318255,1.8155467797087483,1.179637196981537,0.07798822483134664,0.12780227708391576,0.9296227093666745,1.003010024511977,1.047119857131585,0.7344336673678856,0.7640150068336222,2.415512064252103,2.848829339087773,2.7744970622144036,1.8034976918426295,1.9969935478806609,1.4955011030948917,0.9904024374798148,9.588375813361203,9.714034801532915,11.115062424996673,10.902616493249834,10.638347277574427,11.307791486024579,11.93728202761694,11.159063916425813,11.488659511755891,11.664900527444656,1.9511662772457146,12.768577557160578,11.144627137193401,12.178730033585866,12.44719438185521,11.807410536954837,13.026478193898782,12.336874042213141,12.063904774400447,10.151871257615479,6.613991062263102,9.88666278224316,9.792614654561623,9.96337792779358,6.204945725949218,9.263734734093196,9.173458776490238,3.3390034794088206,3.289911722804685,3.3829407171352317,3.41546140359744,12.980097808367246,9.108128694905,4.623463046522015,11.74580791596232,11.772635114136687,8.665930958078905,21.648558976293806,11.885072475913315,12.046740488142374,11.496974264847713,10.613778836149406,15.796781294016037,5.820831698954143,6.515039515340128,6.544683759408032,4.859782805089889,12.245912413031958,12.07695050338636,1.1649232915651642,1.5106304521419271,0.4801885741753268,0.3260147449178526,0.47406066537091135,1.2326869508488707,0.42733792230128975,1.5517599316710897,2.0031227741447513,1.8630814740719415,0.0,0.5254030610849877,1.6246884032447757,0.7330823812002318,8.244590082553502,3.5027825504234005,4.622729309990087,13.592724106535798,11.255142241607668,7.051296044299993,4.186139863469237,8.866117548698519,8.791975201910759,4.230868765820126,5.2418603092644185,6.62161178918541,11.367066077193593,10.984839737267176,11.82272351565644,11.394527271371615,10.85254611971135,11.173485860369079,0.6359535723841151,6.700013309607034,12.732153902258235,6.615650400298491,2.3183026829068667,0.7543239100387418,0.2766260812460974,0.4385641978075262,0.9473248308434516,0.9590207614436945,11.505947171522834,11.177011755150831,11.12360917609143,11.283683896821858,11.100217731123568,11.225974024249236,10.884901810083578,10.450157658735948,10.520627761460112,11.05553472947468,11.082558176615276,11.326938030028938,10.942677288043981,10.524656212547344,6.2889184681931605,13.239555661184518,11.743308093458701,11.593199935070638,11.20378410354649
OSM_WAY_135766345,8.171414072868638,7.333678702040945,2.0144910603034707,10.75113323627329,10.36582579953685,4.309911153941355,4.151682888470169,4.482645190522299,8.28629898071104,2.3740276225122297,11.46950601788848,0.9995305848443334,2.910914716195515,1.6091959498223198,19.79765168413861,1.9105696970470991,8.209085740302529,7.585562393320345,1.3332989448297954,6.429977214923509,1.9732949403452817,10.338318832884482,6.573206827018359,2.633503719478296,2.8281528317693114,2.8687540563869462,0.44650873110247347,1.4411692447545597,2.4580832827409393,6.644285972733903,6.241378103693538,2.72269084536843,2.6436765633383383,2.036762079826971,6.218706810676925,8.406427774425117,8.858595090762888,10.300027114364987,8.87460049958072,6.816500497290769,6.030389474119512,6.0761514885993515,8.646744487919733,9.756066811902926,9.705470089354247,4.088814664400919,6.414931440914073,6.186186033779069,6.23655598569942,6.9319143469009985,7.079685547780408,7.422775843304323,10.241153899424534,12.696506639601882,2.6135471109994617,6.539556871423041,6.107305037172575,7.579844974922004,8.719553615069321,11.525185979789258,6.695969535310273,6.487421688656307,6.056506447737776,6.30583520723056,6.611419253376256,6.500109304046368,6.173988281918277,6.067861256676682,7.363658708607799,2.178162630873387,2.4206333431731606,2.8124093631492597,2.7257319095012824,2.3661567322084047,1.9352410607190973,6.716000977277996,4.133639385771431,20.867683989780428,9.192224296066197,6.20312517053987,6.463982744808607,6.819863355895846,1.657539171295096,1.0666493769817227,1.338621763630989,1.1850595700518252,0.04474811222586394,0.684817110608194,1.2940371649361433,1.7102698363432103,1.5564904389094174,0.9265289302937608,0.4762333250787555,0.6345832829679419,0.6860542294076846,0.8592756305168198,1.12289963016753,0.8952648368977374,1.074729188709698,2.434075310964021,3.169679036173906,3.1680426690012466,2.0160186735576042,2.112029433876131,1.700048940629458,1.0736878783300612,9.86718722748701,10.023615133443677,11.396063432764267,11.1842917118342,10.953495519072835,11.567784435056144,12.187747148608606,11.414226462040649,11.822487364644445,11.989333401483368,2.4424240832786164,13.074131721646124,11.34834783524598,12.500208643914108,12.677870444992113,12.016957713899973,13.306601537447042,12.607934006048074,12.354871564845189,10.442209534606492,6.669675573010877,10.16410962543629,10.078670823035951,9.915171975798625,6.025098385148469,9.201694263958052,9.334536601388919,3.863962507708917,3.8151832149680964,3.907468404756907,3.940508894436051,13.136383368148872,8.924462397559905,4.205843436864229,12.028519394007446,12.078114346814463,9.083094843643913,21.33127411868913,12.200818541981343,12.332600695533891,11.807210422636865,10.918180575909641,16.297204258688758,5.922636316303802,6.593358189995597,6.6199219665091285,4.435901948205023,12.50582991043898,12.327535588190173,0.9099108151298579,1.0567431531689309,0.7632893584056735,0.38454607334001967,0.12041300882695051,1.2242589914055986,0.359400891130169,1.3741221160440114,1.6569039202246623,1.5563824906671297,0.5254030610849877,0.0,1.6267179674510994,0.6223062386552506,8.291565744347404,4.027814632354207,4.897040864566442,13.89034210518077,11.419709231146287,7.3617485467909205,3.948168265356064,8.76423690417821,8.661563191836235,4.756218911973248,5.7547616852442,6.228907365804458,11.626633093878308,11.242943662803354,12.0770829661388,11.60699713747522,11.041031218385944,11.358199863243813,0.7709676716448471,6.7787810675746,12.996800422877754,6.6004840227523704,2.5086030786863165,0.4339643859774009,0.2554190344333913,0.9170473570629291,1.3628474677617755,1.3274478995066956,11.802074559859236,11.474432721813264,11.418245439169102,11.459889336822961,11.250835210040108,11.421551046378989,11.22331285167911,10.792802557309525,10.852452083852283,11.384138159178832,11.40745672905216,11.64931659365246,11.256214322941261,10.842180569692536,6.1533278514346925,12.921830851275674,11.979314948133492,11.763467843970044,11.492476354846408
OSM_WAY_136525017,8.985613249195591,8.228362582401857,3.4398696939972377,12.24349135718668,11.965705473752719,5.647495714604836,5.4752316516291035,5.304264228735876,9.871014538357507,1.572538802962852,9.99494916146894,2.589002170028615,4.077185835101961,2.4585293013686873,21.089081790702572,2.6518538433597247,7.507560739332742,9.182624436170252,1.6387469870032678,7.933119928888505,2.7887182273935247,11.96417934937598,6.654642663423248,1.693865955310869,1.9593496323227184,1.7648427275334684,2.066411848995826,3.0579623925235655,4.041554563991224,8.263764422020518,7.8369236332079115,2.2013797348306583,3.648940031962663,3.422244530738052,7.814048558655039,10.026562072795436,10.48414826439001,11.925825286892179,10.475886308461742,8.440041340382233,7.622055602500212,7.642701059235565,10.264826848602723,11.382784296675247,11.24173953010796,4.604765134188264,5.804601216670215,7.812635664849486,7.863268441362703,6.563896373057957,6.670484178258607,6.879039691412956,11.853667533822012,14.216706778456416,4.131578488036854,8.13593083061269,7.661243970577316,9.205855288980244,10.075937811939784,13.105507243934735,8.256278072167811,8.079194350552992,7.654659459273733,7.900318429557233,8.212166992579778,8.097269160671406,7.800700775514816,7.643678984460066,8.990157855273246,3.6626199917936737,3.9560367936097443,4.4107126720904235,4.314656697630098,3.8856215719244336,3.19422354141699,8.315994009873146,5.539068829794765,22.145841904398768,10.796020013647395,7.796917895567929,8.057785797734812,8.36336955125861,1.1487617987119811,0.7366777567653287,0.3133449419226679,1.5849731396264473,1.6676244514138516,0.9552869257809139,2.9055988883902795,3.306830628181974,3.1660411647675164,2.5502331746901987,1.6742983545416406,1.715707840162966,2.312770778081879,2.4773526170965967,0.5823137843456297,0.9033515766878973,1.0429813977677604,0.8085975949408688,1.9865062313872206,2.247761164102984,0.7764310885924817,0.5866023240454342,0.6343956565589398,0.6385753186225651,8.404950579788013,8.618221216881619,9.931220993839215,9.721353846415836,9.554664174459486,10.069289981136203,10.674135592526547,9.909182370854873,10.460404590457252,10.605549750910365,3.1379942023462926,11.64793177777402,9.78213056073277,11.108062692700976,11.138134532883464,10.455348246550514,11.834684871857547,11.123325805655512,10.904043385077518,11.66238823546293,8.233194075570577,11.413754693381113,11.309543348637021,11.534823853722942,7.638808552153387,10.824414601749668,10.787206081415652,3.9966230728469365,3.9248228678746178,4.060616704675733,4.060567618699586,14.593646347281652,10.532801709017722,5.537313729999678,10.564455135067611,10.655101658134765,9.925739797203398,20.237412572409433,10.79784041414999,10.872950343308746,10.394594485411865,12.103863431751876,16.6002118564704,7.4454835079068395,8.13819027986365,8.167445164949154,5.744297840802804,11.004747816626761,10.813761107352006,0.8878241360444983,1.4789947486391548,1.1764721392955464,1.8423280511895612,1.719593451223367,0.4052581688905742,1.8955214698127383,0.5597822137088531,1.2361197400072366,1.0309048708596424,1.6246884032447757,1.6267179674510994,0.0,2.2200053376280304,9.86240605587059,4.142081760983223,3.484663867525472,12.447086745795957,9.821722305571862,5.980557294876455,5.540249532176849,10.39095481235967,10.286176408698681,4.786821950272939,5.3771160942318215,7.587653279751859,10.127345320076058,9.742647332095666,10.56912967319507,10.049086936871985,9.461483270921994,9.775045829721963,2.2417803525969706,8.323277984318663,14.26839705250345,8.206782846704721,3.9373786924795677,2.0599499663585763,1.5625487844310308,1.478390839362204,1.2892008024039023,1.1359991928183943,10.362416658163708,10.038397781490739,9.977287422650313,9.869981641852544,9.644627657056505,9.847603547735307,9.874890087887119,9.457007309383576,9.490646718454231,10.012277416474515,10.027278428132675,10.262560924286584,9.85262763241087,9.448890041938323,7.778178839097146,14.392869423773107,10.447385480162833,10.168952767002049,10.040552841790703
OSM_WAY_372587908,7.73723228008529,6.877489516799198,1.4350842952925429,10.130864062118704,9.752428480173496,4.0455440624629135,3.90101715915032,4.089551707302157,7.668127111688416,2.723529250304861,11.926279069318806,0.37735264145972536,2.41905253734396,1.4108236605996096,19.488967329035955,1.7153987050826087,8.704153500475865,7.0698059955705395,1.500667358527955,6.012049550803289,1.7290596764153034,9.75060004963109,6.425179295633921,3.0014396798257725,3.1604195244081223,3.2707175470918823,0.19550609019270623,0.9531984669870507,1.8373929593497604,6.044068352782088,5.625814332647971,2.949935363513912,2.2386473137681664,1.4753571879777554,5.603068724845063,7.806944185011785,8.289224369429862,9.712052001744059,8.261635912354988,6.256064382320435,5.525686117845285,5.454819501337511,8.09748943056437,9.176045286342163,9.083164837083698,3.830441795962276,6.534240924539904,5.613089978050747,5.659064889577555,6.9501574991397215,7.11163995338214,7.502132499761781,9.63444851042185,12.246723693217222,1.9959058160304237,5.924345042091825,5.485173172444763,6.993448151224528,8.122316560459119,10.90645084421553,6.074227993795748,5.870724305257771,5.44183739523324,5.689932573119538,5.997905428069703,5.885169755046893,5.596543668249017,5.4476460929244634,6.789166418195606,1.5722440401241256,1.800639962603459,2.196316865629083,2.106488788081175,1.7492347040292766,1.4465686131817144,6.10219399978283,3.821838536778397,20.565423273755112,8.58040862878919,5.586976755103641,5.847897233981223,6.197559965040716,2.2515254462252603,1.6889497383216936,1.919409198651863,1.6789039926695546,0.5776539840106203,1.2647904026521568,0.8375893642995418,1.2613833719036758,1.0847083102219455,0.46140323659896043,0.6561389169452267,0.7415401604590276,0.24089631028144612,0.27257980151076394,1.679284061382628,1.401026873237463,1.4888838529466821,3.0283162903880454,3.5819116482791453,3.4960428337635956,2.5132381968159025,2.6656022540793507,2.1996371004338937,1.6252533902476398,10.320608712434462,10.446950085297537,11.84754359197505,11.635131090101783,11.370950370015624,12.0381674530054,12.666293952701754,11.888734466529625,12.219272031070117,12.396671111097335,2.202935191653197,13.501550942255315,11.862628024540458,12.9107593067063,13.17243676424692,12.527223590793096,13.75897968388603,13.068611747990234,12.796882755455053,9.875346537932058,6.0481698446472665,9.590125300878787,9.509612577676682,9.315031426735466,5.4878901494775105,8.606045119303614,8.719201414405086,3.769867173708538,3.7325615778715453,3.803202844063239,3.847901145246295,12.519373127542082,8.391240467798681,3.948216041975385,12.47842177952056,12.505627430260022,8.63435659104723,21.89465360632068,12.617578128538565,12.779528769468111,12.22980453944064,10.359650457205088,16.00906489102245,5.301033038292467,5.97105921467567,5.997654708892204,4.189441342112543,12.976358602078374,12.805995897641456,1.5312021963187536,1.5747173510163324,1.1859276231399611,0.4152028392935391,0.5110301856344363,1.8147495149265551,0.3332838859662729,1.9963033490257789,2.241061759383356,2.1589613815894193,0.7330823812002318,0.6223062386552506,2.2200053376280304,0.0,7.6710321553593745,3.9336487386951107,5.353539977778409,14.325806485344492,11.959494534873643,7.784291909120474,3.454625885810533,8.184657234081111,8.096051787624155,4.668135233289116,5.7974035844647736,5.921614892342176,12.097389732854767,11.714922390119794,12.552339252487277,12.115084480675954,11.565625447395655,11.88534046695265,0.324272050432539,6.156482797158481,12.414434341926551,5.989620235874417,1.9174933753136478,0.28910074251087,0.6657787569245303,1.1543802563873329,1.674363068506384,1.6920801442881404,12.23901606864358,11.910089221442165,11.856654555069928,11.99250953601855,11.79874507925775,11.941470291842966,11.614870698207424,11.179449011159555,11.251622002309324,11.786884766957828,11.814323224491593,12.058936060829813,11.675361484712598,11.257107217827574,5.589131052740955,12.508896264103493,12.469608389231599,12.299856545771972,11.936668079426859
OSM_WAY_375399296,6.740690394695641,6.086391801311801,6.468859183977999,2.8430212299995405,2.241472724017809,6.948953925814254,7.0424367760061,6.550249576993943,0.3176402520814469,9.768996266779064,18.62040934857485,7.2940892761982825,6.260172994800943,7.740608074513237,16.549247998977506,7.7388703208714045,15.365630332941839,3.971281957207029,8.560747134054404,5.505438159590593,7.5829116329340955,3.1012414896829203,9.424824526606402,10.040306569519993,10.053542961152315,10.364990511649639,7.846960474327664,7.0207695747401795,5.833668130161646,2.128992286118907,2.1064203131141777,9.555339906612438,6.820986381428756,6.515166833066429,2.126994944631941,1.5792343430304012,2.8588719934421247,3.0641227383471086,0.9997873020806447,3.048884257066162,4.289872682429161,2.219773106092344,3.379777263205213,2.9556017006957394,1.5631941045878783,7.579704325826997,11.529170802989075,3.041324079690659,2.9234668293141843,11.10671545547052,11.325586285432973,11.972353920773907,2.3624066670865504,8.084008616734744,5.739079481167906,1.8287208588575043,2.2132461404983306,2.1361139005593173,2.9685250426605703,3.2483804234557168,1.6133494883197785,1.848943597489883,2.298966050815756,2.038479791243627,1.800945505529641,1.8717333911395573,2.9604299845903377,2.223996002525115,2.551582860650451,6.217497648828507,5.907670030062528,5.484964439854313,5.566267069767812,5.982056346877187,6.828315282339155,1.6984837913376032,6.602932218712439,17.63112135530677,1.284608692550432,2.133696035582183,1.882986138357729,1.5622812986112213,9.824183906295435,9.355335325202219,9.5515437960426,9.098351146425443,8.2472311175669,8.91636655118497,7.177395161663211,6.89867911041666,6.961374151301349,7.442289529992645,8.190393198655281,8.16637659857304,7.635585850302681,7.438278923891429,9.29081995771901,8.978490616677643,8.943408049399254,10.659877087538492,10.66142076151578,10.299465925706848,9.960812705637467,10.223110575350974,9.683204500311373,9.234197810086693,17.056345319737282,16.978150533609845,18.508010268430933,18.299303230441613,17.81523344931006,18.822006900434282,19.487280044167726,18.70546965342714,18.473752415174967,18.719948276581235,7.572390328336518,19.927358188624034,18.944009650144608,19.234816419731764,20.091316643468218,19.567564337136254,20.360579566564066,19.75178288091091,19.355358690395043,4.963160158321577,1.6319314964595137,4.563403081100613,4.671304622066788,2.3435496472392794,3.771639878285596,2.0539015605462847,2.1749608001304646,8.573947954031844,8.62305444903676,8.529135190171818,8.61188545900535,5.2741434332352926,3.896912809701353,6.994646987988719,19.104701105467832,18.970791499627467,6.916145993998567,28.830559675737625,18.999929272294168,19.37394187993598,18.671122567261598,5.524831248102178,14.92387912373333,2.5079829081950096,1.7710734034986164,1.7335023648219567,7.090822155791798,19.73227014766303,19.622424694101152,9.192662230754525,9.0543397432337,8.714899792008744,8.02366824533611,8.182060017316068,9.461197054453878,7.979684374762555,9.664304438342615,9.788265777583579,9.758410447237372,8.244590082553502,8.291565744347404,9.86240605587059,7.6710321553593745,0.0,8.636195951408,12.4077032343786,20.783380725629623,19.20184504247446,14.475105127002857,5.285553920271293,2.4832061063230007,2.9135826315971487,8.98852702113168,10.497131852156862,6.814571210703232,18.881879002933953,18.520191053099197,19.353822812355467,19.150229997128864,18.719428067183173,19.048976167347142,7.620643750973801,1.595839643057554,6.422642281780601,1.8772610978198563,5.9961093738998805,7.885730982783499,8.30660179796363,8.489782630896467,8.920886912460562,9.02426683882034,18.78242759076395,18.45775761540524,18.425826933189438,19.189054283649025,19.094040021385727,19.057637475395865,17.862671740922874,17.41653283413391,17.57347504603015,18.106240610904273,18.161897868163894,18.414540687279473,18.117022108764857,17.68934454961177,3.2329250345335363,8.921184908400988,19.376712935876178,19.515178714265858,18.54305777120341
OSM_WAY_379522469,5.2548557982485375,4.694625230402576,3.452926293138239,10.276599314729017,10.876121266972007,7.7831692553566,7.66519854423966,2.191345216941363,8.777062421751376,2.735780478101493,10.029083815440746,3.9362630788955735,2.7492945327525797,2.5252357576982574,22.882358421546293,2.2271409590597013,11.640820715214248,9.707791778462067,2.7717302005319286,9.24579505100102,2.2478624090724297,11.44982178960144,2.562606179866616,2.813383839811165,2.6111797226640836,3.035780556393252,4.0229664371339675,4.652464322002035,4.357058125601709,7.858097025560607,7.1211774577484235,2.09021573669193,2.3062583127775653,3.325441015481799,7.0996388631527285,9.439767983712684,10.34063941585179,11.409413803409736,9.517906700059838,8.580871631523046,8.363061659543112,6.67710593031308,10.381616888121643,11.027727640352824,9.620615867183242,1.0931894750194957,3.0456961268291836,7.87478734731591,7.8631752097613195,3.1142851701207026,3.301338263603794,3.804110703248916,10.96243683205728,15.099287746304661,4.014543992707841,7.38357561011575,6.591057864128252,8.926690372174889,7.639980913303444,11.726923871656346,7.139105724947133,7.2828483001039155,6.999701606465985,7.162209367278299,7.50234325863957,7.360049396689862,7.809311454465666,6.759017438734412,8.903031868473791,3.7088823667246893,4.0325753265525375,4.667211855952707,4.533731958811903,3.9283437148340687,2.983329514702714,7.581707588885024,7.485056375293553,23.974801420782583,9.84529435094142,7.067609963587778,7.287424675753568,7.101280598456732,5.1308619955025945,4.399494810468868,3.964689349178301,5.080178532688034,4.01516773903394,3.893077165982154,4.619228498874922,4.951414054889953,4.776473271385881,4.335758689853904,3.5535789692914106,3.3956436806346058,4.1716869329834,4.081049831434719,3.795183882463254,3.620637210579482,3.329680956803518,4.474742580711802,3.167135614950426,2.603999751555919,3.5273190704195816,3.93811634349463,3.521424339778811,3.771238802381246,8.499243753944157,8.367596349602593,9.909525144528272,9.70375548590348,9.18648988032651,10.254770344842287,10.924635986132982,10.151263448730422,9.838633899954791,10.083755125176756,1.8218577110128182,11.292041780708622,10.52196183168231,10.598764219878609,11.55932752130929,11.106291794464287,11.738941151560002,11.148106647193774,10.732429983744678,8.655458204956867,7.145849020971336,8.508500661458294,8.353836779371154,10.815179151929474,8.101950357963293,10.245478571737545,8.712994335512434,0.16432989906272016,0.21985967786398722,0.1413101090395731,0.08736283454396107,12.3241070696797,10.804887928518502,7.7001733536891495,10.494111148968086,10.339563586024612,6.193679039554487,24.05085744566369,10.36432026316192,10.75612775920384,10.038999780380658,8.979039812686127,12.46115729096939,6.196948023915831,6.92007649082323,6.964622310438003,7.949828140367326,11.146749344682583,11.056680724628121,4.386080038166674,4.932703464785027,3.4825151002943273,3.724313137572517,3.962894363330834,4.013040461007735,3.8164223192848485,4.512302087474486,5.191004919023829,4.9952737483711145,3.5027825504234005,4.027814632354207,4.142081760983223,3.9336487386951107,8.636195951408,0.0,4.384805984518892,12.14822211461648,10.907217208641143,5.971766938411035,6.5958756560384915,10.11146982729681,10.20708748321267,0.7345471312339347,2.0856402837195893,9.506153284209676,10.314116700339488,9.964408239259237,10.786097173473815,10.693753582382012,10.357615391879714,10.686757968088704,3.615166681454562,7.07437981288046,11.301405074334685,7.572814920059888,3.5683011944670495,4.134491600001647,3.7778122426843668,3.1705987330605483,2.967419755846243,3.1049002490773847,10.160385287506864,9.838203680980344,9.809860511299865,10.851585488509986,10.859043320789667,10.657897364165978,9.226960627124773,8.78060022117896,8.937910947007227,9.470150332104387,9.526287905532797,9.778855893318399,9.486777425532384,9.060023125840766,7.949975588022734,15.550722338912653,10.849360517545689,11.186437547852842,9.932839794505586
OSM_WAY_457319394,9.569815259545054,9.069797553147888,6.079231823165502,14.409157547116093,14.620223340648412,9.119709963988571,8.949804332625199,6.469168507000033,12.482896447720568,2.708435311475714,6.575057678140173,5.653327959587379,6.152513448813398,4.722041536320046,24.57371559825769,4.680359551571627,9.095130061112792,12.411337923180719,4.002212435567463,11.326917411370077,4.833285177555166,14.879026242531895,6.0125586776389,2.4226169571493474,2.364129218395612,2.114108856843912,5.265136166826918,6.2982147167196505,6.92879393141678,11.140568000675227,10.5646613608347,2.8542223921614522,5.593926190403303,6.0013970559757635,10.54149860196928,12.875268096250865,13.518636534309426,14.839237910912493,13.167066693182665,11.52935824736931,10.875864065123576,10.246406525225158,13.386836611491095,14.352594380304728,13.601489689096855,5.404898653934935,3.818488157508192,10.855205924365162,10.88486208513576,4.957668251204062,4.950500525438316,4.820585581383731,14.601402346771405,17.5901924128622,6.840597897847906,10.85826972917974,10.214942694455532,12.160817195211315,11.893548487132568,15.627216171089607,10.809748690905833,10.77941937070498,10.402367562612755,10.62039758106983,10.956372688412596,10.825066421205726,10.823386690849194,10.285868881332991,12.012673459386274,6.366539756703128,6.726020291004989,7.319350618364492,7.196519447433433,6.628618466938909,5.645738503241193,11.052789537904296,8.990234108420475,25.629987608097256,13.497114999935748,10.516974809204346,10.769107860097131,10.847371845477493,4.473148896559737,4.219315463910384,3.6660222925248642,5.060423029769641,4.926603130524842,4.242787836104598,6.165351044012243,6.591008825679671,6.42454201410429,5.781742624136896,4.698524189242587,4.637911790252006,5.527523779501818,5.625062947710539,3.806973651447996,4.001872394520846,3.8658362005346008,2.908872024319481,1.8000442814409354,2.108638952087348,2.886485855801238,2.8995949247353296,3.2000392051821223,3.847366690430128,4.971048902642764,5.141404100728183,6.499623502781681,6.28768264917236,6.076217799335359,6.685122849888748,7.316699444633783,6.53720790239515,6.975824361676025,7.123653809377456,4.846096409087681,8.183781683519417,6.583214860011485,7.6285018223249725,7.840392309057507,7.231781075115544,8.410630214992944,7.715999801414674,7.458158614363438,13.032916797011211,10.800594489050772,12.874290585102177,12.725061486109652,14.355083430733622,10.8110435419484,13.692876911876509,12.863088959604147,4.346107157747901,4.268133908894741,4.416663914300178,4.35426793807582,16.577235833723574,13.709790790862794,9.010496222925356,7.131817142220573,7.188522568769634,10.489736662262462,20.24914948994345,7.3217212544446655,7.435584597914484,6.922348217694279,13.363449557995766,15.613169255406147,9.900251771482504,10.636673849162946,10.674761978999694,9.222239342845919,7.623207749724712,7.456266785098521,4.361069802215812,4.961612814019169,4.174967959478429,4.939097015678724,4.948235674978154,3.7969615578884532,5.0298815641095205,4.020408027587939,4.567963033415994,4.395921886288754,4.622729309990087,4.897040864566442,3.484663867525472,5.353539977778409,12.4077032343786,4.384805984518892,0.0,8.995153503168671,6.794729190598478,2.4958947598679426,8.808164515509507,13.372334546381817,13.34039369163288,4.580673325228502,4.062265437264981,11.059151253970699,6.74442572873441,6.362413052016724,7.200906097888483,6.815475625139662,6.3282091748139555,6.655966536781573,5.220237991013886,10.812662723197793,15.681803412304204,10.98445606957171,6.492698865100523,5.3047898711331545,4.724628162138398,4.230076380580188,3.713982654060099,3.6691924683144856,6.906972886843106,6.580061962889107,6.5227142167044905,6.788187292736168,6.688781351974999,6.681575470842522,6.390675483010203,5.974747408836355,6.0059871302400785,6.528272306276289,6.544418522185657,6.781148511521584,6.376115558578926,5.968653762264697,10.85845758798158,17.816362870897898,7.132328223029321,7.111573872464827,6.5955513550391975
OSM_WAY_457321838,16.032434368676522,15.968030283924291,14.872260467990465,22.281750927864557,23.02395187468522,18.094426207406464,17.921624116870973,14.281936432892127,20.918135084139106,11.617884757123152,2.491754938976565,14.60491981394087,14.661790311768984,13.507848066248577,33.47892882300976,13.387951611558211,15.518457510552476,21.333515485825973,12.905426258786546,20.319911506192522,13.52236674729123,23.530402743786365,12.024694699123199,11.334102225206642,11.206007451741002,11.055468475310514,14.248585930635134,15.276689962354816,15.779121894740944,19.843542695292903,19.17316990656497,11.558973804645817,14.114476231014933,14.775203680500436,19.15068324273369,21.5103872430393,22.294855211008855,23.49001751167731,21.652194790632997,20.374261983585715,19.821358002577725,18.771697711341712,22.230988625813765,23.062197546015906,21.734544639715757,13.216603523362176,9.402014855684428,19.680594915487223,19.69598443693894,10.16740090043583,9.968932130218166,9.31479067497562,23.099369791244552,26.57252988415644,15.615343390678674,19.451299259813922,18.701803008463227,20.898726342856857,19.54004902633197,23.856479323681683,19.266232193941267,19.357948014434424,19.032322900483432,19.220807252028564,19.563076883156732,19.42366837365834,19.63641428247149,18.8396259009771,20.80382136276629,15.16752932539641,15.535036323407938,16.16387704566288,16.03371110603312,15.431043127981537,14.397540604262,19.650102014511944,17.97912450545374,34.52032074265432,21.981188509760944,19.121421825774245,19.35684605596846,19.242107241877353,13.325239604494262,13.183342652735384,12.650629653048254,13.989474608447885,13.919078622618951,13.237791212693145,15.148531963136213,15.57527932147096,15.405352663339064,14.763909133124567,13.669784263020965,13.59594760975411,14.509967004693026,14.594816764399626,12.801059260234492,12.995114902906842,12.846434670780745,11.777480348886275,10.743895373518374,10.88719171504534,11.88160898597453,11.870696189562295,12.195107867478999,12.842091015703001,4.044875539792056,3.886963184433302,2.5306138822427613,2.735446793353189,2.988236322414219,2.5360419995987873,2.157697950942615,2.7257335684546797,2.354611297464135,2.077972106345284,13.384206721127077,0.856318593362072,3.5548742899769956,1.5818002607334238,2.2687647449599857,3.0594357454406444,0.7862782608591306,1.493519475998249,1.5450910259794752,20.01128434144804,19.269306430579558,19.988573580488602,19.796165492901434,22.929065746963953,19.71517473179083,22.32606108761295,20.72605144589719,12.209680326709453,12.161685681006542,12.254254338427303,12.171528298944192,24.10438800056497,22.58960333584011,17.984084361118743,1.9049632279991746,1.831410538965047,16.731226204772813,21.557881407927336,1.7846124532773826,1.59067213689197,2.122688314179627,20.154004173786316,17.861640598697864,18.32465513969057,19.055262249262086,19.09886012557632,18.188586160342886,1.7564183301469056,2.053765064639106,13.33325090914322,13.90488434699993,13.15885368098594,13.914286932174843,13.938326474652174,12.781186139751265,14.00842807714341,12.957325664528867,13.417117504136469,13.271634167978393,13.592724106535798,13.89034210518077,12.447086745795957,14.325806485344492,20.783380725629623,12.14822211461648,8.995153503168671,0.0,4.26950909464267,6.54331720401551,17.773197791784106,22.108226237709918,22.13454459002377,11.851924651684621,10.415483246812657,20.034431061263504,2.488693560664162,2.8472302559596803,2.1793284115549003,3.235284600402613,4.012616403986877,3.9017266602146985,14.166151117567201,19.213951336950988,22.471097909863325,19.616455138105984,15.217645298902534,14.293253075676226,13.71144726897329,13.182422257430563,12.660242005913638,12.63375956240164,2.0882819025510435,2.416181537542214,2.4724601476660215,4.017074642837837,4.621883550061081,3.6606902419726883,2.94469016155223,3.3830731565537095,3.210496591075058,2.6819448841412497,2.6223213218345,2.3700817747266454,2.6822215830362834,3.1105629747474377,19.707748873122732,26.8113732198605,2.561457148309025,4.0089454737664445,2.407377805469411
OSM_WAY_457323810,15.68968043300925,15.380013148972987,12.843365094141241,21.139157849938062,21.41470621277017,15.292139974672645,15.112014659316419,13.08808081878899,19.277468912979128,9.470074324644724,2.6336613841896432,12.29633191630683,12.943982065318648,11.501709898677387,30.30413035280525,11.472975179458388,11.455277267806919,19.002276446840057,10.739082605446338,17.70687212356605,11.626745213272635,21.639259484274138,11.695747728104484,9.189798252566714,9.155003118911319,8.869419090169414,11.836822837468622,12.860767306409466,13.654884196942024,17.900038019017863,17.34844823074335,9.646633324584716,12.384183603779269,12.77273059937478,17.325250133453434,19.646385409049838,20.234051358947582,21.599772730966297,19.959124328988736,18.212762232540314,17.443044128583644,17.039472330487403,20.056983148440615,21.09505635772921,20.376179070398127,11.99149540927796,8.914085136128648,17.558355175918376,17.59701069318302,9.998515514262914,9.856605072244829,9.322777739931709,21.390612916279586,23.98168097252246,13.60421081773624,17.643520974425783,17.009454213076868,18.90213544706982,18.54502935019915,22.416627961049745,17.604461038497078,17.566796151768735,17.18306500289254,17.405245800752866,17.739267448349537,17.609599601224655,17.534824321433327,17.07687984695671,18.72873550479595,13.124676383817244,13.476950641145914,14.044407437942107,13.92752416308345,13.383468358828742,12.425915992934643,17.836874570116876,15.254547000668861,31.31061882463214,20.288874571230156,17.30152456445607,17.555327096735226,17.64098796019556,10.454421421862202,10.518975706745799,10.087340714486931,11.201972629274895,11.456736512701196,10.735089255953094,12.713195782286983,13.123301689643592,12.975432839512042,12.343934586404766,11.325593980696263,11.29483243478265,12.095668556160964,12.230498320928326,10.297911392416063,10.55919094174049,10.493757530395396,9.045204510091596,8.563335165131381,8.902430346148137,9.451750375183435,9.307696684973513,9.762140011788398,10.348742315016812,2.992600455734684,3.595370437144628,2.7698911868814244,2.774959741546461,3.6170360274705384,2.265336873585043,2.2052349377243803,2.129957581971393,4.239776612980992,4.027336426062323,11.634197484530251,3.97161876689472,0.9031362474750667,4.123695902388876,2.0321967940407135,1.2100741028352973,3.488722500256627,2.884671383002824,3.2660389694754337,19.461183460484865,17.595185599166427,19.353358082953765,19.185285831110868,21.134546011125106,17.44281098063895,20.461794803474103,19.581884182528274,10.911783878774166,10.843320835235065,10.974178629067358,10.899694957093095,23.2310618980777,20.34387744594682,15.17985069415062,2.941593222768872,3.545877358342506,16.53050821180339,17.711320027334754,3.8586562753748757,3.127782768658212,3.597158185278553,19.72023878596777,19.56179501952475,16.694091157622832,17.430919605009763,17.469165471312273,15.352899686150758,2.571266460851295,2.268987944339073,10.685716015958864,11.151516719122775,10.780240634317199,11.548558691910085,11.496108872433634,10.208991839876644,11.626411986996503,10.242513923581678,10.536746922962998,10.436022230701498,11.255142241607668,11.419709231146287,9.821722305571862,11.959494534873643,19.20184504247446,10.907217208641143,6.794729190598478,4.26950909464267,0.0,5.004207894892708,15.360472647996716,20.108337267758312,20.046437134547308,10.868600950974846,9.743899303387527,17.194563447799478,2.2639753109253795,2.196085357158656,2.2555622381079896,1.1274216623021465,0.6652841788882018,0.46503768593981126,11.882688192436493,17.606496453986324,22.070241196765494,17.76273167238921,13.273009644900425,11.851192251616672,11.29830704583754,10.907896027224877,10.415176446385905,10.342931654006842,3.225441978157891,3.197816432674988,3.11895352290405,0.268097491011011,0.35265290815547584,0.7120176974612744,4.251540672893083,4.3317799179007235,4.0476061719323075,4.00767456159435,3.9114447511437684,3.8868790529142867,3.591710638706645,3.6777107814342362,17.544007886727485,24.082115213511894,1.784941303826127,0.3655433247943881,2.976060755663711
OSM_WAY_457324471,10.692667547302905,10.37635945035336,8.360548539965622,16.24694131514272,16.711770555731636,11.611447766472622,11.442399592858298,8.163094175917522,14.58141847511287,5.074775323304503,4.19040538951797,8.06160299437739,8.24695973790828,6.991572308857093,27.069579706052036,6.892273380272267,10.792510104832472,14.796375689678756,6.364334963393218,13.78614862449684,7.033339177369479,17.099816494090128,6.729976247474116,4.790806205734806,4.66669162397491,4.513578161977308,7.710665614886684,8.736089485519368,9.254255031399238,13.381268568969212,12.748681265393275,5.044756954740139,7.6888919142289724,8.26873461953749,12.725807499187491,15.082175246860542,15.807870226793618,17.059617700925568,15.29450446190009,13.858948787945758,13.279435456138582,12.38210710142993,15.718072354307152,16.604557046273747,15.555636976795338,7.064497180612019,3.980354220428078,13.17096406085587,13.191402685529722,5.126706233958455,5.015029294876951,4.576654254749433,16.740597740267244,20.03053273529799,9.112213919251065,13.034745352938938,12.329205792511244,14.424717478450505,13.603203668804374,17.638014521046188,12.910883960453804,12.94741547292835,12.598015230339376,12.800048055737562,13.14095489474374,13.004545372162877,13.131049066297974,12.437676905087933,14.30854853529883,8.654653178468706,9.021092519464023,9.641471375299673,9.51305409925571,8.918695785826083,7.895744887461534,13.232465164890257,11.474872948441567,28.1255387055873,15.62527571001378,12.698482721595076,12.942231209842157,12.915735041154734,6.951095449651616,6.715080027980567,6.1582633872700825,7.554843922113714,7.389011889293078,6.721025258591935,8.60971772196039,9.036665940185237,8.865425384726091,8.22495581911511,7.128542319439411,7.053024830783024,7.971344284769442,8.052705628867152,6.289760279383005,6.467874837090305,6.308991460512876,5.38304341803147,4.203128362967704,4.352921095240957,5.36633406422105,5.395393416239966,5.67600836001609,6.327939947509448,2.594613189491376,2.6632017792675864,4.096023231327484,3.8833830737940396,3.591767484909285,4.35812872518726,5.018089242706268,4.2340588553117895,4.480028403828409,4.632051700445788,6.942665980332486,5.717301422065704,4.554935354168236,5.140189123570831,5.617005873772556,5.13475903946526,6.000147654936755,5.336012061742832,5.022135293927872,14.460346950091349,12.908280026183627,14.358129248219004,14.18785726912419,16.533121246371696,13.181465012494996,15.900942360793996,14.683795839403757,5.994105587128836,5.93155586479704,6.05157807337192,5.973478196469854,18.27849973845523,16.064962176491807,11.50260338844718,4.719215408813404,4.7213390714957875,11.544503844256829,20.61938190790378,4.839075452098558,5.012872681036492,4.446762816412653,14.716119086073782,15.363194474551273,11.978328081617262,12.716425958866477,12.757700569107747,11.715903457442632,5.282777264099165,5.154671170902562,6.855989165092384,7.457173602754904,6.622487156096985,7.373747599845848,7.405306642914021,6.289202404786653,7.468789906050386,6.514763545251775,7.045537171347308,6.879464153707521,7.051296044299993,7.3617485467909205,5.980557294876455,7.784291909120474,14.475105127002857,5.971766938411035,2.4958947598679426,6.54331720401551,5.004207894892708,0.0,11.229936906820729,15.637511375412762,15.64020706018105,5.878399565759267,4.750434616749585,13.549967407157162,4.418159005018116,4.049981636112761,4.888222857463105,4.721986677761194,4.417569533265179,4.743095828709066,7.622872242955025,12.884285782817798,17.066277243949436,13.183503824324742,8.728929023746163,7.758360129838284,7.1760598547189955,6.639318726190247,6.117066406713292,6.092292816269076,4.459216984150434,4.12950480614881,4.079078027976532,4.920410629740028,5.005814829862779,4.697314820250193,3.895710897875974,3.483805469403766,3.5100931815006,4.033420991503105,4.051509352630878,4.290548193252758,3.8945581005312366,3.4810155178249462,13.19010858213994,20.281750176227472,4.902807686433163,5.25662720673164,4.1677979953994795
OSM_WAY_457454052,8.359878048488559,7.43114649028528,3.1590072142185472,8.085189859547393,7.001340449780027,1.9164406179855706,1.9401211260496938,5.565222651965393,5.162748254033012,6.156543307723153,15.380330070259452,3.1687949712988144,3.955876391775069,4.395943759253703,16.297787561559986,4.598480640244079,10.081379523615032,3.642376278067349,4.878765027780982,2.6643926033231304,4.5039218171600055,6.634896183523333,8.664141778764119,6.439479194359535,6.577324104688634,6.719204804589056,3.549892178318284,2.515033759642911,2.2388183140843028,3.234680105646091,3.2407324457129714,6.284766075027005,4.301067042566257,3.283228166878477,3.224520673180782,4.874397268397544,5.056352964632062,6.5992783872441105,5.557369635241282,3.0096067518111265,2.082945836034063,3.4149062959263783,4.76240580694288,6.004684260025515,6.843850177274041,5.978821611757321,9.554994484472061,2.498077311529909,2.5841701506404404,9.699623355844514,9.892654771726178,10.395752011995203,6.753238119324183,8.804697280816603,2.6074888790280037,3.48104190314139,3.553121110689523,3.9352728442928067,6.909746850302589,8.282399511125483,3.9698907249333995,3.4897709468441707,3.0572708949782044,3.306743197226926,3.489867754794574,3.43813567509709,2.5260869169153692,3.3179931535517673,3.6278810341651577,2.8897224523001084,2.565310978699153,1.9503872740844106,2.078205355535344,2.6683632965832134,3.6489247995357976,3.589786421157189,1.5143594507421805,17.387749894899095,5.834323309584061,3.2302748503399616,3.4469373231532243,4.210292044585353,5.083624366283462,4.860616909883865,5.273698089747202,4.304581300987567,3.913147044567623,4.630390717662867,2.6556915272060895,2.2387471242006303,2.393492524601572,3.0342109251520726,4.1099703291811585,4.177864874869676,3.2873944751242985,3.1832819402602914,5.070700642333256,4.829234507676898,4.94287374532823,6.328284066727536,7.032026069665559,6.9047299749232725,5.953315563986954,6.057068596354383,5.637269208401342,5.021851620048202,13.77438489721167,13.890444511687338,15.300730822199887,15.088223862231757,14.810413132603163,15.492622849549509,16.119673093400852,15.342743466374836,15.642961502606223,15.82845972697531,4.824359074383919,16.945335157583166,15.296421151479574,16.344414371337976,16.620313558996255,15.964600043088398,17.212075389239335,16.523000537325405,16.247298054628374,9.019121871361657,3.920142201453093,8.652100945053494,8.648352403677203,6.343981571445008,2.136625704086432,5.596670768193319,6.985221022048061,6.453421580039043,6.451279854186913,6.454731412927811,6.525285256350138,10.53785379403658,4.999967094532542,1.915825875558776,15.931161496581877,15.949956192040526,9.063756929954833,23.54567637345051,16.05564609165432,16.231459037305765,15.671642855417742,9.583456095667684,17.173212147205543,3.666474894205319,4.013926387378539,4.013903860649188,2.0993974164827427,16.43083766934741,16.259403903216626,4.6909910953154785,4.3141361020581,4.636186082855845,3.8691782506445525,3.8802209052652956,5.151511993623081,3.7795808223829255,5.1522286859992645,5.021193950316816,5.06108355346704,4.186139863469237,3.948168265356064,5.540249532176849,3.454625885810533,5.285553920271293,6.5958756560384915,8.808164515509507,17.773197791784106,15.360472647996716,11.229936906820729,0.0,5.027292925240621,4.842206014506004,7.264427142539121,8.666551957635324,3.030086127011627,15.551819364480878,15.169223924548122,16.006286653607305,15.554203954092692,14.988474039058671,15.304998459030658,3.6082241087137663,4.1685093177145855,11.19793792415498,3.4083872416197547,3.047769577192171,3.522076878292693,4.09294551274199,4.590927113138169,5.112991558211826,5.143252256393866,15.687748699493461,15.35843695957462,15.306090126361521,15.404691449783138,15.184868360033287,15.369608275082188,15.034905022312296,14.595809093780193,14.678474571531973,15.215862325135907,15.24634291771295,15.492680316627258,15.115593616894875,14.695113799517722,2.398254478381442,9.111823986329432,15.919357176334305,15.706257298935475,15.388013400637904
OSM_WAY_457509225,9.085201063965831,8.354941677295281,7.296151082329808,4.663403006055691,2.453361614897759,6.156353239914014,6.2985162798841445,8.235198277503942,2.1667829274634736,10.664832945925694,19.827207550083568,7.8316961408226975,7.457902029018011,8.662358501412504,14.092460707417859,8.745734529894092,14.761324232117156,2.082432576017353,9.378124246266868,4.01355015907886,8.604187138605004,1.6082370991748491,11.333062604798542,10.95001677445272,11.021203796045134,11.262714788537469,8.326832714286885,7.3454797521136745,6.454246456701674,2.2661695937736073,2.9992356350417015,10.597193907768263,7.997777643133018,7.379783091777198,3.019911426219325,0.9139551503622848,0.37733716472271983,1.5731948908404056,1.6963901333802724,2.0211678819853387,3.2197167187993037,3.491546067748313,0.9871003549828798,0.9918423917187769,3.4450949448244144,9.143309694046403,13.129061041288395,2.582555230809113,2.5277928082297967,12.87810441805847,13.0946906034566,13.71235549140746,1.9972923318411084,5.644995900686215,6.536605712331623,2.7581023177060207,3.617390262405333,1.21314466974215,5.451580478088182,3.7644933469697475,3.193546195706651,2.867924160231575,3.112193238162827,2.9641598177988913,2.6324109179150486,2.7754040389770624,2.590356242540965,3.386445711944296,1.4083715091573448,7.006708625178337,6.646315882213185,6.0642965968042475,6.182599604334168,6.7440664333144476,7.74679777809906,2.5665027502557627,5.909850799977642,15.178704433216947,1.686414060409268,3.053550039360522,2.8543694302804146,3.362219782519049,10.075428302166339,9.768030277883446,10.098780197509907,9.301097937537586,8.723445472484965,9.441782941994783,7.502066782305157,7.130235970549912,7.248483801444517,7.843023248294306,8.798403424588484,8.819203664832445,8.078184364838165,7.919514422042276,9.863817263702403,9.58070709022628,9.62198356363053,11.197842596267467,11.574774255465066,11.311359419132094,10.666710590203847,10.849252197089378,10.361403158362283,9.809905050819834,18.230707181097344,18.23924466484299,19.728971992141457,19.516881529819226,19.12014118550652,19.988640271641756,20.640343529960646,19.85541767452501,19.857767510267703,20.080734297005428,8.724054060724786,21.258720963687768,19.95354535183166,20.600120258305754,21.197773484743962,20.60411529867175,21.62134922658103,20.97189943880039,20.62741351780729,7.399783164953028,3.1630610896991893,7.00466696627716,7.125691209272489,1.4825838955216313,2.9289742804668153,0.8087833476449957,4.549274303746014,10.01803483056591,10.051512554308252,9.987116870239463,10.069799498915566,6.773903279917538,1.4563189560739067,6.235320948664256,20.34551806126449,20.278336030489577,9.339774020255518,28.127406297639983,20.34062532128679,20.630728238272276,19.985557065580227,7.947845145957821,17.40341925303102,4.056368461303505,3.452210393500932,3.4043965484331804,6.244912708003146,20.918402360779453,20.778579790337258,9.597532055287877,9.296324025020533,9.345088040345225,8.586321453656048,8.673501065114252,9.987875425797377,8.516725396826521,10.071948727866767,10.018917285366522,10.040961297020779,8.866117548698519,8.76423690417821,10.39095481235967,8.184657234081111,2.4832061063230007,10.11146982729681,13.372334546381817,22.108226237709918,20.108337267758312,15.637511375412762,5.027292925240621,0.0,0.4963163968896288,10.587384994362399,12.116424829481426,5.361298668178124,20.04862691002004,19.674367022836588,20.515581975663117,20.187768088959114,19.683470415259453,20.008038933595003,8.233259685241054,3.3675541534012776,8.552727959339322,2.5463257308105653,6.9090089645955,8.331257176126924,8.8504198778184,9.201135557646005,9.693969460542228,9.765609678369282,20.05612752500102,19.7268339316144,19.68558183251264,20.126999581062417,19.96159666164142,20.046637369249922,19.24258102333773,18.795166300603046,18.922807882809078,19.46231974223396,19.50788347089839,19.76001614199345,19.426023821522737,18.997678530542018,2.64103260291982,6.44904611885337,20.48543863119009,20.441440199927186,19.7879498570464
OSM_WAY_457509472,9.417778845017086,8.663575326247418,7.28155048385402,5.159564064907558,2.921096328116481,5.845897128719116,5.99498552797993,8.39246626725663,2.5959607433790475,10.632274276762438,19.830411787739806,7.751949604355845,7.517304801315823,8.650977629489875,13.725750054075418,8.751124671469842,14.433521840513208,1.6544621459025834,9.338900943670987,3.6107108384018303,8.613936094224938,1.8821298084065816,11.52667746054662,10.918550351869948,11.001342654365514,11.226933469220517,8.23000925392259,7.230048535297606,6.4116164582215385,2.356481068568761,3.1518090553738247,10.595479237677912,8.04635890518007,7.371592310131261,3.170629161289916,1.335331994343226,0.23334891557517357,1.8528734751254157,2.179009531801386,1.8482500261907107,2.930436276214458,3.6765033033241052,0.49262021187583543,1.210578931543237,3.9368750709247604,9.265553929607494,13.239337516823444,2.488623467094595,2.455532679051729,13.031163913441427,13.24646810511513,13.854923715905153,2.4400283720628626,5.309542865453035,6.527995457378453,2.9415570040571586,3.8189736573687045,1.2952510247792857,5.877748643194134,4.216779202810036,3.4514975881924594,3.0562204005315246,3.239760981420237,3.1260991271465977,2.8122999992255395,2.952245288129444,2.5170527458342717,3.55828547506139,1.3316855551093918,6.988664607744059,6.6239418446253895,6.021044016565927,6.144321521227323,6.724738908292619,7.744810904970984,2.7614719280728006,5.621455691304209,14.815683602451639,2.1817463479796486,3.2063189889791075,3.0353829439814057,3.646601218136752,9.918994842910415,9.645017237459875,9.999727632796859,9.141269210380552,8.621862962340721,9.34347681270248,7.384528042063427,6.999612137351849,7.127034513261347,7.736113420880714,8.722208971467747,8.75176255819618,7.976756127735659,7.8275483881763215,9.771596099212005,9.496495925425743,9.552702845378905,11.089868088484328,11.54049413037304,11.299080837237216,10.595439552077151,10.760848379139562,10.286590187348851,9.718630888438751,18.229762308288546,18.257525966624456,19.735494772487424,19.523025116934154,19.146602319490206,19.982690494346482,20.63032835164401,19.84603325321686,19.901062524851827,20.118304240569255,8.75994684140812,21.287723479166846,19.91364880056126,20.637909669209066,21.176694406416317,20.56888533273615,21.6337949983035,20.9761992085761,20.643896071567728,7.857318303432087,3.4149258070716924,7.46039895531485,7.576498849139627,1.912650731107262,2.710512400318333,1.2915657169059682,5.015762227215166,10.107243270922456,10.137009690566119,10.07964062295938,10.161774837155606,7.261246177838346,0.985764063965668,5.929842903106852,20.355434012849248,20.30340982026182,9.70635540206704,27.76859697664599,20.373164267144585,20.643768239585615,20.012677044327212,8.409749168576369,17.80984015495189,4.263703846849092,3.711604168976111,3.664662439862022,5.92360968923305,20.91523639673091,20.769022891912805,9.474316878737463,9.144048075609371,9.26839523095983,8.503187318251268,8.575406934740627,9.885568480277485,8.429217622196795,9.94570858139937,9.858948541081563,9.89076698622581,8.791975201910759,8.661563191836235,10.286176408698681,8.096051787624155,2.9135826315971487,10.20708748321267,13.34039369163288,22.13454459002377,20.046437134547308,15.64020706018105,4.842206014506004,0.4963163968896288,0.0,10.708535037445188,12.235165503372428,4.946069861366475,20.0425998563293,19.666228042664052,20.507679925950352,20.15344777332702,19.634409516462863,19.957347569329276,8.163787753693011,3.6469149978790822,9.04624052716903,2.706208759666197,6.917529813337119,8.227621419789063,8.760974295877718,9.141955620354075,9.643184877779573,9.707842284143988,20.073905650705598,19.744128604202167,19.700852591072394,20.07165482828466,19.891854764142064,20.00221175583212,19.285975614826853,18.83907338080411,18.959748981747037,19.49984497677805,19.543015312279906,19.79460078236972,19.452865866197506,19.025140671643058,2.5082615271973756,6.0712500072113915,20.46598580049871,20.383104879329597,19.79971185729795
OSM_WAY_457991013,4.992159155977608,4.545177073769579,4.1433611780557635,10.45881367905975,11.218169107310253,8.498567642267995,8.383355058048624,2.441416790490589,9.149486877616186,3.3112883941374114,9.819796123245316,4.667072142626833,3.357333691747946,3.2593241569793765,23.529941552714,2.960219173856219,12.25681812461088,10.28637105168787,3.484450631660738,9.901500685455757,2.9767245164658847,11.876879567241659,1.8702740965956488,3.3441976608592445,3.1141766785773526,3.524008627291671,4.757239198764183,5.378855675906295,5.02883228717417,8.352577189346617,7.588389566112459,2.649581349485371,2.9633640755969606,4.015059504082887,7.567583272116844,9.881242459847845,10.83206507267584,11.836590887593186,9.900546036663387,9.131365262367494,8.97957132755881,7.1182208424663775,10.905805127596796,11.482376237873236,9.883100357917142,1.4441301393179444,2.5507710964694725,8.427831091520858,8.40910548011814,2.4372649683733143,2.6351349280301726,3.182829571101028,11.336455146520763,15.677711762373105,4.665897434327247,7.839032347660499,7.017954908236773,9.419291054127042,7.760330927102679,12.008025369444903,7.54307026425376,7.734100435550805,7.4787757986620615,7.625112315218532,7.961372362737388,7.818313061101389,8.357265228936194,7.210400952852625,9.420964678315341,4.388734771442086,4.699451728903787,5.322886917690551,5.191295723002121,4.59735020970314,3.6852144801580593,8.035317034181794,8.19443640893641,24.624093102095,10.224234822210471,7.534170762562626,7.7424749383904325,7.481565752293139,5.810949918961205,5.089231937273417,4.6295764495016645,5.792912625392357,4.744470464270033,4.597987127910611,5.348673859748966,5.675265639275556,5.501652497965396,5.068819789509819,4.283051204719031,4.125419567466647,4.906066985019908,4.81401809403744,4.475260736506103,4.318031838688984,4.024544688809198,5.053661513863032,3.604561505190631,3.03977181038388,4.1303747822611845,4.534106965808497,4.157082494903326,4.454786411784213,8.332668764537488,8.142557925446578,9.692568038147083,9.491272180056027,8.9223320060016,10.068109599936879,10.738676309217285,9.976313711280204,9.518417820231047,9.776837590280136,2.5402361642106612,10.996297047869557,10.428327258562234,10.286232728114596,11.394151913018812,10.987794915550062,11.482011114361992,10.91968695767871,10.476022318303503,8.599294561461729,7.554582237213389,8.484900654369008,8.317998633259858,11.21818566135194,8.695022063493129,10.676931146700692,8.896638998374144,0.8985846627556171,0.9415629445339959,0.86637130240553,0.8206966540381079,12.415903766624115,11.343405358773191,8.417114526918615,10.25888091730423,10.064241415790809,5.909126193197783,24.51048079755535,10.068254785675089,10.50884394577602,9.76156607581688,8.881690282998292,11.820483668018984,6.606521669957355,7.312862681441431,7.3587985942083245,8.667012994937133,10.938669728797962,10.867451648474617,5.084477074076237,5.645186987786718,4.192791135884112,4.4569113713471875,4.6933242757120235,4.686356216206223,4.549605855504527,5.185380772167963,5.87466943597375,5.675635007240632,4.230868765820126,4.756218911973248,4.786821950272939,4.668135233289116,8.98852702113168,0.7345471312339347,4.580673325228502,11.851924651684621,10.868600950974846,5.878399565759267,7.264427142539121,10.587384994362399,10.708535037445188,0.0,1.5292382024428008,10.200890600425629,10.126680798570495,9.789207532374142,10.596380176449172,10.580517480296123,10.294418825319742,10.620812807306503,4.349435888598653,7.457671511845253,11.224580814506188,8.041346295897192,4.22098510894583,4.8685985267986815,4.5050651025102075,3.8891485825222074,3.657720744174103,3.7895779396715676,9.907629490168365,9.591271963614666,9.569163217300925,10.79539715087636,10.844115736900262,10.574475813839188,8.912922755639327,8.470356778636521,8.646248748800675,9.170107131084745,9.232406184627607,9.483552469068592,9.217241386084153,8.794772557127846,8.514248970338903,16.155780596120685,10.691028435184403,11.131522667413716,9.700410253961612
OSM_WAY_457991153,5.945808739931965,5.680579689446124,5.511499144409745,11.86627204023235,12.720352074232196,9.769811795084934,9.641847017248676,3.947692425391349,10.664460086264324,3.804738640166789,8.477594122922113,5.867625350476077,4.831158886195989,4.441099250947263,24.960589402826518,4.171184627191184,12.58362532598072,11.78491633692945,4.4227005147595495,11.322593412512704,4.227415737030038,13.402940138044704,2.018486419568968,3.719326422973189,3.4524381982135615,3.77280071992118,5.849990863381896,6.607740181588104,6.429308603656847,9.879702157412964,9.117520284059939,3.1943859072163012,4.390116749379272,5.385645853413193,9.096690394519342,11.409447339470354,12.360002972985725,13.362678905282808,11.417829121779574,10.643875613855085,10.448598846668265,8.646957126038567,12.427765362878231,13.01130130784261,11.347418998746313,2.973130077282358,1.0327441162304096,9.938979184685328,9.923165754547563,1.1925471424640668,1.325719292595656,1.7325331061253861,12.850153481621858,17.177202383912338,6.097206992497268,9.368227497441545,8.54556727705607,10.946882905229542,9.130057830679995,13.47925102590837,9.06707081348237,9.263199701052468,9.007279695897793,9.154331524861401,9.490605721021081,9.347544026771368,9.870502765012098,8.739552463056281,10.944107613854856,5.776829853911177,6.108683047480056,6.747627113598352,6.613547422640277,6.003447977461061,5.029615311507284,9.564458995638029,9.491540346901365,26.05207213495184,11.740222490802084,9.063314970141242,9.271667928242723,9.000476953935422,6.49802808372878,5.843081353764118,5.300523148243834,6.6460411192969815,5.752772027796292,5.443433571457352,6.5536834979161185,6.917853046414106,6.7374933183573,6.233676658726834,5.306393262838593,5.15705684265329,6.038137173937252,5.984353998228811,5.213124667672913,5.138376812409234,4.847650325328507,5.420447002144005,3.7227568905414126,3.2348520529620646,4.626507800245158,4.9818604912382325,4.752600866047811,5.2079406781704645,7.054156136045741,6.79470027342939,8.342519796637532,8.147513827402062,7.526710829012149,8.75055797395407,9.41801501867819,8.673393748726044,8.068919956229628,8.337511672839097,3.851973765396398,9.562605711480101,9.22797223077236,8.840537494600877,10.094675133068915,9.749685380891618,10.082265875735738,9.55090570442636,9.08052399502464,9.775490898430714,9.079413498172942,9.701884742123596,9.522054879922456,12.739874036784302,10.18350286163432,12.203889537610998,10.311061126714968,2.21839793072343,2.2160001686976987,2.2246808927268447,2.149596687010552,13.735876596113663,12.86111460426414,9.68144057615944,8.88595819693775,8.652177622499153,6.794342745247705,24.300578321656843,8.637279115093179,9.122333640150229,8.348782848646135,10.001213707112314,11.631760585427594,8.132179416875127,8.83485145882033,8.88103593938999,9.929283765303769,9.591807492119733,9.542300582890862,5.87937051204434,6.500434897444612,5.083183026877863,5.5161162880511485,5.715896916677636,5.387194921599353,5.617172364664332,5.864378298632351,6.57561643606499,6.368087826401547,5.2418603092644185,5.7547616852442,5.3771160942318215,5.7974035844647736,10.497131852156862,2.0856402837195893,4.062265437264981,10.415483246812657,9.743899303387527,4.750434616749585,8.666551957635324,12.116424829481426,12.235165503372428,1.5292382024428008,0.0,11.54099116696901,8.80784722915009,8.487273501504305,9.272122613168426,9.352242909010497,9.138480604483131,9.4580719551245,5.4972859899651985,8.977351207535383,12.352136219136959,9.570474458282911,5.6511386482061505,5.952553611579272,5.499598824167353,4.840932822306706,4.4822276777784165,4.583100955283728,8.51831842019826,8.209533043596702,8.194065236616103,9.645366278844326,9.755580309601013,9.387219243115503,7.470884637181057,7.033622780161672,7.225457577755022,7.739156816478266,7.806720155900239,8.055504076724109,7.8146487892228205,7.398799926104514,10.020184716046609,17.635589581608215,9.403863830266355,9.980673336198821,8.333378787645303
OSM_WAY_461205063,11.262455027685172,10.342911681168852,6.057545595839434,9.607954618906472,7.787281249547595,1.9402254956723226,2.112998554283317,8.59492649568029,6.576204136631958,8.598842722883449,17.576964722566544,5.74875702632083,6.955046454717747,7.135752039535452,13.572237167558175,7.383731430192594,9.728738864128674,3.2916273912809513,7.4222426596533095,1.3563550332637149,7.316565423969703,6.780431566391612,11.672299952675168,8.862035399305139,9.04956941061811,9.093933554219626,5.942948988231276,5.002884016966059,5.194250715311977,4.765303026644665,5.258031558925751,8.871542401604097,7.2527993712507985,6.185831324728023,5.252996213302012,5.723179881079859,5.174467994507155,6.756880481375861,6.634235048134278,3.778277778205928,2.540779538543461,5.669223844922999,4.590235504207389,6.109135020631009,8.300630105484716,8.970135085509789,12.372754576083757,3.8470338997554645,3.965926865201474,12.6203847878841,12.805308865692759,13.272936405515278,7.3578679510484815,6.879527052429254,5.600574223434642,5.368153016772501,5.849719318582817,4.796504182338549,9.176070300719108,9.114049221881745,6.03851094252259,5.436180304028139,5.133616159805145,5.3054804221681,5.306497454332935,5.334307322804047,3.946398924260059,5.530617629176245,4.361882092430674,5.8172766672529095,5.529064075107861,4.953125757653094,5.073637628346575,5.625491644836547,6.523013356648195,5.371685216906922,2.101095764615957,14.645946569526107,6.800495668024015,5.277190124804042,5.386430058156109,6.319813579612293,6.765207288028175,6.851198527455101,7.393129593476755,6.0575502862997395,6.207681455820156,6.837970949539363,5.091667697757083,4.684908340920451,4.868279568651056,5.460217407740213,6.544286676885672,6.656113163655172,5.69922029142849,5.6816161568535275,7.26306095391378,7.107345640365301,7.303168368888354,8.272591754663035,9.38964929160399,9.38904109305199,8.186507735112064,8.166311530821421,7.880688965845968,7.22691678797728,15.991255912696074,16.200163401195397,17.516089072622908,17.306772069312593,17.13535197861371,17.63932978110353,18.230823033016264,17.4749184088149,18.026351335845426,18.181624211265213,7.694296541100019,19.235128337208753,17.26167412346995,18.68755285062532,18.661384379547325,17.941132449661715,19.416067509998616,18.69985605615778,18.490949534059748,11.344951812608983,5.980743440910125,10.952884958287573,10.99165361600988,6.842595505120767,3.0849274134691265,6.146981937724308,8.886676848670003,9.355609434920298,9.344046275314623,9.365089857233011,9.430417066923077,11.945466030799459,4.49308295285499,2.0503594858058856,18.149116416170344,18.241742826043293,11.902271248957069,22.901430882533802,18.380494570508773,18.458440531307275,17.97938200029883,11.924625824717479,20.096180365501475,6.1241499616844335,6.187872728933175,6.167866289853138,1.8515064876830662,18.571226165975695,18.36994908262847,6.702636460749765,6.134408103091892,6.98985601624175,6.297948226737673,6.205257445753997,7.262192413043332,6.194780589045334,7.0805942445257966,6.6783684795851945,6.8004204039759335,6.62161178918541,6.228907365804458,7.587653279751859,5.921614892342176,6.814571210703232,9.506153284209676,11.059151253970699,20.034431061263504,17.194563447799478,13.549967407157162,3.030086127011627,5.361298668178124,4.946069861366475,10.200890600425629,11.54099116696901,0.0,17.696744448888822,17.312125039943062,18.13108091458009,17.54514502409019,16.907975551478156,17.207325843608935,6.16771938434606,6.286203014751529,13.196941134341929,5.169209379328492,6.028242796144481,5.872020229028401,6.442777351505152,7.059150504398476,7.563593147765438,7.549282860893044,17.950069042934068,17.625984253605598,17.56493780889491,17.277127048867207,16.97509688758242,17.307030530578803,17.432708913953313,17.006568954108186,17.055598900018662,17.582713278404718,17.601444500851084,17.839554240011548,17.434920686616646,17.027663553127315,3.6398504977715738,6.8913821147049905,17.9843330630294,17.553959638476265,17.627570523586282
OSM_WAY_503204319,14.668542946936812,14.481018647760868,12.761159920174503,20.57568817814235,21.12072409443307,15.760397473927666,15.585021236661214,12.496582409324986,18.993181721127968,9.430857252954281,0.4295560899246337,12.397008444167527,12.664280777109939,11.391852747666206,31.07802274283981,11.303273519774997,13.070215533837498,19.153679137119642,10.728117251586946,18.047104535071337,11.446211679633983,21.517045735940265,10.618690176987354,9.144193809860019,9.04509081722582,8.847969720202837,12.005488423388437,13.039829160707072,13.64171473712128,17.79539066361689,17.16676349550185,9.451495235941705,12.106654298483312,12.672675782944374,17.143882611215115,19.499858808069618,20.21345061300835,21.476867629267705,19.709416687534404,18.249170903262264,17.620224242813315,16.799097668332674,20.108561633168915,21.01830635012071,19.931255589028982,11.404719532677564,7.859152149715234,17.56637889364629,17.590147596399195,8.80844398899792,8.635409578507872,8.029740233609138,21.15609812493048,24.322393573025387,13.516622608828216,17.452904356984178,16.744568552418173,18.83553468055049,17.886714067860115,22.02708752072299,17.32439834756479,17.365516544862263,17.01573955994914,17.218188696782647,17.559059935620937,17.422694921404574,17.52936518019055,16.8554411231653,18.71144028216774,13.053942102301377,13.41896898737506,14.030854907412001,13.904414043453942,13.317888460137796,12.30266715632282,17.650619609151985,15.665717273194906,32.11229932839858,20.04010343476629,17.11659816095631,17.36038289495492,17.324623245850407,10.950929119335894,10.859475824420006,10.34963234966733,11.639529616473107,11.658067495312663,10.959219774708542,12.904809329899072,13.32927329155835,13.165024831126136,12.522193094972389,11.44275069882429,11.381822913690538,12.26811036268578,12.369130795453092,10.518414175153566,10.733917461005646,10.608950237903672,9.424177684728694,8.53328195180657,8.743637623720174,9.610623662552529,9.562087106731882,9.926701641496557,10.562646730882536,1.8260542353276747,2.0268656404573737,0.5925578025034797,0.715299631829168,1.5736630341827742,0.060033562793553444,0.6119966892784915,0.2370655968011308,1.9921284491098177,1.76490859907711,11.36079742878905,1.905943337081416,1.3701689409884164,1.8850822736424364,1.3016939147735374,1.312919658728274,1.7616922618058184,1.0218311856530975,1.0950563875780046,18.57247353641351,17.32254554869933,18.507934815353796,18.3262635708738,20.951121448658814,17.5489159077838,20.31868848914457,19.011794093085214,10.352278712884974,10.294892310850242,10.405104413426574,10.324606757245924,22.529536020246177,20.443225884301818,15.649132976694698,0.7168662874476464,1.2875947116839055,15.446539449081989,19.97488957919355,1.6008005105592746,0.9801337447010113,1.3383227783656473,18.77389267417731,17.711779653695444,16.389868900443652,17.127311694369222,17.168995379326972,15.846118315942046,0.8792303631113192,0.7425662729966069,11.015051536550864,11.563032494338959,10.91647954298272,11.682665017428782,11.683499616788692,10.478911245963365,11.77254559500838,10.618533738995326,11.041174426790676,10.905260024971282,11.367066077193593,11.626633093878308,10.127345320076058,12.097389732854767,18.881879002933953,10.314116700339488,6.74442572873441,2.488693560664162,2.2639753109253795,4.418159005018116,15.551819364480878,20.04862691002004,20.0425998563293,10.126680798570495,8.80784722915009,17.696744448888822,0.0,0.384740125169635,0.47230732435214673,1.1540245543333472,1.76673809452097,1.8051507197820778,11.96272734164213,17.293736313810612,21.11941087505134,17.601205344279755,13.139794134623527,12.04127765197425,11.463524931037247,10.972805786965667,10.454580823580129,10.413282319667895,0.9621888895116127,0.9847961057615945,0.9225978128252479,1.9990992389966082,2.5760010054749025,1.5522019712716644,2.1083287631433794,2.3093587827864144,2.0170062477576223,1.8244993086482126,1.7218154109380128,1.6518546054894399,1.441291793583649,1.675010500405716,17.57897914457849,24.519768539169178,0.6968173838498217,2.1676452969325197,0.7570645039381428
OSM_WAY_503204331,14.367000940825678,14.165007148117725,12.385087106760222,20.231720906326355,20.758274290301944,15.375717286909364,15.200362848548425,12.149519294928599,18.629456067811496,9.051169279101206,0.47840165807585144,12.015402735234847,12.296934413519054,11.015950804871117,30.696156947885726,10.929673664212391,12.753462438184993,18.772548981756565,10.348531413762117,17.66282782093923,11.073184356418878,21.14580088217353,10.318891933379474,8.764453486533943,8.667232822664355,8.467335887941015,11.622454410870448,12.656900567598033,13.263693872258376,17.422342870746938,16.79696487223261,9.077225591684087,11.738751667294514,12.297219639929345,16.774059857389986,19.129194280545914,19.837725474701816,21.10564452863473,19.344016562215174,17.871034166817704,17.23827335429664,16.432088506252356,19.730343735436115,20.64497044172656,19.57809787274955,11.056023729094646,7.5499729609458575,17.188995239072455,17.213277655065745,8.520154497894731,8.35121436384374,7.754856741525425,20.79032040447265,23.93846641079785,13.141150426004197,17.08364825184337,16.378841410300257,18.46123556964763,17.549434915347767,21.67088371942187,16.959764670791248,16.99675082406529,16.645202742033128,16.848668808103557,17.189340265432627,17.053246762769778,17.152429834333482,16.487479126963667,18.33523663271792,12.677608694864716,13.042362503155575,13.653009638372838,13.526830459360411,12.941503694595193,11.927885127553456,17.281226104347184,15.280988362435819,31.731017476968763,19.674760150948128,16.746935573957003,16.991302736485725,16.96206744320669,10.566944001720746,10.474744714385672,9.965152403096274,11.254959328821178,11.274458487458897,10.575175745365181,12.521644967802125,12.945985398055873,12.781954061894465,12.139145248330939,11.06045064636654,11.000119564466182,11.885088687273429,11.986736487900506,10.134307284697039,10.350413410492036,10.226358561389668,9.039576821080116,8.152602772661513,8.367160312518928,9.226958691596451,9.177532811116924,9.543073158753762,10.178617762348987,1.466112385776933,1.7434027199712008,0.5852841300326788,0.5835892907706566,1.4553579018199443,0.32729591799485874,0.9681130001311509,0.18713335408246,2.061192193302303,1.8816413967013375,10.992035239875198,2.2167927930467473,1.2955575374127373,2.0919970146612914,1.6077867479672974,1.4312077166426116,2.136185836819228,1.399700844901292,1.3896292873102098,18.258390923636835,16.957499221770306,18.189133637951024,18.008804852024593,20.582640766036086,17.168609907852762,19.948096962544213,18.667668535518995,10.000084791977608,9.941799227831666,10.053701701749132,9.973538243456261,22.19831084264232,20.06364768807172,15.264459623024702,0.9962180930340946,1.4741158785854318,15.153732648610289,19.88547220760218,1.7784615749795025,1.2939629921947844,1.447148582416545,18.466461532546212,17.569643455167625,16.026165469993767,16.763924376624,16.805429584867458,15.461534815546324,1.2630764082977197,1.1050974236571214,10.630345860948658,11.178359130053463,10.533634283717815,11.300129689751124,11.300089554019639,10.09440310356915,11.389822774914919,10.233819444201657,10.65725609592499,10.521015605730511,10.984839737267176,11.242943662803354,9.742647332095666,11.714922390119794,18.520191053099197,9.964408239259237,6.362413052016724,2.8472302559596803,2.196085357158656,4.049981636112761,15.169223924548122,19.674367022836588,19.666228042664052,9.789207532374142,8.487273501504305,17.312125039943062,0.384740125169635,0.0,0.8414522676552467,1.164662883197363,1.6241127788439769,1.7312186458047578,11.581420424269123,16.930955466980254,20.8137347045325,17.230617592568542,12.765919850607494,11.657922511263193,11.080385719161788,10.591410327932147,10.073516356881766,10.031493038379784,1.1100262429538417,1.01181350759977,0.9286340521642085,1.9430293017281888,2.4782720339752773,1.4955958158012592,2.062854001288058,2.1917093238802576,1.899452216147988,1.8117626597994065,1.7153662765625366,1.701816244725178,1.3976713994561818,1.5359242201727081,17.200723753407786,24.13512051012133,0.926415412503828,2.1624490730796326,0.8007912140645389
OSM_WAY_503204333,15.12330151541519,14.942769481637843,13.226533157930048,21.046656169253186,21.592560463224252,16.196180707099945,16.020289340710697,12.968191344569911,19.46478113674628,9.891796062396319,0.8185260231215086,12.854200304957185,13.134871336024434,11.857386543720981,31.492043081869973,11.770688717813286,13.339315774874793,19.611829370243278,11.189193482643498,18.49371825513984,11.914021749531228,21.985981041622836,11.073149298991156,9.60505558790803,9.508555500414134,9.30729656938204,12.458615069895966,13.493283919573962,14.10495293235689,18.26321846228047,17.636409339355964,9.918402385325342,12.57704322324587,13.138619160795086,17.613517222995938,19.969094475504665,20.679157764714382,21.945814706724146,20.180632516253244,18.712246654206822,18.076469255249386,17.269829759440455,20.571527995152152,21.485944849153586,20.403470560855023,11.876568200552507,8.318827964098354,18.030369882005036,18.05470973023799,9.257249180513725,9.081984358373909,8.471176861433456,21.627217757824802,24.771220891092362,13.982553414339998,17.922793348384875,17.215684045454374,19.302456923729125,18.35610682878615,22.499394842615253,17.795793647038284,17.835610460206162,17.48502968124315,17.687960959396875,18.028743812808802,17.892499968692658,17.99385679917201,17.3258433854543,19.17668823306326,13.51906081239415,13.883811304994662,14.494308039793042,14.368180633931427,13.782955958388062,12.76918509078328,18.12044977959722,16.105859880044232,32.523594459403135,20.511335219791818,17.586305858904048,17.830346524636234,17.796430433584803,11.378917553400445,11.299880243117947,10.79481947361308,12.073545749002607,12.108894698520245,11.407790980173084,13.357423113081769,13.78139416349814,13.617974046277503,12.975249163909584,11.898202097505607,11.838812499589745,12.721269844087036,12.824283267997073,10.966622300404158,11.185268133447039,11.063589152408229,9.85904713960948,8.992534896032003,9.208612529076204,10.061327105188791,10.006494187282794,10.377550435763919,11.01133991562887,2.2976306820940198,2.482935809922358,0.9743910674608968,1.1420313373767559,1.9447011100931288,0.5320012861764968,0.1515925170551193,0.6636983025229855,2.1781069664236035,1.906198116324574,11.830847384152904,1.7302418397914854,1.4273127096456277,1.8971600917935503,0.8735537555710345,1.1350008828668152,1.4110796822017506,0.688395568064912,1.0184196775604701,19.033108792918835,17.793841509238593,18.970673816785407,18.788427495467484,21.421343873222945,18.008699820654854,20.787964073024042,19.482808327928673,10.824470903546713,10.76713596670102,10.877239535268185,10.796715667615665,22.99697253471364,20.904230968338364,16.08474988589912,0.7509771672764963,1.3735231240767884,15.896480664866694,19.914370621372072,1.6727030614110965,0.8771861720962023,1.5185641191287693,19.23132840569027,18.044642333762265,16.861461979673194,17.59897022004025,17.64061945999434,16.27993971813687,0.4508587732137364,0.271075316094367,11.456504003071675,11.999026759276564,11.370302071284774,12.137428231370604,12.135196573923183,10.923773662749143,12.226727221679086,11.055873145997031,11.46862269868275,11.335516575981371,11.82272351565644,12.0770829661388,10.56912967319507,12.552339252487277,19.353822812355467,10.786097173473815,7.200906097888483,2.1793284115549003,2.2555622381079896,4.888222857463105,16.006286653607305,20.515581975663117,20.507679925950352,10.596380176449172,9.272122613168426,18.13108091458009,0.47230732435214673,0.8414522676552467,0.0,1.1360720727038705,1.873362052867581,1.8267519072633716,12.420604686187744,17.765505517482868,21.575838302923415,18.070472483460485,13.607021329880428,12.493183095321568,11.916294790107505,11.430515159191486,10.913012088260487,10.870098150717926,1.1408064694031192,1.2829313665404352,1.2451926328118303,1.9880800959973126,2.5935894718367227,1.5709497415715357,2.40468626018923,2.6614219441540286,2.37502685793645,2.100652707938946,1.9964784924126229,1.8746166700262783,1.7619550043032142,2.057084844849691,18.04190384060279,24.961952921788285,0.47848009600143776,2.086258621476804,1.0736127662155495
OSM_WAY_503318522,15.277273739468798,15.028974358315473,12.893474053963722,20.968385958693844,21.379516047814686,15.621825428703644,15.443561543633802,12.885079006427599,19.2438014759302,9.523556222312353,1.5509249883505194,12.43493935799114,12.896228496053627,11.532183771896461,30.800503995058232,11.473543474441685,12.326493987239784,19.184206204384825,10.814706208139025,17.979223994417318,11.622675031746207,21.689937781611462,11.243022571715537,9.23800492854704,9.170914647404736,8.927100386537356,12.007106138504838,13.040446155890153,13.742249796621433,17.953219512156842,17.362193244908678,9.623756846464387,12.335245517434286,12.81369278639604,17.339103163662752,19.681963131219057,20.33305982016053,21.650053222921308,19.94384533585996,18.336462375237648,17.63469843671916,17.023320518326027,20.191416630392993,21.167534269853295,20.26391048909302,11.786452359750072,8.457471780706406,17.666696800203994,17.698061554664793,9.480948363955276,9.32261533810505,8.74966435973767,21.38506241240274,24.26338510163216,13.65446546189234,17.65344344828111,16.981018347819123,18.976106226748755,18.322352496822518,22.334958824957788,17.569734756812224,17.571251585843527,17.203594889530283,17.4164390334092,17.754566836303752,17.621298859906272,17.636440918034072,17.070244146657032,18.82682748900098,13.181562841084826,13.541456786587805,14.132892029528252,14.010883588756874,13.44386725664474,12.453933283007125,17.849363896506347,15.556149009454602,31.82084797476146,20.2745856637961,17.31355576257818,17.56291207717646,17.588218498415113,10.78009782362941,10.767780931999617,10.294851527721278,11.502296800517872,11.641431930580058,10.927400804587696,12.898512921926919,13.317264484987803,13.160752358291337,12.52116033894439,11.467926809224572,11.42204711451109,12.268964691480049,12.38763014545062,10.48594546500735,10.726018458010167,10.6306553241588,9.303694701571485,8.614106252212995,8.891963735450755,9.60368075102318,9.506116491773057,9.919029440469386,10.533800637133702,2.330366179186121,2.7984173174595868,1.6999007488517581,1.744304142023484,2.620012773744188,1.1634384461450882,1.1028046488649983,1.0559425364539294,3.145118747839854,2.9173891721257807,11.583930932263472,2.863727640366677,0.3274473182190288,2.996735749281429,1.1570687321857382,0.41760477651639705,2.449108049413797,1.7915206936577444,2.1398136023462717,19.12317277892783,17.564142559112547,19.037221604769346,18.861969966199233,21.15407923509426,17.599403652900463,20.500379400481222,19.405447656729173,10.715125806038918,10.651823795643455,10.773073907339388,10.695188991518926,22.993091588875387,20.502347042369554,15.50974941984828,1.8152659727730862,2.4240858035120687,16.08775630431237,18.82755348027787,2.7360705637786706,2.002473160654997,2.4923040171710107,19.353195469495923,18.71774238926285,16.64531808967069,17.38408051266408,17.424123011992453,15.694961455160954,1.4905302302282408,1.1870409440094825,10.929898903354282,11.438733368576184,10.929198400318993,11.700380651527754,11.674086791097341,10.42102205900716,11.784563536236263,10.507357976963082,10.866777058278801,10.748110931776152,11.394527271371615,11.60699713747522,10.049086936871985,12.115084480675954,19.150229997128864,10.693753582382012,6.815475625139662,3.235284600402613,1.1274216623021465,4.721986677761194,15.554203954092692,20.187768088959114,20.15344777332702,10.580517480296123,9.352242909010497,17.54514502409019,1.1540245543333472,1.164662883197363,1.1360720727038705,0.0,0.7836491577294452,0.690721411225661,12.009256718827164,17.55545561303012,21.70389585887688,17.787371260577157,13.299405080721304,12.03214760678125,11.464335159951947,11.022139350165379,10.5139632306177,10.456665537358862,2.1146927250601855,2.1203532383982227,2.048204033743083,0.8593976857329477,1.4592873864859794,0.4357441248673927,3.217061827109757,3.355925085754111,3.063948680211979,2.9512115896909097,2.851035454292241,2.800657689662838,2.5474739505508506,2.6993351223755004,17.665655257092777,24.41121671163311,0.6817631016162073,1.015304132092648,1.8935862854145544
OSM_WAY_503318526,15.083130816177258,14.790265515765489,12.400733442547507,20.61110089087446,20.939933356269428,14.992701497827538,14.81351532889468,12.544281334404996,18.80253131463942,9.02462129197492,2.088277133360633,11.894522743227704,12.45927134978901,11.048896622157098,30.108604861017362,11.007077768187429,11.543597663247779,18.626244276543037,10.305673431071716,17.37718309139111,11.159034941039085,21.201841217027546,11.076812625981686,8.741465573852215,8.692307020986787,8.424746153819331,11.450091098008759,12.479758776299107,13.230012189631609,17.462235536396676,16.892870210295847,9.168185639998052,11.898446127808329,12.325931894541542,16.86970716949031,19.201476580241938,19.818333989781518,21.16216213242097,19.49221940269206,17.807877352719434,17.071181418605647,16.57086135901564,19.658037778650336,20.66735673690293,19.869948908562808,11.445988145742128,8.291569543835157,17.145852040237923,17.181093759535834,9.363966415541194,9.218712116839077,8.67741913487146,20.928386516194497,23.65919446936262,13.162326550775918,17.186428982499194,16.535637912735147,18.474259249837427,17.997557505927325,21.92315133134096,17.12831738178802,17.107294441003187,16.730368396977784,16.94858536940579,17.284566337431738,17.153263600079672,17.11914158409075,16.6123483733927,18.311967779455365,12.685364794506066,13.041411057052422,13.620372919666469,13.501018628524147,12.945979680777853,11.973029191310724,17.38099573976544,14.939453143096662,31.12406756690914,19.822517651093065,16.845175151384765,17.097175475361883,17.157386303655002,10.148497164375046,10.171032826023305,9.71721320504803,10.882785392112181,11.07679405471412,10.358104658538954,12.334882046999768,12.749730575028611,12.597362890353132,11.961199490273186,10.924516319445992,10.886405294028751,11.710715366192058,11.83767339103911,9.918159225983862,10.169173322323815,10.088957463073445,8.700159824528246,8.114909983046479,8.427884305116837,9.052666532712594,8.931657941562282,9.366015031644958,9.967559417985072,2.327757813369638,2.9327289669069696,2.208999975362033,2.1853562718579647,2.998341462973037,1.7550862048789506,1.8636413802654634,1.593551008152672,3.6853041533359137,3.497750814114303,11.1471105080962,3.5995103926780723,0.4584073044710089,3.6518201266019577,1.9148397927962593,1.0849277996750568,3.227182294519531,2.5506158365607408,2.834897603118334,18.876928893582853,17.1205786580546,18.775685332118346,18.6053619419265,20.683113629080918,17.05348982319209,20.018542045503892,19.051213226126603,10.368035339627381,10.301308357401899,10.428945805154537,10.353186595940006,22.67985678271803,19.95674172434601,14.880464462220269,2.477140039854247,3.050332536712319,15.916551165366412,18.26328892866919,3.362714792955123,2.7050552688702405,3.0631901121493454,19.127598808962716,18.89713665492205,16.211638770032287,16.949656104864907,16.98866424966018,15.060494769655389,2.2601813761809377,1.9594453695860623,10.335542086776485,10.825064607086915,10.38170722686515,11.15238041438303,11.112836848050046,9.8413693049179,11.23343540015248,9.90276964966202,10.233388702702376,10.122443592303298,10.85254611971135,11.041031218385944,9.461483270921994,11.565625447395655,18.719428067183173,10.357615391879714,6.3282091748139555,4.012616403986877,0.6652841788882018,4.417569533265179,14.988474039058671,19.683470415259453,19.634409516462863,10.294418825319742,9.138480604483131,16.907975551478156,1.76673809452097,1.6241127788439769,1.873362052867581,0.7836491577294452,0.0,0.3303259625513912,11.47463035134119,17.12358857022167,21.478438797371286,17.312138503222794,12.820211025616775,11.46981186975189,10.908842641430754,10.49277945137891,9.99208117016799,9.926794043673722,2.706647302562294,2.6358983715271425,2.5520888569608307,0.5079555768653459,0.8728014993790789,0.4101747500799454,3.6466642994778327,3.6998291770808587,3.4201569834173986,3.418957594941273,3.3265112590738153,3.325591821433984,2.9984559438119227,3.0509418457054847,17.137816200767645,23.785709077885322,1.45141324882364,0.8422455996138364,2.4228967499665752
OSM_WAY_503318532,15.401727349912385,15.113422118540933,12.726937485333123,20.94118142530556,21.269093704992667,15.29475895509999,15.115336676341538,12.873739419228764,19.131669084495243,9.350787864661784,2.1695200639511176,12.215484059826508,12.788805207487064,11.376015697506475,30.385351268765273,11.335327648430765,11.717057495843674,18.943721698791403,10.630651826716152,17.68598196048328,11.487434011900813,21.52787737727704,11.391230667085088,9.0678956392407,9.020095678166841,8.750740820390286,11.768657312754362,12.79752833545925,13.554242420585778,17.78819452996945,17.220535136888167,9.497203795083092,12.228013431762694,12.65255928552982,17.197368321597093,19.528224029486502,20.141764219563164,21.488217655387484,19.820842054558224,18.12975227379781,17.387854259540934,16.89953965952879,19.979150270675873,20.992293471550884,20.200241345694796,11.77537274019428,8.604935697816149,17.468739543950335,17.504434394057757,9.670686028293195,9.523272530415749,8.97628967424841,21.25669083518458,23.96693012959993,13.488504365577768,17.51423257390509,16.8646618425067,18.799141179421994,18.32663416748811,22.253180040818854,17.457496515859464,17.435295999264476,17.057773129694546,17.27634507813815,17.61216713563044,17.481001870554607,17.44244847677897,16.940730938258756,18.635472263625363,13.011234349923443,13.366888892582553,13.944529144535306,13.825470338422983,13.271668142190306,12.300223288504302,17.70870163628203,15.244945596009652,31.39829531993089,20.15110747533136,17.17290504306435,17.425065387489806,17.486969481217024,10.451062506620739,10.482426342614655,10.032638729461752,11.188454749650441,11.394181920091782,10.674862584900911,12.652182430653077,13.066278725600728,12.914656624584117,12.279185541893094,11.245240441866525,11.208197813077646,12.02903013098495,12.157262168217235,10.235301813015608,10.488059716907143,10.410104456850174,9.010573679703658,8.441255112372081,8.75657736942111,9.372757184861227,9.24793315241076,9.685712851269138,10.284953968227063,2.596409344037419,3.1714619015909684,2.3049974193010203,2.310738264106207,3.1569043246108492,1.8044650913581177,1.7905544241725633,1.665882043578055,3.775801158139,3.5661722310790287,11.476717823547894,3.5540361735650796,0.4386613655345856,3.6745151635338655,1.722264117289955,0.8757134235781393,3.116126038555748,2.4777882314387365,2.8264926124127268,19.201074508161767,17.44966463029169,19.10106637470305,18.930347259384696,21.010513340803477,17.373011451266777,20.345148092653442,19.38121569560069,10.697573168840222,10.630949348742291,10.758389009268088,10.682549581029317,23.00855611140714,20.276082915088384,15.182494972971611,2.491903399885795,3.0903217269867045,16.232499873156385,18.172772987099627,3.4034506516310015,2.6903720391547754,3.135055131705126,19.449884643378873,19.14090583430982,16.541148363192704,17.27911782437252,17.3180864456309,15.360962218516669,2.171764839535923,1.8676017358092882,10.64740602717353,11.132262384647655,10.701963435887599,11.4723944471628,11.430785560353286,10.156374807066262,11.552964355369987,10.212473305620295,10.535400172493963,10.426700455947042,11.173485860369079,11.358199863243813,9.775045829721963,11.88534046695265,19.048976167347142,10.686757968088704,6.655966536781573,3.9017266602146985,0.46503768593981126,4.743095828709066,15.304998459030658,20.008038933595003,19.957347569329276,10.620812807306503,9.4580719551245,17.207325843608935,1.8051507197820778,1.7312186458047578,1.8267519072633716,0.690721411225661,0.3303259625513912,0.0,11.796446840043581,17.453137068526928,21.800849472409457,17.63937042589627,13.147450371435472,11.787502377411263,11.227766163798082,10.815451623864753,10.31574347787804,10.249522535306015,2.7651397861490583,2.7330186718092215,2.6539806869915017,0.2220801540303047,0.7736655490722936,0.25711165459847346,3.7882234873031786,3.875514282696158,3.589819653087011,3.5429151332221838,3.4465396839155913,3.4223099361884644,3.1273673310358765,3.22003803820816,17.4598386972217,24.08783311379267,1.3682628790316043,0.5315072446684431,2.511628902272737
OSM_WAY_520141095,7.452414184820616,6.600961197128468,1.25062016827689,10.02775109328261,9.731649379725011,4.312582435129319,4.1729978367983716,3.78911661594772,7.63108312743762,2.5485116293129004,11.782010059958235,0.4399671524963418,2.1553070759441395,1.0903479987242062,19.72513329884886,1.393318156358757,8.95733855554553,7.191230826095864,1.2787082368645484,6.205241896927707,1.4048204697847704,9.785035330306227,6.101564393821421,2.8320696842823514,2.9709063983438826,3.1170032432296644,0.46740230236184693,1.1666567796422198,1.810293790484694,6.060873277392508,5.602678981140345,2.716816724054119,1.9374826927104736,1.267010986491482,5.579703002416971,7.82232962784631,8.3517611924005,9.74610532058761,8.243501094105293,6.333307350529213,5.660344088933653,5.400924392263558,8.184290306982215,9.222864723467822,9.006116943471246,3.507937643641785,6.250841097904296,5.675690702472302,5.715374566552968,6.644163640734229,6.8080011110645025,7.207887023562947,9.632133450036989,12.412415462481981,1.8946815396329826,5.901907981786126,5.420304964996743,7.033397573322263,7.957397463805693,10.864257541248291,6.014772779012109,5.842678096788802,5.4223468617701025,5.665382721905426,5.981167888090283,5.863788242285973,5.6530891010623705,5.4026079696097495,6.847167685253371,1.4367888582187114,1.7149451789282741,2.18940026412665,2.085296085117184,1.6474710620351047,1.1770204072937864,6.084296328082212,4.073022969176717,20.803987897545742,8.565446833913617,5.561690060800041,5.8223287375203965,6.124678800367532,2.42741075545988,1.7994779338128377,1.9310717583864314,1.9221774104731573,0.7291929578874959,1.3017489676548222,1.0790656153850242,1.4842610522579986,1.301482061396908,0.7366334963792549,0.573873563169148,0.5882515154699369,0.5571921450495672,0.49184702851991086,1.6725495519311848,1.3666935147107475,1.3893575059900731,3.0411571811791203,3.431112862236221,3.3010823118441985,2.433634032080755,2.6326457851637115,2.128583679755209,1.616176517203783,10.175463237516732,10.28253143483248,11.699778859815932,11.487103373719123,11.202192348446564,11.903281215649322,12.536892990514577,11.756925549302638,12.038010200037137,12.221250809532844,1.878691751989861,13.337349194997584,11.762254739393397,12.736860702974363,13.054925618372511,12.422951019095205,13.610578330791633,12.926236071532562,12.642264251462327,9.67125821058355,5.991487561183691,9.39363675302443,9.307798439730307,9.327465615563705,5.592803717078113,8.62788425028087,8.594942781961182,3.45163216246485,3.4156840151640777,3.483876137074242,3.529707814269965,12.399963064915239,8.494269549155767,4.217818551257832,12.329160349079816,12.34209902535238,8.355385142046584,22.101995603684465,12.447502487681943,12.628111709489778,12.063475126544931,10.147468779160958,15.691980792848756,5.2126266989324925,5.899092541409859,5.927776685907749,4.4616281426430975,12.840942977870458,12.676440554957715,1.6561030375602184,1.8055345315426095,1.1160761473640008,0.417547906773515,0.650863838059269,1.8415000632945073,0.4116695178447006,2.0968134641440086,2.4278577028274904,2.3235912093384776,0.6359535723841151,0.7709676716448471,2.2417803525969706,0.324272050432539,7.620643750973801,3.615166681454562,5.220237991013886,14.166151117567201,11.882688192436493,7.622872242955025,3.6082241087137663,8.233259685241054,8.163787753693011,4.349435888598653,5.4972859899651985,6.16771938434606,11.96272734164213,11.581420424269123,12.420604686187744,12.009256718827164,11.47463035134119,11.796446840043581,0.0,6.084335101168588,12.227695437375377,5.980988025767485,1.7488862465599346,0.5816112906612202,0.6992585666214394,0.9901618690871862,1.5088942900834428,1.5533832100589773,12.081538415155359,11.75203791599895,11.70038444973271,11.908689334621164,11.730371890836919,11.845984767723456,11.431162439876754,10.993414324285741,11.072416758892853,11.609277672031613,11.639044156715567,11.885064914431808,11.507370626483015,11.0869479224548,5.663445669317873,12.696987693898786,12.349207716894124,12.219465647504313,11.78405045038489
OSM_WAY_520905277,5.799827875364168,5.021322866943451,4.905142787060199,4.0355910134241295,3.827485603866759,6.000069629331678,6.061519888535632,5.033764956297745,1.7042372089578024,8.180042167931395,17.035540076617973,5.779284814499249,4.664335607023233,6.155382529615244,17.333944969486858,6.147023477443472,14.141991538636136,4.083072413644078,6.9831835819215025,5.112294950965543,5.990596408961233,4.448631330242696,8.02455997324191,8.449888535024932,8.45997630392399,8.77482345737155,6.338196417711699,5.571038947060198,4.327061984146297,1.6771783047118192,1.0289746018361565,7.959886615469655,5.225148550887101,4.944986718798648,1.0352750585562203,2.526744689323888,3.6918632774390416,4.408819751063152,2.444919909821417,2.864909009110158,3.7877259140428063,0.767697068459632,4.007781094800371,4.1322110571264234,2.9271704764091115,6.033117450551663,10.006438524799128,2.488637869204728,2.377714739271367,9.643479070914672,9.861942078264898,10.498378812066141,3.8880585149406235,8.953422502304896,4.191710765043786,0.9550317147881996,0.6809714422274235,2.437327728709642,2.889935830628596,4.827020946101578,0.2547104098272286,0.8653790023361718,1.1699565806289476,0.9808027887295986,1.0526822529221873,0.9800806701732749,2.38145308029747,0.8507034984888783,2.6856425367376695,4.663902884879027,4.369926913268526,4.000817683783077,4.06848640102474,4.437786693735274,5.24827166650395,1.0320721212718864,5.619251639905222,18.42801446194107,2.771244889002072,1.0136271815747278,0.9140707874436533,0.04314520887846789,8.35079324678442,7.845381637142974,8.010908072734532,7.647781455927193,6.734136732898278,7.385195121504731,5.723999237341898,5.48290910794605,5.525223944932709,5.960949722609075,6.648980838531338,6.616565904093187,6.139510773695588,5.935320440628893,7.747085876440613,7.431539435334945,7.383392371594972,9.114211731983463,9.069855199841944,8.704259749933566,8.391489605208918,8.664523391758607,8.119146844903979,7.6903577839266415,15.467883042723775,15.397830048492061,16.92443667164768,16.715279151933345,16.240969226451504,17.233828323614684,17.89837231018363,17.116015663384125,16.912166511306484,17.154667853943366,5.976565224594434,18.35835747065652,17.348577673843522,17.67066813310195,18.499638216962815,17.972835590288575,18.782371895571224,18.168796262780443,17.777931121559526,5.058750296638135,0.31204240489479296,4.667097153801678,4.70644438199504,3.7636610515587363,3.23643686022018,3.2701179050576137,2.8186965874619765,7.006074648581435,7.052653451113261,6.963622775007671,7.046655489483801,6.47877147105129,4.52909378788877,6.024770379709142,17.52352475784281,17.3977231920604,6.167117393832044,27.593953534636572,17.431696057483425,17.794709613109635,17.098800935669782,5.63848007906688,14.38296249240468,0.9124161788443969,0.1854289682443806,0.16359118876183013,6.164111742674083,18.14609777861047,18.033798742085715,7.686193397849276,7.592833360180549,7.164780281580987,6.493442074688482,6.666139957614719,7.92529311103592,6.455655522840737,8.152689575274751,8.320983940369258,8.277239171190871,6.700013309607034,6.7787810675746,8.323277984318663,6.156482797158481,1.595839643057554,7.07437981288046,10.812662723197793,19.213951336950988,17.606496453986324,12.884285782817798,4.1685093177145855,3.3675541534012776,3.6469149978790822,7.457671511845253,8.977351207535383,6.286203014751529,17.293736313810612,16.930955466980254,17.765505517482868,17.55545561303012,17.12358857022167,17.453137068526928,6.084335101168588,0.0,7.052891738411553,1.202514427983295,4.424048841644783,6.3850669730456,6.777398197953693,6.927428017334954,7.347182687510146,7.454332790586168,17.204840724768935,16.879400377832596,16.846354413723255,17.593298294406015,17.49968458971977,17.461938205490966,16.299859906233166,15.85310499806542,16.005441741692856,16.539713167400123,16.593834685296734,16.846598860430866,16.54354154488613,16.115446533585345,2.6961513918876805,9.679711909040728,17.784935697864572,17.91951010743591,16.961991280701458
OSM_WAY_589738245,6.456167527741257,6.690546208012403,10.984156681020133,3.9245228412598343,6.480615996650149,13.052245106888037,13.110450706660004,9.256126438113,6.695429713726287,13.533261290141798,20.767460692593488,12.068067952170024,10.192041915494446,11.816371574935951,21.63807090749732,11.658158986004407,20.945949301851687,10.360924433504273,12.668030330801516,11.913793986830878,11.509104330414496,8.140613320789246,10.504524397842383,13.736356346560708,13.630416181690931,14.0379455578745,12.609931889085264,12.12092916777794,10.79175974658563,8.434078097106447,8.052412562799121,13.05797334348109,10.633962714288963,10.960684582017986,8.06332674871621,7.802978113765617,8.907029224228605,8.12679736248236,6.882678580613838,9.463433736437404,10.656447050741514,7.788080590731066,9.538780742421242,8.479305715967284,5.111229116251923,10.284417554978203,13.263955774041671,9.357935377632673,9.238312586526657,12.340091448062141,12.527775810601511,13.169113078682484,7.040356933558211,13.405625516346255,10.480250866448143,7.882825840422555,7.644999395198589,8.546838714391683,4.355208807391433,5.7243726119816225,7.274634613321615,7.834941837197402,8.213442158797632,7.993990040076434,7.924826042170781,7.92108263429151,9.26271027257877,7.894770308606785,8.970270227902072,10.850735813763832,10.689226696227374,10.576731242377328,10.592937021651458,10.71228979101152,11.110922882380509,7.849015087744024,12.669103304743585,22.6576866865171,6.867808791171354,8.047886133750424,7.883654301240764,7.012958295353223,14.654333467620365,14.004836732172654,13.966875108214923,14.07389743063781,12.953909392034683,13.452271226157983,12.252589689672636,12.128695945359679,12.116497255884003,12.37800667848562,12.707879646568694,12.6174093076726,12.484125735848874,12.26595629937055,13.699414612709662,13.383947762408496,13.228203656655722,14.955832292148477,14.261566321800483,13.7467227701416,14.052209923391015,14.420502315086784,13.861299032742092,13.646216587290834,19.397920727347767,19.09347636395278,20.624054351170724,20.438321784374413,19.74663387250494,21.0635799082396,21.7244287249872,20.99834465834721,20.13050429574395,20.428241437114657,11.24515961359624,21.645137407487343,21.57914133613848,20.89622898827048,22.41628711329597,22.099850101367664,22.25443768678756,21.793093833066134,21.27668821788929,2.6520857084550005,7.329210931488466,2.857955206645611,2.978934578491425,7.491325797680901,10.11641110650152,7.816347140764172,4.311419151307508,11.335702798367247,11.413743296688367,11.265280682763466,11.328661520519717,2.9273358920325547,9.994169021191802,13.075160636774731,21.128308711653407,20.81614122185061,5.746251373542982,34.29303648771732,20.74822944117462,21.33673610054375,20.516438399490983,2.351171767209421,10.781141639929045,7.564957721757284,7.194934656947256,7.199818132424234,13.216959725432364,21.86692480555913,21.84350078811278,13.874124090147165,13.982476134170074,13.114431805897448,12.637491495209606,12.876387567376527,13.921316311572687,12.638730983664239,14.283913770171393,14.65104476549242,14.55120566941628,12.732153902258235,12.996800422877754,14.26839705250345,12.414434341926551,6.422642281780601,11.301405074334685,15.681803412304204,22.471097909863325,22.070241196765494,17.066277243949436,11.19793792415498,8.552727959339322,9.04624052716903,11.224580814506188,12.352136219136959,13.196941134341929,21.11941087505134,20.8137347045325,21.575838302923415,21.70389585887688,21.478438797371286,21.800849472409457,12.227695437375377,7.052891738411553,0.0,8.052668457953537,10.49695590140992,12.691004740280022,12.904058176085856,12.791665025887534,13.04645067552419,13.189135159803628,20.73537067355864,20.44496584881022,20.441018797368727,21.98361756065448,22.059177014165133,21.736471704749974,19.574853054809132,19.16574223093722,19.395928644111358,19.87048623951811,19.951448103640157,20.18803112828293,20.015487528690638,19.620180144603204,9.562628807438253,14.406871673980108,21.736267897495622,22.319636666526655,20.591451046118635
OSM_WAY_670889758,6.922887759993075,6.106071248902331,4.921925630283856,4.695676634368565,3.7684735715248605,5.10017001783541,5.185733249191569,5.69484953646847,1.7676861531674883,8.292701596575549,17.36654994770314,5.617980914412051,4.954807040740492,6.263402739157225,16.249818302012134,6.314073733136407,13.489094228343387,2.898461471217056,7.031920126919596,3.948290361610985,6.165951174116652,3.917486105352102,8.820503158042506,8.573638459137982,8.621071538723426,8.893362029625662,6.154074762808763,5.2627377316471184,4.170725395470435,0.476931284764173,0.45295729163303095,8.166064342731442,5.504917436937126,4.990103498404551,0.4738662361382511,1.898671571093964,2.8056440384196604,3.877205204207843,2.2772152588910077,1.663874690771518,2.6383924745066336,0.9746331360022653,2.9887790546455095,3.4570806727216414,3.4375831047284438,6.597348058820145,10.584286417141247,1.3259067448933306,1.2089976827077193,10.337153988162346,10.553281195554725,11.168176516241857,3.651816560136951,7.939508972594163,4.1634935421407695,0.2636356051239874,1.1305995303000775,1.414953875590272,4.040471180952829,4.972152568328985,0.949816703167963,0.3776251032744077,0.5855036278852839,0.4204964441548366,0.14983271763869283,0.25837803066915255,1.2238024952284308,0.8521498596879552,1.5580057296133276,4.645729547268055,4.3037479474294456,3.796297549623665,3.8959071987373397,4.391721199760375,5.339148548325376,0.20367720645029172,4.744015837828523,17.34672381769114,2.5920646490116406,0.5072268421550168,0.3436702104727726,1.2255705966866373,8.069104884054365,7.6508826430976535,7.901454092280674,7.324034041812091,6.5570912078657475,7.252119447032195,5.421337244173735,5.11121554622198,5.190855219410848,5.71520984864511,6.554829199805097,6.551049425294348,5.926057839225245,5.741209699728326,7.6496966725702995,7.347602838421389,7.3473557972433,9.013347639021228,9.200360338833564,8.895410474419515,8.385548281464947,8.612155069096477,8.092700065162612,7.593795233043375,15.77797034233903,15.760132000335904,17.2637981475492,17.05245207823297,16.630320407482174,17.541171910257106,18.198339791078823,17.413368711409607,17.349693786989334,17.578162344087822,6.244115935291056,18.7644844845045,17.56389584823459,18.097013692387748,18.772880571199348,18.204745956676998,19.146613609002603,18.508577263483335,18.14834980439874,6.20500027598781,0.8946803630550371,5.808044586632883,5.861620519809063,3.3718297851629,2.087708079554749,2.7174916988479816,3.7454801682645673,7.482784784103307,7.5184165510275385,7.4501005088878305,7.532992276687843,7.141339868447397,3.4882076510547857,5.140486797228018,17.87516088202947,17.789205654573866,7.337027172208539,26.95380456468104,17.8431370073174,18.156031814415247,17.49429853458428,6.7853314398449465,15.569157552480275,1.5746697263831744,1.1743442315090669,1.1369743307437932,5.249055305594507,18.465772991764485,18.335712355163434,7.484093374916126,7.291037727569232,7.0943138838998445,6.366558033217657,6.497256325545235,7.80186832071197,6.311307855596359,7.960303726878497,8.02678554778334,8.012579770907104,6.615650400298491,6.6004840227523704,8.206782846704721,5.989620235874417,1.8772610978198563,7.572814920059888,10.98445606957171,19.616455138105984,17.76273167238921,13.183503824324742,3.4083872416197547,2.5463257308105653,2.706208759666197,8.041346295897192,9.570474458282911,5.169209379328492,17.601205344279755,17.230617592568542,18.070472483460485,17.787371260577157,17.312138503222794,17.63937042589627,5.980988025767485,1.202514427983295,8.052668457953537,0.0,4.4919294800186655,6.1800859361138505,6.644400153807099,6.905628092433726,7.371647961728934,7.459645485861398,17.575924501901724,17.247520356167808,17.2088628296748,17.76759071795964,17.633414986556307,17.665510868690628,16.73477891272741,16.287156186740404,16.421655984094425,16.960191722498802,17.008206323853173,17.26074195850522,16.935514738008806,16.506808880131892,1.5347866804116734,8.611043229364835,18.058738013813514,18.08764783740653,17.315676979697784
OSM_WAY_676402012,6.080815148348758,5.178661069381576,0.5005967866057955,8.306230397277595,8.167534646264992,4.4685375928180235,4.385654476591013,2.6977240673231364,6.038578830664827,3.8037640066777025,12.919051144872098,1.5765010147391543,0.936407563930651,1.7716649239608675,19.315156830248714,1.8367503848191542,10.56723101322283,6.21554530689067,2.5659641564549314,5.681405596078544,1.696777370471541,8.390984083176324,5.647828803043893,4.083216153586549,4.129913943588785,4.404209973284376,2.1129843559067254,1.8221670826224567,0.839029544062115,4.657987960320107,4.075483601585119,3.688841701554197,1.262263009633858,0.5214399521544358,4.052282026190296,6.383205021396335,7.081088224633284,8.351048561601132,6.696374452657044,5.170420386429293,4.812870303234142,3.7905720522298325,7.02005768458138,7.879399977804799,7.322756141163795,2.941938863876399,6.5755563085499364,4.470239511740224,4.4808798064141415,6.657991486025103,6.853647469430707,7.372257094071491,8.120224790267738,11.588391338596221,0.44624871744432054,4.3709644022941525,3.7829035026664593,5.696025320182036,6.210957450998342,9.243467646110043,4.382877217020683,4.296036654065899,3.910632821127666,4.1325634400843105,4.466276122653285,4.336771659072444,4.421941088753915,3.815612821073643,5.586387260181092,0.38175822918833086,0.5052148654475613,1.101904571540645,0.9706757410149541,0.42264603031499876,0.8472989482499664,4.563922301509627,4.1183556500781595,20.408163087822615,7.024671661817931,4.028750017310434,4.283413620296042,4.46256662329168,4.163107551580327,3.5478091997661254,3.6241309954662606,3.5840866497372392,2.464889332621937,3.0308897542714894,1.9084020770045897,1.980416850254928,1.8784160336218132,1.9263712677947007,2.2776559275518937,2.2218231956626475,1.9976597178289857,1.7805728739982933,3.3555756425212833,3.0355086606470745,2.9651495999548647,4.711674038254882,4.709706436861217,4.409274219119248,3.967468667420972,4.245678555011707,3.6965110296238732,3.299074530155873,11.321756033811873,11.340034592858993,12.82194440814179,12.60968396434068,12.230020498044146,13.079800612263247,13.732275593389172,12.947258713223928,12.995095762107535,13.207236581351626,1.8793205199807799,14.371683762358957,13.073532485159182,13.72680650670183,14.295200197040705,13.716584346670054,14.717650755496512,14.064139572608823,13.72668464272931,7.964155986711188,4.366361171160602,7.674920225184599,7.59709857264939,7.86321385271949,4.591707536895462,7.201291670167421,6.855633748900554,3.432767615574071,3.438228410443503,3.4280516977876294,3.5018388454082348,10.6621499672026,7.3988898647611245,4.4049762480238375,13.440189264578791,13.38637318935863,6.932432288307517,23.808156669032936,13.45883179465598,13.727371735127539,13.096183119527707,8.454968248074596,14.651953265265691,3.528329081333074,4.240796498795616,4.273605892565136,4.651465501074127,14.009394674477559,13.870374122447675,3.4048469505344063,3.487766564257128,2.764019852583754,2.1657711722007917,2.388561793382689,3.5504752596471447,2.1545541367640313,3.842670143566912,4.1563817858869445,4.064758258431465,2.3183026829068667,2.5086030786863165,3.9373786924795677,1.9174933753136478,5.9961093738998805,3.5683011944670495,6.492698865100523,15.217645298902534,13.273009644900425,8.728929023746163,3.047769577192171,6.9090089645955,6.917529813337119,4.22098510894583,5.6511386482061505,6.028242796144481,13.139794134623527,12.765919850607494,13.607021329880428,13.299405080721304,12.820211025616775,13.147450371435472,1.7488862465599346,4.424048841644783,10.49695590140992,4.4919294800186655,0.0,2.1951577114730605,2.4439097921979336,2.5075071128805635,2.9248578987904397,3.030326421595896,13.156501059723663,12.826768090644139,12.783823286629811,13.276094879074197,13.14775997916717,13.17406877481929,12.380511154577816,11.934472679174887,12.048699254299335,12.58899954426385,12.6304515809644,12.881601553236113,12.536357514712005,12.108888452676197,4.511379308312702,12.002960221528218,13.58195808886844,13.596660346805907,12.883686513977425
OSM_WAY_715061903,8.022807442907702,7.164899744452694,1.7182765130048145,10.373206257514388,9.947186997655672,3.97039280959157,3.8184959401607674,4.368352917354222,7.874739906795496,2.7312139002901414,11.879566497719868,0.6266810783809265,2.707578056662874,1.6287260973321065,19.444257107699794,1.936574423656344,8.415278963652824,7.156443606717655,1.580526263809676,6.027883456973909,1.965398460492195,9.906631967339159,6.647169078443331,3.0005578417527867,3.179056348713987,3.2518493995917903,0.11602716785645434,1.0100491349415772,2.058165881744597,6.217064448489798,5.826252667563748,3.0189376629391127,2.5166210014065697,1.7621595998582398,5.803691580305219,7.978579082167195,8.424764564986788,9.86839799253821,8.455716062445088,6.382540141963074,5.603066951441474,5.674101793620276,8.213283670567124,9.32309801086742,9.312200822839653,4.080049059304322,6.659413283744789,5.752693724203662,5.803501399754661,7.115927637132813,7.272363167823359,7.644621248223539,9.816927265680109,12.285422675850992,2.250414732772294,6.123854371504271,5.710610203590461,7.148084605383043,8.392256354450884,11.114232063482527,6.295826278530238,6.073849811148576,5.64029089043329,5.891154931997599,6.193650460411491,6.084069256207201,5.74093458987551,5.661776172891559,6.9302094395209535,1.8423151286338837,2.0502807222733432,2.4013118357868866,2.3207932883312754,2.0059478420360257,1.7338288182063348,6.298528404362819,3.7715680415397115,20.517399084238484,8.772147582173856,5.788836409494252,6.0495051928161505,6.426498759166341,1.9896415880289537,1.472169944896343,1.7725322445063751,1.3930528028375877,0.39500474276873776,1.1178053981190725,0.8664176745939632,1.2882811568334762,1.1286054425281307,0.49308340378340976,0.6787270642450989,0.8093116832773483,0.2547904377764505,0.44989424152628865,1.5532951195856681,1.3084883405984422,1.4505650693240104,2.8666176352996,3.5579287145429634,3.5180702107876556,2.4331508732968445,2.5437126645524293,2.116844453010853,1.5028279685648376,10.275833141574596,10.421377322622009,11.804310302595004,11.592284436147644,11.34920404045555,11.982303506450302,12.604862014175707,11.830016014023666,12.21016283614137,12.38127887980676,2.44166933078957,13.4739781952604,11.774936793699116,12.89350799310174,13.09962936992418,12.442664389780218,13.715406820059421,13.01944534493551,12.759942360474632,10.157068312080208,6.2682151191101125,9.8698761363196,9.79079565196663,9.48744289954901,5.592525963490218,8.772277918639556,8.972241970960871,3.97023081949621,3.9289416235296786,4.0070489734535455,4.047988081005846,12.769062340304544,8.492693624595544,3.869365163089287,12.436314273122136,12.477849870467178,8.921369223115184,21.613618087075732,12.596486282268703,12.739403126776793,12.205047027480834,10.643251322997045,16.271249312638542,5.53926271105079,6.1997599451244145,6.225179489421881,4.105470608727271,12.920506743293458,12.744639286013124,1.3075018229237407,1.292733026936903,1.1362180884066062,0.44226051253263,0.3583557881360469,1.6580624063264966,0.33825068887058496,1.781718612639198,1.973982636020791,1.9034184817321904,0.7543239100387418,0.4339643859774009,2.0599499663585763,0.28910074251087,7.885730982783499,4.134491600001647,5.3047898711331545,14.293253075676226,11.851192251616672,7.758360129838284,3.522076878292693,8.331257176126924,8.227621419789063,4.8685985267986815,5.952553611579272,5.872020229028401,12.04127765197425,11.657922511263193,12.493183095321568,12.03214760678125,11.46981186975189,11.787502377411263,0.5816112906612202,6.3850669730456,12.691004740280022,6.1800859361138505,2.1951577114730605,0.0,0.5823326701900329,1.1927193561907148,1.6915787839039027,1.6830085408310524,12.205241149337262,11.87707857880562,11.821881526614844,11.890206285158788,11.683406228669648,11.849390968291647,11.608723890083063,11.176076722213276,11.240894981510845,11.774137587059203,11.799106223007675,12.042101902564918,11.652634536212641,11.23688545503287,5.719394444712553,12.523581028276508,12.399830701591561,12.194435883817524,11.898193208766028
OSM_WAY_715063833,7.9901621524034105,7.162447685080294,1.943933753729978,10.726699741863518,10.403331285357654,4.531600768440967,4.37597447938002,4.292124026748887,8.31108145577047,2.1561813275694925,11.29966597136878,1.0275326706590004,2.770346804649378,1.3884679937335647,20.01427431042312,1.6841761650498603,8.376409313181329,7.720299411100435,1.0789296667766353,6.610133630631431,1.7568946947949187,10.415653395617177,6.326533282423989,2.422298082917625,2.6071128798862993,2.6700877263160354,0.5430864545015808,1.577967141411699,2.4797424833279,6.706017636076989,6.274745406982127,2.4797003204724333,2.46726720897598,1.9505729201184812,6.251890127072252,8.468919684538237,8.95458618724304,10.377067405829697,8.913390452741325,6.920046234100804,6.170911009774382,6.0876242078610225,8.75930087517779,9.841788519083849,9.700964151296686,3.8627608988175317,6.163555063372924,6.278637472745135,6.324823325905191,6.67651963711377,6.824443894889524,7.169118071990002,10.29206072318514,12.865757348845692,2.5912858885722,6.573693894504211,6.110948268155376,7.65879744134083,8.6466101465434,11.547178540837525,6.7037734258379285,6.517548403056755,6.092239767370343,6.338268768157194,6.649643503962132,6.534955640560571,6.262299967728933,6.085621925064,7.4548440949456705,2.136030222743639,2.407703246383177,2.8482105981856543,2.7524105473848337,2.343648610046057,1.8057098531313616,6.753502142723053,4.344005767429594,21.08594533973354,9.23347129119766,6.23494308441098,6.495841087132722,6.8179563571084305,1.7690715743056011,1.105350725860391,1.2577227731700995,1.384250932743068,0.25522112958392307,0.6099799636498772,1.4412991331573561,1.8664243328219567,1.7016962458045644,1.0591483253988343,0.24212481520911253,0.39543700578774077,0.805561659250594,0.9335573364840588,1.0137388217655052,0.7397082441295065,0.8685734361586415,2.3691092261336446,2.975715327334675,2.946797646191735,1.8609269221019589,2.000088043934585,1.545314516923753,0.9595321743257996,9.695498861703971,9.839101957689934,11.22378673972111,11.011689140944027,10.76687202863166,11.404482340429622,12.028655706498713,11.252965915824216,11.628355362406237,11.799062628367619,2.2199044438795847,12.891816637917444,11.209482852508454,12.31122382740418,12.527444840775091,11.87566720589429,13.135007030327388,12.440087237697139,12.17855823001566,10.335549467498222,6.679469449317077,10.064135992787703,9.974172125317363,9.976549637676962,6.1457442107719755,9.269349473065821,9.293763932668911,3.6141488324101227,3.5644548712607813,3.6585342577326925,3.690471740317805,13.098999915714217,9.04844007540738,4.428790679166926,11.855633113508192,11.895686923075651,8.907089498151233,21.4490464428339,12.014153673617312,12.158434770828366,11.622764566589849,10.804206528385862,16.069817186785837,5.9092326882496895,6.592053256333862,6.6201437606568705,4.661468212671519,12.342729384701496,12.168417279505633,0.9700810524856271,1.2471561424615971,0.5539806444761775,0.28406286016568283,0.23830235506739766,1.1580666522816132,0.33461848167929925,1.3988934340820927,1.7809555254226959,1.6562780240567838,0.2766260812460974,0.2554190344333913,1.5625487844310308,0.6657787569245303,8.30660179796363,3.7778122426843668,4.724628162138398,13.71144726897329,11.29830704583754,7.1760598547189955,4.09294551274199,8.8504198778184,8.760974295877718,4.5050651025102075,5.499598824167353,6.442777351505152,11.463524931037247,11.080385719161788,11.916294790107505,11.464335159951947,10.908842641430754,11.227766163798082,0.6992585666214394,6.777398197953693,12.904058176085856,6.644400153807099,2.4439097921979336,0.5823326701900329,0.0,0.664196179679271,1.1279268583448865,1.1066012037911184,11.623505923806286,11.295266004560185,11.240234160919542,11.333277537992728,11.135682252820319,11.28630504149305,11.027230014940507,10.59493963737837,10.658979618315762,11.192067639639225,11.216904820233957,11.459836697387827,11.070310155201092,10.654557588234198,6.253655074450625,13.10591328763172,11.826441696674413,11.63958514064066,11.316973961057805
OSM_WAY_715072278,7.6286358884404795,6.836004953547273,2.022401741846965,10.8020410721383,10.634954167011799,5.162791526094684,5.01121480402858,3.9228282897944413,8.51822035927863,1.570450802874915,10.79341953697957,1.4249235177220587,2.5996907287516584,1.0027214397989481,20.630611031003856,1.2414642376470773,8.746779198946163,8.181349578389984,0.4184875996324132,7.165639499179068,1.3577102305927027,10.742097061214395,5.730894919209189,1.8505257949313811,2.006118252355384,2.1289357116806196,1.1163070321787876,2.1066238277068834,2.7521009868282653,7.00869554065267,6.513135507010514,1.8273160352110163,2.1888919118066346,1.9862799737508743,6.489992561386876,8.765888108982189,9.327339994449623,10.702908029942256,9.152398783573345,7.316307707088938,6.649009518429717,6.274248409815151,9.169611461158295,10.188930637529658,9.830263186696687,3.3657746144368534,5.4994410868929835,6.653332844698178,6.689961134152647,6.020918283302828,6.166355340530725,6.505742442791672,10.556312380762323,13.391899410552773,2.756378387581674,6.812025785602325,6.278076280957062,7.996868593145229,8.600030419537287,11.738124640016645,6.877135472288724,6.746590097428346,6.337528209536508,6.57400174904566,6.897299911493079,6.7752237628578005,6.627868949092834,6.287642764731385,7.821472458805273,2.2745845044095097,2.6032313340281967,3.1397963097371906,3.02647947249321,2.519183354851369,1.7266891992409301,6.998829426337851,4.958060266407035,21.705092033389775,9.477386402621645,6.469888152809561,6.729183998021121,6.966421889634787,2.0925622353470215,1.3455519302646197,1.1752659437282105,1.9132026528633472,0.9194105575357783,0.7733760741497967,1.9910485359121841,2.4157273712743947,2.238815497801308,1.609733721023378,0.5152261845291342,0.41454729828995596,1.3630170551071747,1.4173370266286696,0.9090549249089285,0.6017371980733117,0.45830796050542405,2.2156362449618365,2.4425158187647877,2.3422225911272374,1.4800111578159758,1.738190789742324,1.1935981921430228,0.8572256662552736,9.186962002469027,9.30069190461,10.711971147399797,10.499349259445317,10.22267942818192,10.913376033289943,11.546738895993336,10.766831238799261,11.066677542198205,11.245822396125753,1.7687049041088407,12.355619074903673,10.776786826341983,11.760482321144691,12.06544163291354,11.436213178097617,12.623026202402087,11.937333285885098,11.656540882175863,10.189826049203669,6.8579045429159535,9.937991343070799,9.835562659782841,10.266521067384645,6.5823639417633855,9.575970178760759,9.330815085646966,3.0086476801049606,2.953713443742812,3.0578631058861943,3.0833739392939155,13.135496889997718,9.48316883994192,5.061995996740738,11.341775164855807,11.359989313158877,8.559432245273076,21.665650875483923,11.468812055795663,11.641356675971343,11.082728546293243,10.636538001362345,15.543542728147289,6.035267879787291,6.743465470652897,6.775187541001959,5.298168835129999,11.851103304353739,11.686289343860741,1.2805499532589297,1.766451569005146,0.3558031900151853,0.7612835254793408,0.8934946389503742,1.1369853330872777,0.8644025468131549,1.5614746801807293,2.131457169166618,1.961984865983215,0.4385641978075262,0.9170473570629291,1.478390839362204,1.1543802563873329,8.489782630896467,3.1705987330605483,4.230076380580188,13.182422257430563,10.907896027224877,6.639318726190247,4.590927113138169,9.201135557646005,9.141955620354075,3.8891485825222074,4.840932822306706,7.059150504398476,10.972805786965667,10.591410327932147,11.430515159191486,11.022139350165379,10.49277945137891,10.815451623864753,0.9901618690871862,6.927428017334954,12.791665025887534,6.905628092433726,2.5075071128805635,1.1927193561907148,0.664196179679271,0.0,0.5223960622472112,0.5660209899010622,11.096822354345667,10.767522735344437,10.715189835036659,10.930093480336001,10.76087428143746,10.862234692116568,10.461692119969626,10.025821222885945,10.099521903964554,10.635287014777898,10.6634893696611,10.908620798076477,10.527461325849648,10.108214703851607,6.645859640006757,13.662014323153151,11.359426876547566,11.242574839194942,10.797615808246723
OSM_WAY_718113483,7.696700124560608,6.940596632873457,2.458501394277839,11.175791957660373,11.08395910428251,5.657909982379902,5.503219759186795,4.0166958391109935,8.959727515362925,1.0491661826939611,10.273125737568781,1.9457855032379323,2.8860243376956447,1.2467344100907478,21.13583010690274,1.390371109068284,8.755655411161047,8.699098358099429,0.38171949289822216,7.686400377670503,1.5374433625580353,11.226331466856571,5.523156907761147,1.3282362063742756,1.4897207088685025,1.6081240491322637,1.6242850271072455,2.6273806409302236,3.239849895968711,7.488972171789117,6.971461832346676,1.3658409446852575,2.412888678500231,2.406022238434363,6.948266441991963,9.241871642492832,9.826289035549182,11.186970912097777,9.606160153407599,7.822505911224778,7.169189419557989,6.7122882056255495,9.67784795831449,10.680025601196306,10.233603504458118,3.3301609226793247,5.083208800589521,7.155007710625597,7.1891585353800425,5.671717548890087,5.806245842187625,6.1113440153580285,11.018482904430977,13.914289327629055,3.209901009746025,7.269613058554957,6.707645684346611,8.487005588442345,8.907325447230242,12.168321520340251,7.307590573734599,7.200702755844954,6.798919644257485,7.031152334474283,7.35826971807686,7.233642998252125,7.127253059371955,6.732097041847862,8.319895822975244,2.72689621055926,3.069520046249608,3.6296729517398374,3.512348797196853,2.9799930738109697,2.1038275420476498,7.458693955138094,5.463108882958552,22.208808169476672,9.932702577346943,6.926996573719778,7.1850267532279375,7.385335574841738,2.165594176447867,1.432549048018202,1.04184083186362,2.1701139037946473,1.3755741454656107,0.9633283452488557,2.5092893622151933,2.9349503320213,2.7590637102395834,2.126402785607754,1.025303680739825,0.9367281322802191,1.876946459783716,1.9390520743886217,0.8354253510510055,0.6656699287588771,0.3704749685894837,1.9094302693627674,1.9222315231345102,1.8277588168011987,1.051078059580713,1.380057790152917,0.8170693485237803,0.8066104712478079,8.666586907337587,8.77832329939521,10.191091521586644,9.978435551073728,9.700298014654589,10.39509996568126,11.029871064521856,10.249371459050785,10.545184746172675,10.723737647680183,1.854091900578809,11.83325426894696,10.271200675447416,11.238292814825714,11.552350549338788,10.928615257018095,12.10200332018074,11.417345429416308,11.134768539784744,10.426163372548197,7.290648069536685,10.188801971446397,10.077863377096255,10.738563076344644,7.097061253630577,10.054469335900672,9.68612206475605,2.81206990874745,2.747560475691995,2.869786152074649,2.882080991569884,13.484329997025776,9.996251847491195,5.555604006830744,10.820656319061005,10.837642189207426,8.636584468239827,21.522332194805347,10.94645783565962,11.119944394303674,10.560334049883181,10.85588340939711,15.414725929254015,6.446962852574792,7.164423427806849,7.197709490360354,5.788997512741466,11.332627646245593,11.16936403492524,1.4296027545619285,2.0232339713334584,0.6167037862770249,1.2733380167904025,1.3660538591786433,1.0642182754394323,1.374011841426327,1.557703814677922,2.2239675552917717,2.030024168528077,0.9473248308434516,1.3628474677617755,1.2892008024039023,1.674363068506384,8.920886912460562,2.967419755846243,3.713982654060099,12.660242005913638,10.415176446385905,6.117066406713292,5.112991558211826,9.693969460542228,9.643184877779573,3.657720744174103,4.4822276777784165,7.563593147765438,10.454580823580129,10.073516356881766,10.913012088260487,10.5139632306177,9.99208117016799,10.31574347787804,1.5088942900834428,7.347182687510146,13.04645067552419,7.371647961728934,2.9248578987904397,1.6915787839039027,1.1279268583448865,0.5223960622472112,0.0,0.15332062088474707,10.574799825811088,10.245458619996146,10.193270962664577,10.43317962440606,10.273657554848333,10.359027993891276,9.940558741650134,9.505089437076524,9.577800928497188,10.113392966809197,10.141398426467518,10.386433664121858,10.005070135941109,9.585864554367115,7.151717562256132,14.183138373101706,10.845424036584607,10.747502979920355,10.276072202929987
OSM_WAY_718200601,7.850005674015288,7.093331943880735,2.5567523671872157,11.29697782094205,11.180355760514432,5.635623943152098,5.478420728722343,4.1693528808877085,9.059071218751088,1.04958590109913,10.237431717685023,1.9842769147272024,3.0209302482614206,1.3810232384123493,21.12050123690635,1.5364407063905094,8.605354550421724,8.742661408127343,0.5211282366896967,7.699227046826073,1.6814912696533175,11.304088777852394,5.6570064329494345,1.3177154910580229,1.5015473177320484,1.5787359519076496,1.6247438252132802,2.6439466003945955,3.3142955476874305,7.5690199654580965,7.063172521783106,1.4353010606305263,2.5551805731395265,2.5097798026308697,7.039997797080061,9.32462358655511,9.892979817698464,11.264839378105957,9.700317761101605,7.882285753352916,7.207018967485553,6.812634880225115,9.735371740126615,10.752995808114381,10.346491299164027,3.482040307001872,5.162291366164972,7.219225145896253,7.255579142636211,5.774211530396255,5.905266857189068,6.198273110867552,11.108760598242219,13.938780642804083,3.302265948673574,7.361720080207026,6.8111914708201295,8.560591947664289,9.041988812929139,12.272357894723298,7.410944659254692,7.294396344509234,6.889135309548509,7.123423602975475,7.4487798372887335,7.325353392002792,7.193510595840364,6.829871521933021,8.387009267499897,2.819236366217862,3.1559005694141007,3.702842424060164,3.588122746435793,3.068888194632596,2.218804931053063,7.549751565796057,5.450598278762481,22.191758787494333,10.02617801506446,7.019269252004996,7.277929021561015,7.492778884674156,2.0259839485771285,1.3001746431779626,0.8900167312608506,2.063110340426475,1.344837861739187,0.8626084191635192,2.51975792062215,2.946629429863473,2.773785247863405,2.1351963243023855,1.0362577922908927,0.9687759546293346,1.8827235966073121,1.961295739858558,0.6913684647440717,0.5553693440702121,0.2709235628880166,1.7673055825729056,1.8898963372699324,1.8414230986194509,0.9371609418639762,1.2456821631669943,0.6825065145749255,0.6663857294777472,8.631302706349935,8.755085887871456,10.15747878987212,9.944972685914516,9.679706877632825,10.353922807346137,10.985650245852769,10.20640004093412,10.532514770286882,10.707246909785098,2.005712933812402,11.809583752903544,10.210922927698682,11.220747892249621,11.50162649306363,10.870622162426772,12.068826623158893,11.38061273884414,11.10528958214192,10.570744505391072,7.393147486105107,10.33172087792208,10.221753371902253,10.823647515683474,7.146152561943758,10.135782356330505,9.811513856979829,2.9507961250172903,2.885090432406474,3.009529801383831,3.0200043282315843,13.611533287080924,10.047610464073832,5.532101268060165,10.787958731266004,10.813630925666802,8.789846111386762,21.370049852571423,10.926532193817588,11.088540615997125,10.538096411662186,11.002222553204051,15.557043520158008,6.556547662039486,7.271122822695973,7.303876908108789,5.763008268467496,11.291868078373803,11.125251538107735,1.3079081564402077,1.9173406665184338,0.5650062833495987,1.2820405446564265,1.3440416426807487,0.9165282914578475,1.3787507142962392,1.4125375053953209,2.086647285169291,1.8903901488534427,0.9590207614436945,1.3274478995066956,1.1359991928183943,1.6920801442881404,9.02426683882034,3.1049002490773847,3.6691924683144856,12.63375956240164,10.342931654006842,6.092292816269076,5.143252256393866,9.765609678369282,9.707842284143988,3.7895779396715676,4.583100955283728,7.549282860893044,10.413282319667895,10.031493038379784,10.870098150717926,10.456665537358862,9.926794043673722,10.249522535306015,1.5533832100589773,7.454332790586168,13.189135159803628,7.459645485861398,3.030326421595896,1.6830085408310524,1.1066012037911184,0.5660209899010622,0.15332062088474707,0.0,10.547073648633233,10.21809827525908,10.164817509366573,10.364438831179926,10.197222623120682,10.296223688389455,9.929652737409747,9.495869355462467,9.56401378005409,10.098433805722728,10.124923175179143,10.369006679900567,9.983947380548953,9.566189407277033,7.211858528499158,14.196477603343268,10.79613627608341,10.677190657433748,10.245388762932345
OSM_WAY_722030956,14.279533516129721,14.148820949968474,12.803185479182568,20.36386612688577,21.023900160036902,16.009906178551137,15.837524930316647,12.318574365713422,18.908665569155026,9.533809939298774,0.6316758203901819,12.519993624638726,12.622157526598638,11.436612330913603,31.40936194588697,11.323403844532335,13.783540488655406,19.25427510488065,10.823340728369702,18.23169911377701,11.459970123947498,21.492589419826842,10.236515302002,9.249536004520131,9.124899506249351,8.9691334222718,12.160915830447147,13.189529088908161,13.70530664262527,17.793503494901106,17.13505341475327,9.487355286808459,12.071064982321191,12.707921005730746,17.11242894489182,19.472446175041682,20.236974102120023,21.45225050020536,19.636864079335695,18.305159927336685,17.738651445958585,16.744095642816443,20.163134954955282,21.01497204565928,19.773407424615446,11.240133383536266,7.530055361245383,17.613624624399993,17.63095111578197,8.395351385262964,8.209591127705734,7.577901354077587,21.084740840930454,24.485619891320795,13.549575130960845,17.415881235922363,16.679286114339902,18.8450797586908,17.643880229154867,21.88605066793539,17.249488413405015,17.32435521885631,16.990994202659056,17.183901767357998,17.52597279681156,17.387420145402697,17.57107071135254,16.80829330285697,18.74252837550636,13.098144578978646,13.465384787624807,14.091141287179232,13.961642971085926,13.361940745387047,12.331652649879738,17.614478734099944,15.892290764381444,32.453820631177805,19.966666183761387,17.083759337345953,17.321971587873993,17.234009116005378,11.25223671675461,11.098896001766327,10.563851561580098,11.909302282233762,11.830839264384815,11.149684899287964,13.060963402595316,13.487655213672586,13.318005461697771,12.676386032690793,11.58293100285151,11.510089114966688,12.422397168370036,12.50829171703228,10.713139326067896,10.906842803016874,10.758786627225595,9.699719704565412,8.65718060959619,8.808337023821574,9.793451524085519,9.784945190590197,10.10687766067081,10.754052701583833,1.971723249748969,1.8168875656472465,0.5608041738234504,0.7158863930889687,0.9928942319945138,0.9607195474563087,1.2742858842177784,1.1131069309053063,1.0453706285332336,0.8028174215137143,11.335339796372956,1.2956735318512302,2.328303879059882,0.9907807120538993,1.9660531717772771,2.2327685635499606,1.5786273226254448,1.0662940327606718,0.5731501474462303,18.224574803664392,17.25085161592312,18.17956423393589,17.992563138483824,20.902405667164174,17.637765748554795,20.28954108995552,18.80294071833093,10.21318294886603,10.16158638837936,10.260966851224051,10.178868480114936,22.251286041720792,20.516764478779773,15.899722921791277,0.42900514007207874,0.37303672134076116,15.024512363332256,20.936707630287167,0.6688978421079164,0.6043779465768339,0.38314683361753116,18.39951537816447,16.928664303499296,16.309554352496978,17.043238317322054,17.086192536231735,16.105374776106377,1.213759814761153,1.329252109834747,11.247995749629474,11.823079334901445,11.071045854447153,11.827187453343848,11.850202926053129,10.694475026923099,11.921091204574536,10.875455328376349,11.344587597754035,11.196178514516717,11.505947171522834,11.802074559859236,10.362416658163708,12.23901606864358,18.78242759076395,10.160385287506864,6.906972886843106,2.0882819025510435,3.225441978157891,4.459216984150434,15.687748699493461,20.05612752500102,20.073905650705598,9.907629490168365,8.51831842019826,17.950069042934068,0.9621888895116127,1.1100262429538417,1.1408064694031192,2.1146927250601855,2.706647302562294,2.7651397861490583,12.081538415155359,17.204840724768935,20.73537067355864,17.575924501901724,13.156501059723663,12.205241149337262,11.623505923806286,11.096822354345667,10.574799825811088,10.547073648633233,0.0,0.33013118203402564,0.3851654590545852,2.9610552861273463,3.533614874649679,2.513452787430404,1.2941847925318712,1.6149326086944238,1.3532523311703881,0.9806868252570313,0.8783573945466124,0.7342289820505341,0.7223246531855478,1.1206227749094144,17.63759290970117,24.723109721017348,1.5749915313030292,3.1255743348702154,0.3632639218665583
OSM_WAY_722032704,13.988801114820808,13.848480984510177,12.473130275334176,20.048858552376917,20.69921735277863,15.685776659945937,15.51362162375841,11.999006849787692,18.583101580634214,9.204197465163148,0.5694343286253406,12.19055521141463,12.294008024504526,11.106513695356735,31.090746827269125,10.993531433791695,13.545322656924771,18.924267963387756,10.493496045167012,17.90384935264378,11.130200807638664,21.16432213166527,9.943021392032298,8.920003035461809,8.794957923329555,8.64002385878212,11.83244530576369,12.86076558725425,13.375175718277635,17.46437852468208,16.806860116185206,9.157259693725639,11.742616974555188,12.37792211936441,16.784224745617585,19.144208721078545,19.907336137552413,21.12398769120591,19.310681221704765,17.97508299430449,17.408906256332962,16.416848702112446,19.833083952970814,20.685995977550025,19.45316078788103,10.919135521412246,7.226078755230323,17.28360735025445,17.30100029538737,8.106369547448562,7.922940136409073,7.296018672695558,20.758575296817902,24.156766413233182,13.219624607007791,17.087909100028256,16.352525157034062,18.515702321637555,17.332032574275885,21.56458054930467,16.92326806266384,16.99654472067803,16.662540503392005,16.855809280474077,17.197853601656067,17.059377644942984,17.241108728539004,16.48070171498969,18.41272931938818,12.768079520294592,13.135311290770538,13.76101546869758,13.631523989272987,13.031881685102432,12.001709412075497,17.286483064339606,15.566726296887857,32.136155852559476,19.64055060609232,16.7556057052823,16.99404929826317,16.908672542624988,10.933265843382873,10.774966561516285,10.238444000589205,11.587407302433025,11.503079630574435,10.82284902873606,12.732425157599895,13.159154491096317,12.989336999224362,12.347818200839228,11.254026325674722,11.180858399478765,12.093858605041502,12.17926851860226,10.386608299428692,10.579234816071525,10.430297953305582,9.379046777166199,8.328203020067592,8.478270832281524,9.466530457414596,9.460296627220805,9.779755819530953,10.42734269560413,1.6589724263277352,1.487701957905908,0.4284322891962157,0.4909516437064681,0.701176196912657,0.9632520930079421,1.4293260665410308,1.070214153964427,1.0494947120183211,0.8925010505975298,11.006479636434344,1.6121804772992911,2.2946933942162255,1.2152239369286808,2.1465179508104986,2.2969780975210385,1.9029715444419397,1.348398066000862,0.9008476291739721,17.92757841647383,16.9244613543575,17.879452281648245,17.693252200746258,20.575110062711694,17.307684464181666,19.961403262661833,18.487450759176134,9.88992105713306,9.83789925814631,9.938087217272306,9.856083725172475,21.944452625395268,20.186634379910565,15.575680547657678,0.6834567904844271,0.6380149409821881,14.74026438010235,20.896617644544516,0.8753196511702118,0.9182945731068584,0.47381872758429416,18.107042097458812,16.763083008990595,15.98354858116507,16.717506157077683,16.76039216271435,15.78191084280966,1.4482634360657094,1.5094211010529441,10.923592401915911,11.500451153994556,10.742681282382884,11.49839054521453,11.522192494656904,10.369115025231467,11.592413473898741,10.552854403019323,11.025782177531584,10.876279192100162,11.177011755150831,11.474432721813264,10.038397781490739,11.910089221442165,18.45775761540524,9.838203680980344,6.580061962889107,2.416181537542214,3.197816432674988,4.12950480614881,15.35843695957462,19.7268339316144,19.744128604202167,9.591271963614666,8.209533043596702,17.625984253605598,0.9847961057615945,1.01181350759977,1.2829313665404352,2.1203532383982227,2.6358983715271425,2.7330186718092215,11.75203791599895,16.879400377832596,20.44496584881022,17.247520356167808,12.826768090644139,11.87707857880562,11.295266004560185,10.767522735344437,10.245458619996146,10.21809827525908,0.33013118203402564,0.0,0.09086491141065632,2.9396892846023612,3.487786789535133,2.4898890058223655,1.1302195134953519,1.3839461627336538,1.1037920596763353,0.8399249169350547,0.7370409374068629,0.6904541722101722,0.47947639426341393,0.8259213075253341,17.307495839489366,24.39578228581649,1.6623148777722194,3.1350383614766137,0.22801334447371902
OSM_WAY_722033509,13.984914858083293,13.838608744514739,12.427962569448106,20.027557990906406,20.667232181466176,15.624779988560004,15.452381600175908,11.973510350471775,18.549831798066084,9.153032815505068,0.49927990638085024,12.138670034272625,12.256071790116604,11.060786351668991,31.024907959882466,10.949862971852486,13.457359314876983,18.87517560123059,10.44340873870531,17.848006310984008,11.087115027800243,21.12594390738518,9.937805142047422,8.86852842686125,8.745517963962808,8.587151700083465,11.777904939967337,12.806902657124812,13.32838409462751,17.423715444791615,16.76871536682131,9.111646617443157,11.703979628818562,12.333306344655538,16.746054909908626,19.10592514053347,19.864733165732545,21.0856205189018,19.27640194433712,17.92956750869795,17.35821760390802,16.380712901967183,19.787861897680116,20.64575232145161,19.426696951072685,10.892119524402474,7.214358302707958,17.23874802439328,17.256683907050242,8.104084695021797,7.92202082560184,7.297854950529115,20.724304366096646,24.103070422824484,13.175374392952488,17.05026248346078,16.317297065732255,18.474165103885902,17.31352747704495,21.536703232956963,16.88896744109736,16.959251985629447,16.62376966749092,16.81789615527833,17.159873642083074,17.0215742702168,17.19670974398177,16.443877647968762,18.369349222477172,12.722790402021745,13.089909320763747,13.714569298187586,13.585309536244838,12.986658205603863,11.957540014677827,17.248780794881046,15.507415054380385,32.069642460470774,19.606378188178326,16.71755398455372,16.95651422618321,16.875785227922858,10.867649131198318,10.713758620628363,10.17895086916352,11.524198705198794,11.44710623818107,10.765331143552995,12.678028770768565,13.104669302876554,12.935241965144208,12.29349331962034,11.200541400071819,11.128301303438395,12.039469142470407,12.126091629129927,10.328635967204363,10.522995308944802,10.375814994850721,9.31476945402733,8.274966602869457,8.42994161179459,9.40915651267781,9.399892292576247,9.722698504275536,10.369636099749036,1.5887080801567983,1.449528946890239,0.3497193460994379,0.40010932721406817,0.710890842440477,0.8972738363220761,1.3937523601340063,0.9947579272909062,1.1345469006243094,0.983059418288514,10.966765314107198,1.6787226782286742,2.2160436578324547,1.3021214147100102,2.1143745251367525,2.2354267202305627,1.9380606342505848,1.3574525421594024,0.943794531181453,17.919706909150023,16.889872582570693,17.869565052337673,17.683898440016506,20.538814905127996,17.259382509197525,19.923341096106395,18.46574637208548,9.860212358547999,9.807631136663456,9.908867714308894,9.826990149591808,21.929761489763386,20.13986878881423,15.514589541718482,0.6919078547322849,0.7165163580077262,14.740005062897996,20.814106158167874,0.962785485731316,0.9484442131893672,0.5643447634458689,18.101945317588015,16.807529605648096,15.949623550137956,16.684006714328667,16.726783025620655,15.720212248610608,1.437330757824761,1.4804059038549426,10.862904582478874,11.437925120449759,10.687920424410725,11.444625733139915,11.466695034492314,10.309561683273815,11.538355076210884,10.490301515079976,10.96004223265168,10.81137901271021,11.12360917609143,11.418245439169102,9.977287422650313,11.856654555069928,18.425826933189438,9.809860511299865,6.5227142167044905,2.4724601476660215,3.11895352290405,4.079078027976532,15.306090126361521,19.68558183251264,19.700852591072394,9.569163217300925,8.194065236616103,17.56493780889491,0.9225978128252479,0.9286340521642085,1.2451926328118303,2.048204033743083,2.5520888569608307,2.6539806869915017,11.70038444973271,16.846354413723255,20.441018797368727,17.2088628296748,12.783823286629811,11.821881526614844,11.240234160919542,10.715189835036659,10.193270962664577,10.164817509366573,0.3851654590545852,0.09086491141065632,0.0,2.861959558283728,3.40630266734242,2.4123921465711393,1.1859334877376078,1.416230576397741,1.1307483698891418,0.9047306101978827,0.803425995894708,0.7735397991084183,0.5223725415461747,0.8314195487850252,17.26168945245885,24.33900235542487,1.6081511190952562,3.0618938159569535,0.1721081579992516
OSM_WAY_722048384,15.590296750626417,15.29492979244587,12.85181348328274,21.098628821073895,21.406439596180807,15.368937761026041,15.189178930633453,13.036636745414741,19.26896745462458,9.476143818009739,2.3737782865742605,12.325535664933605,12.929205423449059,11.504431668803697,30.424031796066284,11.468546610344774,11.661972571031743,19.04506116515142,10.751874706036414,17.770858764969017,11.62134541963026,21.6514771354582,11.584740336403295,9.194237186796675,9.151684801103334,8.875671863468312,11.873264523431638,12.900212755809811,13.672753787156259,17.911743700218217,17.350559205428254,9.6347199108367,12.368722569410858,12.77894826039681,17.327377926237254,19.6544694068698,20.257414283047908,21.611885974635253,19.95519936950107,18.241389906668104,17.487628953011235,17.0343498995079,20.088742816301213,21.112328482345617,20.349328456287548,11.938782076788984,8.79952476749335,17.58308627158015,17.62001688589457,9.871055475281947,9.725218661321541,9.18185828560172,21.38938824015706,24.04948788268132,13.613193927349382,17.644833275418588,17.001398873167997,18.919133753754753,18.49145766695199,22.397556410119797,17.59513944917223,17.56677898939323,17.18672707837177,17.406771127608565,17.741894645359586,17.61132216614404,17.557942503490263,17.07403568399527,18.7514272966043,13.134932973413097,13.489253425908153,14.062776035792252,13.944601007557388,13.394731839821423,12.428796482689108,17.83886851493352,15.32458095215976,31.433918814757522,20.28527895178612,17.30320964103081,17.556050337453623,17.627391867989463,10.527109715028265,10.573142403373158,10.131106661043946,11.269196309104645,11.496325362694195,10.775857313158504,12.753892834262263,13.16634517002267,13.016307217839639,12.382428965901275,11.354904585029225,11.320492819225153,12.133034881704564,12.264090821525151,10.337211982195063,10.59366062638026,10.520975752427997,9.1000413055466,8.567472598376815,8.892468731709336,9.481396465794418,9.348355237038875,9.793355737062866,10.38737996626739,2.8125332223558854,3.3925383157311573,2.5124468826699524,2.5243661486714104,3.3748924947868626,2.0017339991645327,1.9396225973072012,1.8702582695412089,3.979073586291297,3.763387302382948,11.617820064605194,3.706234000669046,0.647481148846714,3.8558865812471934,1.7960062708230817,0.9605811091247468,3.2343275700206897,2.6209941833703536,2.997982885771578,19.380617418612747,17.5867361386756,19.277930023094626,19.10811272682284,21.139223629378478,17.47901742504277,20.47082782544966,19.539586200662182,10.860115439517495,10.792803359092616,10.921521204116472,10.846165845701714,23.175078903878198,20.381450336106173,15.256649481486102,2.673942644679007,3.2793181486983918,16.424317557588086,17.97579336220422,3.591952936647134,2.8598045458152064,3.3340967652988014,19.632886354778456,19.36210063857109,16.68107400438903,17.41865392946618,17.45734122834553,15.432699136494115,2.3089724881957396,2.005980606557253,10.738928474026704,11.215532359342317,10.81063751191144,11.580336187762528,11.534117913137154,10.253976697258715,11.659772461100372,10.300276427260602,10.610567296223971,10.505402591728975,11.283683896821858,11.459889336822961,9.869981641852544,11.99250953601855,19.189054283649025,10.851585488509986,6.788187292736168,4.017074642837837,0.268097491011011,4.920410629740028,15.404691449783138,20.126999581062417,20.07165482828466,10.79539715087636,9.645366278844326,17.277127048867207,1.9990992389966082,1.9430293017281888,1.9880800959973126,0.8593976857329477,0.5079555768653459,0.2220801540303047,11.908689334621164,17.593298294406015,21.98361756065448,17.76759071795964,13.276094879074197,11.890206285158788,11.333277537992728,10.930093480336001,10.43317962440606,10.364438831179926,2.9610552861273463,2.9396892846023612,2.861959558283728,0.0,0.610123775999046,0.4498934373236672,4.0030620823827885,4.095274315520879,3.808999934967303,3.754518091955741,3.657404507553985,3.627693002955009,3.340418300260533,3.4393301891675425,17.57190848222586,24.161257645743643,1.5186356241511039,0.3362186011575399,2.716734602978458
OSM_WAY_722048385,15.69843084825261,15.368925478237097,12.711758629394192,21.066356796102056,21.300688651814205,15.079553388452716,14.899082398615837,13.032710443505405,19.16426710598929,9.3441395219533,2.9297803144614067,12.139914473619077,12.841255419402632,11.378063695062586,30.04391893049173,11.358248427819898,11.121507816341278,18.827244501867373,10.603643505442882,17.507885098035395,11.513116484185753,21.4999738610697,11.723317120112027,9.066204800693143,9.041121740532247,8.743968770514718,11.672086200784062,12.691876881278528,13.511339940197695,17.762306624116068,17.222647091436272,9.543000253682367,12.282682015416178,12.643909117682991,17.19943589010652,19.512588730465634,20.08164117908971,21.460622002552277,19.840042951055615,18.05458503174087,17.266332169886127,16.922741138659575,19.894631038424734,20.94976981239691,20.285898907500414,11.938554478907657,8.949533170143244,17.405013018178586,17.445721684245175,10.05141219378535,9.915415887432623,9.396314554349528,21.267850850199512,23.777232053685932,13.471521656090268,17.518609886622915,16.896393580375502,18.757702967813383,18.4900762112524,22.31598278307705,17.492783718812817,17.443552395581875,17.05540741434932,17.28014865292938,17.61270426913393,17.484192982190276,17.383420015579595,16.957302398971283,18.577500913649935,12.99068970326577,13.340268593658056,13.900064840869902,13.784803209292233,13.248106205036112,12.301429679464169,17.711061544746006,15.049496636522557,31.04696802813471,20.16930288857511,17.17626437606246,17.43117177152504,17.534665676092434,10.248772089968297,10.334421054813827,9.915279893713153,11.001981766367367,11.28853421573448,10.56602407742224,12.542914324217188,12.950049516860078,12.804800941800668,12.176457795089508,11.1696971572117,11.14333745518595,11.929674012810912,12.06889234320672,10.130936383385334,10.397729496934227,10.341024861796036,8.861201879404382,8.440912018202413,8.797221239187115,9.297085197954516,9.140048834773006,9.605278399657418,10.182508723413823,3.145505451650481,3.7796818570262736,3.05940816827652,3.0489866497334486,3.8706303179014916,2.573181187087598,2.548689543049487,2.4276163523814596,4.5348254817682525,4.332870316254307,11.534393657882843,4.3152369604923555,1.2058759023345438,4.448162136108005,2.383724761709239,1.5624827873838407,3.840690920244379,3.2309984991969323,3.5985354794503177,19.442405082802097,17.482419964293676,19.327570759838107,19.16193242816704,21.00456970759139,17.27589376317122,20.326642002694015,19.511788747009916,10.858341479402121,10.788416345019725,10.921991658359675,10.84873179066185,23.17814972127813,20.174622097463498,14.967299982769017,3.2655615464789087,3.862533919992869,16.548568237762414,17.409786289518724,4.175747880821162,3.461645625928593,3.900284490909165,19.710763293992105,19.724255045390482,16.587368094190566,17.322993213978663,17.360671570851242,15.136982834960554,2.919083404385631,2.6160982869810305,10.502139260971816,10.955201838702981,10.623459619065912,11.389557031915626,11.329745150014375,10.035393487128307,11.465471757201502,10.054024629200955,10.32976628987856,10.234118188282327,11.100217731123568,11.250835210040108,9.644627657056505,11.79874507925775,19.094040021385727,10.859043320789667,6.688781351974999,4.621883550061081,0.35265290815547584,5.005814829862779,15.184868360033287,19.96159666164142,19.891854764142064,10.844115736900262,9.755580309601013,16.97509688758242,2.5760010054749025,2.4782720339752773,2.5935894718367227,1.4592873864859794,0.8728014993790789,0.7736655490722936,11.730371890836919,17.49968458971977,22.059177014165133,17.633414986556307,13.14775997916717,11.683406228669648,11.135682252820319,10.76087428143746,10.273657554848333,10.197222623120682,3.533614874649679,3.487786789535133,3.40630266734242,0.610123775999046,0.0,1.030370009037771,4.516642045703806,4.572280079069695,4.292943552898491,4.283774778501451,4.18981032304425,4.178212657165768,3.864523987484156,3.923743292639974,17.38688887497328,23.86514804127258,2.127098011061693,0.6739956152470649,3.269701399702482
OSM_WAY_722048453,15.32634948618917,15.052488533396257,12.758994515248741,20.922373622302764,21.28151270849123,15.389894720450759,15.210897248418334,12.847374018829528,19.14444860050734,9.383753797451423,1.9238923950898572,12.267739013345668,12.79839737952029,11.403616803232103,30.516906296600222,11.356063433793395,11.929286714810878,19.005560736555104,10.668624384431585,17.76819416619624,11.507099857839096,21.559914469573283,11.306079668877047,9.099666163906937,9.044439430598024,8.784707503027839,11.82812788273889,12.859070716922625,13.594781132946165,17.82084776439338,17.244190119167996,9.512587200898162,12.237338594045996,12.682525563173872,17.221048289740768,19.556839733786198,20.184809199839584,21.520164533174054,19.837830884249943,18.17843521317021,17.45192759722375,16.916352165688224,20.030230619876896,21.0292981669835,20.19494510235234,11.748507878794362,8.518540055345317,17.513950590190152,17.5479885197891,9.569902458642032,9.418539566812196,8.862084473140401,21.275896201854547,24.05107923150421,13.520573860427975,17.537009760615824,16.878657287154454,18.83651485489879,18.295768117450454,22.25492670349283,17.470043963970657,17.456823173563055,17.082981671682592,17.299415701258628,17.636172934404,17.50418586383508,17.48613239024054,16.959723825847423,18.678333162413242,13.044832738480586,13.40221782114381,13.985310879903997,13.865087530810358,13.306061663960397,12.327234265712255,17.732063730472802,15.333807819779857,31.53286619447053,20.168320720733735,17.19616858278224,17.447308805677455,17.49537323892763,10.545673756767929,10.559755571846916,10.100677164545198,11.277306431305352,11.456943281824984,10.739402152977636,12.715008882892205,13.131039142281534,12.977469754195484,12.340200219705455,11.298394798995494,11.257914168602424,12.089168509625264,12.21372717625071,10.298907641164215,10.546831869373923,10.462075231725565,9.090256723252613,8.473654243848973,8.774848791681713,9.428233084813831,9.313990225747206,9.74229012305812,10.347880614877942,2.4550504236807074,2.9986621043619937,2.062807810875973,2.078077582440412,2.934670081108553,1.5533311894050865,1.538022685181403,1.4203653106637575,3.529323385026228,3.3153220680601874,11.48574521345569,3.29938232317279,0.20428198837898734,3.4181315118127515,1.5149921966811897,0.6770550926586153,2.8745022036846426,2.226319807785031,2.5693903201788353,19.14329868562837,17.46305732023755,19.048411720281553,18.876009083971578,21.035452687369506,17.42916268025798,20.374440940104726,19.3610887920513,10.672635517678106,10.607213627629703,10.732415683812714,10.655780261217558,22.974175093918856,20.33259577170232,15.277684167643615,2.2354932425045773,2.8357048477141706,16.149982610121395,18.42333686389914,3.1487161207529626,2.4333441375665608,2.885307053890452,19.385301523666573,18.961705431345372,16.550475931441618,17.288885259197347,17.328266327273425,15.458855209828213,1.9229563997352037,1.618930378729413,10.723677016055413,11.218176705487748,10.756658836638074,11.527692198829383,11.492021962665945,10.225424987061142,11.609694893788046,10.293445402059199,10.63097667729548,10.518269222637878,11.225974024249236,11.421551046378989,9.847603547735307,11.941470291842966,19.057637475395865,10.657897364165978,6.681575470842522,3.6606902419726883,0.7120176974612744,4.697314820250193,15.369608275082188,20.046637369249922,20.00221175583212,10.574475813839188,9.387219243115503,17.307030530578803,1.5522019712716644,1.4955958158012592,1.5709497415715357,0.4357441248673927,0.4101747500799454,0.25711165459847346,11.845984767723456,17.461938205490966,21.736471704749974,17.665510868690628,13.17406877481929,11.849390968291647,11.28630504149305,10.862234692116568,10.359027993891276,10.296223688389455,2.513452787430404,2.4898890058223655,2.4123921465711393,0.4498934373236672,1.030370009037771,0.0,3.5574702369684283,3.6596776413255663,3.371642030311782,3.306262232347939,3.208762508204983,3.1777997884023077,2.8932666926979946,3.002561737663644,17.508070185062753,24.18255636118901,1.1162661429414307,0.689183335151961,2.266842066099056
OSM_WAY_722802311,13.125216140940793,13.036784479357083,12.057876848709611,19.337122061466044,20.10172268752025,15.496344460756287,15.328708854458277,11.346857618534944,18.003297761257386,8.891434919710223,1.6819914855309743,11.871104774121957,11.785599229517018,10.704958637999924,30.963732669369858,10.564748567788735,13.999984917799594,18.546232277561195,10.15643674607117,17.626903535910277,10.692988604907976,20.642109768941467,9.100351621912965,8.614052479271159,8.46046003496413,8.357210012006782,11.554273119860587,12.567939210120121,12.978739822033196,16.97641413823428,16.28862569092778,8.766129960321663,11.245188496305635,11.95560579441482,16.266345373522714,18.62361286553863,19.44018248164446,20.601689544128114,18.741616967225088,17.549589318131133,17.05641486241126,15.874863302813612,19.40052171079732,20.187618900383786,18.795976753894262,10.287801385798128,6.457709102615233,16.850658201939666,16.860787964062048,7.246261116058023,7.052223055580201,6.405923543888903,20.18749191192887,23.83805934120036,12.789278498776465,16.56299244976717,15.79976316049752,18.037011998886218,16.595776253367685,20.920267342716045,16.358366026943237,16.467468303256457,16.152359171968097,16.33462083313617,16.676826649295837,16.536441675344292,16.80211310753428,15.946931436702329,17.95809704798395,12.35333227564664,12.720749128202476,13.358543012538286,13.22630810572545,12.615275172123805,11.574953377725494,16.76187394844815,15.349990904497174,32.02062356866156,19.069767236722793,16.236325151122102,16.467944806452564,16.3272313943678,10.842135482109732,10.608504652607907,10.0469543707627,11.45049459843618,11.24849603107906,10.596092152937505,12.448163685220335,12.874578526922853,12.699506919096468,12.06406981647399,10.96275207008966,10.876118484143404,11.812200016659007,11.878988733409956,10.169663282996627,10.333807841205992,10.158712014266941,9.274428559619126,8.0537259571438,8.13065199818818,9.246324144624818,9.289164813866451,9.552285296718914,10.205915295772824,1.9691308659194648,1.3913148106735385,1.5239137161259368,1.4795212211143327,0.6695775626878727,2.081240020357174,2.547312927036008,2.161837919221847,0.6151984112431681,0.8668467387291063,10.526029487045728,2.0935379017117386,3.356034615510404,1.3735345061904265,3.2541500910572467,3.4207803148779576,2.6853645828915975,2.331645967041436,1.74758370059166,17.092508587785225,16.362967519135474,17.062025431364074,16.871331734755966,20.028304714736944,16.921647422164835,19.436890309195423,17.78167592978223,9.293994645058158,9.248715618363844,9.33628786565287,9.253287482799793,21.16677359166224,19.77437874383567,15.388115932721218,1.7230692024370171,1.2606490987940069,13.846312402610142,21.889494729179347,1.175887681421764,1.8377280241054181,0.9779717478751246,17.24833194223313,15.641563919852938,15.416080711620696,16.143567639040437,16.187657719502365,15.603936433175909,2.5066664457904437,2.6152460822235883,10.747626971739779,11.352286083166245,10.47349762972233,11.210090740852666,11.260159819852042,10.177781561995458,11.30808126170163,10.410408000766987,10.936344031761658,10.772709870169841,10.884901810083578,11.22331285167911,9.874890087887119,11.614870698207424,17.862671740922874,9.226960627124773,6.390675483010203,2.94469016155223,4.251540672893083,3.895710897875974,15.034905022312296,19.24258102333773,19.285975614826853,8.912922755639327,7.470884637181057,17.432708913953313,2.1083287631433794,2.062854001288058,2.40468626018923,3.217061827109757,3.6466642994778327,3.7882234873031786,11.431162439876754,16.299859906233166,19.574853054809132,16.73477891272741,12.380511154577816,11.608723890083063,11.027230014940507,10.461692119969626,9.940558741650134,9.929652737409747,1.2941847925318712,1.1302195134953519,1.1859334877376078,4.0030620823827885,4.516642045703806,3.5574702369684283,0.0,0.44763147165524036,0.40797760331315647,0.31598559252144454,0.41608883828546045,0.6197045847984408,0.6703102542839584,0.6658052426241214,16.887221010549396,24.123673505816832,2.792188085892333,4.224022159653747,1.3543295803590552
OSM_WAY_722802312,12.713241623895023,12.613292017043955,11.613272126330854,18.89970267288906,19.655789177175688,15.071321778454145,14.904334982868331,10.903024567239099,17.556628916532503,8.455926013199289,1.8811754633431774,11.433303758270062,11.338090581123023,10.261443223542877,30.544042432260337,10.119793129804044,13.725655271398292,18.10275485604958,9.717861647950533,17.19142323570965,10.247609237359608,20.194496828693556,8.681823683847547,8.179464731075619,8.023198998113326,7.925364641249408,11.12061062442026,12.132343974162813,12.534975871596135,16.52899737445949,15.840994689537782,8.324054152136338,10.797860628197174,11.510668301058965,15.818714672847868,18.17598660565989,18.9930651313193,20.1540767682561,18.294669218383866,17.10385186619516,16.614751214054916,15.427343093222571,18.95439963737282,19.740042278071854,18.353432593267822,9.842536821273676,6.02361624352834,16.40468071466067,16.414546127137687,6.830584036389318,6.639072739767796,5.997479980777469,19.740644922239287,23.398125360077795,12.34383093609868,16.11536883737464,15.352381364125504,17.58971229418063,16.160970946884206,20.47694663456999,15.911232987210584,16.019859384758146,15.704749885598343,15.886989985839062,16.229196195809294,16.08881350383146,16.355917894619182,15.4993432619999,17.51134276367351,11.908696474633995,12.276056089668048,12.914371891121428,12.782012140370384,12.17049822751856,11.129876066025467,16.314250444127758,14.92162926292231,31.602450465293273,18.622876133395174,15.78869372997695,16.020324224450093,15.880535445383234,10.43468622385577,10.189465535758654,9.624891388952802,11.035119504910343,10.81757501006449,10.168924549263805,12.01346481869137,12.439676580860114,12.264153039176845,11.629589268474797,10.528050279150108,10.440130498435781,11.378049383222072,11.442957082527238,9.744083366154728,9.904558785270842,9.726586765083217,8.866632584722256,7.623172705295849,7.692459565899135,8.821188280311757,8.87082008385174,9.125906058166963,9.779728769564086,1.775178044786078,1.114688555525973,1.7174587669338197,1.6204773322018184,0.739683118652213,2.272930898974545,2.809828801635149,2.3195408244869915,1.0626517482267053,1.3064811124052538,10.07913542358118,2.5290945928933155,3.4555812818276124,1.8184302720493029,3.5294652208324746,3.6028613185891074,3.0887567359786687,2.678143495325755,2.120749682554858,16.67467180438863,15.915761738463722,16.640491890504705,16.450676577001744,19.580927033953195,16.477883955216406,18.989281026222827,17.343441673680438,8.847135667797525,8.801668351675472,8.889615376230767,8.806634471421441,20.738552199545246,19.329047708835112,14.963374852157626,2.0378910694593944,1.6506797259188528,13.442789708427517,21.876850277593118,1.604198152334181,2.1955364465471927,1.3528060465871758,16.836006506208626,15.402430473157859,14.968967455103682,15.696646971777067,15.740707200984392,15.180368911676593,2.8206373130653115,2.8932087068868406,10.327103738277351,10.935294856533822,10.041424836903746,10.775560019547322,10.82839561684553,9.755617744328742,10.873905745983894,9.99514170570691,10.529081790856516,10.363258883479558,10.450157658735948,10.792802557309525,9.457007309383576,11.179449011159555,17.41653283413391,8.78060022117896,5.974747408836355,3.3830731565537095,4.3317799179007235,3.483805469403766,14.595809093780193,18.795166300603046,18.83907338080411,8.470356778636521,7.033622780161672,17.006568954108186,2.3093587827864144,2.1917093238802576,2.6614219441540286,3.355925085754111,3.6998291770808587,3.875514282696158,10.993414324285741,15.85310499806542,19.16574223093722,16.287156186740404,11.934472679174887,11.176076722213276,10.59493963737837,10.025821222885945,9.505089437076524,9.495869355462467,1.6149326086944238,1.3839461627336538,1.416230576397741,4.095274315520879,4.572280079069695,3.6596776413255663,0.44763147165524036,0.0,0.29342523652076835,0.7084771354274478,0.7857500069539626,1.0267612899552054,0.9066468858037017,0.6576804558792666,16.441752896752835,23.68770889104636,3.0057230115957307,4.341475664190473,1.5879105449979156
OSM_WAY_722802455,12.941330628075447,12.827435635068804,11.718751619381466,19.088051187681888,19.81386036861162,15.118159436064493,14.949842917911738,11.07314364290527,17.709512430175845,8.529084507119622,1.5893630597995658,11.512375121712962,11.468929455422842,10.3618605620499,30.579621045781703,10.227587902637971,13.600740598828336,18.201748424356303,9.799777009524028,17.262952944496103,10.35787060605402,20.332620167872097,8.903643486137165,8.25018566349384,8.101615253062135,7.989069916634058,11.188052382488436,12.20482008921779,12.636035311589609,16.656917568217253,15.976814741757403,8.4189325435264,10.925261274700794,11.617998720839413,15.954430942680927,18.31317913145024,19.11619133549978,20.29221396768057,18.444860085069106,17.2151974380163,16.706284957518346,15.569416412944317,19.068267937752342,19.87170386155197,18.527172299665658,10.006280849403465,6.223134946139042,16.517755650332138,16.52957892330068,7.056775922446919,6.868199055358928,6.2319313685334885,19.89169546539845,23.482884885470693,12.454006187916479,16.253085793054044,15.497335067292326,17.715502492107163,16.35544786482394,20.647611582376825,16.059646897798327,16.15866322519847,15.838349139400798,16.02362251809117,16.365905495331855,16.22598802895633,16.47059978706077,15.639226865637722,17.630654779958572,12.014277906522675,12.381870183085615,13.017347907033225,12.885643192276333,12.27679140273128,11.238096976459328,16.451952584439994,14.975708672276616,31.635186461411834,18.773603659236862,15.924776626984244,16.158327983124465,16.033392307898506,10.450173986310837,10.225116056049563,9.666506171707637,11.063916830783505,10.878203501826189,10.221065139798293,12.08349507041645,12.510185797564162,12.335934088599828,11.699100448352224,10.598387370524732,10.514061158276624,11.44672692892254,11.516793943942472,9.792889858922962,9.961446475458704,9.790419733369681,8.88295741121474,7.683843210557945,7.77388974737911,8.869290824130944,8.9054557741866,9.176580465382484,9.829824007735985,1.5875708701367788,0.9850257752783422,1.4255929596978596,1.3271214829345634,0.44626595501328103,1.980093695929041,2.524168131609217,2.0262002798924583,0.9707534001434052,1.158599276044428,10.201201416105562,2.354216368024677,3.1677177115288946,1.6782099768117245,3.2451217735656988,3.3094366659704226,2.8666324724437513,2.419526458661348,1.8808057080119374,16.895501304775724,16.063259469168464,16.85664537637366,16.66800490213938,19.72547047161673,16.57837289161217,19.12773422950031,17.529970804075873,9.00021229015965,8.95281112067165,9.044377088412695,8.961599867125932,20.944543208025973,19.437603766503763,15.009636646873652,1.7696299301378338,1.4290872349244323,13.679014806759172,21.618748773851372,1.426454256010735,1.9456598053935783,1.1261226374625866,17.063091005685596,15.695006259474994,15.117754205064639,15.84742581632703,15.891175807325652,15.224201988999383,2.548246135993601,2.6105410555125363,10.365558588518638,10.967019393308771,10.105048196489525,10.845379147321598,10.89107746715051,9.797403853711742,10.94275229642798,10.023921082488156,10.544254860989138,10.382018782972773,10.520627761460112,10.852452083852283,9.490646718454231,11.251622002309324,17.57347504603015,8.937910947007227,6.0059871302400785,3.210496591075058,4.0476061719323075,3.5100931815006,14.678474571531973,18.922807882809078,18.959748981747037,8.646248748800675,7.225457577755022,17.055598900018662,2.0170062477576223,1.899452216147988,2.37502685793645,3.063948680211979,3.4201569834173986,3.589819653087011,11.072416758892853,16.005441741692856,19.395928644111358,16.421655984094425,12.048699254299335,11.240894981510845,10.658979618315762,10.099521903964554,9.577800928497188,9.56401378005409,1.3532523311703881,1.1037920596763353,1.1307483698891418,3.808999934967303,4.292943552898491,3.371642030311782,0.40797760331315647,0.29342523652076835,0.0,0.5403245939172268,0.5884326087206029,0.8411594205075711,0.6334794021324274,0.36989630992421346,16.5514337644181,23.760180684400655,2.7135977707917225,4.052013569205796,1.3016280960037097
OSM_WAY_722802456,13.418963592318084,13.321665557232196,12.258951347831923,19.60466392366781,20.34626382875367,15.644560204443795,15.475708139414575,11.600141961131747,18.24365173979852,9.06493886075309,1.4040082084495298,12.049215147471074,12.00790738659313,10.90179894204424,31.09997622931257,10.767876457214667,13.970533640073652,18.74142550474907,10.337330644539806,17.797633905940312,10.898192870142319,20.870566959857737,9.38936033827997,8.78549806515919,8.63868697112039,8.52255217285935,11.722059479635153,12.74007000608179,13.175968518094226,17.196373117414062,16.51511722023036,8.958472444931694,11.464663669247324,12.158264070734607,16.492751196485724,18.851273752475425,19.65612459164772,20.830157578525785,18.979841929616736,17.75551722041384,17.245106340261238,16.10645160364495,19.60858783390307,20.4107209665726,19.052609325900654,10.536090394993913,6.7308537360002365,17.058078730823176,17.0698793244295,7.537300199300049,7.344968831585442,6.701508890435833,20.42644679873061,24.02044367789615,12.994322812388564,16.791045835912275,16.033680142601916,18.255194162754435,16.867550367074575,21.17464607961953,16.595087024003064,16.696409032089196,16.377020061473818,16.561780402952067,16.904055988547956,16.764049920829454,17.01090613974646,16.176740803901318,18.17081608026838,12.554478430386864,12.92207622772492,13.557402725064463,13.425738057269749,12.817016977850445,11.77838746672746,16.989919341686065,15.504959902771335,32.15407450519272,19.308432169651972,16.463031586138655,16.696231032464638,16.567499512088126,10.96197391427014,10.747463644889947,10.191654525293817,11.582724956596639,11.410202231476203,10.750257123151437,12.61811801726419,13.044897722881217,12.870994776409079,12.233621643415953,11.133250235262851,11.04983428076429,11.981047849502664,12.052443648935226,10.320920407667627,10.492366078695618,10.3235790327749,9.39588419431884,8.216504951838639,8.31158719287314,9.3972889782158,9.42775128765797,9.705467196781703,10.358337431576777,1.9239275384973304,1.4338580186372776,1.2513794742476487,1.2348059518610177,0.5540111739702632,1.801407578190218,2.2413597827066587,1.8957908254182432,0.4597620456884279,0.618487852480473,10.741099811950258,1.826196975177564,3.1071378315644482,1.1380696301738156,2.9441024095151724,3.136901763165607,2.3846680657270936,2.0158555726502456,1.434578421119674,17.38217037042466,16.59895297541787,17.348670869259173,17.158724924316033,20.262002378760613,17.118201686464698,19.665600701013837,18.047793316466805,9.533910573775017,9.487117055189618,9.57751975347444,9.494665976837963,21.446901245954752,19.977865898970553,15.535810502000775,1.409109073139624,0.9516548261383552,14.144979084111206,21.67804783350519,0.8985510920125781,1.522483727778884,0.6636066046687341,17.54191533731349,15.950208255884343,15.653063714180401,16.382172815640967,16.42601697004087,15.749323673322737,2.1917882285653723,2.3056735110677726,10.889143407194304,11.487305150004795,10.638094021572215,11.380076232068639,11.423719991788555,10.322589584454517,11.477176630790353,10.543022720457175,11.055839425454762,10.895699714947058,11.05553472947468,11.384138159178832,10.012277416474515,11.786884766957828,18.106240610904273,9.470150332104387,6.528272306276289,2.6819448841412497,4.00767456159435,4.033420991503105,15.215862325135907,19.46231974223396,19.49984497677805,9.170107131084745,7.739156816478266,17.582713278404718,1.8244993086482126,1.8117626597994065,2.100652707938946,2.9512115896909097,3.418957594941273,3.5429151332221838,11.609277672031613,16.539713167400123,19.87048623951811,16.960191722498802,12.58899954426385,11.774137587059203,11.192067639639225,10.635287014777898,10.113392966809197,10.098433805722728,0.9806868252570313,0.8399249169350547,0.9047306101978827,3.754518091955741,4.283774778501451,3.306262232347939,0.31598559252144454,0.7084771354274478,0.5403245939172268,0.0,0.10422051145006343,0.3183715294151617,0.42182423995867796,0.6111787787902072,17.091731814704186,24.294895499176505,2.4996641451178556,3.963342508418918,1.0674358534135295
OSM_WAY_722802461,13.498988019581681,13.396895970788128,12.297502218051264,19.67110907563276,20.402266620405605,15.662774311882096,15.493491371289512,11.660441859514446,18.2979141951836,9.093406043601536,1.3025432602661244,12.078922878141316,12.055000588261542,10.938861377456394,31.11320392288224,10.807421698175798,13.929619326590801,18.777194932103505,10.368343036888627,17.82405907336204,10.938539456297798,20.919689555066757,9.466992307988003,8.81325837018739,8.669031412603653,8.548103726388359,11.747921101154867,12.767435285132587,13.212915895439794,17.242129072737807,16.563602323502792,8.99412935085686,11.510659963459569,12.197449895646159,16.54120190441852,18.90013730420444,19.70013009335797,20.879286037526978,19.033162572889054,17.795576372070645,17.27842442294363,16.15708694929897,19.649415747641655,20.457633253421513,19.11402210703221,10.594297514925598,6.800886689159889,17.09877080434129,17.111239422562427,7.616197575199354,7.424817278278572,6.783016755540537,20.480030684067685,24.051040172867186,13.034365605679277,16.840166357354196,16.085300255599282,18.300172436828866,16.936097689674614,21.234981050775016,16.64786727934385,16.745904576138265,16.424754072347255,16.610540642864887,16.952827646205705,16.812986383019066,17.05214993746523,16.22662670612322,18.213579672896685,12.593025711028224,12.960657259484778,13.594953384597593,13.463524688794246,12.855771869940911,11.817922908697499,17.039026549058555,15.52566561532181,32.16627242583848,19.361929330164333,16.51160871096997,16.7454534611895,16.621797822361973,10.970543887618703,10.762893747292884,10.209262185318694,11.595601870702625,11.433843499672692,10.771219016752708,12.644679065971227,13.071547676809475,12.898103308891718,12.260077944584213,11.16021143689653,11.078017413074214,12.007272349361793,12.080390244150928,10.340892092685696,10.51498906514808,10.348568764860778,9.405339209757937,8.241189748543944,8.343037609352196,9.417339652279312,9.44330797766532,9.726262806902245,10.378728610366942,1.887020539364265,1.4293620324248404,1.1511694151340655,1.141257766728403,0.517891209792145,1.6993370632581506,2.137304876941919,1.7961260153892666,0.4805980808487442,0.5823480175528685,10.785403562721138,1.7660055572970703,3.0101947517386605,1.0989418881493587,2.8406654111373495,3.0339169488647024,2.3030152705651425,1.918767158901559,1.3428225075810931,17.459818680988196,16.65142028154039,17.42469887649859,17.2351554277649,20.313350462850106,17.154590094102538,19.714871116126787,18.11361092950837,9.588642801765104,9.54121430737787,9.632805572233355,9.550026107183267,21.519464456479465,20.016851440882004,15.553842839375585,1.3071178244800765,0.8656057890181205,14.227852834342926,21.587579008793085,0.8380376388775402,1.4270700150142952,0.5714491210771777,17.62173905245741,16.053792321545377,15.706004315657818,16.43576737896121,16.479504231547576,15.766496595550427,2.090578342299914,2.2021085500941635,10.905472986675251,11.501196811330779,10.662929129887106,11.406809044617537,11.448047718741346,10.340211760020251,11.50356207847103,10.556209709339479,11.064272258788414,10.905396016965815,11.082558176615276,11.40745672905216,10.027278428132675,11.814323224491593,18.161897868163894,9.526287905532797,6.544418522185657,2.6223213218345,3.9114447511437684,4.051509352630878,15.24634291771295,19.50788347089839,19.543015312279906,9.232406184627607,7.806720155900239,17.601444500851084,1.7218154109380128,1.7153662765625366,1.9964784924126229,2.851035454292241,3.3265112590738153,3.4465396839155913,11.639044156715567,16.593834685296734,19.951448103640157,17.008206323853173,12.6304515809644,11.799106223007675,11.216904820233957,10.6634893696611,10.141398426467518,10.124923175179143,0.8783573945466124,0.7370409374068629,0.803425995894708,3.657404507553985,4.18981032304425,3.208762508204983,0.41608883828546045,0.7857500069539626,0.5884326087206029,0.10422051145006343,0.0,0.2528137376549996,0.3371974116059253,0.594373023807736,17.13126241032367,24.32122800958542,2.3958478154340463,3.863837815409297,0.9648030674606562
OSM_WAY_722803185,13.736818332947996,13.64001629144464,12.547682847760012,19.92054946174428,20.65487373391277,15.900512351635076,15.730874999547158,11.912211978565237,18.550671461077368,9.338776352561313,1.2540443961066932,12.32489548669511,12.307425416575606,11.188489492792838,31.34623116568803,11.057983879447734,14.08246785195158,19.026162351996753,10.615108190555292,18.06786698766579,11.189367522362055,21.172343561886528,9.70766172400026,9.05821768207031,8.915509280812545,8.791675666175768,11.991519083932452,13.01196918131683,13.462453879933356,17.494305698283874,16.816195442269436,9.243223648150092,11.762908503812119,12.447862952900367,16.793791149374215,19.152767695088155,19.95192332095,21.131940654589656,19.285962155005844,18.046236721694036,17.526245698439777,16.40985758811266,19.900319251800983,20.710003847968416,19.365498472729705,10.846542283600945,7.048148931211293,17.349645464335037,17.36232407740556,7.8554403715467425,7.662912480378307,7.018960203585298,20.732821919642753,24.297337163079764,13.28506343531262,17.09282533774547,16.338106479352476,18.55218934662395,17.184365055820283,21.486769220920376,16.900677934375306,16.998597419539486,16.677254324027498,16.863163805030513,17.20545140995446,17.06562736745277,17.30319921297365,16.479350937359595,18.465062858300875,12.843200430040575,13.210839126585261,13.844729809209573,13.713396131242428,13.10601946950886,12.068464545184822,17.29168394885212,15.765414012061372,32.39830528538063,19.614723314962312,16.76421224673062,16.99812215399455,16.87455167990968,11.199614892244044,10.998494685907652,10.44677002056369,11.828826754960186,11.675932160578894,11.011368168168655,12.888702196206234,13.315614400249377,13.142470165980548,12.50404656083077,11.404548359725974,11.323119760392125,12.2510991044075,12.32530996978004,10.5803020867176,10.756394207172042,10.591648396556389,9.635467240215265,8.484207030789273,8.590133982301923,9.65688068520181,9.679133285540551,9.966355103558364,10.618463229628336,2.0600050059166626,1.6518288820641636,1.1188055858070067,1.1558926590535812,0.7186659023258785,1.6376938186738161,2.008452939817249,1.7574349559520974,0.3636924766859338,0.3439388270908312,11.03731875652391,1.5137781250650932,2.98377901881208,0.8518623885717199,2.694410127475647,2.951435310594252,2.068080292385638,1.7260521504554756,1.1319079007353146,17.700457200687048,16.904233738380537,17.667042391871217,17.477091083516115,20.566148102436998,17.403843420340372,19.96754040249278,18.36335840943816,9.841354615164525,9.793970229078688,9.885468579576493,9.802681482607545,21.764927740669265,20.267118253460865,15.791433049320322,1.1510297175753288,0.6416274740996496,14.461740101090323,21.587027971257953,0.5855276751848341,1.2290140309823854,0.37285944677055005,17.859810018144703,16.205834389843332,15.958812096153926,16.68855643196515,16.732297328606766,16.00335435298369,1.9220698452477993,2.0603490570706713,11.141846271036409,11.735365203086854,10.90588691186272,11.650989491350698,11.690617750039246,10.577721676904472,11.747513937559713,10.789804117103165,11.293194740656213,11.135607650722887,11.326938030028938,11.64931659365246,10.262560924286584,12.058936060829813,18.414540687279473,9.778855893318399,6.781148511521584,2.3700817747266454,3.8868790529142867,4.290548193252758,15.492680316627258,19.76001614199345,19.79460078236972,9.483552469068592,8.055504076724109,17.839554240011548,1.6518546054894399,1.701816244725178,1.8746166700262783,2.800657689662838,3.325591821433984,3.4223099361884644,11.885064914431808,16.846598860430866,20.18803112828293,17.26074195850522,12.881601553236113,12.042101902564918,11.459836697387827,10.908620798076477,10.386433664121858,10.369006679900567,0.7342289820505341,0.6904541722101722,0.7735397991084183,3.627693002955009,4.178212657165768,3.1777997884023077,0.6197045847984408,1.0267612899552054,0.8411594205075711,0.3183715294151617,0.2528137376549996,0.0,0.4561721084694305,0.815128070300335,17.381744668829022,24.564890776128323,2.2998613108742383,3.815948665542806,0.910962744407408
OSM_WAY_722803198,13.559929288996926,13.434974663941869,12.19381329944088,19.668897343352334,20.358275113896074,15.495178131865133,15.32470322432167,11.635708968595669,18.247752417888385,8.959234650429968,1.0132931719501137,11.946864827043742,11.980721738287276,10.83093203303843,30.929824326469138,10.70780991611046,13.628651735341453,18.662495108952434,10.241259673492406,17.68021126835313,10.841544245561217,20.85019378894362,9.518428039038731,8.677122177937068,8.541074155623189,8.405417035573427,11.604175209482282,12.627849461358766,13.103553371832415,17.161407442207047,16.49269999247483,8.882920755372234,11.432785776588332,12.095920540535062,16.470182315611673,18.83006871823662,19.612825825119604,20.809817789944553,18.979337002680282,17.69522189019223,17.156139900505675,16.094045674183945,19.551285361482208,20.380343662329196,19.091335512954522,10.56198850174696,6.82070484733122,17.000697933725338,17.015419164683937,7.67540481358818,7.488870552537441,6.8561121983648885,20.42692294705038,23.919113752563966,12.935347885775471,16.771472381386612,16.02587491683721,18.21650581446715,16.943371592640684,21.20764375920273,16.59256798514644,16.678583628500856,16.35120964045505,16.540611232557126,16.882854212661105,16.7436381972774,16.955949974471043,16.16084882468238,18.122293015730683,12.48919601587433,12.856787638199938,13.487432397948735,13.356830285385703,12.752522641375824,11.717740730541625,16.970236265508344,15.365305877265142,31.980020007232998,19.308697475664133,16.441048809323384,16.67714932705112,16.57215973562552,10.777717866277925,10.589062368897375,10.041923752755476,11.414252857299731,11.283552502323623,10.613315959205517,12.50268254655037,12.929660005215837,12.75768109038214,12.117917990060308,11.020100221903888,10.941706182988803,11.864514289943802,11.942872889154954,10.180322484816102,10.362131656058487,10.202900855488528,9.215719136838487,8.096145394687154,8.218869069539386,9.257570458688757,9.270582760744643,9.56847406291717,10.21936387421129,1.6043709750927262,1.2347574829912293,0.8540415737233895,0.8168084662533708,0.3064570435025476,1.4124849781875224,1.9087165760547076,1.491869849394961,0.7876618913779646,0.7868213518583281,10.70202658240672,1.8360554497671147,2.692954811267159,1.25993521560073,2.625836553863875,2.7524320599457304,2.2677934364278696,1.7880956316971972,1.267374606319501,17.508093133873366,16.594963202639526,17.465315749923803,17.277703638098988,20.252019459014733,17.04223864505932,19.646110639155154,18.10908483226838,9.543760991677617,9.493984446150572,9.58997914989066,9.507544800013841,21.543462416672817,19.91249368005409,15.385752293453722,1.1361512976389634,0.854437326016055,14.302946319407612,21.25640047873702,0.9456057022453638,1.3212489355669745,0.5598256328403894,17.680546188710185,16.28601973079123,15.651553007692552,16.383547117698765,16.426872879005476,15.595904352299948,1.915779364229451,1.988324002134015,10.734119467632937,11.322707701306827,10.516616512213067,11.265876910177573,11.299807632297316,10.172842146808698,11.361523275201211,10.376196883815762,10.871036908213267,10.715637057614606,10.942677288043981,11.256214322941261,9.85262763241087,11.675361484712598,18.117022108764857,9.486777425532384,6.376115558578926,2.6822215830362834,3.591710638706645,3.8945581005312366,15.115593616894875,19.426023821522737,19.452865866197506,9.217241386084153,7.8146487892228205,17.434920686616646,1.441291793583649,1.3976713994561818,1.7619550043032142,2.5474739505508506,2.9984559438119227,3.1273673310358765,11.507370626483015,16.54354154488613,20.015487528690638,16.935514738008806,12.536357514712005,11.652634536212641,11.070310155201092,10.527461325849648,10.005070135941109,9.983947380548953,0.7223246531855478,0.47947639426341393,0.5223725415461747,3.340418300260533,3.864523987484156,2.8932666926979946,0.6703102542839584,0.9066468858037017,0.6334794021324274,0.42182423995867796,0.3371974116059253,0.4561721084694305,0.0,0.42874612583925975,17.02928709966955,24.176167625618064,2.1301052051889235,3.5560445703552777,0.6938083494153825
OSM_WAY_722803254,13.164053956587281,13.028648081043857,11.767532841973084,19.248545754745763,19.930645194273968,15.088346938371435,14.918430329824444,11.211016484043297,17.819642841592493,8.539280798348102,1.2528543588350045,11.526579844907712,11.552021452382727,10.405240637042969,30.531498588304164,10.280905038074001,13.367522816184895,18.238325727473693,9.819516908391387,17.26385522682221,10.414330040399745,20.421454626207915,9.119163478898063,8.257708830228005,8.119376829747507,7.988029107618035,11.187478517330664,12.20985760935334,12.678216461730582,16.732981614059522,16.063967352330682,8.457643536969014,11.004175364951033,11.669330549271564,16.041450883227828,18.401331953718035,19.18485695542399,20.38107838551305,18.55098679847911,17.26863011156778,16.73357829856384,15.665357757675597,19.124433906592454,19.951784022473205,18.666610189504638,10.136140337049769,6.4094427885950696,16.573795568598296,16.588246390087463,7.2810592075760185,7.097233015029723,6.470129303012909,19.998601230433216,23.499195897412353,12.50845934431135,16.342726618855316,15.597292070480021,17.78826010293009,16.525764460547155,20.7820862990657,16.164161930184168,16.249839398834144,15.922518339395225,16.111870390308468,16.45411411541588,16.314894402458293,16.528820182432966,15.73211654741261,17.694658170992778,12.062948615225038,12.43056081676567,13.061800250202905,12.931058602825479,12.326200999206629,11.29095526201196,16.54149076964269,14.95521033831119,31.58335647131053,18.880378182650833,16.0123127285261,16.24840320168355,16.14411219456223,10.384496175433656,10.184976989370579,9.634602230445374,11.014245404944294,10.869162872214977,10.20187149342727,12.085463929682797,12.512432480878182,12.33996512201857,11.700727430579176,10.602159189917547,10.522579877100783,11.447504558131879,11.52418902470634,9.769964500420489,9.948636068446312,9.78674293236746,8.82035541503793,7.679508232675408,7.796195292149336,8.84676542578197,8.865798715092316,9.156872872491704,9.808494700387055,1.3215629498758847,0.8374193630646819,1.0900379566781442,0.9716631132787104,0.1279113571125767,1.6346481147613772,2.207969725479116,1.668912795684715,1.0677679518889922,1.1590268548834821,10.273648167574688,2.262848030797171,2.798549811624577,1.6598965178479579,2.930533179412245,2.9540266818532364,2.6874383500884442,2.172990444051909,1.682544513748206,17.105557869160197,16.16649946822471,17.059476074015105,16.872698498841427,19.823355051649948,16.617573123550727,19.217366387425166,17.68823345731671,9.116380707110709,9.066371895349612,9.162819442726997,9.080430744083879,21.13091958003975,19.486520830953452,14.979149933435178,1.5091767576741695,1.2830608087339357,13.914402338398615,21.25929731096347,1.3606100460212034,1.7249947393863927,0.9878789538591186,17.282910727228597,16.04442134543147,15.22320435044607,15.95532311316068,15.998622118902286,15.190515781649951,2.2685733142638878,2.3031251569952618,10.328802748192121,10.921126347318141,10.100714898473475,10.848220399633055,10.884663924082133,9.765548762167018,10.944236500894432,9.975364072255232,10.4780826177034,10.320495898559601,10.524656212547344,10.842180569692536,9.448890041938323,11.257107217827574,17.68934454961177,9.060023125840766,5.968653762264697,3.1105629747474377,3.6777107814342362,3.4810155178249462,14.695113799517722,18.997678530542018,19.025140671643058,8.794772557127846,7.398799926104514,17.027663553127315,1.675010500405716,1.5359242201727081,2.057084844849691,2.6993351223755004,3.0509418457054847,3.22003803820816,11.0869479224548,16.115446533585345,19.620180144603204,16.506808880131892,12.108888452676197,11.23688545503287,10.654557588234198,10.108214703851607,9.585864554367115,9.566189407277033,1.1206227749094144,0.8259213075253341,0.8314195487850252,3.4393301891675425,3.923743292639974,3.002561737663644,0.6658052426241214,0.6576804558792666,0.36989630992421346,0.6111787787902072,0.594373023807736,0.815128070300335,0.42874612583925975,0.0,16.602906640939196,23.760387324332623,2.371280702954459,3.683853707332382,0.9947013058798648
OSM_WAY_725194309,8.171039404339837,7.303042719763286,4.835530841425451,6.070559845732295,4.65767980905392,3.7780602943045563,3.8909672687073305,6.351378492543609,3.0313652494102357,8.153474590895092,17.376787788185144,5.247732227629577,5.207483744258412,6.200983216331848,15.23582288942482,6.3238881916629355,12.3377491270933,1.787776962062299,6.856888548013477,2.418064196975245,6.194253033454976,4.244469880413528,9.557258675801139,8.44021471525599,8.534004444984243,8.744420434615947,5.72191818741022,4.722977093345895,3.9374821494008345,1.1289672354405493,1.6944424769035438,8.150237975760804,5.704193042279072,4.93393723146942,1.6952551987525655,2.5044401324897914,2.7068923768260977,4.208189884362762,3.2717350453640366,0.6709126956022525,1.103777847809459,2.1950488149735197,2.529625160560194,3.6275825137423516,4.7726805090206135,7.093542757803751,10.99544261180636,0.209046282060096,0.3263956903650749,10.908453190916157,11.118088003315986,11.694721638874025,4.37363321139155,7.166199582461705,4.097942543507514,1.7502881270826403,2.383951982700947,1.5436261507727795,5.569512225027615,5.966180509667202,2.442447814011373,1.8313234342811449,1.6168116303077675,1.7291401092850187,1.6764484726261417,1.7204170061267283,0.3147410999988584,2.0455444446552127,1.2340220579700076,4.540223805566761,4.1727157347896995,3.5490466284291675,3.677055471704957,4.276781876471147,5.313372565640446,1.7355128514004072,3.465053462425239,16.335450951577503,3.5177762113306414,1.7259720433772114,1.7823026365825596,2.7255889576042778,7.435009747539809,7.140829781312028,7.491466119769071,6.660228412247442,6.113605216991767,6.835232306721148,4.877974799951937,4.4974086535373985,4.6214232578190835,5.228012845946129,6.2184342397219785,6.251695561578989,5.4684969076659184,5.3201214442535365,7.263692880604213,6.989954694031351,7.051016961008627,8.582317332723012,9.058775448115492,8.839245684860408,8.092257548307293,8.25325047278501,7.782319996762339,7.210838502698635,15.7728172129154,15.82368496555699,17.285726593608647,17.072987530288426,16.72283006607418,17.519185820340116,18.162422670062075,17.379190188019248,17.501352607196424,17.709526301375686,6.384483657027908,18.86533823731035,17.422259124444796,18.22888410041362,18.6985944547219,18.080329907251176,19.189616456342907,18.522996542900692,18.205446654813635,7.73646219800224,2.3846377978622257,7.340425855295856,7.390523166878956,3.950224879971051,0.5549235213876624,3.201122088453861,5.251214632965966,7.835164805274416,7.8556096442887995,7.816062519051496,7.895988342309083,8.477264061255894,2.8877604165939514,3.8365077216455035,17.909166550856987,17.87652888838774,8.673380322107413,25.776819228809813,17.956688367218696,18.20104451910784,17.58889692719268,8.316850043369175,16.926390002072953,2.7546179073442776,2.625030315285611,2.597488649036975,3.904647820396795,18.45401735893218,18.301483798861664,6.9701514872764525,6.6564711473350995,6.764065251393551,5.997358045707082,6.0672073054255575,7.377378937518593,5.922379702392646,7.4428068497757724,7.378099042158301,7.401713368900477,6.2889184681931605,6.1533278514346925,7.778178839097146,5.589131052740955,3.2329250345335363,7.949975588022734,10.85845758798158,19.707748873122732,17.544007886727485,13.19010858213994,2.398254478381442,2.64103260291982,2.5082615271973756,8.514248970338903,10.020184716046609,3.6398504977715738,17.57897914457849,17.200723753407786,18.04190384060279,17.665655257092777,17.137816200767645,17.4598386972217,5.663445669317873,2.6961513918876805,9.562628807438253,1.5347866804116734,4.511379308312702,5.719394444712553,6.253655074450625,6.645859640006757,7.151717562256132,7.211858528499158,17.63759290970117,17.307495839489366,17.26168945245885,17.57190848222586,17.38688887497328,17.508070185062753,16.887221010549396,16.441752896752835,16.5514337644181,17.091731814704186,17.13126241032367,17.381744668829022,17.02928709966955,16.602906640939196,0.0,7.694465052160004,17.989574146635775,17.882016876424125,17.356117841590052
OSM_WAY_1086093256,15.47570125675876,14.697155051630446,12.217289766632566,10.539250660372964,7.953168094904697,8.793100133478791,8.972503235362417,14.04573950277879,8.60785838775171,15.232241730861661,24.379574320925126,12.257576620290186,12.805736801154323,13.503125367070544,7.656627288767789,13.692620986843314,15.78737505368138,5.906995316215601,13.974950574151858,6.497262472057929,13.588027178162928,6.297388190541463,17.25149215789012,15.510162998483136,15.66504387569258,15.77322431331558,12.573374619003152,11.555767292191888,11.277384301710022,8.172344450246593,9.013543328972379,15.39421876625715,13.254477192947173,12.334561363820344,9.027526472736898,7.362983739897429,6.080690302287673,6.316285618530285,8.031814460148512,7.142844107083955,7.190552883852069,9.570976556653283,5.674450352647902,6.09412427905992,9.57451829034041,14.757521106543356,18.577429915332022,7.8142821195457985,7.858430779288753,18.573323264996766,18.779677531666955,19.337271538345814,7.4061651245956295,1.0634892516977903,11.560485098092865,8.869805345514438,9.738295912548336,7.245073289926151,11.879622430950933,8.742456802760953,9.46469642175546,8.986207781741186,9.044246928443744,9.007032517689069,8.742121691603513,8.869300061404283,7.9009329963798605,9.433273709440718,7.05430479422207,11.930874243158668,11.576545387069539,10.926823610594303,11.062392685517754,11.68392869297008,12.71277915110031,8.716166826214074,8.858404021736764,8.749056980141127,7.8917417597960595,9.064822444880607,8.954672685753696,9.684187350177687,13.637213107079187,13.662481003120154,14.17198767466443,12.90893498946967,12.893717756208924,13.57439169981985,11.676779094059373,11.2500239881316,11.424372449800495,12.061282045686765,13.161793320607709,13.247634165731917,12.313968932553504,12.24477971843629,14.012384290261485,13.816847967426588,13.973647522537833,15.113255749432977,16.080970698822952,15.9973841471974,14.930133072222015,14.958280351588686,14.616328398645194,13.970501173589437,22.781680331674373,22.944519896098882,24.310499501335947,24.099346123095167,23.87278488347406,24.461598052362188,25.066388276817847,24.302025518106856,24.728117313714318,24.90352144574185,13.865851091965562,25.995916577387035,24.132333984885587,25.416481704007136,25.517743888643864,24.810669343720974,26.218801765321537,25.51261737481972,25.274119557278862,13.723826999385803,9.421773591253707,13.341010884151283,13.481863363312195,7.017732031606324,7.463124506830285,6.933874519549528,10.867385146573005,15.423511218994763,15.434333443917925,15.412677233164644,15.489518003035466,11.9711390067093,5.150803599569048,8.905356542376659,24.943573474135313,24.999868588273202,15.777442196790904,28.005700555608378,25.120065467278824,25.24936851474542,24.728212221477555,14.24282533591552,23.84376521993542,10.178002757568123,9.72145599984791,9.67643873010264,8.729219717506245,25.397469431191617,25.205952805275423,13.505450026025024,12.974249707548053,13.659699316057637,12.914847470601687,12.876482631426573,14.042258715452043,12.817753725614073,13.91148043758023,13.552504965235693,13.66470049264628,13.239555661184518,12.921830851275674,14.392869423773107,12.508896264103493,8.921184908400988,15.550722338912653,17.816362870897898,26.8113732198605,24.082115213511894,20.281750176227472,9.111823986329432,6.44904611885337,6.0712500072113915,16.155780596120685,17.635589581608215,6.8913821147049905,24.519768539169178,24.13512051012133,24.961952921788285,24.41121671163311,23.785709077885322,24.08783311379267,12.696987693898786,9.679711909040728,14.406871673980108,8.611043229364835,12.002960221528218,12.523581028276508,13.10591328763172,13.662014323153151,14.183138373101706,14.196477603343268,24.723109721017348,24.39578228581649,24.33900235542487,24.161257645743643,23.86514804127258,24.18255636118901,24.123673505816832,23.68770889104636,23.760180684400655,24.294895499176505,24.32122800958542,24.564890776128323,24.176167625618064,23.760387324332623,7.694465052160004,0.0,24.833301401003723,24.440702035720836,24.411118776590914
OSM_WAY_1505593019,15.29107169820378,15.083261545623266,13.190121357970988,21.12286710679427,21.612252323658353,16.05396389941388,15.876897243255348,13.037747853755581,19.480310484784408,9.836295238976227,1.1246681564535481,12.77969820888895,13.139052619393341,11.823080693978595,31.29815350590656,11.748417521065953,12.975467936912422,19.53740102590367,11.132692176342447,18.379828741294276,11.894404402693866,21.970131321382897,11.243630085248393,9.549626317115774,9.465737882684884,9.245647587443026,12.369471822103257,13.404405699742185,14.056312037316623,18.23993020616131,17.62830050817132,9.894797410806838,12.57935727749846,13.105663440420125,17.605311939702414,19.95641213382603,20.641085305495412,21.930074613568998,20.189685780283266,18.660408359768084,17.99513282203787,17.273442035140178,20.518481206563827,21.4602236177064,20.45384120998662,11.94209784782409,8.472321080437217,17.983558862046653,18.010989072077294,9.446497196595836,9.277625224568203,8.68059871864653,21.634478055607477,24.662149166252153,13.948910383214308,17.916917466159365,17.224337476761526,19.272497730032363,18.449641215126853,22.539997560198024,17.808414703105885,17.831840579587528,17.473734490603483,17.68103760045497,18.020838707580097,17.885812736422235,17.949772453422717,17.32558589630055,19.13641375432015,13.480962081207503,13.8438864591281,14.446509226151413,14.322094014014711,13.74437511898728,12.740092780202614,18.11391874205021,15.974897562172318,32.324400423753126,20.520526811710507,17.578804047867408,17.825251120428888,17.816657831608307,11.222239156093188,11.17350988665532,10.682351017190477,11.930122488864942,12.01232655927598,11.304756478356882,13.26573455354996,13.687694308675376,13.52723646865552,12.885402904098967,11.817943441667113,11.764460732235351,12.632003346554697,12.74205686939243,10.86297662712803,11.091411103027317,10.981256548464186,9.720479856363255,8.93110199047542,9.17434997787775,9.966787360765586,9.892854452912077,10.283046445373811,10.909144830476729,2.3584516644026206,2.668633573522372,1.28830443518291,1.4060107679285374,2.270480217258866,0.737077368360325,0.42236930014454843,0.747046855829157,2.6202111449993284,2.361333284510063,11.830202580180874,2.1882188241484326,0.9944485267688388,2.3745291619378515,0.7148428960881676,0.6629652922208609,1.7765976606481924,1.1100536795307927,1.4968811077414357,19.177364578383628,17.80490714355618,19.10541806021072,18.92591860325244,21.41774701803103,17.941769386958374,20.775382487553987,19.558799610914573,10.880698109522536,10.82079351572903,10.935698625073112,10.856167392554369,23.10449643084293,20.841675505643938,15.942183381877754,1.2144380013740352,1.837997158839514,16.079526458931433,19.436332537450784,2.1421879525188094,1.3554678791184347,1.9578421568172426,19.388425400663845,18.407952920278095,16.877831908579065,17.616257509969884,17.657242881003715,16.132868821303518,0.8099659805368272,0.5080520480993724,11.332773230766598,11.860535114334963,11.284699540375124,12.054405688084914,12.041484054502275,10.810205237173959,12.141521217545483,10.921820979311352,11.310637681651727,11.184031286738568,11.743308093458701,11.979314948133492,10.447385480162833,12.469608389231599,19.376712935876178,10.849360517545689,7.132328223029321,2.561457148309025,1.784941303826127,4.902807686433163,15.919357176334305,20.48543863119009,20.46598580049871,10.691028435184403,9.403863830266355,17.9843330630294,0.6968173838498217,0.926415412503828,0.47848009600143776,0.6817631016162073,1.45141324882364,1.3682628790316043,12.349207716894124,17.784935697864572,21.736267897495622,18.058738013813514,13.58195808886844,12.399830701591561,11.826441696674413,11.359426876547566,10.845424036584607,10.79613627608341,1.5749915313030292,1.6623148777722194,1.6081511190952562,1.5186356241511039,2.127098011061693,1.1162661429414307,2.792188085892333,3.0057230115957307,2.7135977707917225,2.4996641451178556,2.3958478154340463,2.2998613108742383,2.1301052051889235,2.371280702954459,17.989574146635775,24.833301401003723,0.0,1.6078213438374307,1.4381487057952926
OSM_WAY_1509716172,15.925375246196309,15.63103623171025,13.170290544501997,21.43146662638438,21.731190937732332,15.649906044376127,15.469881207221066,13.371031839402335,19.593753839438413,9.795317003612245,2.5656374276097784,12.634796009205253,13.25573480668934,11.82503523564212,30.66949440230158,11.791701092585502,11.795296518448179,19.34752753561037,11.06845273266289,18.06059665537777,11.944838771569762,21.96870129263156,11.918291225788858,9.514009495185729,9.474277738986517,9.194712925442428,12.178846744233356,13.204270222742743,13.987336158036129,18.22909488058859,17.671634740738718,9.960181920498556,12.695427417152583,13.098296711211658,17.648446614426632,19.973322159541702,20.569733582825823,21.929152477517672,20.27848139764149,18.55116481494576,17.789057816728832,17.357969189081942,20.397018896927698,21.42739894317309,20.679292763271217,12.273313610807316,9.132607951197942,17.894702140461295,17.932435257371573,10.20110959954795,10.054181923729086,9.507782769095366,21.711758731314987,24.336822349590232,13.931495482616809,17.96620991616155,17.325986856927305,19.234274906336836,18.826204319023034,22.72554912612838,17.92014982470394,17.8886351657434,17.50722076172222,17.728063409640466,18.062789910153256,17.932547714773385,17.870307461336626,17.39687684495248,19.064020708474246,13.45269921531351,13.806199152836951,14.37715704611216,14.259542025451324,13.712100860298674,12.749395212025595,18.160000363433774,15.610241563280498,31.676109138845767,20.608454761137985,17.62444050374895,17.877638951454067,17.953724093305226,10.810741856394772,10.868703680414908,10.432630630925441,11.556563592232862,11.800223122017321,11.079070717230717,13.05727054219936,13.46846544693188,13.319602978864122,12.686963828783236,11.664051030261612,11.631391641090397,12.438149827427628,12.571161695790813,10.641177947376503,10.900170440000293,10.831073116899578,9.39507222496514,8.88729216601657,9.2172499490139,9.790223842797895,9.651503561876748,10.101438143864934,10.69170243846678,3.1233834458384377,3.684327316383723,2.712864483089949,2.7459043271290797,3.612213003122788,2.1785333388352344,2.0152635718978233,2.0677129429378875,4.1596366180081095,3.9273464703731196,11.944753226438717,3.7682523661954583,0.8923640179196,3.979571057775268,1.7473720699156792,0.9742883503581037,3.2365433264762453,2.6747906874029717,3.104677932024534,19.716819142234712,17.91146688278997,19.614132097991178,19.444329575724193,21.459425742030916,17.784960481495666,20.789321439752342,19.872713449932753,11.194479464237224,11.127009643547497,11.256015859103236,11.18076772022885,23.510133935034027,20.686750567169504,15.537613788280751,2.8067862103300114,3.4242776621081608,16.758499582019176,17.831535238863026,3.734037723288509,2.963266125930689,3.5049838172076475,19.968879893555492,19.65000790151988,17.007207702776057,17.744578446172962,17.783131410711285,15.711513503935432,2.3559497948363712,2.060550169668847,11.035072893666719,11.50499592884603,11.119210974253454,11.888278647113419,11.83885704319104,10.55483346714849,11.966923558164657,10.593628053460924,10.893422728217558,10.79128273944358,11.593199935070638,11.763467843970044,10.168952767002049,12.299856545771972,19.515178714265858,11.186437547852842,7.111573872464827,4.0089454737664445,0.3655433247943881,5.25662720673164,15.706257298935475,20.441440199927186,20.383104879329597,11.131522667413716,9.980673336198821,17.553959638476265,2.1676452969325197,2.1624490730796326,2.086258621476804,1.015304132092648,0.8422455996138364,0.5315072446684431,12.219465647504313,17.91951010743591,22.319636666526655,18.08764783740653,13.596660346805907,12.194435883817524,11.63958514064066,11.242574839194942,10.747502979920355,10.677190657433748,3.1255743348702154,3.1350383614766137,3.0618938159569535,0.3362186011575399,0.6739956152470649,0.689183335151961,4.224022159653747,4.341475664190473,4.052013569205796,3.963342508418918,3.863837815409297,3.815948665542806,3.5560445703552777,3.683853707332382,17.882016876424125,24.440702035720836,1.6078213438374307,0.0,2.908581321518233
OSM_WAY_1509719738,14.13556571262873,13.983472759433253,12.523909768407188,20.159219053711613,20.78430448239361,15.687659605207136,15.514693979075291,12.100137196001311,18.66505826809385,9.23807426096755,0.3434222042663667,12.221817545854991,12.364398783220441,11.155874205237845,31.07509767424295,11.048657353464899,13.42188314583874,18.963344665996257,10.530350870325897,17.922431131513548,11.186915333477168,21.23305789390226,10.087442894330099,8.953010344759097,8.834024198421464,8.668869397183931,11.855616290871215,12.885918489178437,13.421268939853588,17.527182691713218,16.87638814968672,9.207247116963574,11.811223812522533,12.430257021476496,16.85368809511388,19.213266280671743,19.964764900130923,21.192753868939896,19.390065726185327,18.024493069702327,17.44334107292191,16.491619597998355,19.883238223286067,20.749792425117718,19.551640928476687,11.016799768467678,7.357878292312126,17.334898776054185,17.35380887375766,8.256524345756992,8.075651646695686,7.453809736032034,20.837931200937273,24.181804331892398,13.27289782096588,17.158727336420473,16.429626788556586,18.576096034074553,17.448689328129483,21.659643483533753,17.002699050662553,17.06829042221898,16.730427916522192,16.925942072729313,17.267794192060716,17.1297874708467,17.29369006337519,16.55369123194566,18.468082080034417,12.818488434230058,13.185367851880523,13.808060108113132,13.679238620408652,13.082449985038043,12.055327678245368,17.357146158872684,15.574248376487514,32.11802570772017,19.72019364932413,16.825380440121524,17.065163443155196,16.99165876068155,10.919533251667819,10.776666903912124,10.245970011950869,11.582118637345944,11.521797131067675,10.83673005024024,12.755939679484356,13.18234864145542,13.013759018986933,12.371597310643406,11.280535273995385,11.210212344672708,12.117466811517316,12.206605864029362,10.399089179518713,10.597242996133339,10.453845236514313,9.370384757372918,8.356011140721565,8.520643313407053,9.481111115173583,9.464937226068173,9.795292907776037,10.440677100635613,1.6376218181868987,1.5656268517376057,0.2175610434580808,0.3529160729813927,0.8769037227795423,0.735267831967796,1.2225416685460078,0.8464772633524318,1.2651403034751678,1.0825228276828491,11.072321438188139,1.6425199301954152,2.0730276867511774,1.3439566294979481,1.9437643469165549,2.0696359946258256,1.834094739299753,1.2194244637254645,0.8635706800955631,18.066449230606747,17.003161836595787,18.014275615005886,17.8291594252323,20.64929583096386,17.34914934093387,20.031011345344904,18.596947139522676,9.981269287293879,9.92789818066627,10.030609508043108,9.948919492172491,22.06921701080626,20.232394080305994,15.577252821119735,0.5616730829573146,0.7324014337881783,14.89381784243778,20.67943916526173,1.012240776454575,0.8450859366253082,0.6494427847171887,18.251357365534446,16.9794625374708,16.06397624147092,16.798967741427525,16.841575897735794,15.781403683726007,1.2790102694040686,1.3111697842184662,10.927024064804941,11.49754030162388,10.765315085283653,11.524005630387583,11.542409129650299,10.376419546895205,11.6171098697831,10.549995068874363,11.011589613506048,10.865129345836003,11.20378410354649,11.492476354846408,10.040552841790703,11.936668079426859,18.54305777120341,9.932839794505586,6.5955513550391975,2.407377805469411,2.976060755663711,4.1677979953994795,15.388013400637904,19.7879498570464,19.79971185729795,9.700410253961612,8.333378787645303,17.627570523586282,0.7570645039381428,0.8007912140645389,1.0736127662155495,1.8935862854145544,2.4228967499665752,2.511628902272737,11.78405045038489,16.961991280701458,20.591451046118635,17.315676979697784,12.883686513977425,11.898193208766028,11.316973961057805,10.797615808246723,10.276072202929987,10.245388762932345,0.3632639218665583,0.22801334447371902,0.1721081579992516,2.716734602978458,3.269701399702482,2.266842066099056,1.3543295803590552,1.5879105449979156,1.3016280960037097,1.0674358534135295,0.9648030674606562,0.910962744407408,0.6938083494153825,0.9947013058798648,17.356117841590052,24.411118776590914,1.4381487057952926,2.908581321518233,0.0
